oc_id,proveedor_id,sku,bodega_id,fecha_oc,fecha_esperada,fecha_recibida,cantidad,costo_unitario,estado
OC-000001,PR08,P0001,BOD-MDE,2025-10-01,2025-10-06,2025-10-06,486,30050.0,Recibida
OC-000002,PR25,P0003,BOD-BOG,2025-10-01,2025-10-08,2025-10-08,154,9420.0,Recibida
OC-000003,PR25,P0003,BOD-MDE,2025-10-01,2025-10-08,2025-10-08,206,9420.0,Recibida
OC-000004,PR29,P0004,BOD-BOG,2025-10-01,2025-10-08,2025-10-08,198,24560.0,Recibida
OC-000005,PR31,P0005,BOD-BOG,2025-10-01,2025-10-10,2025-10-10,105,26590.0,Recibida
OC-000006,PR20,P0007,BOD-MDE,2025-10-01,2025-10-10,2025-10-10,420,49700.0,Recibida
OC-000007,PR25,P0008,BOD-MDE,2025-10-01,2025-10-08,2025-10-08,400,23940.0,Recibida
OC-000008,PR31,P0010,BOD-MDE,2025-10-01,2025-10-10,2025-10-10,222,8570.0,Recibida
OC-000009,PR20,P0012,BOD-BOG,2025-10-01,2025-10-10,2025-10-10,154,11860.0,Recibida
OC-000010,PR25,P0013,BOD-BOG,2025-10-01,2025-10-08,2025-10-08,329,42460.0,Recibida
OC-000011,PR29,P0014,BOD-BOG,2025-10-01,2025-10-08,2025-10-08,220,17360.0,Recibida
OC-000012,PR29,P0014,BOD-MDE,2025-10-01,2025-10-08,2025-10-08,255,17360.0,Recibida
OC-000013,PR08,P0016,BOD-BOG,2025-10-01,2025-10-06,2025-10-06,175,44300.0,Recibida
OC-000014,PR08,P0016,BOD-MDE,2025-10-01,2025-10-06,2025-10-06,134,44300.0,Recibida
OC-000015,PR20,P0017,BOD-MDE,2025-10-01,2025-10-10,2025-10-10,1042,19180.0,Recibida
OC-000016,PR31,P0020,BOD-BOG,2025-10-01,2025-10-10,2025-10-10,700,22340.0,Recibida
OC-000017,PR20,P0022,BOD-MDE,2025-10-01,2025-10-10,2025-10-10,398,22310.0,Recibida
OC-000018,PR25,P0023,BOD-BOG,2025-10-01,2025-10-08,2025-10-08,223,16120.0,Recibida
OC-000019,PR20,P0027,BOD-BOG,2025-10-01,2025-10-10,2025-10-10,836,27350.0,Recibida
OC-000020,PR29,P0029,BOD-BOG,2025-10-01,2025-10-08,2025-10-08,94,21300.0,Recibida
OC-000021,PR24,P0034,BOD-MDE,2025-10-01,2025-10-10,2025-10-10,609,4820.0,Recibida
OC-000022,PR02,P0036,BOD-MDE,2025-10-01,2025-10-07,2025-10-07,339,10060.0,Recibida
OC-000023,PR13,P0038,BOD-BOG,2025-10-01,2025-10-09,2025-10-09,125,4470.0,Recibida
OC-000024,PR24,P0039,BOD-MDE,2025-10-01,2025-10-10,2025-10-10,14,19930.0,Recibida
OC-000025,PR38,P0040,BOD-MDE,2025-10-01,2025-10-06,2025-10-06,407,15990.0,Recibida
OC-000026,PR09,P0042,BOD-MDE,2025-10-01,2025-10-06,2025-10-06,50,14820.0,Recibida
OC-000027,PR24,P0044,BOD-BOG,2025-10-01,2025-10-10,2025-10-10,174,4480.0,Recibida
OC-000028,PR24,P0044,BOD-MDE,2025-10-01,2025-10-10,2025-10-10,126,4480.0,Recibida
OC-000029,PR24,P0049,BOD-BOG,2025-10-01,2025-10-10,2025-10-10,62,3020.0,Recibida
OC-000030,PR38,P0050,BOD-BOG,2025-10-01,2025-10-06,2025-10-06,46,17920.0,Recibida
OC-000031,PR24,P0054,BOD-BOG,2025-10-01,2025-10-10,2025-10-10,623,4280.0,Recibida
OC-000032,PR24,P0054,BOD-MDE,2025-10-01,2025-10-10,2025-10-10,636,4280.0,Recibida
OC-000033,PR02,P0056,BOD-BOG,2025-10-01,2025-10-07,2025-10-07,507,6350.0,Recibida
OC-000034,PR13,P0058,BOD-BOG,2025-10-01,2025-10-09,2025-10-09,145,19160.0,Recibida
OC-000035,PR24,P0059,BOD-BOG,2025-10-01,2025-10-10,2025-10-10,88,3590.0,Recibida
OC-000036,PR24,P0059,BOD-MDE,2025-10-01,2025-10-10,2025-10-10,95,3590.0,Recibida
OC-000037,PR09,P0062,BOD-BOG,2025-10-01,2025-10-06,2025-10-06,208,8620.0,Recibida
OC-000038,PR09,P0062,BOD-MDE,2025-10-01,2025-10-06,2025-10-06,109,8620.0,Recibida
OC-000039,PR13,P0063,BOD-MDE,2025-10-01,2025-10-09,2025-10-09,196,3230.0,Recibida
OC-000040,PR24,P0064,BOD-BOG,2025-10-01,2025-10-10,2025-10-10,92,24300.0,Recibida
OC-000041,PR24,P0064,BOD-MDE,2025-10-01,2025-10-10,2025-10-10,42,24300.0,Recibida
OC-000042,PR38,P0065,BOD-BOG,2025-10-01,2025-10-06,2025-10-06,126,13310.0,Recibida
OC-000043,PR03,P0066,BOD-BOG,2025-10-01,2025-10-10,2025-10-10,210,16840.0,Recibida
OC-000044,PR03,P0066,BOD-MDE,2025-10-01,2025-10-10,2025-10-10,282,16840.0,Recibida
OC-000045,PR15,P0069,BOD-MDE,2025-10-01,2025-10-10,2025-10-10,641,3290.0,Recibida
OC-000046,PR26,P0071,BOD-MDE,2025-10-01,2025-10-09,2025-10-09,90,13570.0,Recibida
OC-000047,PR27,P0072,BOD-MDE,2025-10-01,2025-10-06,2025-10-06,92,4470.0,Recibida
OC-000048,PR28,P0073,BOD-BOG,2025-10-01,2025-10-09,2025-10-09,447,2140.0,Recibida
OC-000049,PR32,P0074,BOD-MDE,2025-10-01,2025-10-10,2025-10-10,640,16380.0,Recibida
OC-000050,PR03,P0076,BOD-BOG,2025-10-01,2025-10-10,2025-10-10,308,3910.0,Recibida
OC-000051,PR10,P0077,BOD-BOG,2025-10-01,2025-10-09,2025-10-09,80,3920.0,Recibida
OC-000052,PR10,P0077,BOD-MDE,2025-10-01,2025-10-09,2025-10-09,132,3920.0,Recibida
OC-000053,PR11,P0078,BOD-BOG,2025-10-01,2025-10-08,2025-10-08,74,13440.0,Recibida
OC-000054,PR15,P0079,BOD-BOG,2025-10-01,2025-10-10,2025-10-10,250,11120.0,Recibida
OC-000055,PR15,P0079,BOD-MDE,2025-10-01,2025-10-10,2025-10-10,206,11120.0,Recibida
OC-000056,PR26,P0081,BOD-MDE,2025-10-01,2025-10-09,2025-10-09,36,19680.0,Recibida
OC-000057,PR27,P0082,BOD-MDE,2025-10-01,2025-10-06,2025-10-06,493,8230.0,Recibida
OC-000058,PR28,P0083,BOD-BOG,2025-10-01,2025-10-09,2025-10-09,488,5410.0,Recibida
OC-000059,PR32,P0084,BOD-BOG,2025-10-01,2025-10-10,2025-10-10,468,3920.0,Recibida
OC-000060,PR32,P0084,BOD-MDE,2025-10-01,2025-10-10,2025-10-10,566,3920.0,Recibida
OC-000061,PR34,P0085,BOD-MDE,2025-10-01,2025-10-09,2025-10-09,613,9340.0,Recibida
OC-000062,PR03,P0086,BOD-BOG,2025-10-01,2025-10-10,2025-10-10,82,4660.0,Recibida
OC-000063,PR03,P0086,BOD-MDE,2025-10-01,2025-10-10,2025-10-10,93,4660.0,Recibida
OC-000064,PR10,P0087,BOD-BOG,2025-10-01,2025-10-09,2025-10-09,253,4220.0,Recibida
OC-000065,PR15,P0089,BOD-BOG,2025-10-01,2025-10-10,2025-10-10,200,6120.0,Recibida
OC-000066,PR15,P0089,BOD-MDE,2025-10-01,2025-10-10,2025-10-10,495,6120.0,Recibida
OC-000067,PR22,P0090,BOD-BOG,2025-10-01,2025-10-08,2025-10-08,354,10160.0,Recibida
OC-000068,PR22,P0090,BOD-MDE,2025-10-01,2025-10-08,2025-10-08,152,10160.0,Recibida
OC-000069,PR27,P0092,BOD-BOG,2025-10-01,2025-10-06,2025-10-06,313,8360.0,Recibida
OC-000070,PR27,P0092,BOD-MDE,2025-10-01,2025-10-06,2025-10-06,274,8360.0,Recibida
OC-000071,PR03,P0096,BOD-MDE,2025-10-01,2025-10-10,2025-10-10,148,17790.0,Recibida
OC-000072,PR22,P0100,BOD-BOG,2025-10-01,2025-10-08,2025-10-08,219,13060.0,Recibida
OC-000073,PR22,P0100,BOD-MDE,2025-10-01,2025-10-08,2025-10-08,194,13060.0,Recibida
OC-000074,PR26,P0101,BOD-MDE,2025-10-01,2025-10-09,2025-10-09,96,2470.0,Recibida
OC-000075,PR27,P0102,BOD-BOG,2025-10-01,2025-10-06,2025-10-06,61,4520.0,Recibida
OC-000076,PR27,P0102,BOD-MDE,2025-10-01,2025-10-06,2025-10-06,28,4520.0,Recibida
OC-000077,PR32,P0104,BOD-MDE,2025-10-01,2025-10-10,2025-10-10,251,5340.0,Recibida
OC-000078,PR15,P0109,BOD-BOG,2025-10-01,2025-10-10,2025-10-10,58,19840.0,Recibida
OC-000079,PR22,P0110,BOD-MDE,2025-10-01,2025-10-08,2025-10-08,190,9610.0,Recibida
OC-000080,PR04,P0114,BOD-MDE,2025-10-01,2025-10-06,2025-10-06,218,1960.0,Recibida
OC-000081,PR16,P0115,BOD-BOG,2025-10-01,2025-10-09,2025-10-09,63,4110.0,Recibida
OC-000082,PR04,P0117,BOD-BOG,2025-10-01,2025-10-06,2025-10-06,114,5350.0,Recibida
OC-000083,PR04,P0120,BOD-MDE,2025-10-01,2025-10-06,2025-10-06,146,5280.0,Recibida
OC-000084,PR16,P0121,BOD-BOG,2025-10-01,2025-10-09,2025-10-09,294,1960.0,Recibida
OC-000085,PR23,P0122,BOD-BOG,2025-10-01,2025-10-09,2025-10-09,231,5850.0,Recibida
OC-000086,PR04,P0123,BOD-BOG,2025-10-01,2025-10-06,2025-10-06,48,3890.0,Recibida
OC-000087,PR04,P0123,BOD-MDE,2025-10-01,2025-10-06,2025-10-06,88,3890.0,Recibida
OC-000088,PR16,P0124,BOD-MDE,2025-10-01,2025-10-09,2025-10-09,83,7000.0,Recibida
OC-000089,PR23,P0125,BOD-BOG,2025-10-01,2025-10-09,2025-10-09,212,1590.0,Recibida
OC-000090,PR23,P0125,BOD-MDE,2025-10-01,2025-10-09,2025-10-09,139,1590.0,Recibida
OC-000091,PR16,P0127,BOD-BOG,2025-10-01,2025-10-09,2025-10-09,52,4280.0,Recibida
OC-000092,PR16,P0127,BOD-MDE,2025-10-01,2025-10-09,2025-10-09,54,4280.0,Recibida
OC-000093,PR23,P0131,BOD-BOG,2025-10-01,2025-10-09,2025-10-09,170,1540.0,Recibida
OC-000094,PR04,P0132,BOD-BOG,2025-10-01,2025-10-06,2025-10-06,178,3150.0,Recibida
OC-000095,PR16,P0133,BOD-BOG,2025-10-01,2025-10-09,2025-10-09,124,4590.0,Recibida
OC-000096,PR16,P0133,BOD-MDE,2025-10-01,2025-10-09,2025-10-09,240,4590.0,Recibida
OC-000097,PR16,P0136,BOD-BOG,2025-10-01,2025-10-09,2025-10-09,148,8530.0,Recibida
OC-000098,PR16,P0136,BOD-MDE,2025-10-01,2025-10-09,2025-10-09,89,8530.0,Recibida
OC-000099,PR04,P0138,BOD-BOG,2025-10-01,2025-10-06,2025-10-06,284,1530.0,Recibida
OC-000100,PR16,P0139,BOD-MDE,2025-10-01,2025-10-09,2025-10-09,205,7020.0,Recibida
OC-000101,PR23,P0140,BOD-BOG,2025-10-01,2025-10-09,2025-10-09,191,3200.0,Recibida
OC-000102,PR23,P0140,BOD-MDE,2025-10-01,2025-10-09,2025-10-09,222,3200.0,Recibida
OC-000103,PR23,P0143,BOD-BOG,2025-10-01,2025-10-09,2025-10-09,591,4710.0,Recibida
OC-000104,PR04,P0144,BOD-BOG,2025-10-01,2025-10-06,2025-10-06,208,2260.0,Recibida
OC-000105,PR04,P0144,BOD-MDE,2025-10-01,2025-10-06,2025-10-06,69,2260.0,Recibida
OC-000106,PR05,P0146,BOD-BOG,2025-10-01,2025-10-07,2025-10-07,182,17910.0,Recibida
OC-000107,PR05,P0146,BOD-MDE,2025-10-01,2025-10-07,2025-10-07,286,17910.0,Recibida
OC-000108,PR17,P0147,BOD-BOG,2025-10-01,2025-10-06,2025-10-06,84,26870.0,Recibida
OC-000109,PR35,P0148,BOD-BOG,2025-10-01,2025-10-08,2025-10-08,136,6210.0,Recibida
OC-000110,PR40,P0149,BOD-MDE,2025-10-01,2025-10-07,2025-10-07,68,9180.0,Recibida
OC-000111,PR05,P0150,BOD-BOG,2025-10-01,2025-10-07,2025-10-07,113,4820.0,Recibida
OC-000112,PR35,P0152,BOD-BOG,2025-10-01,2025-10-08,2025-10-08,84,25530.0,Recibida
OC-000113,PR35,P0152,BOD-MDE,2025-10-01,2025-10-08,2025-10-08,145,25530.0,Recibida
OC-000114,PR05,P0154,BOD-MDE,2025-10-01,2025-10-07,2025-10-07,342,11870.0,Recibida
OC-000115,PR05,P0158,BOD-BOG,2025-10-01,2025-10-07,2025-10-07,166,7950.0,Recibida
OC-000116,PR05,P0158,BOD-MDE,2025-10-01,2025-10-07,2025-10-07,190,7950.0,Recibida
OC-000117,PR35,P0160,BOD-BOG,2025-10-01,2025-10-08,2025-10-08,192,11590.0,Recibida
OC-000118,PR35,P0160,BOD-MDE,2025-10-01,2025-10-08,2025-10-08,167,11590.0,Recibida
OC-000119,PR35,P0164,BOD-BOG,2025-10-01,2025-10-08,2025-10-08,324,8030.0,Recibida
OC-000120,PR40,P0165,BOD-BOG,2025-10-01,2025-10-07,2025-10-07,242,20020.0,Recibida
OC-000121,PR05,P0166,BOD-BOG,2025-10-01,2025-10-07,2025-10-07,191,7940.0,Recibida
OC-000122,PR17,P0167,BOD-BOG,2025-10-01,2025-10-06,2025-10-06,537,12680.0,Recibida
OC-000123,PR40,P0169,BOD-MDE,2025-10-01,2025-10-07,2025-10-07,196,9660.0,Recibida
OC-000124,PR05,P0170,BOD-BOG,2025-10-01,2025-10-07,2025-10-07,65,24690.0,Recibida
OC-000125,PR05,P0170,BOD-MDE,2025-10-01,2025-10-07,2025-10-07,144,24690.0,Recibida
OC-000126,PR40,P0173,BOD-MDE,2025-10-01,2025-10-07,2025-10-07,261,8560.0,Recibida
OC-000127,PR05,P0174,BOD-MDE,2025-10-01,2025-10-07,2025-10-07,142,4960.0,Recibida
OC-000128,PR17,P0175,BOD-BOG,2025-10-01,2025-10-06,2025-10-06,1042,5840.0,Recibida
OC-000129,PR07,P0178,BOD-BOG,2025-10-01,2025-10-09,2025-10-09,112,16190.0,Recibida
OC-000130,PR18,P0179,BOD-BOG,2025-10-01,2025-10-07,2025-10-07,438,14700.0,Recibida
OC-000131,PR07,P0180,BOD-BOG,2025-10-01,2025-10-09,2025-10-09,726,56950.0,Recibida
OC-000132,PR07,P0180,BOD-MDE,2025-10-01,2025-10-09,2025-10-09,597,56950.0,Recibida
OC-000133,PR18,P0181,BOD-MDE,2025-10-01,2025-10-07,2025-10-07,569,59340.0,Recibida
OC-000134,PR07,P0182,BOD-MDE,2025-10-01,2025-10-09,2025-10-09,264,11370.0,Recibida
OC-000135,PR18,P0183,BOD-MDE,2025-10-01,2025-10-07,2025-10-07,586,20200.0,Recibida
OC-000136,PR07,P0184,BOD-BOG,2025-10-01,2025-10-09,2025-10-09,46,11700.0,Recibida
OC-000137,PR07,P0184,BOD-MDE,2025-10-01,2025-10-09,2025-10-09,34,11700.0,Recibida
OC-000138,PR18,P0185,BOD-MDE,2025-10-01,2025-10-07,2025-10-07,793,38660.0,Recibida
OC-000139,PR07,P0186,BOD-BOG,2025-10-01,2025-10-09,2025-10-09,330,19190.0,Recibida
OC-000140,PR18,P0187,BOD-BOG,2025-10-01,2025-10-07,2025-10-07,345,13610.0,Recibida
OC-000141,PR07,P0188,BOD-MDE,2025-10-01,2025-10-09,2025-10-09,408,18010.0,Recibida
OC-000142,PR07,P0190,BOD-BOG,2025-10-01,2025-10-09,2025-10-09,230,39540.0,Recibida
OC-000143,PR06,P0191,BOD-BOG,2025-10-01,2025-10-06,2025-10-06,200,4930.0,Recibida
OC-000144,PR06,P0191,BOD-MDE,2025-10-01,2025-10-06,2025-10-06,238,4930.0,Recibida
OC-000145,PR19,P0192,BOD-BOG,2025-10-01,2025-10-07,2025-10-07,112,7770.0,Recibida
OC-000146,PR06,P0194,BOD-BOG,2025-10-01,2025-10-06,2025-10-06,114,12220.0,Recibida
OC-000147,PR19,P0195,BOD-BOG,2025-10-01,2025-10-07,2025-10-07,78,1130.0,Recibida
OC-000148,PR19,P0195,BOD-MDE,2025-10-01,2025-10-07,2025-10-07,208,1130.0,Recibida
OC-000149,PR37,P0196,BOD-BOG,2025-10-01,2025-10-06,2025-10-06,66,1120.0,Recibida
OC-000150,PR06,P0197,BOD-BOG,2025-10-01,2025-10-06,2025-10-06,109,3360.0,Recibida
OC-000151,PR06,P0197,BOD-MDE,2025-10-01,2025-10-06,2025-10-06,50,3360.0,Recibida
OC-000152,PR19,P0198,BOD-MDE,2025-10-01,2025-10-07,2025-10-07,210,1870.0,Recibida
OC-000153,PR37,P0199,BOD-BOG,2025-10-01,2025-10-06,2025-10-06,58,1410.0,Recibida
OC-000154,PR06,P0200,BOD-BOG,2025-10-01,2025-10-06,2025-10-06,533,4640.0,Recibida
OC-000155,PR08,P0016,BOD-BOG,2025-10-02,2025-10-07,2025-10-07,175,44300.0,Recibida
OC-000156,PR29,P0019,BOD-MDE,2025-10-02,2025-10-09,2025-10-09,254,8800.0,Recibida
OC-000157,PR31,P0020,BOD-MDE,2025-10-02,2025-10-11,2025-10-11,576,22340.0,Recibida
OC-000158,PR13,P0033,BOD-BOG,2025-10-02,2025-10-10,2025-10-10,414,6080.0,Recibida
OC-000159,PR03,P0076,BOD-BOG,2025-10-02,2025-10-11,2025-10-11,308,3910.0,Recibida
OC-000160,PR16,P0115,BOD-BOG,2025-10-02,2025-10-10,2025-10-10,63,4110.0,Recibida
OC-000161,PR16,P0130,BOD-BOG,2025-10-02,2025-10-10,2025-10-10,197,2440.0,Recibida
OC-000162,PR40,P0153,BOD-BOG,2025-10-02,2025-10-08,2025-10-08,235,23340.0,Recibida
OC-000163,PR35,P0164,BOD-MDE,2025-10-02,2025-10-09,2025-10-09,258,8030.0,Recibida
OC-000164,PR35,P0172,BOD-MDE,2025-10-02,2025-10-09,2025-10-09,773,11540.0,Recibida
OC-000165,PR18,P0181,BOD-BOG,2025-10-02,2025-10-08,2025-10-08,131,59340.0,Recibida
OC-000166,PR07,P0182,BOD-MDE,2025-10-02,2025-10-10,2025-10-10,264,11370.0,Recibida
OC-000167,PR29,P0004,BOD-MDE,2025-10-03,2025-10-10,2025-10-10,323,24560.0,Recibida
OC-000168,PR20,P0012,BOD-BOG,2025-10-03,2025-10-12,2025-10-12,154,11860.0,Recibida
OC-000169,PR25,P0028,BOD-BOG,2025-10-03,2025-10-10,2025-10-10,350,16230.0,Recibida
OC-000170,PR09,P0037,BOD-BOG,2025-10-03,2025-10-08,2025-10-08,979,5960.0,Recibida
OC-000171,PR09,P0037,BOD-MDE,2025-10-03,2025-10-08,2025-10-08,719,5960.0,Recibida
OC-000172,PR09,P0057,BOD-MDE,2025-10-03,2025-10-08,2025-10-08,253,13210.0,Recibida
OC-000173,PR38,P0060,BOD-BOG,2025-10-03,2025-10-08,2025-10-08,239,3730.0,Recibida
OC-000174,PR22,P0110,BOD-BOG,2025-10-03,2025-10-10,2025-10-10,99,9610.0,Recibida
OC-000175,PR16,P0112,BOD-BOG,2025-10-03,2025-10-11,2025-10-11,582,2370.0,Recibida
OC-000176,PR23,P0128,BOD-BOG,2025-10-03,2025-10-11,2025-10-11,604,2730.0,Recibida
OC-000177,PR16,P0136,BOD-MDE,2025-10-03,2025-10-11,2025-10-11,89,8530.0,Recibida
OC-000178,PR16,P0142,BOD-BOG,2025-10-03,2025-10-11,2025-10-11,509,10640.0,Recibida
OC-000179,PR23,P0143,BOD-MDE,2025-10-03,2025-10-11,2025-10-11,950,4710.0,Recibida
OC-000180,PR17,P0147,BOD-BOG,2025-10-03,2025-10-08,2025-10-08,84,26870.0,Recibida
OC-000181,PR17,P0159,BOD-BOG,2025-10-03,2025-10-08,2025-10-08,697,12730.0,Recibida
OC-000182,PR17,P0171,BOD-BOG,2025-10-03,2025-10-08,2025-10-08,136,5210.0,Recibida
OC-000183,PR19,P0198,BOD-BOG,2025-10-03,2025-10-09,2025-10-09,147,1870.0,Recibida
OC-000184,PR31,P0005,BOD-BOG,2025-10-04,2025-10-13,2025-10-13,105,26590.0,Recibida
OC-000185,PR10,P0107,BOD-MDE,2025-10-04,2025-10-12,2025-10-12,577,4150.0,Recibida
OC-000186,PR18,P0183,BOD-BOG,2025-10-04,2025-10-10,2025-10-10,197,20200.0,Recibida
OC-000187,PR10,P0097,BOD-BOG,2025-10-05,2025-10-13,2025-10-13,578,4320.0,Recibida
OC-000188,PR15,P0099,BOD-MDE,2025-10-05,2025-10-14,2025-10-14,1190,3050.0,Recibida
OC-000189,PR16,P0124,BOD-MDE,2025-10-05,2025-10-13,2025-10-13,83,7000.0,Recibida
OC-000190,PR16,P0139,BOD-BOG,2025-10-05,2025-10-13,2025-10-13,197,7020.0,Recibida
OC-000191,PR23,P0140,BOD-MDE,2025-10-05,2025-10-13,2025-10-13,222,3200.0,Recibida
OC-000192,PR08,P0011,BOD-MDE,2025-10-06,2025-10-11,2025-10-11,1362,14690.0,Recibida
OC-000193,PR29,P0029,BOD-MDE,2025-10-06,2025-10-13,2025-10-13,49,21300.0,Recibida
OC-000194,PR24,P0034,BOD-BOG,2025-10-06,2025-10-15,2025-10-15,379,4820.0,Recibida
OC-000195,PR02,P0051,BOD-MDE,2025-10-06,2025-10-12,2025-10-12,429,16000.0,Recibida
OC-000196,PR03,P0076,BOD-MDE,2025-10-06,2025-10-15,2025-10-15,147,3910.0,Recibida
OC-000197,PR23,P0113,BOD-BOG,2025-10-06,2025-10-14,2025-10-14,210,11910.0,Recibida
OC-000198,PR23,P0128,BOD-MDE,2025-10-06,2025-10-14,2025-10-14,678,2730.0,Recibida
OC-000199,PR35,P0152,BOD-MDE,2025-10-06,2025-10-13,2025-10-13,145,25530.0,Recibida
OC-000200,PR18,P0189,BOD-BOG,2025-10-06,2025-10-12,2025-10-12,153,14850.0,Recibida
OC-000201,PR20,P0022,BOD-BOG,2025-10-07,2025-10-16,2025-10-16,293,22310.0,Recibida
OC-000202,PR15,P0069,BOD-BOG,2025-10-07,2025-10-16,2025-10-16,682,3290.0,Recibida
OC-000203,PR11,P0078,BOD-BOG,2025-10-07,2025-10-14,2025-10-14,74,13440.0,Recibida
OC-000204,PR03,P0086,BOD-MDE,2025-10-07,2025-10-16,2025-10-16,93,4660.0,Recibida
OC-000205,PR32,P0104,BOD-BOG,2025-10-07,2025-10-16,2025-10-16,189,5340.0,Recibida
OC-000206,PR16,P0121,BOD-MDE,2025-10-07,2025-10-15,2025-10-15,204,1960.0,Recibida
OC-000207,PR06,P0197,BOD-BOG,2025-10-07,2025-10-12,2025-10-12,109,3360.0,Recibida
OC-000208,PR20,P0007,BOD-MDE,2025-10-08,2025-10-17,2025-10-17,420,49700.0,Recibida
OC-000209,PR20,P0027,BOD-MDE,2025-10-08,2025-10-17,2025-10-17,597,27350.0,Recibida
OC-000210,PR02,P0046,BOD-MDE,2025-10-08,2025-10-14,2025-10-14,320,5090.0,Recibida
OC-000211,PR13,P0048,BOD-BOG,2025-10-08,2025-10-16,2025-10-16,248,21170.0,Recibida
OC-000212,PR13,P0058,BOD-BOG,2025-10-08,2025-10-16,2025-10-16,145,19160.0,Recibida
OC-000213,PR13,P0063,BOD-MDE,2025-10-08,2025-10-16,2025-10-16,196,3230.0,Recibida
OC-000214,PR26,P0071,BOD-MDE,2025-10-08,2025-10-16,2025-10-16,90,13570.0,Recibida
OC-000215,PR22,P0080,BOD-MDE,2025-10-08,2025-10-15,2025-10-15,72,5970.0,Recibida
OC-000216,PR11,P0088,BOD-BOG,2025-10-08,2025-10-15,2025-10-15,386,19930.0,Recibida
OC-000217,PR23,P0134,BOD-BOG,2025-10-08,2025-10-16,2025-10-16,300,11770.0,Recibida
OC-000218,PR23,P0134,BOD-MDE,2025-10-08,2025-10-16,2025-10-16,401,11770.0,Recibida
OC-000219,PR05,P0150,BOD-MDE,2025-10-08,2025-10-14,2025-10-14,88,4820.0,Recibida
OC-000220,PR17,P0155,BOD-BOG,2025-10-08,2025-10-13,2025-10-13,512,7950.0,Recibida
OC-000221,PR35,P0156,BOD-BOG,2025-10-08,2025-10-15,2025-10-15,90,27450.0,Recibida
OC-000222,PR40,P0165,BOD-MDE,2025-10-08,2025-10-14,2025-10-14,138,20020.0,Recibida
OC-000223,PR05,P0170,BOD-BOG,2025-10-08,2025-10-14,2025-10-14,65,24690.0,Recibida
OC-000224,PR07,P0176,BOD-BOG,2025-10-08,2025-10-16,2025-10-16,441,18250.0,Recibida
OC-000225,PR07,P0176,BOD-MDE,2025-10-08,2025-10-16,2025-10-16,400,18250.0,Recibida
OC-000226,PR07,P0188,BOD-BOG,2025-10-08,2025-10-16,2025-10-16,372,18010.0,Recibida
OC-000227,PR10,P0067,BOD-BOG,2025-10-09,2025-10-17,2025-10-17,431,15370.0,Recibida
OC-000228,PR28,P0073,BOD-MDE,2025-10-09,2025-10-17,2025-10-17,521,2140.0,Recibida
OC-000229,PR22,P0090,BOD-BOG,2025-10-09,2025-10-16,2025-10-16,354,10160.0,Recibida
OC-000230,PR22,P0090,BOD-MDE,2025-10-09,2025-10-16,2025-10-16,152,10160.0,Recibida
OC-000231,PR28,P0093,BOD-BOG,2025-10-09,2025-10-17,2025-10-17,683,4290.0,Recibida
OC-000232,PR10,P0097,BOD-MDE,2025-10-09,2025-10-17,2025-10-17,808,4320.0,Recibida
OC-000233,PR11,P0098,BOD-BOG,2025-10-09,2025-10-16,2025-10-16,450,9770.0,Recibida
OC-000234,PR11,P0108,BOD-MDE,2025-10-09,2025-10-16,2025-10-16,308,14290.0,Recibida
OC-000235,PR04,P0117,BOD-MDE,2025-10-09,2025-10-14,2025-10-14,297,5350.0,Recibida
OC-000236,PR04,P0138,BOD-MDE,2025-10-09,2025-10-14,2025-10-14,238,1530.0,Recibida
OC-000237,PR35,P0148,BOD-BOG,2025-10-09,2025-10-16,2025-10-16,136,6210.0,Recibida
OC-000238,PR07,P0190,BOD-BOG,2025-10-09,2025-10-17,2025-10-17,230,39540.0,Recibida
OC-000239,PR37,P0193,BOD-MDE,2025-10-09,2025-10-14,2025-10-14,227,3010.0,Recibida
OC-000240,PR29,P0014,BOD-MDE,2025-10-10,2025-10-17,2025-10-17,255,17360.0,Recibida
OC-000241,PR08,P0021,BOD-BOG,2025-10-10,2025-10-15,2025-10-15,1466,16530.0,Recibida
OC-000242,PR09,P0042,BOD-BOG,2025-10-10,2025-10-15,2025-10-15,107,14820.0,Recibida
OC-000243,PR02,P0061,BOD-MDE,2025-10-10,2025-10-16,2025-10-16,393,18830.0,Recibida
OC-000244,PR03,P0066,BOD-MDE,2025-10-10,2025-10-19,2025-10-19,282,16840.0,Recibida
OC-000245,PR04,P0123,BOD-BOG,2025-10-10,2025-10-15,2025-10-15,48,3890.0,Recibida
OC-000246,PR05,P0166,BOD-BOG,2025-10-10,2025-10-16,2025-10-16,191,7940.0,Recibida
OC-000247,PR05,P0166,BOD-MDE,2025-10-10,2025-10-16,2025-10-16,105,7940.0,Recibida
OC-000248,PR35,P0168,BOD-MDE,2025-10-10,2025-10-17,2025-10-17,798,10750.0,Recibida
OC-000249,PR17,P0175,BOD-MDE,2025-10-10,2025-10-15,2025-10-15,741,5840.0,Recibida
OC-000250,PR18,P0179,BOD-MDE,2025-10-10,2025-10-16,2025-10-16,427,14700.0,Recibida
OC-000251,PR08,P0006,BOD-MDE,2025-10-11,2025-10-16,2025-10-16,317,9550.0,Recibida
OC-000252,PR38,P0050,BOD-MDE,2025-10-11,2025-10-16,2025-10-16,76,17920.0,Recibida
OC-000253,PR02,P0056,BOD-MDE,2025-10-11,2025-10-17,2025-10-17,597,6350.0,Recibida
OC-000254,PR34,P0075,BOD-MDE,2025-10-11,2025-10-19,2025-10-19,703,14480.0,Recibida
OC-000255,PR04,P0111,BOD-MDE,2025-10-11,2025-10-16,2025-10-16,501,5350.0,Recibida
OC-000256,PR16,P0118,BOD-BOG,2025-10-11,2025-10-19,2025-10-19,487,9550.0,Recibida
OC-000257,PR23,P0122,BOD-MDE,2025-10-11,2025-10-19,2025-10-19,151,5850.0,Recibida
OC-000258,PR16,P0127,BOD-MDE,2025-10-11,2025-10-19,2025-10-19,54,4280.0,Recibida
OC-000259,PR20,P0017,BOD-BOG,2025-10-12,2025-10-21,2025-10-21,472,19180.0,Recibida
OC-000260,PR38,P0065,BOD-BOG,2025-10-12,2025-10-17,2025-10-17,126,13310.0,Recibida
OC-000261,PR26,P0091,BOD-BOG,2025-10-12,2025-10-20,2025-10-20,104,4330.0,Recibida
OC-000262,PR26,P0101,BOD-MDE,2025-10-12,2025-10-20,2025-10-20,96,2470.0,Recibida
OC-000263,PR23,P0113,BOD-MDE,2025-10-12,2025-10-20,2025-10-20,405,11910.0,Recibida
OC-000264,PR35,P0148,BOD-MDE,2025-10-12,2025-10-19,2025-10-19,110,6210.0,Recibida
OC-000265,PR18,P0187,BOD-MDE,2025-10-12,2025-10-18,2025-10-18,239,13610.0,Recibida
OC-000266,PR38,P0055,BOD-MDE,2025-10-13,2025-10-18,2025-10-18,368,9630.0,Recibida
OC-000267,PR09,P0057,BOD-BOG,2025-10-13,2025-10-18,2025-10-18,230,13210.0,Recibida
OC-000268,PR24,P0059,BOD-MDE,2025-10-13,2025-10-22,2025-10-22,95,3590.0,Recibida
OC-000269,PR34,P0085,BOD-BOG,2025-10-13,2025-10-21,2025-10-21,268,9340.0,Recibida
OC-000270,PR16,P0121,BOD-BOG,2025-10-13,2025-10-21,2025-10-21,294,1960.0,Recibida
OC-000271,PR17,P0155,BOD-MDE,2025-10-13,2025-10-18,2025-10-18,767,7950.0,Recibida
OC-000272,PR07,P0184,BOD-MDE,2025-10-13,2025-10-21,2025-10-21,34,11700.0,Recibida
OC-000273,PR07,P0186,BOD-MDE,2025-10-13,2025-10-21,2025-10-21,148,19190.0,Recibida
OC-000274,PR07,P0190,BOD-MDE,2025-10-13,2025-10-21,2025-10-21,155,39540.0,Recibida
OC-000275,PR19,P0198,BOD-MDE,2025-10-13,2025-10-19,2025-10-19,210,1870.0,Recibida
OC-000276,PR25,P0003,BOD-BOG,2025-10-14,2025-10-21,2025-10-21,154,9420.0,Recibida
OC-000277,PR09,P0032,BOD-BOG,2025-10-14,2025-10-19,2025-10-19,291,9720.0,Recibida
OC-000278,PR09,P0052,BOD-BOG,2025-10-14,2025-10-19,2025-10-19,625,7200.0,Recibida
OC-000279,PR24,P0059,BOD-BOG,2025-10-14,2025-10-23,2025-10-23,88,3590.0,Recibida
OC-000280,PR15,P0079,BOD-BOG,2025-10-14,2025-10-23,2025-10-23,250,11120.0,Recibida
OC-000281,PR15,P0089,BOD-BOG,2025-10-14,2025-10-23,2025-10-23,200,6120.0,Recibida
OC-000282,PR34,P0105,BOD-MDE,2025-10-14,2025-10-22,2025-10-22,486,3260.0,Recibida
OC-000283,PR04,P0135,BOD-MDE,2025-10-14,2025-10-19,2025-10-19,640,2790.0,Recibida
OC-000284,PR04,P0141,BOD-BOG,2025-10-14,2025-10-19,2025-10-19,189,1550.0,Recibida
OC-000285,PR16,P0145,BOD-MDE,2025-10-14,2025-10-22,2025-10-22,837,4690.0,Recibida
OC-000286,PR40,P0153,BOD-MDE,2025-10-14,2025-10-20,2025-10-20,568,23340.0,Recibida
OC-000287,PR07,P0184,BOD-BOG,2025-10-14,2025-10-22,2025-10-22,46,11700.0,Recibida
OC-000288,PR18,P0185,BOD-BOG,2025-10-14,2025-10-20,2025-10-20,437,38660.0,Recibida
OC-000289,PR18,P0187,BOD-BOG,2025-10-14,2025-10-20,2025-10-20,345,13610.0,Recibida
OC-000290,PR19,P0195,BOD-BOG,2025-10-14,2025-10-20,2025-10-20,78,1130.0,Recibida
OC-000291,PR19,P0195,BOD-MDE,2025-10-14,2025-10-20,2025-10-20,208,1130.0,Recibida
OC-000292,PR20,P0002,BOD-BOG,2025-10-15,2025-10-24,2025-10-24,891,13500.0,Recibida
OC-000293,PR02,P0031,BOD-BOG,2025-10-15,2025-10-21,2025-10-21,586,11110.0,Recibida
OC-000294,PR09,P0032,BOD-MDE,2025-10-15,2025-10-20,2025-10-20,465,9720.0,Recibida
OC-000295,PR38,P0035,BOD-BOG,2025-10-15,2025-10-20,2025-10-20,154,5160.0,Recibida
OC-000296,PR09,P0047,BOD-MDE,2025-10-15,2025-10-20,2025-10-20,536,6240.0,Recibida
OC-000297,PR09,P0052,BOD-MDE,2025-10-15,2025-10-20,2025-10-20,298,7200.0,Recibida
OC-000298,PR10,P0077,BOD-MDE,2025-10-15,2025-10-23,2025-10-23,132,3920.0,Recibida
OC-000299,PR10,P0087,BOD-MDE,2025-10-15,2025-10-23,2025-10-23,145,4220.0,Recibida
OC-000300,PR11,P0088,BOD-MDE,2025-10-15,2025-10-22,2025-10-22,481,19930.0,Recibida
OC-000301,PR03,P0096,BOD-MDE,2025-10-15,2025-10-24,2025-10-24,148,17790.0,Recibida
OC-000302,PR05,P0158,BOD-MDE,2025-10-15,2025-10-21,2025-10-21,190,7950.0,Recibida
OC-000303,PR17,P0163,BOD-BOG,2025-10-15,2025-10-20,2025-10-20,309,11280.0,Recibida
OC-000304,PR18,P0177,BOD-MDE,2025-10-15,2025-10-21,2025-10-21,243,22760.0,Recibida
OC-000305,PR07,P0180,BOD-MDE,2025-10-15,2025-10-23,2025-10-23,597,56950.0,Recibida
OC-000306,PR20,P0002,BOD-MDE,2025-10-16,2025-10-25,2025-10-25,926,13500.0,Recibida
OC-000307,PR08,P0021,BOD-MDE,2025-10-16,2025-10-21,2025-10-21,1603,16530.0,Recibida
OC-000308,PR24,P0034,BOD-MDE,2025-10-16,2025-10-25,2025-10-25,609,4820.0,Recibida
OC-000309,PR13,P0053,BOD-BOG,2025-10-16,2025-10-24,2025-10-24,293,17080.0,Recibida
OC-000310,PR15,P0099,BOD-BOG,2025-10-16,2025-10-25,2025-10-25,764,3050.0,Recibida
OC-000311,PR22,P0100,BOD-BOG,2025-10-16,2025-10-23,2025-10-23,219,13060.0,Recibida
OC-000312,PR03,P0106,BOD-MDE,2025-10-16,2025-10-25,2025-10-25,144,13030.0,Recibida
OC-000313,PR16,P0112,BOD-MDE,2025-10-16,2025-10-24,2025-10-24,613,2370.0,Recibida
OC-000314,PR23,P0116,BOD-BOG,2025-10-16,2025-10-24,2025-10-24,56,9080.0,Recibida
OC-000315,PR23,P0122,BOD-BOG,2025-10-16,2025-10-24,2025-10-24,231,5850.0,Recibida
OC-000316,PR04,P0126,BOD-BOG,2025-10-16,2025-10-21,2025-10-21,128,10310.0,Recibida
OC-000317,PR05,P0162,BOD-BOG,2025-10-16,2025-10-22,2025-10-22,1725,11710.0,Recibida
OC-000318,PR05,P0162,BOD-MDE,2025-10-16,2025-10-22,2025-10-22,1540,11710.0,Recibida
OC-000319,PR25,P0008,BOD-MDE,2025-10-17,2025-10-24,2025-10-24,400,23940.0,Recibida
OC-000320,PR20,P0027,BOD-BOG,2025-10-17,2025-10-26,2025-10-26,836,27350.0,Recibida
OC-000321,PR02,P0036,BOD-BOG,2025-10-17,2025-10-23,2025-10-23,239,10060.0,Recibida
OC-000322,PR13,P0063,BOD-BOG,2025-10-17,2025-10-25,2025-10-25,60,3230.0,Recibida
OC-000323,PR10,P0067,BOD-MDE,2025-10-17,2025-10-25,2025-10-25,484,15370.0,Recibida
OC-000324,PR28,P0083,BOD-MDE,2025-10-17,2025-10-25,2025-10-25,424,5410.0,Recibida
OC-000325,PR03,P0106,BOD-BOG,2025-10-17,2025-10-26,2025-10-26,104,13030.0,Recibida
OC-000326,PR16,P0124,BOD-BOG,2025-10-17,2025-10-25,2025-10-25,82,7000.0,Recibida
OC-000327,PR16,P0145,BOD-BOG,2025-10-17,2025-10-25,2025-10-25,669,4690.0,Recibida
OC-000328,PR05,P0146,BOD-MDE,2025-10-17,2025-10-23,2025-10-23,286,17910.0,Recibida
OC-000329,PR40,P0157,BOD-MDE,2025-10-17,2025-10-23,2025-10-23,1508,22210.0,Recibida
OC-000330,PR35,P0168,BOD-BOG,2025-10-17,2025-10-24,2025-10-24,607,10750.0,Recibida
OC-000331,PR05,P0174,BOD-MDE,2025-10-17,2025-10-23,2025-10-23,142,4960.0,Recibida
OC-000332,PR31,P0010,BOD-MDE,2025-10-18,2025-10-27,2025-10-27,222,8570.0,Recibida
OC-000333,PR29,P0024,BOD-MDE,2025-10-18,2025-10-25,2025-10-25,73,57170.0,Recibida
OC-000334,PR31,P0025,BOD-BOG,2025-10-18,2025-10-27,2025-10-27,262,14020.0,Recibida
OC-000335,PR32,P0074,BOD-BOG,2025-10-18,2025-10-27,2025-10-27,219,16380.0,Recibida
OC-000336,PR15,P0089,BOD-MDE,2025-10-18,2025-10-27,2025-10-27,495,6120.0,Recibida
OC-000337,PR11,P0108,BOD-BOG,2025-10-18,2025-10-25,2025-10-25,336,14290.0,Recibida
OC-000338,PR15,P0109,BOD-MDE,2025-10-18,2025-10-27,2025-10-27,58,19840.0,Recibida
OC-000339,PR16,P0133,BOD-BOG,2025-10-18,2025-10-26,2025-10-26,124,4590.0,Recibida
OC-000340,PR16,P0133,BOD-MDE,2025-10-18,2025-10-26,2025-10-26,240,4590.0,Recibida
OC-000341,PR23,P0137,BOD-BOG,2025-10-18,2025-10-26,2025-10-26,100,1820.0,Recibida
OC-000342,PR35,P0160,BOD-BOG,2025-10-18,2025-10-25,2025-10-25,192,11590.0,Recibida
OC-000343,PR06,P0200,BOD-MDE,2025-10-18,2025-10-23,2025-10-23,322,4640.0,Recibida
OC-000344,PR25,P0013,BOD-MDE,2025-10-19,2025-10-26,2025-10-26,189,42460.0,Recibida
OC-000345,PR29,P0014,BOD-BOG,2025-10-19,2025-10-26,2025-10-26,220,17360.0,Recibida
OC-000346,PR38,P0035,BOD-MDE,2025-10-19,2025-10-24,2025-10-24,156,5160.0,Recibida
OC-000347,PR04,P0111,BOD-BOG,2025-10-19,2025-10-24,2025-10-24,496,5350.0,Recibida
OC-000348,PR07,P0178,BOD-BOG,2025-10-19,2025-10-27,2025-10-27,112,16190.0,Recibida
OC-000349,PR29,P0004,BOD-BOG,2025-10-20,2025-10-27,2025-10-27,198,24560.0,Recibida
OC-000350,PR20,P0007,BOD-BOG,2025-10-20,2025-10-29,2025-10-29,230,49700.0,Recibida
OC-000351,PR09,P0047,BOD-BOG,2025-10-20,2025-10-25,2025-10-25,241,6240.0,Recibida
OC-000352,PR02,P0051,BOD-BOG,2025-10-20,2025-10-26,2025-10-26,214,16000.0,Recibida
OC-000353,PR24,P0054,BOD-BOG,2025-10-20,2025-10-29,2025-10-29,623,4280.0,Recibida
OC-000354,PR15,P0109,BOD-BOG,2025-10-20,2025-10-29,2025-10-29,58,19840.0,Recibida
OC-000355,PR04,P0144,BOD-MDE,2025-10-20,2025-10-25,2025-10-25,69,2260.0,Recibida
OC-000356,PR35,P0164,BOD-BOG,2025-10-20,2025-10-27,2025-10-27,324,8030.0,Recibida
OC-000357,PR35,P0172,BOD-BOG,2025-10-20,2025-10-27,2025-10-27,715,11540.0,Recibida
OC-000358,PR24,P0044,BOD-MDE,2025-10-21,2025-10-30,2025-10-30,126,4480.0,Recibida
OC-000359,PR28,P0083,BOD-BOG,2025-10-21,2025-10-29,2025-10-29,488,5410.0,Recibida
OC-000360,PR27,P0102,BOD-MDE,2025-10-21,2025-10-26,2025-10-26,28,4520.0,Recibida
OC-000361,PR23,P0119,BOD-MDE,2025-10-21,2025-10-29,2025-10-29,1432,11400.0,Recibida
OC-000362,PR04,P0135,BOD-BOG,2025-10-21,2025-10-26,2025-10-26,785,2790.0,Recibida
OC-000363,PR05,P0150,BOD-BOG,2025-10-21,2025-10-27,2025-10-27,113,4820.0,Recibida
OC-000364,PR17,P0151,BOD-MDE,2025-10-21,2025-10-26,2025-10-26,205,24550.0,Recibida
OC-000365,PR17,P0159,BOD-MDE,2025-10-21,2025-10-26,2025-10-26,335,12730.0,Recibida
OC-000366,PR35,P0160,BOD-MDE,2025-10-21,2025-10-28,2025-10-28,167,11590.0,Recibida
OC-000367,PR05,P0170,BOD-MDE,2025-10-21,2025-10-27,2025-10-27,144,24690.0,Recibida
OC-000368,PR40,P0173,BOD-BOG,2025-10-21,2025-10-27,2025-10-27,231,8560.0,Recibida
OC-000369,PR08,P0016,BOD-MDE,2025-10-22,2025-10-27,2025-10-27,134,44300.0,Recibida
OC-000370,PR13,P0038,BOD-BOG,2025-10-22,2025-10-30,2025-10-30,125,4470.0,Recibida
OC-000371,PR38,P0050,BOD-BOG,2025-10-22,2025-10-27,2025-10-27,46,17920.0,Recibida
OC-000372,PR24,P0064,BOD-BOG,2025-10-22,2025-10-31,2025-10-31,92,24300.0,Recibida
OC-000373,PR03,P0066,BOD-BOG,2025-10-22,2025-10-31,2025-10-31,210,16840.0,Recibida
OC-000374,PR10,P0087,BOD-BOG,2025-10-22,2025-10-30,2025-10-30,253,4220.0,Recibida
OC-000375,PR27,P0092,BOD-BOG,2025-10-22,2025-10-27,2025-10-27,313,8360.0,Recibida
OC-000376,PR11,P0098,BOD-MDE,2025-10-22,2025-10-29,2025-10-29,447,9770.0,Recibida
OC-000377,PR04,P0141,BOD-MDE,2025-10-22,2025-10-27,2025-10-27,86,1550.0,Recibida
OC-000378,PR16,P0142,BOD-MDE,2025-10-22,2025-10-30,2025-10-30,594,10640.0,Recibida
OC-000379,PR04,P0144,BOD-BOG,2025-10-22,2025-10-27,2025-10-27,208,2260.0,Recibida
OC-000380,PR37,P0196,BOD-BOG,2025-10-22,2025-10-27,2025-10-27,66,1120.0,Recibida
OC-000381,PR08,P0001,BOD-BOG,2025-10-23,2025-10-28,2025-10-28,305,30050.0,Recibida
OC-000382,PR08,P0006,BOD-BOG,2025-10-23,2025-10-28,2025-10-28,203,9550.0,Recibida
OC-000383,PR31,P0015,BOD-BOG,2025-10-23,2025-11-01,2025-11-01,25,12670.0,Recibida
OC-000384,PR13,P0033,BOD-MDE,2025-10-23,2025-10-31,2025-10-31,223,6080.0,Recibida
OC-000385,PR38,P0040,BOD-MDE,2025-10-23,2025-10-28,2025-10-28,407,15990.0,Recibida
OC-000386,PR24,P0044,BOD-BOG,2025-10-23,2025-11-01,2025-11-01,174,4480.0,Recibida
OC-000387,PR13,P0048,BOD-MDE,2025-10-23,2025-10-31,2025-10-31,139,21170.0,Recibida
OC-000388,PR02,P0056,BOD-BOG,2025-10-23,2025-10-29,2025-10-29,507,6350.0,Recibida
OC-000389,PR15,P0079,BOD-MDE,2025-10-23,2025-11-01,2025-11-01,206,11120.0,Recibida
OC-000390,PR27,P0092,BOD-MDE,2025-10-23,2025-10-28,2025-10-28,274,8360.0,Recibida
OC-000391,PR34,P0095,BOD-MDE,2025-10-23,2025-10-31,2025-10-31,321,7780.0,Recibida
OC-000392,PR04,P0114,BOD-MDE,2025-10-23,2025-10-28,2025-10-28,218,1960.0,Recibida
OC-000393,PR16,P0130,BOD-MDE,2025-10-23,2025-10-31,2025-10-31,194,2440.0,Recibida
OC-000394,PR18,P0183,BOD-MDE,2025-10-23,2025-10-29,2025-10-29,586,20200.0,Recibida
OC-000395,PR20,P0012,BOD-MDE,2025-10-24,2025-11-02,2025-11-02,14,11860.0,Recibida
OC-000396,PR20,P0017,BOD-MDE,2025-10-24,2025-11-02,2025-11-02,1042,19180.0,Recibida
OC-000397,PR13,P0058,BOD-MDE,2025-10-24,2025-11-01,2025-11-01,140,19160.0,Recibida
OC-000398,PR34,P0105,BOD-BOG,2025-10-24,2025-11-01,2025-11-01,342,3260.0,Recibida
OC-000399,PR16,P0118,BOD-MDE,2025-10-24,2025-11-01,2025-11-01,389,9550.0,Recibida
OC-000400,PR23,P0125,BOD-MDE,2025-10-24,2025-11-01,2025-11-01,139,1590.0,Recibida
OC-000401,PR23,P0140,BOD-BOG,2025-10-24,2025-11-01,2025-11-01,191,3200.0,Recibida
OC-000402,PR35,P0152,BOD-BOG,2025-10-24,2025-10-31,2025-10-31,84,25530.0,Recibida
OC-000403,PR40,P0157,BOD-BOG,2025-10-24,2025-10-30,2025-10-30,1195,22210.0,Recibida
OC-000404,PR05,P0158,BOD-BOG,2025-10-24,2025-10-30,2025-10-30,166,7950.0,Recibida
OC-000405,PR07,P0186,BOD-BOG,2025-10-24,2025-11-01,2025-11-01,330,19190.0,Recibida
OC-000406,PR06,P0191,BOD-MDE,2025-10-24,2025-10-29,2025-10-29,238,4930.0,Recibida
OC-000407,PR28,P0073,BOD-BOG,2025-10-25,2025-11-02,2025-11-02,447,2140.0,Recibida
OC-000408,PR32,P0084,BOD-MDE,2025-10-25,2025-11-03,2025-11-03,566,3920.0,Recibida
OC-000409,PR34,P0085,BOD-MDE,2025-10-25,2025-11-02,2025-11-02,613,9340.0,Recibida
OC-000410,PR03,P0086,BOD-BOG,2025-10-25,2025-11-03,2025-11-03,82,4660.0,Recibida
OC-000411,PR27,P0102,BOD-BOG,2025-10-25,2025-10-30,2025-10-30,61,4520.0,Recibida
OC-000412,PR16,P0139,BOD-MDE,2025-10-25,2025-11-02,2025-11-02,205,7020.0,Recibida
OC-000413,PR37,P0199,BOD-BOG,2025-10-25,2025-10-30,2025-10-30,58,1410.0,Recibida
OC-000414,PR18,P0185,BOD-MDE,2025-10-26,2025-11-01,2025-11-01,793,38660.0,Recibida
OC-000415,PR25,P0008,BOD-BOG,2025-10-27,2025-11-03,2025-11-03,181,23940.0,Recibida
OC-000416,PR24,P0054,BOD-MDE,2025-10-27,2025-11-05,2025-11-05,636,4280.0,Recibida
OC-000417,PR32,P0104,BOD-MDE,2025-10-27,2025-11-05,2025-11-05,251,5340.0,Recibida
OC-000418,PR23,P0119,BOD-BOG,2025-10-27,2025-11-04,2025-11-04,827,11400.0,Recibida
OC-000419,PR05,P0154,BOD-MDE,2025-10-27,2025-11-02,2025-11-02,342,11870.0,Recibida
OC-000420,PR31,P0020,BOD-BOG,2025-10-28,2025-11-06,2025-11-06,700,22340.0,Recibida
OC-000421,PR38,P0045,BOD-BOG,2025-10-28,2025-11-02,2025-11-02,72,3860.0,Recibida
OC-000422,PR38,P0065,BOD-MDE,2025-10-28,2025-11-02,2025-11-02,109,13310.0,Recibida
OC-000423,PR11,P0068,BOD-MDE,2025-10-28,2025-11-04,2025-11-04,14,4340.0,Recibida
OC-000424,PR32,P0074,BOD-MDE,2025-10-28,2025-11-06,2025-11-06,640,16380.0,Recibida
OC-000425,PR10,P0077,BOD-BOG,2025-10-28,2025-11-05,2025-11-05,80,3920.0,Recibida
OC-000426,PR23,P0131,BOD-BOG,2025-10-28,2025-11-05,2025-11-05,170,1540.0,Recibida
OC-000427,PR23,P0131,BOD-MDE,2025-10-28,2025-11-05,2025-11-05,222,1540.0,Recibida
OC-000428,PR40,P0161,BOD-BOG,2025-10-28,2025-11-03,2025-11-03,200,23020.0,Recibida
OC-000429,PR40,P0173,BOD-MDE,2025-10-28,2025-11-03,2025-11-03,261,8560.0,Recibida
OC-000430,PR07,P0188,BOD-MDE,2025-10-28,2025-11-05,2025-11-05,408,18010.0,Recibida
OC-000431,PR06,P0197,BOD-MDE,2025-10-28,2025-11-02,2025-11-02,50,3360.0,Recibida
OC-000432,PR25,P0013,BOD-BOG,2025-10-29,2025-11-05,2025-11-05,329,42460.0,Recibida
OC-000433,PR20,P0022,BOD-MDE,2025-10-29,2025-11-07,2025-11-07,398,22310.0,Recibida
OC-000434,PR31,P0025,BOD-MDE,2025-10-29,2025-11-07,2025-11-07,261,14020.0,Recibida
OC-000435,PR25,P0028,BOD-MDE,2025-10-29,2025-11-05,2025-11-05,279,16230.0,Recibida
OC-000436,PR29,P0029,BOD-BOG,2025-10-29,2025-11-05,2025-11-05,94,21300.0,Recibida
OC-000437,PR31,P0030,BOD-BOG,2025-10-29,2025-11-07,2025-11-07,236,26820.0,Recibida
OC-000438,PR02,P0036,BOD-MDE,2025-10-29,2025-11-04,2025-11-04,339,10060.0,Recibida
OC-000439,PR32,P0084,BOD-BOG,2025-10-29,2025-11-07,2025-11-07,468,3920.0,Recibida
OC-000440,PR28,P0093,BOD-MDE,2025-10-29,2025-11-06,2025-11-06,398,4290.0,Recibida
OC-000441,PR04,P0123,BOD-MDE,2025-10-29,2025-11-03,2025-11-03,88,3890.0,Recibida
OC-000442,PR23,P0125,BOD-BOG,2025-10-29,2025-11-06,2025-11-06,212,1590.0,Recibida
OC-000443,PR04,P0138,BOD-BOG,2025-10-29,2025-11-03,2025-11-03,284,1530.0,Recibida
OC-000444,PR17,P0167,BOD-BOG,2025-10-29,2025-11-03,2025-11-03,537,12680.0,Recibida
OC-000445,PR17,P0175,BOD-BOG,2025-10-29,2025-11-03,2025-11-03,1042,5840.0,Recibida
OC-000446,PR07,P0180,BOD-BOG,2025-10-29,2025-11-06,2025-11-06,726,56950.0,Recibida
OC-000447,PR18,P0181,BOD-MDE,2025-10-29,2025-11-04,2025-11-04,569,59340.0,Recibida
OC-000448,PR19,P0192,BOD-BOG,2025-10-29,2025-11-04,2025-11-04,112,7770.0,Recibida
OC-000449,PR08,P0011,BOD-BOG,2025-10-30,2025-11-04,2025-11-04,567,14690.0,Recibida
OC-000450,PR09,P0062,BOD-BOG,2025-10-30,2025-11-04,2025-11-04,208,8620.0,Recibida
OC-000451,PR15,P0069,BOD-MDE,2025-10-30,2025-11-08,2025-11-08,641,3290.0,Recibida
OC-000452,PR27,P0082,BOD-MDE,2025-10-30,2025-11-04,2025-11-04,493,8230.0,Recibida
OC-000453,PR23,P0143,BOD-BOG,2025-10-30,2025-11-07,2025-11-07,591,4710.0,Recibida
OC-000454,PR40,P0165,BOD-BOG,2025-10-30,2025-11-05,2025-11-05,242,20020.0,Recibida
OC-000455,PR17,P0167,BOD-MDE,2025-10-30,2025-11-04,2025-11-04,371,12680.0,Recibida
OC-000456,PR06,P0194,BOD-BOG,2025-10-30,2025-11-04,2025-11-04,114,12220.0,Recibida
OC-000457,PR06,P0200,BOD-BOG,2025-10-30,2025-11-04,2025-11-04,533,4640.0,Recibida
OC-000458,PR29,P0009,BOD-MDE,2025-10-31,2025-11-07,2025-11-07,34,30560.0,Recibida
OC-000459,PR25,P0018,BOD-BOG,2025-10-31,2025-11-07,2025-11-07,83,14780.0,Recibida
OC-000460,PR25,P0023,BOD-MDE,2025-10-31,2025-11-07,2025-11-07,130,16120.0,Recibida
OC-000461,PR25,P0028,BOD-BOG,2025-10-31,2025-11-07,2025-11-07,385,16230.0,Recibida
OC-000462,PR13,P0033,BOD-BOG,2025-10-31,2025-11-08,2025-11-08,474,6080.0,Recibida
OC-000463,PR13,P0033,BOD-MDE,2025-10-31,2025-11-08,2025-11-08,357,6080.0,Recibida
OC-000464,PR24,P0034,BOD-BOG,2025-10-31,2025-11-09,2025-11-09,413,4820.0,Recibida
OC-000465,PR38,P0035,BOD-MDE,2025-10-31,2025-11-05,2025-11-05,194,5160.0,Recibida
OC-000466,PR38,P0050,BOD-BOG,2025-10-31,2025-11-05,2025-11-05,76,17920.0,Recibida
OC-000467,PR13,P0053,BOD-MDE,2025-10-31,2025-11-08,2025-11-08,121,17080.0,Recibida
OC-000468,PR38,P0055,BOD-BOG,2025-10-31,2025-11-05,2025-11-05,141,9630.0,Recibida
OC-000469,PR15,P0079,BOD-BOG,2025-10-31,2025-11-09,2025-11-09,288,11120.0,Recibida
OC-000470,PR34,P0085,BOD-BOG,2025-10-31,2025-11-08,2025-11-08,330,9340.0,Recibida
OC-000471,PR11,P0088,BOD-BOG,2025-10-31,2025-11-07,2025-11-07,459,19930.0,Recibida
OC-000472,PR10,P0107,BOD-BOG,2025-10-31,2025-11-08,2025-11-08,408,4150.0,Recibida
OC-000473,PR16,P0112,BOD-MDE,2025-10-31,2025-11-08,2025-11-08,738,2370.0,Recibida
OC-000474,PR16,P0118,BOD-BOG,2025-10-31,2025-11-08,2025-11-08,633,9550.0,Recibida
OC-000475,PR23,P0134,BOD-BOG,2025-10-31,2025-11-08,2025-11-08,347,11770.0,Recibida
OC-000476,PR40,P0149,BOD-MDE,2025-10-31,2025-11-06,2025-11-06,90,9180.0,Recibida
OC-000477,PR35,P0156,BOD-MDE,2025-10-31,2025-11-07,2025-11-07,56,27450.0,Recibida
OC-000478,PR17,P0159,BOD-BOG,2025-10-31,2025-11-05,2025-11-05,816,12730.0,Recibida
OC-000479,PR40,P0165,BOD-MDE,2025-10-31,2025-11-06,2025-11-06,147,20020.0,Recibida
OC-000480,PR18,P0189,BOD-BOG,2025-10-31,2025-11-06,2025-11-06,195,14850.0,Recibida
OC-000481,PR08,P0006,BOD-BOG,2025-11-01,2025-11-06,2025-11-06,281,9697.0,Recibida
OC-000482,PR20,P0022,BOD-BOG,2025-11-01,2025-11-10,2025-11-10,396,22348.0,Recibida
OC-000483,PR13,P0048,BOD-BOG,2025-11-01,2025-11-09,2025-11-09,281,21115.0,Recibida
OC-000484,PR13,P0048,BOD-MDE,2025-11-01,2025-11-09,2025-11-09,182,21115.0,Recibida
OC-000485,PR09,P0057,BOD-MDE,2025-11-01,2025-11-06,2025-11-06,269,13297.0,Recibida
OC-000486,PR38,P0060,BOD-BOG,2025-11-01,2025-11-06,2025-11-06,267,3756.0,Recibida
OC-000487,PR02,P0061,BOD-BOG,2025-11-01,2025-11-07,2025-11-07,140,18938.0,Recibida
OC-000488,PR10,P0067,BOD-MDE,2025-11-01,2025-11-09,2025-11-09,632,15535.0,Recibida
OC-000489,PR32,P0074,BOD-BOG,2025-11-01,2025-11-10,2025-11-10,317,16542.0,Recibida
OC-000490,PR03,P0076,BOD-MDE,2025-11-01,2025-11-10,2025-11-10,180,3939.0,Recibida
OC-000491,PR10,P0087,BOD-MDE,2025-11-01,2025-11-09,2025-11-09,223,4229.0,Recibida
OC-000492,PR11,P0088,BOD-MDE,2025-11-01,2025-11-08,2025-11-08,548,19772.0,Recibida
OC-000493,PR28,P0093,BOD-MDE,2025-11-01,2025-11-09,2025-11-09,516,4301.0,Recibida
OC-000494,PR03,P0106,BOD-MDE,2025-11-01,2025-11-10,2025-11-10,171,13141.0,Recibida
OC-000495,PR15,P0109,BOD-MDE,2025-11-01,2025-11-10,2025-11-10,63,19957.0,Recibida
OC-000496,PR22,P0110,BOD-MDE,2025-11-01,2025-11-08,2025-11-08,190,9655.0,Recibida
OC-000497,PR16,P0121,BOD-MDE,2025-11-01,2025-11-09,2025-11-09,241,1976.0,Recibida
OC-000498,PR04,P0138,BOD-MDE,2025-11-01,2025-11-06,2025-11-06,320,1537.0,Recibida
OC-000499,PR23,P0143,BOD-MDE,2025-11-01,2025-11-09,2025-11-09,1003,4772.0,Recibida
OC-000500,PR05,P0150,BOD-MDE,2025-11-01,2025-11-07,2025-11-07,109,4838.0,Recibida
OC-000501,PR18,P0177,BOD-MDE,2025-11-01,2025-11-07,2025-11-07,302,22806.0,Recibida
OC-000502,PR18,P0183,BOD-BOG,2025-11-01,2025-11-07,2025-11-07,276,20238.0,Recibida
OC-000503,PR07,P0184,BOD-MDE,2025-11-01,2025-11-09,2025-11-09,42,11641.0,Recibida
OC-000504,PR07,P0186,BOD-MDE,2025-11-01,2025-11-09,2025-11-09,167,19355.0,Recibida
OC-000505,PR06,P0194,BOD-BOG,2025-11-01,2025-11-06,2025-11-06,145,12333.0,Recibida
OC-000506,PR19,P0198,BOD-BOG,2025-11-01,2025-11-07,2025-11-07,207,1868.0,Recibida
OC-000507,PR31,P0020,BOD-MDE,2025-11-02,2025-11-11,2025-11-11,590,22242.0,Recibida
OC-000508,PR31,P0025,BOD-BOG,2025-11-02,2025-11-11,2025-11-11,302,14086.0,Recibida
OC-000509,PR02,P0036,BOD-BOG,2025-11-02,2025-11-08,2025-11-08,288,9996.0,Recibida
OC-000510,PR09,P0052,BOD-BOG,2025-11-02,2025-11-07,2025-11-07,702,7105.0,Recibida
OC-000511,PR09,P0062,BOD-MDE,2025-11-02,2025-11-07,2025-11-07,113,8633.0,Recibida
OC-000512,PR26,P0091,BOD-MDE,2025-11-02,2025-11-10,2025-11-10,154,4368.0,Recibida
OC-000513,PR16,P0139,BOD-BOG,2025-11-02,2025-11-10,2025-11-10,216,7005.0,Recibida
OC-000514,PR18,P0185,BOD-BOG,2025-11-02,2025-11-08,2025-11-08,536,39037.0,Recibida
OC-000515,PR25,P0003,BOD-MDE,2025-11-03,2025-11-10,2025-11-10,206,9432.0,Recibida
OC-000516,PR29,P0009,BOD-MDE,2025-11-03,2025-11-10,2025-11-10,46,30798.0,Recibida
OC-000517,PR31,P0010,BOD-BOG,2025-11-03,2025-11-12,2025-11-12,190,8552.0,Recibida
OC-000518,PR29,P0019,BOD-BOG,2025-11-03,2025-11-10,2025-11-10,196,8807.0,Recibida
OC-000519,PR08,P0026,BOD-BOG,2025-11-03,2025-11-08,2025-11-08,162,20701.0,Recibida
OC-000520,PR38,P0045,BOD-MDE,2025-11-03,2025-11-08,2025-11-08,264,3888.0,Recibida
OC-000521,PR02,P0056,BOD-MDE,2025-11-03,2025-11-09,2025-11-09,641,6366.0,Recibida
OC-000522,PR27,P0082,BOD-BOG,2025-11-03,2025-11-08,2025-11-08,255,8158.0,Recibida
OC-000523,PR26,P0091,BOD-BOG,2025-11-03,2025-11-11,2025-11-11,138,4368.0,Recibida
OC-000524,PR03,P0096,BOD-BOG,2025-11-03,2025-11-12,2025-11-12,104,17826.0,Recibida
OC-000525,PR23,P0113,BOD-MDE,2025-11-03,2025-11-11,2025-11-11,471,11897.0,Recibida
OC-000526,PR04,P0114,BOD-BOG,2025-11-03,2025-11-08,2025-11-08,356,1958.0,Recibida
OC-000527,PR23,P0122,BOD-MDE,2025-11-03,2025-11-11,2025-11-11,259,5911.0,Recibida
OC-000528,PR04,P0126,BOD-BOG,2025-11-03,2025-11-08,2025-11-08,181,10346.0,Recibida
OC-000529,PR16,P0127,BOD-BOG,2025-11-03,2025-11-11,2025-11-11,82,4280.0,Recibida
OC-000530,PR23,P0134,BOD-MDE,2025-11-03,2025-11-11,2025-11-11,452,11915.0,Recibida
OC-000531,PR16,P0142,BOD-BOG,2025-11-03,2025-11-11,2025-11-11,526,10643.0,Recibida
OC-000532,PR40,P0153,BOD-MDE,2025-11-03,2025-11-09,2025-11-09,733,23349.0,Recibida
OC-000533,PR35,P0164,BOD-MDE,2025-11-03,2025-11-10,2025-11-10,224,8160.0,Recibida
OC-000534,PR07,P0176,BOD-MDE,2025-11-03,2025-11-11,2025-11-11,414,18458.0,Recibida
OC-000535,PR06,P0191,BOD-BOG,2025-11-03,2025-11-08,2025-11-08,200,4995.0,Recibida
OC-000536,PR37,P0193,BOD-BOG,2025-11-03,2025-11-08,2025-11-08,236,3046.0,Recibida
OC-000537,PR06,P0194,BOD-MDE,2025-11-03,2025-11-08,2025-11-08,72,12333.0,Recibida
OC-000538,PR31,P0005,BOD-BOG,2025-11-04,2025-11-13,2025-11-13,92,26695.0,Recibida
OC-000539,PR31,P0010,BOD-BOG,2025-11-04,2025-11-13,2025-11-13,190,8552.0,Recibida
OC-000540,PR31,P0010,BOD-MDE,2025-11-04,2025-11-13,2025-11-13,265,8552.0,Recibida
OC-000541,PR29,P0019,BOD-BOG,2025-11-04,2025-11-11,2025-11-11,251,8807.0,Recibida
OC-000542,PR25,P0023,BOD-BOG,2025-11-04,2025-11-11,2025-11-11,273,16043.0,Recibida
OC-000543,PR08,P0026,BOD-BOG,2025-11-04,2025-11-09,2025-11-09,162,20701.0,Recibida
OC-000544,PR02,P0031,BOD-MDE,2025-11-04,2025-11-10,2025-11-10,508,11098.0,Recibida
OC-000545,PR09,P0037,BOD-BOG,2025-11-04,2025-11-09,2025-11-09,963,6022.0,Recibida
OC-000546,PR38,P0040,BOD-BOG,2025-11-04,2025-11-09,2025-11-09,279,16013.0,Recibida
OC-000547,PR02,P0046,BOD-BOG,2025-11-04,2025-11-10,2025-11-10,203,5113.0,Recibida
OC-000548,PR38,P0050,BOD-MDE,2025-11-04,2025-11-09,2025-11-09,121,17957.0,Recibida
OC-000549,PR02,P0051,BOD-MDE,2025-11-04,2025-11-10,2025-11-10,517,16060.0,Recibida
OC-000550,PR09,P0052,BOD-MDE,2025-11-04,2025-11-09,2025-11-09,385,7105.0,Recibida
OC-000551,PR13,P0053,BOD-MDE,2025-11-04,2025-11-12,2025-11-12,215,17250.0,Recibida
OC-000552,PR13,P0058,BOD-MDE,2025-11-04,2025-11-12,2025-11-12,330,19126.0,Recibida
OC-000553,PR02,P0061,BOD-MDE,2025-11-04,2025-11-10,2025-11-10,467,18938.0,Recibida
OC-000554,PR15,P0069,BOD-BOG,2025-11-04,2025-11-13,2025-11-13,808,3286.0,Recibida
OC-000555,PR34,P0075,BOD-BOG,2025-11-04,2025-11-12,2025-11-12,368,14681.0,Recibida
OC-000556,PR27,P0082,BOD-BOG,2025-11-04,2025-11-09,2025-11-09,331,8158.0,Recibida
OC-000557,PR26,P0091,BOD-MDE,2025-11-04,2025-11-12,2025-11-12,176,4368.0,Recibida
OC-000558,PR32,P0094,BOD-MDE,2025-11-04,2025-11-13,2025-11-13,222,3103.0,Recibida
OC-000559,PR03,P0096,BOD-BOG,2025-11-04,2025-11-13,2025-11-13,104,17826.0,Recibida
OC-000560,PR03,P0096,BOD-MDE,2025-11-04,2025-11-13,2025-11-13,208,17826.0,Recibida
OC-000561,PR15,P0099,BOD-MDE,2025-11-04,2025-11-13,2025-11-13,1223,3075.0,Recibida
OC-000562,PR22,P0100,BOD-MDE,2025-11-04,2025-11-11,2025-11-11,194,13123.0,Recibida
OC-000563,PR34,P0105,BOD-BOG,2025-11-04,2025-11-12,2025-11-12,461,3287.0,Recibida
OC-000564,PR34,P0105,BOD-MDE,2025-11-04,2025-11-12,2025-11-12,551,3287.0,Recibida
OC-000565,PR22,P0110,BOD-BOG,2025-11-04,2025-11-11,2025-11-11,107,9655.0,Recibida
OC-000566,PR22,P0110,BOD-MDE,2025-11-04,2025-11-11,2025-11-11,202,9655.0,Recibida
OC-000567,PR23,P0122,BOD-MDE,2025-11-04,2025-11-12,2025-11-12,288,5911.0,Recibida
OC-000568,PR04,P0126,BOD-MDE,2025-11-04,2025-11-09,2025-11-09,141,10346.0,Recibida
OC-000569,PR16,P0127,BOD-BOG,2025-11-04,2025-11-12,2025-11-12,82,4280.0,Recibida
OC-000570,PR16,P0130,BOD-BOG,2025-11-04,2025-11-12,2025-11-12,204,2444.0,Recibida
OC-000571,PR23,P0137,BOD-MDE,2025-11-04,2025-11-12,2025-11-12,118,1825.0,Recibida
OC-000572,PR35,P0160,BOD-MDE,2025-11-04,2025-11-11,2025-11-11,240,11751.0,Recibida
OC-000573,PR05,P0166,BOD-MDE,2025-11-04,2025-11-10,2025-11-10,180,7958.0,Recibida
OC-000574,PR35,P0168,BOD-BOG,2025-11-04,2025-11-11,2025-11-11,777,10804.0,Recibida
OC-000575,PR05,P0170,BOD-MDE,2025-11-04,2025-11-10,2025-11-10,225,24924.0,Recibida
OC-000576,PR05,P0174,BOD-MDE,2025-11-04,2025-11-10,2025-11-10,187,4961.0,Recibida
OC-000577,PR07,P0176,BOD-BOG,2025-11-04,2025-11-12,2025-11-12,471,18458.0,Recibida
OC-000578,PR37,P0193,BOD-BOG,2025-11-04,2025-11-09,2025-11-09,236,3046.0,Recibida
OC-000579,PR37,P0199,BOD-MDE,2025-11-04,2025-11-09,2025-11-09,150,1406.0,Recibida
OC-000580,PR20,P0002,BOD-BOG,2025-11-05,2025-11-14,2025-11-14,1096,13565.0,Recibida
OC-000581,PR29,P0009,BOD-BOG,2025-11-05,2025-11-12,2025-11-12,142,30798.0,Recibida
OC-000582,PR25,P0018,BOD-MDE,2025-11-05,2025-11-12,2025-11-12,90,14874.0,Recibida
OC-000583,PR31,P0025,BOD-MDE,2025-11-05,2025-11-14,2025-11-14,343,14086.0,Recibida
OC-000584,PR02,P0031,BOD-MDE,2025-11-05,2025-11-11,2025-11-11,529,11098.0,Recibida
OC-000585,PR09,P0032,BOD-BOG,2025-11-05,2025-11-10,2025-11-10,418,9747.0,Recibida
OC-000586,PR02,P0046,BOD-BOG,2025-11-05,2025-11-11,2025-11-11,261,5113.0,Recibida
OC-000587,PR13,P0053,BOD-MDE,2025-11-05,2025-11-13,2025-11-13,254,17250.0,Recibida
OC-000588,PR38,P0055,BOD-BOG,2025-11-05,2025-11-10,2025-11-10,246,9642.0,Recibida
OC-000589,PR13,P0058,BOD-MDE,2025-11-05,2025-11-13,2025-11-13,330,19126.0,Recibida
OC-000590,PR22,P0070,BOD-BOG,2025-11-05,2025-11-12,2025-11-12,156,2265.0,Recibida
OC-000591,PR34,P0075,BOD-BOG,2025-11-05,2025-11-13,2025-11-13,370,14681.0,Recibida
OC-000592,PR34,P0075,BOD-MDE,2025-11-05,2025-11-13,2025-11-13,766,14681.0,Recibida
OC-000593,PR28,P0093,BOD-BOG,2025-11-05,2025-11-13,2025-11-13,914,4301.0,Recibida
OC-000594,PR32,P0094,BOD-MDE,2025-11-05,2025-11-14,2025-11-14,222,3103.0,Recibida
OC-000595,PR34,P0095,BOD-BOG,2025-11-05,2025-11-13,2025-11-13,242,7809.0,Recibida
OC-000596,PR04,P0111,BOD-BOG,2025-11-05,2025-11-10,2025-11-10,589,5355.0,Recibida
OC-000597,PR04,P0111,BOD-MDE,2025-11-05,2025-11-10,2025-11-10,566,5355.0,Recibida
OC-000598,PR16,P0112,BOD-BOG,2025-11-05,2025-11-13,2025-11-13,598,2375.0,Recibida
OC-000599,PR23,P0116,BOD-BOG,2025-11-05,2025-11-13,2025-11-13,104,9171.0,Recibida
OC-000600,PR04,P0117,BOD-BOG,2025-11-05,2025-11-10,2025-11-10,114,5350.0,Recibida
OC-000601,PR23,P0125,BOD-MDE,2025-11-05,2025-11-13,2025-11-13,196,1591.0,Recibida
OC-000602,PR04,P0135,BOD-MDE,2025-11-05,2025-11-10,2025-11-10,724,2807.0,Recibida
OC-000603,PR23,P0137,BOD-MDE,2025-11-05,2025-11-13,2025-11-13,118,1825.0,Recibida
OC-000604,PR04,P0141,BOD-MDE,2025-11-05,2025-11-10,2025-11-10,143,1553.0,Recibida
OC-000605,PR17,P0163,BOD-MDE,2025-11-05,2025-11-10,2025-11-10,346,11245.0,Recibida
OC-000606,PR05,P0166,BOD-MDE,2025-11-05,2025-11-11,2025-11-11,240,7958.0,Recibida
OC-000607,PR05,P0174,BOD-BOG,2025-11-05,2025-11-11,2025-11-11,62,4961.0,Recibida
OC-000608,PR19,P0195,BOD-BOG,2025-11-05,2025-11-11,2025-11-11,105,1135.0,Recibida
OC-000609,PR08,P0001,BOD-BOG,2025-11-06,2025-11-11,2025-11-11,373,29787.0,Recibida
OC-000610,PR29,P0004,BOD-MDE,2025-11-06,2025-11-13,2025-11-13,418,24606.0,Recibida
OC-000611,PR08,P0026,BOD-MDE,2025-11-06,2025-11-11,2025-11-11,48,20701.0,Recibida
OC-000612,PR02,P0031,BOD-BOG,2025-11-06,2025-11-12,2025-11-12,743,11098.0,Recibida
OC-000613,PR13,P0038,BOD-MDE,2025-11-06,2025-11-14,2025-11-14,100,4450.0,Recibida
OC-000614,PR02,P0061,BOD-BOG,2025-11-06,2025-11-12,2025-11-12,154,18938.0,Recibida
OC-000615,PR22,P0070,BOD-BOG,2025-11-06,2025-11-13,2025-11-13,156,2265.0,Recibida
OC-000616,PR15,P0079,BOD-MDE,2025-11-06,2025-11-15,2025-11-15,302,11170.0,Recibida
OC-000617,PR34,P0095,BOD-MDE,2025-11-06,2025-11-14,2025-11-14,419,7809.0,Recibida
OC-000618,PR32,P0104,BOD-MDE,2025-11-06,2025-11-15,2025-11-15,382,5314.0,Recibida
OC-000619,PR04,P0117,BOD-MDE,2025-11-06,2025-11-11,2025-11-11,375,5350.0,Recibida
OC-000620,PR23,P0119,BOD-MDE,2025-11-06,2025-11-14,2025-11-14,1739,11379.0,Recibida
OC-000621,PR23,P0128,BOD-BOG,2025-11-06,2025-11-14,2025-11-14,580,2754.0,Recibida
OC-000622,PR16,P0145,BOD-MDE,2025-11-06,2025-11-14,2025-11-14,982,4740.0,Recibida
OC-000623,PR17,P0147,BOD-MDE,2025-11-06,2025-11-11,2025-11-11,182,26930.0,Recibida
OC-000624,PR05,P0162,BOD-BOG,2025-11-06,2025-11-12,2025-11-12,1987,11842.0,Recibida
OC-000625,PR17,P0163,BOD-MDE,2025-11-06,2025-11-11,2025-11-11,527,11245.0,Recibida
OC-000626,PR07,P0180,BOD-MDE,2025-11-06,2025-11-14,2025-11-14,886,57524.0,Recibida
OC-000627,PR18,P0181,BOD-BOG,2025-11-06,2025-11-12,2025-11-12,126,60077.0,Recibida
OC-000628,PR37,P0193,BOD-MDE,2025-11-06,2025-11-11,2025-11-11,230,3046.0,Recibida
OC-000629,PR37,P0199,BOD-BOG,2025-11-06,2025-11-11,2025-11-11,89,1406.0,Recibida
OC-000630,PR29,P0004,BOD-MDE,2025-11-07,2025-11-14,2025-11-14,416,24606.0,Recibida
OC-000631,PR20,P0007,BOD-BOG,2025-11-07,2025-11-16,2025-11-16,253,50043.0,Recibida
OC-000632,PR31,P0030,BOD-BOG,2025-11-07,2025-11-16,2025-11-16,333,26843.0,Recibida
OC-000633,PR13,P0038,BOD-MDE,2025-11-07,2025-11-15,2025-11-15,100,4450.0,Recibida
OC-000634,PR09,P0042,BOD-MDE,2025-11-07,2025-11-12,2025-11-12,55,14864.0,Recibida
OC-000635,PR38,P0060,BOD-MDE,2025-11-07,2025-11-12,2025-11-12,109,3756.0,Recibida
OC-000636,PR22,P0070,BOD-MDE,2025-11-07,2025-11-14,2025-11-14,55,2265.0,Recibida
OC-000637,PR28,P0073,BOD-MDE,2025-11-07,2025-11-15,2025-11-15,610,2138.0,Recibida
OC-000638,PR11,P0078,BOD-MDE,2025-11-07,2025-11-14,2025-11-14,98,13444.0,Recibida
OC-000639,PR28,P0083,BOD-MDE,2025-11-07,2025-11-15,2025-11-15,510,5422.0,Recibida
OC-000640,PR28,P0093,BOD-MDE,2025-11-07,2025-11-15,2025-11-15,791,4301.0,Recibida
OC-000641,PR34,P0105,BOD-BOG,2025-11-07,2025-11-15,2025-11-15,668,3287.0,Recibida
OC-000642,PR11,P0108,BOD-BOG,2025-11-07,2025-11-14,2025-11-14,398,14342.0,Recibida
OC-000643,PR16,P0130,BOD-MDE,2025-11-07,2025-11-15,2025-11-15,266,2444.0,Recibida
OC-000644,PR04,P0141,BOD-BOG,2025-11-07,2025-11-12,2025-11-12,220,1553.0,Recibida
OC-000645,PR16,P0145,BOD-BOG,2025-11-07,2025-11-15,2025-11-15,764,4740.0,Recibida
OC-000646,PR35,P0164,BOD-MDE,2025-11-07,2025-11-14,2025-11-14,379,8160.0,Recibida
OC-000647,PR35,P0172,BOD-BOG,2025-11-07,2025-11-14,2025-11-14,920,11698.0,Recibida
OC-000648,PR18,P0177,BOD-BOG,2025-11-07,2025-11-13,2025-11-13,108,22806.0,Recibida
OC-000649,PR07,P0178,BOD-MDE,2025-11-07,2025-11-15,2025-11-15,167,16191.0,Recibida
OC-000650,PR07,P0188,BOD-BOG,2025-11-07,2025-11-15,2025-11-15,433,18030.0,Recibida
OC-000651,PR37,P0199,BOD-MDE,2025-11-07,2025-11-12,2025-11-12,150,1406.0,Recibida
OC-000652,PR29,P0009,BOD-BOG,2025-11-08,2025-11-15,2025-11-15,155,30798.0,Recibida
OC-000653,PR31,P0015,BOD-BOG,2025-11-08,2025-11-17,2025-11-17,66,12824.0,Recibida
OC-000654,PR25,P0023,BOD-MDE,2025-11-08,2025-11-15,2025-11-15,227,16043.0,Recibida
OC-000655,PR31,P0030,BOD-MDE,2025-11-08,2025-11-17,2025-11-17,392,26843.0,Recibida
OC-000656,PR38,P0035,BOD-BOG,2025-11-08,2025-11-13,2025-11-13,187,5150.0,Recibida
OC-000657,PR38,P0040,BOD-BOG,2025-11-08,2025-11-13,2025-11-13,396,16013.0,Recibida
OC-000658,PR13,P0043,BOD-BOG,2025-11-08,2025-11-16,2025-11-16,48,11218.0,Recibida
OC-000659,PR24,P0049,BOD-BOG,2025-11-08,2025-11-17,2025-11-17,62,3020.0,Recibida
OC-000660,PR13,P0053,BOD-BOG,2025-11-08,2025-11-16,2025-11-16,343,17250.0,Recibida
OC-000661,PR02,P0061,BOD-BOG,2025-11-08,2025-11-14,2025-11-14,238,18938.0,Recibida
OC-000662,PR03,P0076,BOD-BOG,2025-11-08,2025-11-17,2025-11-17,295,3939.0,Recibida
OC-000663,PR11,P0078,BOD-MDE,2025-11-08,2025-11-15,2025-11-15,98,13444.0,Recibida
OC-000664,PR10,P0087,BOD-MDE,2025-11-08,2025-11-16,2025-11-16,300,4229.0,Recibida
OC-000665,PR32,P0094,BOD-BOG,2025-11-08,2025-11-17,2025-11-17,62,3103.0,Recibida
OC-000666,PR03,P0106,BOD-BOG,2025-11-08,2025-11-17,2025-11-17,139,13141.0,Recibida
OC-000667,PR16,P0118,BOD-MDE,2025-11-08,2025-11-16,2025-11-16,478,9452.0,Recibida
OC-000668,PR04,P0120,BOD-BOG,2025-11-08,2025-11-13,2025-11-13,138,5307.0,Recibida
OC-000669,PR23,P0128,BOD-MDE,2025-11-08,2025-11-16,2025-11-16,834,2754.0,Recibida
OC-000670,PR23,P0131,BOD-MDE,2025-11-08,2025-11-16,2025-11-16,280,1547.0,Recibida
OC-000671,PR17,P0155,BOD-BOG,2025-11-08,2025-11-13,2025-11-13,531,7933.0,Recibida
OC-000672,PR17,P0163,BOD-BOG,2025-11-08,2025-11-13,2025-11-13,360,11245.0,Recibida
OC-000673,PR18,P0177,BOD-BOG,2025-11-08,2025-11-14,2025-11-14,108,22806.0,Recibida
OC-000674,PR07,P0178,BOD-MDE,2025-11-08,2025-11-16,2025-11-16,175,16191.0,Recibida
OC-000675,PR07,P0184,BOD-BOG,2025-11-08,2025-11-16,2025-11-16,55,11641.0,Recibida
OC-000676,PR07,P0186,BOD-MDE,2025-11-08,2025-11-16,2025-11-16,258,19355.0,Recibida
OC-000677,PR31,P0015,BOD-BOG,2025-11-09,2025-11-18,2025-11-18,66,12824.0,Recibida
OC-000678,PR31,P0030,BOD-MDE,2025-11-09,2025-11-18,2025-11-18,392,26843.0,Recibida
OC-000679,PR09,P0047,BOD-BOG,2025-11-09,2025-11-14,2025-11-14,251,6316.0,Recibida
OC-000680,PR09,P0057,BOD-BOG,2025-11-09,2025-11-14,2025-11-14,262,13297.0,Recibida
OC-000681,PR13,P0063,BOD-BOG,2025-11-09,2025-11-17,2025-11-17,90,3215.0,Recibida
OC-000682,PR32,P0094,BOD-BOG,2025-11-09,2025-11-18,2025-11-18,62,3103.0,Recibida
OC-000683,PR23,P0113,BOD-MDE,2025-11-09,2025-11-17,2025-11-17,632,11897.0,Recibida
OC-000684,PR05,P0154,BOD-BOG,2025-11-09,2025-11-15,2025-11-15,159,11919.0,Recibida
OC-000685,PR17,P0159,BOD-MDE,2025-11-09,2025-11-14,2025-11-14,422,12825.0,Recibida
OC-000686,PR27,P0072,BOD-MDE,2025-11-10,2025-11-15,2025-11-15,134,4449.0,Recibida
OC-000687,PR15,P0109,BOD-BOG,2025-11-10,2025-11-19,2025-11-19,74,19957.0,Recibida
OC-000688,PR16,P0136,BOD-BOG,2025-11-10,2025-11-18,2025-11-18,156,8586.0,Recibida
OC-000689,PR05,P0154,BOD-BOG,2025-11-10,2025-11-16,2025-11-16,159,11919.0,Recibida
OC-000690,PR17,P0167,BOD-MDE,2025-11-10,2025-11-15,2025-11-15,549,12771.0,Recibida
OC-000691,PR35,P0172,BOD-MDE,2025-11-10,2025-11-17,2025-11-17,636,11698.0,Recibida
OC-000692,PR40,P0173,BOD-BOG,2025-11-10,2025-11-16,2025-11-16,327,8620.0,Recibida
OC-000693,PR07,P0178,BOD-MDE,2025-11-10,2025-11-18,2025-11-18,307,16191.0,Recibida
OC-000694,PR18,P0189,BOD-MDE,2025-11-10,2025-11-16,2025-11-16,280,14999.0,Recibida
OC-000695,PR07,P0190,BOD-MDE,2025-11-10,2025-11-18,2025-11-18,199,39616.0,Recibida
OC-000696,PR06,P0200,BOD-MDE,2025-11-10,2025-11-15,2025-11-15,381,4643.0,Recibida
OC-000697,PR08,P0001,BOD-MDE,2025-11-11,2025-11-16,2025-11-16,468,29787.0,Recibida
OC-000698,PR25,P0008,BOD-MDE,2025-11-11,2025-11-18,2025-11-18,508,24078.0,Recibida
OC-000699,PR08,P0011,BOD-BOG,2025-11-11,2025-11-16,2025-11-16,792,14718.0,Recibida
OC-000700,PR20,P0017,BOD-BOG,2025-11-11,2025-11-20,2025-11-20,460,19437.0,Recibida
OC-000701,PR29,P0024,BOD-MDE,2025-11-11,2025-11-18,2025-11-18,148,57138.0,Recibida
OC-000702,PR20,P0027,BOD-MDE,2025-11-11,2025-11-20,2025-11-20,566,27131.0,Recibida
OC-000703,PR31,P0030,BOD-BOG,2025-11-11,2025-11-20,2025-11-20,626,26843.0,Recibida
OC-000704,PR31,P0030,BOD-MDE,2025-11-11,2025-11-20,2025-11-20,495,26843.0,Recibida
OC-000705,PR13,P0033,BOD-MDE,2025-11-11,2025-11-19,2025-11-19,455,6084.0,Recibida
OC-000706,PR38,P0040,BOD-BOG,2025-11-11,2025-11-16,2025-11-16,629,16013.0,Recibida
OC-000707,PR02,P0041,BOD-BOG,2025-11-11,2025-11-17,2025-11-17,110,3586.0,Recibida
OC-000708,PR13,P0043,BOD-BOG,2025-11-11,2025-11-19,2025-11-19,48,11218.0,Recibida
OC-000709,PR09,P0047,BOD-MDE,2025-11-11,2025-11-16,2025-11-16,591,6316.0,Recibida
OC-000710,PR24,P0049,BOD-MDE,2025-11-11,2025-11-20,2025-11-20,43,3020.0,Recibida
OC-000711,PR38,P0055,BOD-MDE,2025-11-11,2025-11-16,2025-11-16,428,9642.0,Recibida
OC-000712,PR32,P0074,BOD-BOG,2025-11-11,2025-11-20,2025-11-20,399,16542.0,Recibida
OC-000713,PR22,P0080,BOD-BOG,2025-11-11,2025-11-18,2025-11-18,50,5959.0,Recibida
OC-000714,PR10,P0087,BOD-BOG,2025-11-11,2025-11-19,2025-11-19,359,4229.0,Recibida
OC-000715,PR15,P0099,BOD-BOG,2025-11-11,2025-11-20,2025-11-20,816,3075.0,Recibida
OC-000716,PR15,P0109,BOD-MDE,2025-11-11,2025-11-20,2025-11-20,109,19957.0,Recibida
OC-000717,PR16,P0136,BOD-BOG,2025-11-11,2025-11-19,2025-11-19,156,8586.0,Recibida
OC-000718,PR16,P0139,BOD-MDE,2025-11-11,2025-11-19,2025-11-19,281,7005.0,Recibida
OC-000719,PR04,P0141,BOD-BOG,2025-11-11,2025-11-16,2025-11-16,288,1553.0,Recibida
OC-000720,PR04,P0141,BOD-MDE,2025-11-11,2025-11-16,2025-11-16,213,1553.0,Recibida
OC-000721,PR05,P0150,BOD-BOG,2025-11-11,2025-11-17,2025-11-17,159,4838.0,Recibida
OC-000722,PR40,P0153,BOD-MDE,2025-11-11,2025-11-17,2025-11-17,987,23349.0,Recibida
OC-000723,PR17,P0155,BOD-MDE,2025-11-11,2025-11-16,2025-11-16,857,7933.0,Recibida
OC-000724,PR40,P0161,BOD-MDE,2025-11-11,2025-11-17,2025-11-17,183,22940.0,Recibida
OC-000725,PR17,P0171,BOD-BOG,2025-11-11,2025-11-16,2025-11-16,133,5235.0,Recibida
OC-000726,PR18,P0179,BOD-BOG,2025-11-11,2025-11-17,2025-11-17,428,14870.0,Recibida
OC-000727,PR18,P0189,BOD-MDE,2025-11-11,2025-11-17,2025-11-17,280,14999.0,Recibida
OC-000728,PR06,P0194,BOD-MDE,2025-11-11,2025-11-16,2025-11-16,116,12333.0,Recibida
OC-000729,PR25,P0008,BOD-BOG,2025-11-12,2025-11-19,2025-11-19,407,24078.0,Recibida
OC-000730,PR29,P0024,BOD-MDE,2025-11-12,2025-11-19,2025-11-19,148,57138.0,Recibida
OC-000731,PR31,P0025,BOD-BOG,2025-11-12,2025-11-21,2025-11-21,402,14086.0,Recibida
OC-000732,PR25,P0028,BOD-MDE,2025-11-12,2025-11-19,2025-11-19,440,16439.0,Recibida
OC-000733,PR29,P0029,BOD-MDE,2025-11-12,2025-11-19,2025-11-19,92,21571.0,Recibida
OC-000734,PR38,P0035,BOD-BOG,2025-11-12,2025-11-17,2025-11-17,329,5150.0,Recibida
OC-000735,PR02,P0041,BOD-MDE,2025-11-12,2025-11-18,2025-11-18,264,3586.0,Recibida
OC-000736,PR13,P0048,BOD-MDE,2025-11-12,2025-11-20,2025-11-20,279,21115.0,Recibida
OC-000737,PR10,P0077,BOD-BOG,2025-11-12,2025-11-20,2025-11-20,83,3905.0,Recibida
OC-000738,PR34,P0095,BOD-BOG,2025-11-12,2025-11-20,2025-11-20,370,7809.0,Recibida
OC-000739,PR10,P0097,BOD-MDE,2025-11-12,2025-11-20,2025-11-20,818,4335.0,Recibida
OC-000740,PR10,P0107,BOD-BOG,2025-11-12,2025-11-20,2025-11-20,654,4161.0,Recibida
OC-000741,PR04,P0114,BOD-BOG,2025-11-12,2025-11-17,2025-11-17,626,1958.0,Recibida
OC-000742,PR23,P0119,BOD-BOG,2025-11-12,2025-11-20,2025-11-20,1129,11379.0,Recibida
OC-000743,PR04,P0126,BOD-BOG,2025-11-12,2025-11-17,2025-11-17,249,10346.0,Recibida
OC-000744,PR35,P0148,BOD-MDE,2025-11-12,2025-11-19,2025-11-19,250,6201.0,Recibida
OC-000745,PR17,P0151,BOD-MDE,2025-11-12,2025-11-17,2025-11-17,290,24705.0,Recibida
OC-000746,PR40,P0169,BOD-MDE,2025-11-12,2025-11-18,2025-11-18,239,9733.0,Recibida
OC-000747,PR18,P0179,BOD-MDE,2025-11-12,2025-11-18,2025-11-18,401,14870.0,Recibida
OC-000748,PR07,P0182,BOD-BOG,2025-11-12,2025-11-20,2025-11-20,90,11500.0,Recibida
OC-000749,PR20,P0002,BOD-MDE,2025-11-13,2025-11-22,2025-11-22,1001,13565.0,Recibida
OC-000750,PR25,P0008,BOD-BOG,2025-11-13,2025-11-20,2025-11-20,399,24078.0,Recibida
OC-000751,PR31,P0010,BOD-BOG,2025-11-13,2025-11-22,2025-11-22,237,8552.0,Recibida
OC-000752,PR29,P0019,BOD-MDE,2025-11-13,2025-11-20,2025-11-20,217,8807.0,Recibida
OC-000753,PR25,P0023,BOD-MDE,2025-11-13,2025-11-20,2025-11-20,230,16043.0,Recibida
OC-000754,PR09,P0032,BOD-MDE,2025-11-13,2025-11-18,2025-11-18,517,9747.0,Recibida
OC-000755,PR24,P0044,BOD-BOG,2025-11-13,2025-11-22,2025-11-22,226,4548.0,Recibida
OC-000756,PR24,P0059,BOD-MDE,2025-11-13,2025-11-22,2025-11-22,92,3614.0,Recibida
OC-000757,PR38,P0060,BOD-MDE,2025-11-13,2025-11-18,2025-11-18,177,3756.0,Recibida
OC-000758,PR03,P0076,BOD-MDE,2025-11-13,2025-11-22,2025-11-22,270,3939.0,Recibida
OC-000759,PR16,P0124,BOD-BOG,2025-11-13,2025-11-21,2025-11-21,122,7041.0,Recibida
OC-000760,PR16,P0130,BOD-MDE,2025-11-13,2025-11-21,2025-11-21,385,2444.0,Recibida
OC-000761,PR23,P0137,BOD-MDE,2025-11-13,2025-11-21,2025-11-21,154,1825.0,Recibida
OC-000762,PR35,P0148,BOD-MDE,2025-11-13,2025-11-20,2025-11-20,250,6201.0,Recibida
OC-000763,PR40,P0157,BOD-BOG,2025-11-13,2025-11-19,2025-11-19,1459,22365.0,Recibida
OC-000764,PR05,P0162,BOD-MDE,2025-11-13,2025-11-19,2025-11-19,1604,11842.0,Recibida
OC-000765,PR17,P0171,BOD-MDE,2025-11-13,2025-11-18,2025-11-18,106,5235.0,Recibida
OC-000766,PR25,P0013,BOD-MDE,2025-11-14,2025-11-21,2025-11-21,373,42703.0,Recibida
OC-000767,PR08,P0021,BOD-MDE,2025-11-14,2025-11-19,2025-11-19,1623,16581.0,Recibida
OC-000768,PR20,P0022,BOD-MDE,2025-11-14,2025-11-23,2025-11-23,564,22348.0,Recibida
OC-000769,PR29,P0024,BOD-BOG,2025-11-14,2025-11-21,2025-11-21,226,57138.0,Recibida
OC-000770,PR08,P0026,BOD-MDE,2025-11-14,2025-11-19,2025-11-19,92,20701.0,Recibida
OC-000771,PR38,P0035,BOD-MDE,2025-11-14,2025-11-19,2025-11-19,285,5150.0,Recibida
OC-000772,PR13,P0038,BOD-MDE,2025-11-14,2025-11-22,2025-11-22,121,4450.0,Recibida
OC-000773,PR24,P0049,BOD-BOG,2025-11-14,2025-11-23,2025-11-23,79,3020.0,Recibida
OC-000774,PR24,P0049,BOD-MDE,2025-11-14,2025-11-23,2025-11-23,88,3020.0,Recibida
OC-000775,PR09,P0057,BOD-MDE,2025-11-14,2025-11-19,2025-11-19,454,13297.0,Recibida
OC-000776,PR38,P0060,BOD-MDE,2025-11-14,2025-11-19,2025-11-19,238,3756.0,Recibida
OC-000777,PR26,P0071,BOD-BOG,2025-11-14,2025-11-22,2025-11-22,136,13622.0,Recibida
OC-000778,PR26,P0081,BOD-BOG,2025-11-14,2025-11-22,2025-11-22,38,19742.0,Recibida
OC-000779,PR32,P0084,BOD-BOG,2025-11-14,2025-11-23,2025-11-23,646,3933.0,Recibida
OC-000780,PR34,P0085,BOD-BOG,2025-11-14,2025-11-22,2025-11-22,519,9344.0,Recibida
OC-000781,PR26,P0091,BOD-BOG,2025-11-14,2025-11-22,2025-11-22,181,4368.0,Recibida
OC-000782,PR27,P0092,BOD-MDE,2025-11-14,2025-11-19,2025-11-19,372,8493.0,Recibida
OC-000783,PR11,P0098,BOD-BOG,2025-11-14,2025-11-21,2025-11-21,468,9825.0,Recibida
OC-000784,PR32,P0104,BOD-BOG,2025-11-14,2025-11-23,2025-11-23,205,5314.0,Recibida
OC-000785,PR23,P0113,BOD-BOG,2025-11-14,2025-11-22,2025-11-22,328,11897.0,Recibida
OC-000786,PR04,P0123,BOD-MDE,2025-11-14,2025-11-19,2025-11-19,112,3906.0,Recibida
OC-000787,PR04,P0126,BOD-MDE,2025-11-14,2025-11-19,2025-11-19,196,10346.0,Recibida
OC-000788,PR04,P0129,BOD-MDE,2025-11-14,2025-11-19,2025-11-19,130,1932.0,Recibida
OC-000789,PR23,P0131,BOD-MDE,2025-11-14,2025-11-22,2025-11-22,539,1547.0,Recibida
OC-000790,PR16,P0142,BOD-MDE,2025-11-14,2025-11-22,2025-11-22,732,10643.0,Recibida
OC-000791,PR17,P0151,BOD-BOG,2025-11-14,2025-11-19,2025-11-19,96,24705.0,Recibida
OC-000792,PR35,P0152,BOD-BOG,2025-11-14,2025-11-21,2025-11-21,121,25311.0,Recibida
OC-000793,PR40,P0157,BOD-MDE,2025-11-14,2025-11-20,2025-11-20,1861,22365.0,Recibida
OC-000794,PR40,P0169,BOD-BOG,2025-11-14,2025-11-20,2025-11-20,152,9733.0,Recibida
OC-000795,PR17,P0171,BOD-MDE,2025-11-14,2025-11-19,2025-11-19,150,5235.0,Recibida
OC-000796,PR18,P0187,BOD-MDE,2025-11-14,2025-11-20,2025-11-20,217,13657.0,Recibida
OC-000797,PR37,P0196,BOD-MDE,2025-11-14,2025-11-19,2025-11-19,12,1123.0,Recibida
OC-000798,PR20,P0012,BOD-MDE,2025-11-15,2025-11-24,2025-11-24,19,11829.0,Recibida
OC-000799,PR25,P0013,BOD-MDE,2025-11-15,2025-11-22,2025-11-22,378,42703.0,Recibida
OC-000800,PR25,P0018,BOD-MDE,2025-11-15,2025-11-22,2025-11-22,122,14874.0,Recibida
OC-000801,PR29,P0024,BOD-BOG,2025-11-15,2025-11-22,2025-11-22,226,57138.0,Recibida
OC-000802,PR09,P0042,BOD-BOG,2025-11-15,2025-11-20,2025-11-20,134,14864.0,Recibida
OC-000803,PR38,P0045,BOD-BOG,2025-11-15,2025-11-20,2025-11-20,87,3888.0,Recibida
OC-000804,PR24,P0049,BOD-MDE,2025-11-15,2025-11-24,2025-11-24,138,3020.0,Recibida
OC-000805,PR03,P0066,BOD-MDE,2025-11-15,2025-11-24,2025-11-24,282,16699.0,Recibida
OC-000806,PR26,P0071,BOD-BOG,2025-11-15,2025-11-23,2025-11-23,136,13622.0,Recibida
OC-000807,PR03,P0096,BOD-BOG,2025-11-15,2025-11-24,2025-11-24,148,17826.0,Recibida
OC-000808,PR10,P0097,BOD-BOG,2025-11-15,2025-11-23,2025-11-23,562,4335.0,Recibida
OC-000809,PR10,P0107,BOD-MDE,2025-11-15,2025-11-23,2025-11-23,524,4161.0,Recibida
OC-000810,PR23,P0113,BOD-BOG,2025-11-15,2025-11-23,2025-11-23,328,11897.0,Recibida
OC-000811,PR04,P0132,BOD-MDE,2025-11-15,2025-11-20,2025-11-20,144,3138.0,Recibida
OC-000812,PR17,P0151,BOD-BOG,2025-11-15,2025-11-20,2025-11-20,96,24705.0,Recibida
OC-000813,PR40,P0169,BOD-BOG,2025-11-15,2025-11-21,2025-11-21,152,9733.0,Recibida
OC-000814,PR08,P0006,BOD-BOG,2025-11-16,2025-11-21,2025-11-21,379,9697.0,Recibida
OC-000815,PR02,P0041,BOD-BOG,2025-11-16,2025-11-22,2025-11-22,276,3586.0,Recibida
OC-000816,PR13,P0053,BOD-BOG,2025-11-16,2025-11-24,2025-11-24,485,17250.0,Recibida
OC-000817,PR03,P0086,BOD-BOG,2025-11-16,2025-11-25,2025-11-25,94,4726.0,Recibida
OC-000818,PR34,P0095,BOD-MDE,2025-11-16,2025-11-24,2025-11-24,547,7809.0,Recibida
OC-000819,PR11,P0098,BOD-MDE,2025-11-16,2025-11-23,2025-11-23,568,9825.0,Recibida
OC-000820,PR32,P0104,BOD-BOG,2025-11-16,2025-11-25,2025-11-25,202,5314.0,Recibida
OC-000821,PR04,P0132,BOD-MDE,2025-11-16,2025-11-21,2025-11-21,144,3138.0,Recibida
OC-000822,PR02,P0041,BOD-BOG,2025-11-17,2025-11-23,2025-11-23,276,3586.0,Recibida
OC-000823,PR13,P0043,BOD-MDE,2025-11-17,2025-11-25,2025-11-25,132,11218.0,Recibida
OC-000824,PR02,P0051,BOD-BOG,2025-11-17,2025-11-23,2025-11-23,239,16060.0,Recibida
OC-000825,PR22,P0070,BOD-MDE,2025-11-17,2025-11-24,2025-11-24,58,2265.0,Recibida
OC-000826,PR34,P0075,BOD-BOG,2025-11-17,2025-11-25,2025-11-25,463,14681.0,Recibida
OC-000827,PR16,P0121,BOD-MDE,2025-11-17,2025-11-25,2025-11-25,301,1976.0,Recibida
OC-000828,PR40,P0161,BOD-MDE,2025-11-17,2025-11-23,2025-11-23,335,22940.0,Recibida
OC-000829,PR18,P0181,BOD-BOG,2025-11-17,2025-11-23,2025-11-23,179,60077.0,Recibida
OC-000830,PR29,P0009,BOD-MDE,2025-11-18,2025-11-25,2025-11-25,68,30798.0,Recibida
OC-000831,PR31,P0025,BOD-MDE,2025-11-18,2025-11-27,2025-11-27,538,14086.0,Recibida
OC-000832,PR13,P0043,BOD-MDE,2025-11-18,2025-11-26,2025-11-26,132,11218.0,Recibida
OC-000833,PR11,P0068,BOD-BOG,2025-11-18,2025-11-25,2025-11-25,36,4352.0,Recibida
OC-000834,PR11,P0098,BOD-MDE,2025-11-18,2025-11-25,2025-11-25,822,9825.0,Recibida
OC-000835,PR19,P0192,BOD-MDE,2025-11-18,2025-11-24,2025-11-24,14,7769.0,Recibida
OC-000836,PR08,P0011,BOD-MDE,2025-11-19,2025-11-24,2025-11-24,1127,14718.0,Recibida
OC-000837,PR25,P0023,BOD-BOG,2025-11-19,2025-11-26,2025-11-26,272,16043.0,Recibida
OC-000838,PR09,P0042,BOD-BOG,2025-11-19,2025-11-24,2025-11-24,145,14864.0,Recibida
OC-000839,PR02,P0046,BOD-BOG,2025-11-19,2025-11-25,2025-11-25,375,5113.0,Recibida
OC-000840,PR09,P0052,BOD-MDE,2025-11-19,2025-11-24,2025-11-24,494,7105.0,Recibida
OC-000841,PR13,P0063,BOD-BOG,2025-11-19,2025-11-27,2025-11-27,137,3215.0,Recibida
OC-000842,PR11,P0068,BOD-BOG,2025-11-19,2025-11-26,2025-11-26,36,4352.0,Recibida
OC-000843,PR22,P0070,BOD-MDE,2025-11-19,2025-11-26,2025-11-26,111,2265.0,Recibida
OC-000844,PR03,P0076,BOD-MDE,2025-11-19,2025-11-28,2025-11-28,357,3939.0,Recibida
OC-000845,PR22,P0080,BOD-BOG,2025-11-19,2025-11-26,2025-11-26,190,5959.0,Recibida
OC-000846,PR34,P0095,BOD-BOG,2025-11-19,2025-11-27,2025-11-27,564,7809.0,Recibida
OC-000847,PR10,P0107,BOD-BOG,2025-11-19,2025-11-27,2025-11-27,917,4161.0,Recibida
OC-000848,PR04,P0129,BOD-MDE,2025-11-19,2025-11-24,2025-11-24,152,1932.0,Recibida
OC-000849,PR05,P0146,BOD-BOG,2025-11-19,2025-11-25,2025-11-25,304,17838.0,Recibida
OC-000850,PR35,P0156,BOD-MDE,2025-11-19,2025-11-26,2025-11-26,146,27314.0,Recibida
OC-000851,PR17,P0175,BOD-MDE,2025-11-19,2025-11-24,2025-11-24,779,5823.0,Recibida
OC-000852,PR18,P0177,BOD-MDE,2025-11-19,2025-11-25,2025-11-25,429,22806.0,Recibida
OC-000853,PR37,P0193,BOD-BOG,2025-11-19,2025-11-24,2025-11-24,355,3046.0,Recibida
OC-000854,PR06,P0194,BOD-MDE,2025-11-19,2025-11-24,2025-11-24,168,12333.0,Recibida
OC-000855,PR08,P0006,BOD-MDE,2025-11-20,2025-11-25,2025-11-25,498,9697.0,Recibida
OC-000856,PR20,P0017,BOD-BOG,2025-11-20,2025-11-29,2025-11-29,601,19437.0,Recibida
OC-000857,PR20,P0022,BOD-BOG,2025-11-20,2025-11-29,2025-11-29,417,22348.0,Recibida
OC-000858,PR02,P0031,BOD-MDE,2025-11-20,2025-11-26,2025-11-26,760,11098.0,Recibida
OC-000859,PR24,P0044,BOD-MDE,2025-11-20,2025-11-29,2025-11-29,150,4548.0,Recibida
OC-000860,PR38,P0055,BOD-BOG,2025-11-20,2025-11-25,2025-11-25,368,9642.0,Recibida
OC-000861,PR38,P0055,BOD-MDE,2025-11-20,2025-11-25,2025-11-25,488,9642.0,Recibida
OC-000862,PR03,P0066,BOD-BOG,2025-11-20,2025-11-29,2025-11-29,245,16699.0,Recibida
OC-000863,PR22,P0080,BOD-BOG,2025-11-20,2025-11-27,2025-11-27,190,5959.0,Recibida
OC-000864,PR26,P0081,BOD-BOG,2025-11-20,2025-11-28,2025-11-28,84,19742.0,Recibida
OC-000865,PR26,P0081,BOD-MDE,2025-11-20,2025-11-28,2025-11-28,24,19742.0,Recibida
OC-000866,PR28,P0083,BOD-MDE,2025-11-20,2025-11-28,2025-11-28,801,5422.0,Recibida
OC-000867,PR22,P0110,BOD-BOG,2025-11-20,2025-11-27,2025-11-27,209,9655.0,Recibida
OC-000868,PR04,P0114,BOD-BOG,2025-11-20,2025-11-25,2025-11-25,565,1958.0,Recibida
OC-000869,PR16,P0115,BOD-MDE,2025-11-20,2025-11-28,2025-11-28,52,4064.0,Recibida
OC-000870,PR16,P0118,BOD-MDE,2025-11-20,2025-11-28,2025-11-28,617,9452.0,Recibida
OC-000871,PR05,P0146,BOD-BOG,2025-11-20,2025-11-26,2025-11-26,304,17838.0,Recibida
OC-000872,PR40,P0153,BOD-BOG,2025-11-20,2025-11-26,2025-11-26,232,23349.0,Recibida
OC-000873,PR35,P0156,BOD-MDE,2025-11-20,2025-11-27,2025-11-27,146,27314.0,Recibida
OC-000874,PR40,P0161,BOD-MDE,2025-11-20,2025-11-26,2025-11-26,427,22940.0,Recibida
OC-000875,PR35,P0168,BOD-MDE,2025-11-20,2025-11-27,2025-11-27,633,10804.0,Recibida
OC-000876,PR07,P0190,BOD-MDE,2025-11-20,2025-11-28,2025-11-28,271,39616.0,Recibida
OC-000877,PR06,P0191,BOD-BOG,2025-11-20,2025-11-25,2025-11-25,272,4995.0,Recibida
OC-000878,PR08,P0006,BOD-MDE,2025-11-21,2025-11-26,2025-11-26,498,9697.0,Recibida
OC-000879,PR25,P0018,BOD-MDE,2025-11-21,2025-11-28,2025-11-28,208,14874.0,Recibida
OC-000880,PR24,P0044,BOD-MDE,2025-11-21,2025-11-30,2025-11-30,239,4548.0,Recibida
OC-000881,PR38,P0045,BOD-MDE,2025-11-21,2025-11-26,2025-11-26,264,3888.0,Recibida
OC-000882,PR38,P0065,BOD-MDE,2025-11-21,2025-11-26,2025-11-26,151,13263.0,Recibida
OC-000883,PR27,P0072,BOD-BOG,2025-11-21,2025-11-26,2025-11-26,142,4449.0,Recibida
OC-000884,PR04,P0135,BOD-BOG,2025-11-21,2025-11-26,2025-11-26,820,2807.0,Recibida
OC-000885,PR23,P0137,BOD-BOG,2025-11-21,2025-11-29,2025-11-29,204,1825.0,Recibida
OC-000886,PR16,P0142,BOD-MDE,2025-11-21,2025-11-29,2025-11-29,1067,10643.0,Recibida
OC-000887,PR17,P0163,BOD-MDE,2025-11-21,2025-11-26,2025-11-26,668,11245.0,Recibida
OC-000888,PR08,P0001,BOD-BOG,2025-11-22,2025-11-27,2025-11-27,504,29787.0,Recibida
OC-000889,PR31,P0005,BOD-MDE,2025-11-22,2025-12-01,2025-12-01,112,26695.0,Recibida
OC-000890,PR29,P0009,BOD-MDE,2025-11-22,2025-11-29,2025-11-29,103,30798.0,Recibida
OC-000891,PR31,P0015,BOD-MDE,2025-11-22,2025-12-01,2025-12-01,58,12824.0,Recibida
OC-000892,PR08,P0026,BOD-MDE,2025-11-22,2025-11-27,2025-11-27,111,20701.0,Recibida
OC-000893,PR20,P0027,BOD-MDE,2025-11-22,2025-12-01,2025-12-01,687,27131.0,Recibida
OC-000894,PR02,P0036,BOD-BOG,2025-11-22,2025-11-28,2025-11-28,432,9996.0,Recibida
OC-000895,PR38,P0045,BOD-BOG,2025-11-22,2025-11-27,2025-11-27,122,3888.0,Recibida
OC-000896,PR27,P0072,BOD-BOG,2025-11-22,2025-11-27,2025-11-27,142,4449.0,Recibida
OC-000897,PR27,P0082,BOD-BOG,2025-11-22,2025-11-27,2025-11-27,540,8158.0,Recibida
OC-000898,PR04,P0129,BOD-BOG,2025-11-22,2025-11-27,2025-11-27,42,1932.0,Recibida
OC-000899,PR16,P0136,BOD-MDE,2025-11-22,2025-11-30,2025-11-30,86,8586.0,Recibida
OC-000900,PR16,P0139,BOD-BOG,2025-11-22,2025-11-30,2025-11-30,271,7005.0,Recibida
OC-000901,PR17,P0151,BOD-BOG,2025-11-22,2025-11-27,2025-11-27,128,24705.0,Recibida
OC-000902,PR03,P0106,BOD-MDE,2025-11-23,2025-12-02,2025-12-02,229,13141.0,Recibida
OC-000903,PR15,P0109,BOD-MDE,2025-11-23,2025-12-02,2025-12-02,108,19957.0,Recibida
OC-000904,PR35,P0156,BOD-BOG,2025-11-23,2025-11-30,2025-11-30,152,27314.0,Recibida
OC-000905,PR17,P0167,BOD-MDE,2025-11-23,2025-11-28,2025-11-28,827,12771.0,Recibida
OC-000906,PR35,P0172,BOD-BOG,2025-11-23,2025-11-30,2025-11-30,1089,11698.0,Recibida
OC-000907,PR03,P0106,BOD-BOG,2025-11-24,2025-12-03,2025-12-03,156,13141.0,Recibida
OC-000908,PR35,P0156,BOD-BOG,2025-11-24,2025-12-01,2025-12-01,152,27314.0,Recibida
OC-000909,PR40,P0161,BOD-BOG,2025-11-24,2025-11-30,2025-11-30,244,22940.0,Recibida
OC-000910,PR20,P0007,BOD-BOG,2025-11-25,2025-12-04,2025-12-04,301,50043.0,Recibida
OC-000911,PR29,P0009,BOD-BOG,2025-11-25,2025-12-02,2025-12-02,295,30798.0,Recibida
OC-000912,PR20,P0012,BOD-MDE,2025-11-25,2025-12-04,2025-12-04,34,11829.0,Recibida
OC-000913,PR31,P0015,BOD-MDE,2025-11-25,2025-12-04,2025-12-04,136,12824.0,Recibida
OC-000914,PR25,P0018,BOD-BOG,2025-11-25,2025-12-02,2025-12-02,210,14874.0,Recibida
OC-000915,PR08,P0021,BOD-BOG,2025-11-25,2025-11-30,2025-11-30,1019,16581.0,Recibida
OC-000916,PR31,P0030,BOD-BOG,2025-11-25,2025-12-04,2025-12-04,600,26843.0,Recibida
OC-000917,PR24,P0034,BOD-BOG,2025-11-25,2025-12-04,2025-12-04,562,4881.0,Recibida
OC-000918,PR38,P0060,BOD-BOG,2025-11-25,2025-11-30,2025-11-30,302,3756.0,Recibida
OC-000919,PR11,P0068,BOD-MDE,2025-11-25,2025-12-02,2025-12-02,34,4352.0,Recibida
OC-000920,PR26,P0081,BOD-MDE,2025-11-25,2025-12-03,2025-12-03,34,19742.0,Recibida
OC-000921,PR32,P0094,BOD-BOG,2025-11-25,2025-12-04,2025-12-04,74,3103.0,Recibida
OC-000922,PR27,P0102,BOD-BOG,2025-11-25,2025-11-30,2025-11-30,61,4473.0,Recibida
OC-000923,PR11,P0108,BOD-MDE,2025-11-25,2025-12-02,2025-12-02,220,14342.0,Recibida
OC-000924,PR23,P0125,BOD-BOG,2025-11-25,2025-12-03,2025-12-03,264,1591.0,Recibida
OC-000925,PR16,P0127,BOD-MDE,2025-11-25,2025-12-03,2025-12-03,76,4280.0,Recibida
OC-000926,PR23,P0134,BOD-BOG,2025-11-25,2025-12-03,2025-12-03,461,11915.0,Recibida
OC-000927,PR04,P0138,BOD-BOG,2025-11-25,2025-11-30,2025-11-30,386,1537.0,Recibida
OC-000928,PR16,P0145,BOD-BOG,2025-11-25,2025-12-03,2025-12-03,997,4740.0,Recibida
OC-000929,PR05,P0150,BOD-MDE,2025-11-25,2025-12-01,2025-12-01,170,4838.0,Recibida
OC-000930,PR40,P0153,BOD-BOG,2025-11-25,2025-12-01,2025-12-01,289,23349.0,Recibida
OC-000931,PR05,P0154,BOD-BOG,2025-11-25,2025-12-01,2025-12-01,307,11919.0,Recibida
OC-000932,PR40,P0173,BOD-BOG,2025-11-25,2025-12-01,2025-12-01,364,8620.0,Recibida
OC-000933,PR05,P0174,BOD-BOG,2025-11-25,2025-12-01,2025-12-01,122,4961.0,Recibida
OC-000934,PR18,P0189,BOD-MDE,2025-11-25,2025-12-01,2025-12-01,366,14999.0,Recibida
OC-000935,PR31,P0015,BOD-MDE,2025-11-26,2025-12-05,2025-12-05,136,12824.0,Recibida
OC-000936,PR25,P0018,BOD-BOG,2025-11-26,2025-12-03,2025-12-03,210,14874.0,Recibida
OC-000937,PR25,P0023,BOD-MDE,2025-11-26,2025-12-03,2025-12-03,359,16043.0,Recibida
OC-000938,PR02,P0041,BOD-MDE,2025-11-26,2025-12-02,2025-12-02,264,3586.0,Recibida
OC-000939,PR02,P0046,BOD-MDE,2025-11-26,2025-12-02,2025-12-02,349,5113.0,Recibida
OC-000940,PR38,P0050,BOD-MDE,2025-11-26,2025-12-01,2025-12-01,116,17957.0,Recibida
OC-000941,PR09,P0062,BOD-MDE,2025-11-26,2025-12-01,2025-12-01,136,8633.0,Recibida
OC-000942,PR10,P0067,BOD-MDE,2025-11-26,2025-12-04,2025-12-04,701,15535.0,Recibida
OC-000943,PR26,P0091,BOD-MDE,2025-11-26,2025-12-04,2025-12-04,306,4368.0,Recibida
OC-000944,PR22,P0100,BOD-MDE,2025-11-26,2025-12-03,2025-12-03,274,13123.0,Recibida
OC-000945,PR04,P0126,BOD-MDE,2025-11-26,2025-12-01,2025-12-01,265,10346.0,Recibida
OC-000946,PR23,P0137,BOD-BOG,2025-11-26,2025-12-04,2025-12-04,204,1825.0,Recibida
OC-000947,PR40,P0169,BOD-MDE,2025-11-26,2025-12-02,2025-12-02,376,9733.0,Recibida
OC-000948,PR17,P0171,BOD-MDE,2025-11-26,2025-12-01,2025-12-01,224,5235.0,Recibida
OC-000949,PR05,P0174,BOD-BOG,2025-11-26,2025-12-02,2025-12-02,122,4961.0,Recibida
OC-000950,PR07,P0176,BOD-MDE,2025-11-26,2025-12-04,2025-12-04,486,18458.0,Recibida
OC-000951,PR18,P0187,BOD-MDE,2025-11-26,2025-12-02,2025-12-02,270,13657.0,Recibida
OC-000952,PR20,P0002,BOD-MDE,2025-11-27,2025-12-06,2025-12-06,1329,13565.0,Recibida
OC-000953,PR29,P0009,BOD-BOG,2025-11-27,2025-12-04,2025-12-04,357,30798.0,Recibida
OC-000954,PR20,P0012,BOD-MDE,2025-11-27,2025-12-06,2025-12-06,34,11829.0,Recibida
OC-000955,PR29,P0019,BOD-BOG,2025-11-27,2025-12-04,2025-12-04,355,8807.0,Recibida
OC-000956,PR25,P0028,BOD-MDE,2025-11-27,2025-12-04,2025-12-04,653,16439.0,Recibida
OC-000957,PR09,P0042,BOD-MDE,2025-11-27,2025-12-02,2025-12-02,55,14864.0,Recibida
OC-000958,PR02,P0046,BOD-MDE,2025-11-27,2025-12-03,2025-12-03,416,5113.0,Recibida
OC-000959,PR13,P0048,BOD-BOG,2025-11-27,2025-12-05,2025-12-05,313,21115.0,Recibida
OC-000960,PR38,P0065,BOD-MDE,2025-11-27,2025-12-02,2025-12-02,184,13263.0,Recibida
OC-000961,PR10,P0067,BOD-BOG,2025-11-27,2025-12-05,2025-12-05,314,15535.0,Recibida
OC-000962,PR28,P0073,BOD-MDE,2025-11-27,2025-12-05,2025-12-05,681,2138.0,Recibida
OC-000963,PR22,P0080,BOD-MDE,2025-11-27,2025-12-04,2025-12-04,94,5959.0,Recibida
OC-000964,PR10,P0097,BOD-MDE,2025-11-27,2025-12-05,2025-12-05,957,4335.0,Recibida
OC-000965,PR15,P0099,BOD-BOG,2025-11-27,2025-12-06,2025-12-06,948,3075.0,Recibida
OC-000966,PR10,P0107,BOD-MDE,2025-11-27,2025-12-05,2025-12-05,676,4161.0,Recibida
OC-000967,PR23,P0116,BOD-MDE,2025-11-27,2025-12-05,2025-12-05,158,9171.0,Recibida
OC-000968,PR04,P0117,BOD-MDE,2025-11-27,2025-12-02,2025-12-02,435,5350.0,Recibida
OC-000969,PR04,P0129,BOD-MDE,2025-11-27,2025-12-02,2025-12-02,259,1932.0,Recibida
OC-000970,PR40,P0165,BOD-MDE,2025-11-27,2025-12-03,2025-12-03,186,20158.0,Recibida
OC-000971,PR18,P0189,BOD-BOG,2025-11-27,2025-12-03,2025-12-03,214,14999.0,Recibida
OC-000972,PR08,P0011,BOD-BOG,2025-11-28,2025-12-03,2025-12-03,1073,14718.0,Recibida
OC-000973,PR29,P0019,BOD-MDE,2025-11-28,2025-12-05,2025-12-05,273,8807.0,Recibida
OC-000974,PR08,P0026,BOD-BOG,2025-11-28,2025-12-03,2025-12-03,185,20701.0,Recibida
OC-000975,PR25,P0028,BOD-BOG,2025-11-28,2025-12-05,2025-12-05,462,16439.0,Recibida
OC-000976,PR24,P0039,BOD-BOG,2025-11-28,2025-12-07,2025-12-07,68,20095.0,Recibida
OC-000977,PR02,P0051,BOD-BOG,2025-11-28,2025-12-04,2025-12-04,445,16060.0,Recibida
OC-000978,PR02,P0061,BOD-BOG,2025-11-28,2025-12-04,2025-12-04,355,18938.0,Recibida
OC-000979,PR13,P0063,BOD-BOG,2025-11-28,2025-12-06,2025-12-06,176,3215.0,Recibida
OC-000980,PR10,P0067,BOD-BOG,2025-11-28,2025-12-06,2025-12-06,548,15535.0,Recibida
OC-000981,PR26,P0091,BOD-MDE,2025-11-28,2025-12-06,2025-12-06,418,4368.0,Recibida
OC-000982,PR28,P0103,BOD-BOG,2025-11-28,2025-12-06,2025-12-06,22,7511.0,Recibida
OC-000983,PR03,P0106,BOD-BOG,2025-11-28,2025-12-07,2025-12-07,236,13141.0,Recibida
OC-000984,PR23,P0119,BOD-BOG,2025-11-28,2025-12-06,2025-12-06,1386,11379.0,Recibida
OC-000985,PR04,P0144,BOD-MDE,2025-11-28,2025-12-03,2025-12-03,85,2273.0,Recibida
OC-000986,PR17,P0151,BOD-MDE,2025-11-28,2025-12-03,2025-12-03,315,24705.0,Recibida
OC-000987,PR40,P0161,BOD-BOG,2025-11-28,2025-12-04,2025-12-04,334,22940.0,Recibida
OC-000988,PR40,P0169,BOD-BOG,2025-11-28,2025-12-04,2025-12-04,153,9733.0,Recibida
OC-000989,PR07,P0182,BOD-BOG,2025-11-28,2025-12-06,2025-12-06,188,11500.0,Recibida
OC-000990,PR07,P0186,BOD-MDE,2025-11-28,2025-12-06,2025-12-06,346,19355.0,Recibida
OC-000991,PR37,P0199,BOD-MDE,2025-11-28,2025-12-03,2025-12-03,220,1406.0,Recibida
OC-000992,PR24,P0039,BOD-BOG,2025-11-29,2025-12-08,2025-12-08,68,20095.0,Recibida
OC-000993,PR22,P0070,BOD-MDE,2025-11-29,2025-12-06,2025-12-06,141,2265.0,Recibida
OC-000994,PR27,P0072,BOD-BOG,2025-11-29,2025-12-04,2025-12-04,193,4449.0,Recibida
OC-000995,PR22,P0080,BOD-MDE,2025-11-29,2025-12-06,2025-12-06,130,5959.0,Recibida
OC-000996,PR32,P0104,BOD-BOG,2025-11-29,2025-12-08,2025-12-08,294,5314.0,Recibida
OC-000997,PR11,P0108,BOD-MDE,2025-11-29,2025-12-06,2025-12-06,301,14342.0,Recibida
OC-000998,PR23,P0119,BOD-MDE,2025-11-29,2025-12-07,2025-12-07,2116,11379.0,Recibida
OC-000999,PR07,P0178,BOD-MDE,2025-11-29,2025-12-07,2025-12-07,375,16191.0,Recibida
OC-001000,PR07,P0182,BOD-BOG,2025-11-29,2025-12-07,2025-12-07,188,11500.0,Recibida
OC-001001,PR19,P0192,BOD-MDE,2025-11-29,2025-12-05,2025-12-05,16,7769.0,Recibida
OC-001002,PR37,P0193,BOD-MDE,2025-11-29,2025-12-04,2025-12-04,246,3046.0,Recibida
OC-001003,PR37,P0196,BOD-BOG,2025-11-29,2025-12-04,2025-12-04,76,1123.0,Recibida
OC-001004,PR35,P0160,BOD-BOG,2025-11-30,2025-12-07,2025-12-07,160,11751.0,Recibida
OC-001005,PR20,P0002,BOD-BOG,2025-12-01,2025-12-10,2025-12-10,1239,13762.0,Recibida
OC-001006,PR20,P0007,BOD-BOG,2025-12-01,2025-12-10,2025-12-10,398,50985.0,Recibida
OC-001007,PR20,P0007,BOD-MDE,2025-12-01,2025-12-10,2025-12-10,390,50985.0,Recibida
OC-001008,PR25,P0018,BOD-MDE,2025-12-01,2025-12-08,2025-12-08,267,14990.0,Recibida
OC-001009,PR09,P0032,BOD-BOG,2025-12-01,2025-12-06,2025-12-06,335,9730.0,Recibida
OC-001010,PR11,P0068,BOD-BOG,2025-12-01,2025-12-08,2025-12-08,48,4321.0,Recibida
OC-001011,PR23,P0131,BOD-BOG,2025-12-01,2025-12-09,2025-12-09,188,1574.0,Recibida
OC-001012,PR16,P0145,BOD-MDE,2025-12-01,2025-12-09,2025-12-09,1117,4746.0,Recibida
OC-001013,PR35,P0168,BOD-MDE,2025-12-01,2025-12-08,2025-12-08,842,10871.0,Recibida
OC-001014,PR07,P0186,BOD-BOG,2025-12-01,2025-12-09,2025-12-09,287,19370.0,Recibida
OC-001015,PR07,P0190,BOD-MDE,2025-12-01,2025-12-09,2025-12-09,382,39469.0,Recibida
OC-001016,PR19,P0195,BOD-MDE,2025-12-01,2025-12-07,2025-12-07,168,1134.0,Recibida
OC-001017,PR09,P0037,BOD-MDE,2025-12-02,2025-12-07,2025-12-07,439,6087.0,Recibida
OC-001018,PR02,P0046,BOD-MDE,2025-12-02,2025-12-08,2025-12-08,669,5138.0,Recibida
OC-001019,PR09,P0047,BOD-MDE,2025-12-02,2025-12-07,2025-12-07,669,6364.0,Recibida
OC-001020,PR11,P0098,BOD-MDE,2025-12-02,2025-12-09,2025-12-09,1030,9845.0,Recibida
OC-001021,PR26,P0101,BOD-MDE,2025-12-02,2025-12-10,2025-12-10,74,2491.0,Recibida
OC-001022,PR10,P0107,BOD-BOG,2025-12-02,2025-12-10,2025-12-10,1127,4154.0,Recibida
OC-001023,PR11,P0108,BOD-BOG,2025-12-02,2025-12-09,2025-12-09,471,14419.0,Recibida
OC-001024,PR11,P0108,BOD-MDE,2025-12-02,2025-12-09,2025-12-09,474,14419.0,Recibida
OC-001025,PR16,P0115,BOD-MDE,2025-12-02,2025-12-10,2025-12-10,62,4103.0,Recibida
OC-001026,PR23,P0122,BOD-MDE,2025-12-02,2025-12-10,2025-12-10,319,5900.0,Recibida
OC-001027,PR16,P0133,BOD-BOG,2025-12-02,2025-12-10,2025-12-10,102,4618.0,Recibida
OC-001028,PR04,P0135,BOD-BOG,2025-12-02,2025-12-07,2025-12-07,1144,2835.0,Recibida
OC-001029,PR17,P0159,BOD-MDE,2025-12-02,2025-12-07,2025-12-07,485,12877.0,Recibida
OC-001030,PR18,P0177,BOD-BOG,2025-12-02,2025-12-08,2025-12-08,144,22694.0,Recibida
OC-001031,PR07,P0188,BOD-MDE,2025-12-02,2025-12-10,2025-12-10,407,18120.0,Recibida
OC-001032,PR37,P0196,BOD-MDE,2025-12-02,2025-12-07,2025-12-07,62,1133.0,Recibida
OC-001033,PR08,P0026,BOD-MDE,2025-12-03,2025-12-08,2025-12-08,145,20896.0,Recibida
OC-001034,PR38,P0045,BOD-BOG,2025-12-03,2025-12-08,2025-12-08,156,3892.0,Recibida
OC-001035,PR09,P0047,BOD-BOG,2025-12-03,2025-12-08,2025-12-08,355,6364.0,Recibida
OC-001036,PR02,P0051,BOD-BOG,2025-12-03,2025-12-09,2025-12-09,503,16156.0,Recibida
OC-001037,PR09,P0057,BOD-BOG,2025-12-03,2025-12-08,2025-12-08,256,13296.0,Recibida
OC-001038,PR15,P0069,BOD-BOG,2025-12-03,2025-12-12,2025-12-12,867,3369.0,Recibida
OC-001039,PR26,P0081,BOD-BOG,2025-12-03,2025-12-11,2025-12-11,84,19680.0,Recibida
OC-001040,PR34,P0105,BOD-MDE,2025-12-03,2025-12-11,2025-12-11,614,3279.0,Recibida
OC-001041,PR16,P0115,BOD-MDE,2025-12-03,2025-12-11,2025-12-11,103,4103.0,Recibida
OC-001042,PR23,P0128,BOD-MDE,2025-12-03,2025-12-11,2025-12-11,656,2719.0,Recibida
OC-001043,PR16,P0136,BOD-BOG,2025-12-03,2025-12-11,2025-12-11,232,8651.0,Recibida
OC-001044,PR23,P0143,BOD-MDE,2025-12-03,2025-12-11,2025-12-11,970,4791.0,Recibida
OC-001045,PR17,P0147,BOD-MDE,2025-12-03,2025-12-08,2025-12-08,182,27114.0,Recibida
OC-001046,PR35,P0168,BOD-BOG,2025-12-03,2025-12-10,2025-12-10,881,10871.0,Recibida
OC-001047,PR07,P0178,BOD-BOG,2025-12-03,2025-12-11,2025-12-11,101,16098.0,Recibida
OC-001048,PR18,P0179,BOD-MDE,2025-12-03,2025-12-09,2025-12-09,555,14989.0,Recibida
OC-001049,PR37,P0196,BOD-MDE,2025-12-03,2025-12-08,2025-12-08,62,1133.0,Recibida
OC-001050,PR29,P0014,BOD-MDE,2025-12-04,2025-12-11,2025-12-11,250,17815.0,Recibida
OC-001051,PR29,P0024,BOD-MDE,2025-12-04,2025-12-11,2025-12-11,170,57043.0,Recibida
OC-001052,PR31,P0025,BOD-MDE,2025-12-04,2025-12-13,2025-12-13,709,14147.0,Recibida
OC-001053,PR02,P0036,BOD-MDE,2025-12-04,2025-12-10,2025-12-10,359,10055.0,Recibida
OC-001054,PR24,P0039,BOD-MDE,2025-12-04,2025-12-13,2025-12-13,260,20113.0,Recibida
OC-001055,PR38,P0040,BOD-BOG,2025-12-04,2025-12-09,2025-12-09,899,16015.0,Recibida
OC-001056,PR11,P0078,BOD-BOG,2025-12-04,2025-12-11,2025-12-11,98,13540.0,Recibida
OC-001057,PR03,P0086,BOD-MDE,2025-12-04,2025-12-13,2025-12-13,71,4738.0,Recibida
OC-001058,PR10,P0097,BOD-BOG,2025-12-04,2025-12-12,2025-12-12,616,4307.0,Recibida
OC-001059,PR04,P0114,BOD-MDE,2025-12-04,2025-12-09,2025-12-09,288,1952.0,Recibida
OC-001060,PR16,P0115,BOD-MDE,2025-12-04,2025-12-12,2025-12-12,103,4103.0,Recibida
OC-001061,PR23,P0116,BOD-MDE,2025-12-04,2025-12-12,2025-12-12,158,9214.0,Recibida
OC-001062,PR04,P0117,BOD-BOG,2025-12-04,2025-12-09,2025-12-09,120,5368.0,Recibida
OC-001063,PR04,P0120,BOD-MDE,2025-12-04,2025-12-09,2025-12-09,206,5313.0,Recibida
OC-001064,PR23,P0128,BOD-BOG,2025-12-04,2025-12-12,2025-12-12,552,2719.0,Recibida
OC-001065,PR23,P0131,BOD-BOG,2025-12-04,2025-12-12,2025-12-12,315,1574.0,Recibida
OC-001066,PR23,P0143,BOD-BOG,2025-12-04,2025-12-12,2025-12-12,584,4791.0,Recibida
OC-001067,PR40,P0157,BOD-MDE,2025-12-04,2025-12-10,2025-12-10,2005,22416.0,Recibida
OC-001068,PR06,P0200,BOD-MDE,2025-12-04,2025-12-09,2025-12-09,471,4658.0,Recibida
OC-001069,PR31,P0020,BOD-MDE,2025-12-05,2025-12-14,2025-12-14,563,22639.0,Recibida
OC-001070,PR24,P0039,BOD-MDE,2025-12-05,2025-12-14,2025-12-14,260,20113.0,Recibida
OC-001071,PR13,P0048,BOD-BOG,2025-12-05,2025-12-13,2025-12-13,372,21415.0,Recibida
OC-001072,PR38,P0060,BOD-MDE,2025-12-05,2025-12-10,2025-12-10,361,3768.0,Recibida
OC-001073,PR10,P0067,BOD-BOG,2025-12-05,2025-12-13,2025-12-13,711,15748.0,Recibida
OC-001074,PR11,P0068,BOD-MDE,2025-12-05,2025-12-12,2025-12-12,64,4321.0,Recibida
OC-001075,PR15,P0069,BOD-MDE,2025-12-05,2025-12-14,2025-12-14,671,3369.0,Recibida
OC-001076,PR10,P0077,BOD-MDE,2025-12-05,2025-12-13,2025-12-13,120,3920.0,Recibida
OC-001077,PR11,P0078,BOD-BOG,2025-12-05,2025-12-12,2025-12-12,98,13540.0,Recibida
OC-001078,PR26,P0081,BOD-BOG,2025-12-05,2025-12-13,2025-12-13,107,19680.0,Recibida
OC-001079,PR03,P0086,BOD-BOG,2025-12-05,2025-12-14,2025-12-14,151,4738.0,Recibida
OC-001080,PR11,P0088,BOD-MDE,2025-12-05,2025-12-12,2025-12-12,530,19828.0,Recibida
OC-001081,PR22,P0090,BOD-MDE,2025-12-05,2025-12-12,2025-12-12,203,10182.0,Recibida
OC-001082,PR34,P0095,BOD-BOG,2025-12-05,2025-12-13,2025-12-13,698,7766.0,Recibida
OC-001083,PR34,P0095,BOD-MDE,2025-12-05,2025-12-13,2025-12-13,683,7766.0,Recibida
OC-001084,PR11,P0098,BOD-BOG,2025-12-05,2025-12-12,2025-12-12,521,9845.0,Recibida
OC-001085,PR04,P0114,BOD-MDE,2025-12-05,2025-12-10,2025-12-10,333,1952.0,Recibida
OC-001086,PR16,P0115,BOD-BOG,2025-12-05,2025-12-13,2025-12-13,52,4103.0,Recibida
OC-001087,PR16,P0127,BOD-MDE,2025-12-05,2025-12-13,2025-12-13,76,4321.0,Recibida
OC-001088,PR23,P0131,BOD-MDE,2025-12-05,2025-12-13,2025-12-13,530,1574.0,Recibida
OC-001089,PR16,P0133,BOD-BOG,2025-12-05,2025-12-13,2025-12-13,170,4618.0,Recibida
OC-001090,PR04,P0138,BOD-MDE,2025-12-05,2025-12-10,2025-12-10,264,1537.0,Recibida
OC-001091,PR05,P0150,BOD-MDE,2025-12-05,2025-12-11,2025-12-11,201,4857.0,Recibida
OC-001092,PR40,P0165,BOD-MDE,2025-12-05,2025-12-11,2025-12-11,230,20401.0,Recibida
OC-001093,PR05,P0166,BOD-BOG,2025-12-05,2025-12-11,2025-12-11,167,8048.0,Recibida
OC-001094,PR17,P0171,BOD-MDE,2025-12-05,2025-12-10,2025-12-10,301,5291.0,Recibida
OC-001095,PR35,P0172,BOD-MDE,2025-12-05,2025-12-12,2025-12-12,776,11825.0,Recibida
OC-001096,PR19,P0192,BOD-MDE,2025-12-05,2025-12-11,2025-12-11,21,7781.0,Recibida
OC-001097,PR13,P0038,BOD-MDE,2025-12-06,2025-12-14,2025-12-14,168,4467.0,Recibida
OC-001098,PR09,P0047,BOD-BOG,2025-12-06,2025-12-11,2025-12-11,458,6364.0,Recibida
OC-001099,PR24,P0049,BOD-BOG,2025-12-06,2025-12-15,2025-12-15,94,3041.0,Recibida
OC-001100,PR24,P0054,BOD-BOG,2025-12-06,2025-12-15,2025-12-15,469,4316.0,Recibida
OC-001101,PR11,P0068,BOD-MDE,2025-12-06,2025-12-13,2025-12-13,64,4321.0,Recibida
OC-001102,PR11,P0088,BOD-BOG,2025-12-06,2025-12-13,2025-12-13,407,19828.0,Recibida
OC-001103,PR15,P0089,BOD-BOG,2025-12-06,2025-12-15,2025-12-15,185,6105.0,Recibida
OC-001104,PR22,P0090,BOD-MDE,2025-12-06,2025-12-13,2025-12-13,205,10182.0,Recibida
OC-001105,PR32,P0094,BOD-BOG,2025-12-06,2025-12-15,2025-12-15,128,3114.0,Recibida
OC-001106,PR15,P0109,BOD-BOG,2025-12-06,2025-12-15,2025-12-15,148,20267.0,Recibida
OC-001107,PR04,P0120,BOD-MDE,2025-12-06,2025-12-11,2025-12-11,206,5313.0,Recibida
OC-001108,PR04,P0123,BOD-BOG,2025-12-06,2025-12-11,2025-12-11,45,3883.0,Recibida
OC-001109,PR16,P0124,BOD-BOG,2025-12-06,2025-12-14,2025-12-14,204,7143.0,Recibida
OC-001110,PR16,P0130,BOD-BOG,2025-12-06,2025-12-14,2025-12-14,197,2459.0,Recibida
OC-001111,PR16,P0130,BOD-MDE,2025-12-06,2025-12-14,2025-12-14,493,2459.0,Recibida
OC-001112,PR16,P0133,BOD-BOG,2025-12-06,2025-12-14,2025-12-14,238,4618.0,Recibida
OC-001113,PR16,P0142,BOD-BOG,2025-12-06,2025-12-14,2025-12-14,552,10743.0,Recibida
OC-001114,PR05,P0146,BOD-BOG,2025-12-06,2025-12-12,2025-12-12,409,17798.0,Recibida
OC-001115,PR05,P0162,BOD-MDE,2025-12-06,2025-12-12,2025-12-12,1798,11896.0,Recibida
OC-001116,PR17,P0175,BOD-MDE,2025-12-06,2025-12-11,2025-12-11,980,5848.0,Recibida
OC-001117,PR08,P0026,BOD-MDE,2025-12-07,2025-12-12,2025-12-12,262,20896.0,Recibida
OC-001118,PR29,P0029,BOD-MDE,2025-12-07,2025-12-14,2025-12-14,92,21699.0,Recibida
OC-001119,PR38,P0045,BOD-BOG,2025-12-07,2025-12-12,2025-12-12,256,3892.0,Recibida
OC-001120,PR02,P0056,BOD-MDE,2025-12-07,2025-12-13,2025-12-13,661,6389.0,Recibida
OC-001121,PR34,P0085,BOD-MDE,2025-12-07,2025-12-15,2025-12-15,651,9379.0,Recibida
OC-001122,PR26,P0101,BOD-BOG,2025-12-07,2025-12-15,2025-12-15,336,2491.0,Recibida
OC-001123,PR16,P0124,BOD-BOG,2025-12-07,2025-12-15,2025-12-15,204,7143.0,Recibida
OC-001124,PR04,P0129,BOD-BOG,2025-12-07,2025-12-12,2025-12-12,42,1943.0,Recibida
OC-001125,PR23,P0131,BOD-BOG,2025-12-07,2025-12-15,2025-12-15,477,1574.0,Recibida
OC-001126,PR05,P0146,BOD-MDE,2025-12-07,2025-12-13,2025-12-13,263,17798.0,Recibida
OC-001127,PR17,P0171,BOD-BOG,2025-12-07,2025-12-12,2025-12-12,151,5291.0,Recibida
OC-001128,PR20,P0022,BOD-MDE,2025-12-08,2025-12-17,2025-12-17,729,22633.0,Recibida
OC-001129,PR08,P0026,BOD-MDE,2025-12-08,2025-12-13,2025-12-13,293,20896.0,Recibida
OC-001130,PR20,P0027,BOD-MDE,2025-12-08,2025-12-17,2025-12-17,976,27389.0,Recibida
OC-001131,PR09,P0037,BOD-MDE,2025-12-08,2025-12-13,2025-12-13,546,6087.0,Recibida
OC-001132,PR09,P0042,BOD-MDE,2025-12-08,2025-12-13,2025-12-13,100,14901.0,Recibida
OC-001133,PR13,P0043,BOD-BOG,2025-12-08,2025-12-16,2025-12-16,82,11267.0,Recibida
OC-001134,PR13,P0048,BOD-MDE,2025-12-08,2025-12-16,2025-12-16,316,21415.0,Recibida
OC-001135,PR11,P0068,BOD-BOG,2025-12-08,2025-12-15,2025-12-15,80,4321.0,Recibida
OC-001136,PR26,P0101,BOD-BOG,2025-12-08,2025-12-16,2025-12-16,336,2491.0,Recibida
OC-001137,PR17,P0151,BOD-MDE,2025-12-08,2025-12-13,2025-12-13,549,24607.0,Recibida
OC-001138,PR25,P0003,BOD-BOG,2025-12-09,2025-12-16,2025-12-16,123,9414.0,Recibida
OC-001139,PR29,P0004,BOD-BOG,2025-12-09,2025-12-16,2025-12-16,182,24481.0,Recibida
OC-001140,PR08,P0006,BOD-BOG,2025-12-09,2025-12-14,2025-12-14,454,9723.0,Recibida
OC-001141,PR25,P0013,BOD-MDE,2025-12-09,2025-12-16,2025-12-16,476,42750.0,Recibida
OC-001142,PR29,P0019,BOD-MDE,2025-12-09,2025-12-16,2025-12-16,377,8807.0,Recibida
OC-001143,PR31,P0020,BOD-MDE,2025-12-09,2025-12-18,2025-12-18,851,22639.0,Recibida
OC-001144,PR09,P0042,BOD-BOG,2025-12-09,2025-12-14,2025-12-14,221,14901.0,Recibida
OC-001145,PR24,P0054,BOD-MDE,2025-12-09,2025-12-18,2025-12-18,521,4316.0,Recibida
OC-001146,PR28,P0073,BOD-BOG,2025-12-09,2025-12-17,2025-12-17,392,2150.0,Recibida
OC-001147,PR10,P0077,BOD-MDE,2025-12-09,2025-12-17,2025-12-17,149,3920.0,Recibida
OC-001148,PR10,P0087,BOD-MDE,2025-12-09,2025-12-17,2025-12-17,310,4224.0,Recibida
OC-001149,PR26,P0091,BOD-MDE,2025-12-09,2025-12-17,2025-12-17,569,4345.0,Recibida
OC-001150,PR23,P0119,BOD-BOG,2025-12-09,2025-12-17,2025-12-17,1944,11532.0,Recibida
OC-001151,PR04,P0123,BOD-BOG,2025-12-09,2025-12-14,2025-12-14,172,3883.0,Recibida
OC-001152,PR16,P0124,BOD-MDE,2025-12-09,2025-12-17,2025-12-17,134,7143.0,Recibida
OC-001153,PR16,P0127,BOD-MDE,2025-12-09,2025-12-17,2025-12-17,152,4321.0,Recibida
OC-001154,PR16,P0136,BOD-BOG,2025-12-09,2025-12-17,2025-12-17,335,8651.0,Recibida
OC-001155,PR16,P0139,BOD-MDE,2025-12-09,2025-12-17,2025-12-17,339,7113.0,Recibida
OC-001156,PR05,P0150,BOD-BOG,2025-12-09,2025-12-15,2025-12-15,185,4857.0,Recibida
OC-001157,PR17,P0155,BOD-BOG,2025-12-09,2025-12-14,2025-12-14,550,8009.0,Recibida
OC-001158,PR35,P0164,BOD-MDE,2025-12-09,2025-12-16,2025-12-16,415,8215.0,Recibida
OC-001159,PR06,P0191,BOD-MDE,2025-12-09,2025-12-14,2025-12-14,183,5034.0,Recibida
OC-001160,PR06,P0194,BOD-MDE,2025-12-09,2025-12-14,2025-12-14,171,12340.0,Recibida
OC-001161,PR19,P0195,BOD-BOG,2025-12-09,2025-12-15,2025-12-15,104,1134.0,Recibida
OC-001162,PR20,P0027,BOD-BOG,2025-12-10,2025-12-19,2025-12-19,733,27389.0,Recibida
OC-001163,PR29,P0029,BOD-BOG,2025-12-10,2025-12-17,2025-12-17,122,21699.0,Recibida
OC-001164,PR02,P0031,BOD-BOG,2025-12-10,2025-12-16,2025-12-16,680,11049.0,Recibida
OC-001165,PR02,P0036,BOD-MDE,2025-12-10,2025-12-16,2025-12-16,471,10055.0,Recibida
OC-001166,PR13,P0053,BOD-BOG,2025-12-10,2025-12-18,2025-12-18,576,17337.0,Recibida
OC-001167,PR02,P0056,BOD-BOG,2025-12-10,2025-12-16,2025-12-16,549,6389.0,Recibida
OC-001168,PR34,P0075,BOD-BOG,2025-12-10,2025-12-18,2025-12-18,665,14582.0,Recibida
OC-001169,PR22,P0080,BOD-MDE,2025-12-10,2025-12-17,2025-12-17,134,5988.0,Recibida
OC-001170,PR27,P0082,BOD-MDE,2025-12-10,2025-12-15,2025-12-15,381,8142.0,Recibida
OC-001171,PR15,P0089,BOD-MDE,2025-12-10,2025-12-19,2025-12-19,509,6105.0,Recibida
OC-001172,PR32,P0094,BOD-MDE,2025-12-10,2025-12-19,2025-12-19,228,3114.0,Recibida
OC-001173,PR22,P0100,BOD-MDE,2025-12-10,2025-12-17,2025-12-17,337,13261.0,Recibida
OC-001174,PR04,P0111,BOD-MDE,2025-12-10,2025-12-15,2025-12-15,451,5424.0,Recibida
OC-001175,PR04,P0123,BOD-BOG,2025-12-10,2025-12-15,2025-12-15,172,3883.0,Recibida
OC-001176,PR23,P0140,BOD-MDE,2025-12-10,2025-12-18,2025-12-18,240,3255.0,Recibida
OC-001177,PR04,P0141,BOD-BOG,2025-12-10,2025-12-15,2025-12-15,331,1551.0,Recibida
OC-001178,PR40,P0157,BOD-BOG,2025-12-10,2025-12-16,2025-12-16,1688,22416.0,Recibida
OC-001179,PR05,P0158,BOD-BOG,2025-12-10,2025-12-16,2025-12-16,197,8037.0,Recibida
OC-001180,PR17,P0159,BOD-MDE,2025-12-10,2025-12-15,2025-12-15,671,12877.0,Recibida
OC-001181,PR06,P0200,BOD-MDE,2025-12-10,2025-12-15,2025-12-15,662,4658.0,Recibida
OC-001182,PR25,P0018,BOD-BOG,2025-12-11,2025-12-18,2025-12-18,268,14990.0,Recibida
OC-001183,PR31,P0020,BOD-BOG,2025-12-11,2025-12-20,2025-12-20,684,22639.0,Recibida
OC-001184,PR08,P0021,BOD-MDE,2025-12-11,2025-12-16,2025-12-16,1754,16607.0,Recibida
OC-001185,PR08,P0026,BOD-BOG,2025-12-11,2025-12-16,2025-12-16,227,20896.0,Recibida
OC-001186,PR25,P0028,BOD-BOG,2025-12-11,2025-12-18,2025-12-18,657,16379.0,Recibida
OC-001187,PR13,P0058,BOD-BOG,2025-12-11,2025-12-19,2025-12-19,113,19173.0,Recibida
OC-001188,PR11,P0108,BOD-MDE,2025-12-11,2025-12-18,2025-12-18,646,14419.0,Recibida
OC-001189,PR22,P0110,BOD-BOG,2025-12-11,2025-12-18,2025-12-18,176,9580.0,Recibida
OC-001190,PR16,P0118,BOD-BOG,2025-12-11,2025-12-19,2025-12-19,474,9476.0,Recibida
OC-001191,PR07,P0176,BOD-BOG,2025-12-11,2025-12-19,2025-12-19,447,18460.0,Recibida
OC-001192,PR07,P0178,BOD-BOG,2025-12-11,2025-12-19,2025-12-19,167,16098.0,Recibida
OC-001193,PR08,P0016,BOD-MDE,2025-12-12,2025-12-17,2025-12-17,134,44625.0,Recibida
OC-001194,PR38,P0035,BOD-MDE,2025-12-12,2025-12-17,2025-12-17,438,5153.0,Recibida
OC-001195,PR13,P0058,BOD-BOG,2025-12-12,2025-12-20,2025-12-20,170,19173.0,Recibida
OC-001196,PR32,P0074,BOD-BOG,2025-12-12,2025-12-21,2025-12-21,423,16806.0,Recibida
OC-001197,PR27,P0092,BOD-BOG,2025-12-12,2025-12-17,2025-12-17,318,8531.0,Recibida
OC-001198,PR22,P0100,BOD-BOG,2025-12-12,2025-12-19,2025-12-19,135,13261.0,Recibida
OC-001199,PR34,P0105,BOD-MDE,2025-12-12,2025-12-20,2025-12-20,869,3279.0,Recibida
OC-001200,PR23,P0113,BOD-BOG,2025-12-12,2025-12-20,2025-12-20,397,11978.0,Recibida
OC-001201,PR16,P0115,BOD-BOG,2025-12-12,2025-12-20,2025-12-20,76,4103.0,Recibida
OC-001202,PR04,P0117,BOD-BOG,2025-12-12,2025-12-17,2025-12-17,163,5368.0,Recibida
OC-001203,PR23,P0134,BOD-MDE,2025-12-12,2025-12-20,2025-12-20,527,11959.0,Recibida
OC-001204,PR04,P0144,BOD-BOG,2025-12-12,2025-12-17,2025-12-17,193,2246.0,Recibida
OC-001205,PR35,P0152,BOD-BOG,2025-12-12,2025-12-19,2025-12-19,208,25428.0,Recibida
OC-001206,PR40,P0153,BOD-BOG,2025-12-12,2025-12-18,2025-12-18,460,23251.0,Recibida
OC-001207,PR35,P0160,BOD-BOG,2025-12-12,2025-12-19,2025-12-19,235,11722.0,Recibida
OC-001208,PR17,P0163,BOD-BOG,2025-12-12,2025-12-17,2025-12-17,349,11261.0,Recibida
OC-001209,PR18,P0187,BOD-MDE,2025-12-12,2025-12-18,2025-12-18,431,13650.0,Recibida
OC-001210,PR20,P0012,BOD-MDE,2025-12-13,2025-12-22,2025-12-22,58,11867.0,Recibida
OC-001211,PR20,P0017,BOD-BOG,2025-12-13,2025-12-22,2025-12-22,718,19588.0,Recibida
OC-001212,PR38,P0035,BOD-MDE,2025-12-13,2025-12-18,2025-12-18,462,5153.0,Recibida
OC-001213,PR09,P0037,BOD-BOG,2025-12-13,2025-12-18,2025-12-18,1011,6087.0,Recibida
OC-001214,PR13,P0038,BOD-MDE,2025-12-13,2025-12-21,2025-12-21,240,4467.0,Recibida
OC-001215,PR22,P0070,BOD-MDE,2025-12-13,2025-12-20,2025-12-20,263,2278.0,Recibida
OC-001216,PR15,P0099,BOD-MDE,2025-12-13,2025-12-22,2025-12-22,1096,3108.0,Recibida
OC-001217,PR10,P0107,BOD-MDE,2025-12-13,2025-12-21,2025-12-21,923,4154.0,Recibida
OC-001218,PR04,P0144,BOD-MDE,2025-12-13,2025-12-18,2025-12-18,106,2246.0,Recibida
OC-001219,PR35,P0152,BOD-BOG,2025-12-13,2025-12-20,2025-12-20,208,25428.0,Recibida
OC-001220,PR05,P0170,BOD-BOG,2025-12-13,2025-12-19,2025-12-19,50,24965.0,Recibida
OC-001221,PR07,P0180,BOD-BOG,2025-12-13,2025-12-21,2025-12-21,742,57627.0,Recibida
OC-001222,PR06,P0191,BOD-BOG,2025-12-13,2025-12-18,2025-12-18,272,5034.0,Recibida
OC-001223,PR19,P0195,BOD-BOG,2025-12-13,2025-12-19,2025-12-19,181,1134.0,Recibida
OC-001224,PR10,P0067,BOD-BOG,2025-12-14,2025-12-22,2025-12-22,941,15748.0,Recibida
OC-001225,PR15,P0069,BOD-MDE,2025-12-14,2025-12-23,2025-12-23,753,3369.0,Recibida
OC-001226,PR11,P0078,BOD-BOG,2025-12-14,2025-12-21,2025-12-21,142,13540.0,Recibida
OC-001227,PR28,P0083,BOD-BOG,2025-12-14,2025-12-22,2025-12-22,355,5432.0,Recibida
OC-001228,PR05,P0174,BOD-BOG,2025-12-14,2025-12-20,2025-12-20,141,4949.0,Recibida
OC-001229,PR19,P0198,BOD-BOG,2025-12-14,2025-12-20,2025-12-20,169,1888.0,Recibida
OC-001230,PR08,P0001,BOD-BOG,2025-12-15,2025-12-20,2025-12-20,594,30033.0,Recibida
OC-001231,PR09,P0062,BOD-BOG,2025-12-15,2025-12-20,2025-12-20,165,8638.0,Recibida
OC-001232,PR10,P0087,BOD-MDE,2025-12-15,2025-12-23,2025-12-23,358,4224.0,Recibida
OC-001233,PR03,P0096,BOD-BOG,2025-12-15,2025-12-24,2025-12-24,176,17846.0,Recibida
OC-001234,PR03,P0106,BOD-MDE,2025-12-15,2025-12-24,2025-12-24,261,13187.0,Recibida
OC-001235,PR16,P0136,BOD-MDE,2025-12-15,2025-12-23,2025-12-23,111,8651.0,Recibida
OC-001236,PR05,P0150,BOD-BOG,2025-12-15,2025-12-21,2025-12-21,266,4857.0,Recibida
OC-001237,PR13,P0043,BOD-BOG,2025-12-16,2025-12-24,2025-12-24,82,11267.0,Recibida
OC-001238,PR13,P0053,BOD-MDE,2025-12-16,2025-12-24,2025-12-24,249,17337.0,Recibida
OC-001239,PR13,P0058,BOD-BOG,2025-12-16,2025-12-24,2025-12-24,252,19173.0,Recibida
OC-001240,PR26,P0071,BOD-MDE,2025-12-16,2025-12-24,2025-12-24,76,13733.0,Recibida
OC-001241,PR03,P0076,BOD-BOG,2025-12-16,2025-12-25,2025-12-25,342,3985.0,Recibida
OC-001242,PR03,P0086,BOD-BOG,2025-12-16,2025-12-25,2025-12-25,177,4738.0,Recibida
OC-001243,PR28,P0093,BOD-BOG,2025-12-16,2025-12-24,2025-12-24,686,4303.0,Recibida
OC-001244,PR22,P0100,BOD-BOG,2025-12-16,2025-12-23,2025-12-23,207,13261.0,Recibida
OC-001245,PR04,P0111,BOD-BOG,2025-12-16,2025-12-21,2025-12-21,519,5424.0,Recibida
OC-001246,PR16,P0136,BOD-MDE,2025-12-16,2025-12-24,2025-12-24,173,8651.0,Recibida
OC-001247,PR05,P0162,BOD-BOG,2025-12-16,2025-12-22,2025-12-22,2005,11896.0,Recibida
OC-001248,PR05,P0166,BOD-BOG,2025-12-16,2025-12-22,2025-12-22,241,8048.0,Recibida
OC-001249,PR20,P0002,BOD-MDE,2025-12-17,2025-12-26,2025-12-26,1716,13762.0,Recibida
OC-001250,PR08,P0006,BOD-MDE,2025-12-17,2025-12-22,2025-12-22,575,9723.0,Recibida
OC-001251,PR08,P0016,BOD-BOG,2025-12-17,2025-12-22,2025-12-22,198,44625.0,Recibida
OC-001252,PR02,P0036,BOD-BOG,2025-12-17,2025-12-23,2025-12-23,498,10055.0,Recibida
OC-001253,PR34,P0075,BOD-BOG,2025-12-17,2025-12-25,2025-12-25,1046,14582.0,Recibida
OC-001254,PR15,P0089,BOD-BOG,2025-12-17,2025-12-26,2025-12-26,280,6105.0,Recibida
OC-001255,PR28,P0093,BOD-MDE,2025-12-17,2025-12-25,2025-12-25,752,4303.0,Recibida
OC-001256,PR15,P0099,BOD-BOG,2025-12-17,2025-12-26,2025-12-26,1221,3108.0,Recibida
OC-001257,PR15,P0109,BOD-MDE,2025-12-17,2025-12-26,2025-12-26,472,20267.0,Recibida
OC-001258,PR16,P0130,BOD-MDE,2025-12-17,2025-12-25,2025-12-25,722,2459.0,Recibida
OC-001259,PR16,P0139,BOD-BOG,2025-12-17,2025-12-25,2025-12-25,302,7113.0,Recibida
OC-001260,PR23,P0140,BOD-BOG,2025-12-17,2025-12-25,2025-12-25,210,3255.0,Recibida
OC-001261,PR23,P0143,BOD-BOG,2025-12-17,2025-12-25,2025-12-25,890,4791.0,Recibida
OC-001262,PR05,P0170,BOD-BOG,2025-12-17,2025-12-23,2025-12-23,83,24965.0,Recibida
OC-001263,PR37,P0193,BOD-BOG,2025-12-17,2025-12-22,2025-12-22,446,3044.0,Recibida
OC-001264,PR37,P0199,BOD-BOG,2025-12-17,2025-12-22,2025-12-22,88,1399.0,Recibida
OC-001265,PR20,P0012,BOD-MDE,2025-12-18,2025-12-27,2025-12-27,128,11867.0,Recibida
OC-001266,PR09,P0042,BOD-MDE,2025-12-18,2025-12-23,2025-12-23,212,14901.0,Recibida
OC-001267,PR24,P0044,BOD-MDE,2025-12-18,2025-12-27,2025-12-27,264,4529.0,Recibida
OC-001268,PR02,P0046,BOD-MDE,2025-12-18,2025-12-24,2025-12-24,865,5138.0,Recibida
OC-001269,PR13,P0053,BOD-MDE,2025-12-18,2025-12-26,2025-12-26,345,17337.0,Recibida
OC-001270,PR38,P0055,BOD-BOG,2025-12-18,2025-12-23,2025-12-23,398,9714.0,Recibida
OC-001271,PR38,P0060,BOD-BOG,2025-12-18,2025-12-23,2025-12-23,345,3768.0,Recibida
OC-001272,PR02,P0061,BOD-BOG,2025-12-18,2025-12-24,2025-12-24,434,19084.0,Recibida
OC-001273,PR27,P0072,BOD-BOG,2025-12-18,2025-12-23,2025-12-23,284,4434.0,Recibida
OC-001274,PR32,P0084,BOD-BOG,2025-12-18,2025-12-27,2025-12-27,762,3932.0,Recibida
OC-001275,PR22,P0100,BOD-BOG,2025-12-18,2025-12-25,2025-12-25,326,13261.0,Recibida
OC-001276,PR15,P0109,BOD-MDE,2025-12-18,2025-12-27,2025-12-27,472,20267.0,Recibida
OC-001277,PR04,P0117,BOD-BOG,2025-12-18,2025-12-23,2025-12-23,262,5368.0,Recibida
OC-001278,PR16,P0127,BOD-MDE,2025-12-18,2025-12-26,2025-12-26,173,4321.0,Recibida
OC-001279,PR23,P0134,BOD-BOG,2025-12-18,2025-12-26,2025-12-26,634,11959.0,Recibida
OC-001280,PR16,P0136,BOD-MDE,2025-12-18,2025-12-26,2025-12-26,282,8651.0,Recibida
OC-001281,PR23,P0140,BOD-BOG,2025-12-18,2025-12-26,2025-12-26,210,3255.0,Recibida
OC-001282,PR05,P0154,BOD-BOG,2025-12-18,2025-12-24,2025-12-24,294,11943.0,Recibida
OC-001283,PR17,P0155,BOD-MDE,2025-12-18,2025-12-23,2025-12-23,680,8009.0,Recibida
OC-001284,PR35,P0156,BOD-MDE,2025-12-18,2025-12-25,2025-12-25,175,27146.0,Recibida
OC-001285,PR40,P0165,BOD-BOG,2025-12-18,2025-12-24,2025-12-24,172,20401.0,Recibida
OC-001286,PR35,P0168,BOD-BOG,2025-12-18,2025-12-25,2025-12-25,1074,10871.0,Recibida
OC-001287,PR18,P0179,BOD-MDE,2025-12-18,2025-12-24,2025-12-24,642,14989.0,Recibida
OC-001288,PR07,P0188,BOD-MDE,2025-12-18,2025-12-26,2025-12-26,526,18120.0,Recibida
OC-001289,PR19,P0195,BOD-BOG,2025-12-18,2025-12-24,2025-12-24,239,1134.0,Recibida
OC-001290,PR29,P0009,BOD-MDE,2025-12-19,2025-12-26,2025-12-26,97,30699.0,Recibida
OC-001291,PR20,P0012,BOD-MDE,2025-12-19,2025-12-28,2025-12-28,128,11867.0,Recibida
OC-001292,PR20,P0017,BOD-MDE,2025-12-19,2025-12-28,2025-12-28,731,19588.0,Recibida
OC-001293,PR08,P0021,BOD-BOG,2025-12-19,2025-12-24,2025-12-24,1224,16607.0,Recibida
OC-001294,PR31,P0025,BOD-BOG,2025-12-19,2025-12-28,2025-12-28,401,14147.0,Recibida
OC-001295,PR38,P0035,BOD-BOG,2025-12-19,2025-12-24,2025-12-24,264,5153.0,Recibida
OC-001296,PR09,P0042,BOD-MDE,2025-12-19,2025-12-24,2025-12-24,221,14901.0,Recibida
OC-001297,PR38,P0045,BOD-BOG,2025-12-19,2025-12-24,2025-12-24,380,3892.0,Recibida
OC-001298,PR24,P0049,BOD-MDE,2025-12-19,2025-12-28,2025-12-28,132,3041.0,Recibida
OC-001299,PR38,P0050,BOD-MDE,2025-12-19,2025-12-24,2025-12-24,150,18067.0,Recibida
OC-001300,PR09,P0057,BOD-BOG,2025-12-19,2025-12-24,2025-12-24,422,13296.0,Recibida
OC-001301,PR24,P0059,BOD-BOG,2025-12-19,2025-12-28,2025-12-28,152,3610.0,Recibida
OC-001302,PR09,P0062,BOD-MDE,2025-12-19,2025-12-24,2025-12-24,152,8638.0,Recibida
OC-001303,PR13,P0063,BOD-MDE,2025-12-19,2025-12-27,2025-12-27,189,3189.0,Recibida
OC-001304,PR27,P0072,BOD-MDE,2025-12-19,2025-12-24,2025-12-24,88,4434.0,Recibida
OC-001305,PR28,P0073,BOD-BOG,2025-12-19,2025-12-27,2025-12-27,546,2150.0,Recibida
OC-001306,PR32,P0074,BOD-MDE,2025-12-19,2025-12-28,2025-12-28,455,16806.0,Recibida
OC-001307,PR26,P0081,BOD-BOG,2025-12-19,2025-12-27,2025-12-27,166,19680.0,Recibida
OC-001308,PR16,P0115,BOD-BOG,2025-12-19,2025-12-27,2025-12-27,116,4103.0,Recibida
OC-001309,PR16,P0118,BOD-MDE,2025-12-19,2025-12-27,2025-12-27,693,9476.0,Recibida
OC-001310,PR04,P0123,BOD-MDE,2025-12-19,2025-12-24,2025-12-24,168,3883.0,Recibida
OC-001311,PR04,P0129,BOD-BOG,2025-12-19,2025-12-24,2025-12-24,56,1943.0,Recibida
OC-001312,PR04,P0135,BOD-MDE,2025-12-19,2025-12-24,2025-12-24,704,2835.0,Recibida
OC-001313,PR17,P0151,BOD-BOG,2025-12-19,2025-12-24,2025-12-24,145,24607.0,Recibida
OC-001314,PR35,P0156,BOD-BOG,2025-12-19,2025-12-26,2025-12-26,166,27146.0,Recibida
OC-001315,PR05,P0162,BOD-MDE,2025-12-19,2025-12-25,2025-12-25,2600,11896.0,Recibida
OC-001316,PR17,P0171,BOD-BOG,2025-12-19,2025-12-24,2025-12-24,143,5291.0,Recibida
OC-001317,PR40,P0173,BOD-MDE,2025-12-19,2025-12-25,2025-12-25,223,8671.0,Recibida
OC-001318,PR07,P0190,BOD-BOG,2025-12-19,2025-12-27,2025-12-27,188,39469.0,Recibida
OC-001319,PR06,P0191,BOD-MDE,2025-12-19,2025-12-24,2025-12-24,278,5034.0,Recibida
OC-001320,PR19,P0192,BOD-MDE,2025-12-19,2025-12-25,2025-12-25,80,7781.0,Recibida
OC-001321,PR25,P0008,BOD-MDE,2025-12-20,2025-12-27,2025-12-27,565,24240.0,Recibida
OC-001322,PR08,P0026,BOD-MDE,2025-12-20,2025-12-25,2025-12-25,456,20896.0,Recibida
OC-001323,PR02,P0031,BOD-MDE,2025-12-20,2025-12-26,2025-12-26,823,11049.0,Recibida
OC-001324,PR13,P0033,BOD-MDE,2025-12-20,2025-12-28,2025-12-28,442,6086.0,Recibida
OC-001325,PR13,P0038,BOD-BOG,2025-12-20,2025-12-28,2025-12-28,143,4467.0,Recibida
OC-001326,PR09,P0047,BOD-BOG,2025-12-20,2025-12-25,2025-12-25,649,6364.0,Recibida
OC-001327,PR24,P0059,BOD-BOG,2025-12-20,2025-12-29,2025-12-29,152,3610.0,Recibida
OC-001328,PR24,P0064,BOD-MDE,2025-12-20,2025-12-29,2025-12-29,146,25233.0,Recibida
OC-001329,PR27,P0072,BOD-MDE,2025-12-20,2025-12-25,2025-12-25,137,4434.0,Recibida
OC-001330,PR32,P0074,BOD-BOG,2025-12-20,2025-12-29,2025-12-29,531,16806.0,Recibida
OC-001331,PR32,P0084,BOD-BOG,2025-12-20,2025-12-29,2025-12-29,865,3932.0,Recibida
OC-001332,PR26,P0091,BOD-BOG,2025-12-20,2025-12-28,2025-12-28,178,4345.0,Recibida
OC-001333,PR03,P0096,BOD-BOG,2025-12-20,2025-12-29,2025-12-29,187,17846.0,Recibida
OC-001334,PR16,P0124,BOD-MDE,2025-12-20,2025-12-28,2025-12-28,212,7143.0,Recibida
OC-001335,PR16,P0127,BOD-MDE,2025-12-20,2025-12-28,2025-12-28,314,4321.0,Recibida
OC-001336,PR23,P0137,BOD-MDE,2025-12-20,2025-12-28,2025-12-28,216,1861.0,Recibida
OC-001337,PR16,P0145,BOD-MDE,2025-12-20,2025-12-28,2025-12-28,1423,4746.0,Recibida
OC-001338,PR35,P0148,BOD-BOG,2025-12-20,2025-12-27,2025-12-27,204,6214.0,Recibida
OC-001339,PR17,P0163,BOD-BOG,2025-12-20,2025-12-25,2025-12-25,469,11261.0,Recibida
OC-001340,PR17,P0167,BOD-BOG,2025-12-20,2025-12-25,2025-12-25,484,12696.0,Recibida
OC-001341,PR05,P0174,BOD-BOG,2025-12-20,2025-12-26,2025-12-26,237,4949.0,Recibida
OC-001342,PR18,P0179,BOD-BOG,2025-12-20,2025-12-26,2025-12-26,343,14989.0,Recibida
OC-001343,PR18,P0185,BOD-BOG,2025-12-20,2025-12-26,2025-12-26,499,39082.0,Recibida
OC-001344,PR19,P0192,BOD-MDE,2025-12-20,2025-12-26,2025-12-26,87,7781.0,Recibida
OC-001345,PR25,P0028,BOD-BOG,2025-12-21,2025-12-28,2025-12-28,908,16379.0,Recibida
OC-001346,PR13,P0038,BOD-BOG,2025-12-21,2025-12-29,2025-12-29,136,4467.0,Recibida
OC-001347,PR24,P0064,BOD-MDE,2025-12-21,2025-12-30,2025-12-30,146,25233.0,Recibida
OC-001348,PR26,P0081,BOD-MDE,2025-12-21,2025-12-29,2025-12-29,34,19680.0,Recibida
OC-001349,PR34,P0105,BOD-BOG,2025-12-21,2025-12-29,2025-12-29,582,3279.0,Recibida
OC-001350,PR04,P0111,BOD-MDE,2025-12-21,2025-12-26,2025-12-26,666,5424.0,Recibida
OC-001351,PR16,P0124,BOD-MDE,2025-12-21,2025-12-29,2025-12-29,212,7143.0,Recibida
OC-001352,PR35,P0148,BOD-BOG,2025-12-21,2025-12-28,2025-12-28,204,6214.0,Recibida
OC-001353,PR05,P0150,BOD-BOG,2025-12-21,2025-12-27,2025-12-27,392,4857.0,Recibida
OC-001354,PR17,P0151,BOD-MDE,2025-12-21,2025-12-26,2025-12-26,651,24607.0,Recibida
OC-001355,PR15,P0089,BOD-MDE,2025-12-22,2025-12-31,2025-12-31,600,6105.0,Recibida
OC-001356,PR23,P0113,BOD-MDE,2025-12-22,2025-12-30,2025-12-30,510,11978.0,Recibida
OC-001357,PR23,P0116,BOD-BOG,2025-12-22,2025-12-30,2025-12-30,89,9214.0,Recibida
OC-001358,PR16,P0121,BOD-BOG,2025-12-22,2025-12-30,2025-12-30,220,1988.0,Recibida
OC-001359,PR16,P0121,BOD-MDE,2025-12-22,2025-12-30,2025-12-30,244,1988.0,Recibida
OC-001360,PR23,P0125,BOD-MDE,2025-12-22,2025-12-30,2025-12-30,179,1601.0,Recibida
OC-001361,PR23,P0134,BOD-MDE,2025-12-22,2025-12-30,2025-12-30,559,11959.0,Recibida
OC-001362,PR23,P0140,BOD-MDE,2025-12-22,2025-12-30,2025-12-30,240,3255.0,Recibida
OC-001363,PR05,P0146,BOD-MDE,2025-12-22,2025-12-28,2025-12-28,364,17798.0,Recibida
OC-001364,PR18,P0183,BOD-MDE,2025-12-22,2025-12-28,2025-12-28,502,20345.0,Recibida
OC-001365,PR18,P0185,BOD-BOG,2025-12-22,2025-12-28,2025-12-28,681,39082.0,Recibida
OC-001366,PR25,P0013,BOD-BOG,2025-12-23,2025-12-30,2025-12-30,271,42750.0,Recibida
OC-001367,PR20,P0027,BOD-BOG,2025-12-23,2026-01-01,2026-01-01,1000,27389.0,Recibida
OC-001368,PR24,P0034,BOD-MDE,2025-12-23,2026-01-01,2026-01-01,458,4882.0,Recibida
OC-001369,PR13,P0038,BOD-BOG,2025-12-23,2025-12-31,2025-12-31,235,4467.0,Recibida
OC-001370,PR13,P0048,BOD-BOG,2025-12-23,2025-12-31,2025-12-31,514,21415.0,Recibida
OC-001371,PR09,P0052,BOD-MDE,2025-12-23,2025-12-28,2025-12-28,502,7205.0,Recibida
OC-001372,PR34,P0075,BOD-MDE,2025-12-23,2025-12-31,2025-12-31,593,14582.0,Recibida
OC-001373,PR26,P0091,BOD-BOG,2025-12-23,2025-12-31,2025-12-31,197,4345.0,Recibida
OC-001374,PR04,P0123,BOD-MDE,2025-12-23,2025-12-28,2025-12-28,176,3883.0,Recibida
OC-001375,PR04,P0135,BOD-MDE,2025-12-23,2025-12-28,2025-12-28,1002,2835.0,Recibida
OC-001376,PR04,P0141,BOD-MDE,2025-12-23,2025-12-28,2025-12-28,221,1551.0,Recibida
OC-001377,PR17,P0147,BOD-BOG,2025-12-23,2025-12-28,2025-12-28,144,27114.0,Recibida
OC-001378,PR35,P0152,BOD-MDE,2025-12-23,2025-12-30,2025-12-30,116,25428.0,Recibida
OC-001379,PR07,P0176,BOD-MDE,2025-12-23,2025-12-31,2025-12-31,528,18460.0,Recibida
OC-001380,PR18,P0177,BOD-BOG,2025-12-23,2025-12-29,2025-12-29,174,22694.0,Recibida
OC-001381,PR18,P0179,BOD-BOG,2025-12-23,2025-12-29,2025-12-29,405,14989.0,Recibida
OC-001382,PR18,P0181,BOD-BOG,2025-12-23,2025-12-29,2025-12-29,187,59802.0,Recibida
OC-001383,PR18,P0185,BOD-MDE,2025-12-23,2025-12-29,2025-12-29,661,39082.0,Recibida
OC-001384,PR18,P0187,BOD-BOG,2025-12-23,2025-12-29,2025-12-29,267,13650.0,Recibida
OC-001385,PR07,P0188,BOD-MDE,2025-12-23,2025-12-31,2025-12-31,734,18120.0,Recibida
OC-001386,PR06,P0194,BOD-BOG,2025-12-23,2025-12-28,2025-12-28,152,12340.0,Recibida
OC-001387,PR37,P0196,BOD-MDE,2025-12-23,2025-12-28,2025-12-28,68,1133.0,Recibida
OC-001388,PR20,P0002,BOD-BOG,2025-12-24,2026-01-02,2026-01-02,1468,13762.0,Recibida
OC-001389,PR08,P0011,BOD-MDE,2025-12-24,2025-12-29,2025-12-29,1052,14824.0,Recibida
OC-001390,PR25,P0013,BOD-MDE,2025-12-24,2025-12-31,2025-12-31,641,42750.0,Recibida
OC-001391,PR25,P0028,BOD-MDE,2025-12-24,2025-12-31,2025-12-31,586,16379.0,Recibida
OC-001392,PR13,P0038,BOD-MDE,2025-12-24,2026-01-01,2026-01-01,448,4467.0,Recibida
OC-001393,PR09,P0042,BOD-BOG,2025-12-24,2025-12-29,2025-12-29,320,14901.0,Recibida
OC-001394,PR24,P0049,BOD-MDE,2025-12-24,2026-01-02,2026-01-02,216,3041.0,Recibida
OC-001395,PR38,P0050,BOD-MDE,2025-12-24,2025-12-29,2025-12-29,260,18067.0,Recibida
OC-001396,PR38,P0065,BOD-BOG,2025-12-24,2025-12-29,2025-12-29,172,13281.0,Recibida
OC-001397,PR38,P0065,BOD-MDE,2025-12-24,2025-12-29,2025-12-29,268,13281.0,Recibida
OC-001398,PR10,P0077,BOD-BOG,2025-12-24,2026-01-01,2026-01-01,108,3920.0,Recibida
OC-001399,PR10,P0077,BOD-MDE,2025-12-24,2026-01-01,2026-01-01,208,3920.0,Recibida
OC-001400,PR22,P0090,BOD-MDE,2025-12-24,2025-12-31,2025-12-31,341,10182.0,Recibida
OC-001401,PR26,P0091,BOD-MDE,2025-12-24,2026-01-01,2026-01-01,804,4345.0,Recibida
OC-001402,PR34,P0095,BOD-MDE,2025-12-24,2026-01-01,2026-01-01,854,7766.0,Recibida
OC-001403,PR27,P0102,BOD-MDE,2025-12-24,2025-12-29,2025-12-29,100,4497.0,Recibida
OC-001404,PR28,P0103,BOD-MDE,2025-12-24,2026-01-01,2026-01-01,14,7454.0,Recibida
OC-001405,PR04,P0120,BOD-BOG,2025-12-24,2025-12-29,2025-12-29,138,5313.0,Recibida
OC-001406,PR04,P0126,BOD-MDE,2025-12-24,2025-12-29,2025-12-29,266,10471.0,Recibida
OC-001407,PR23,P0128,BOD-BOG,2025-12-24,2026-01-01,2026-01-01,716,2719.0,Recibida
OC-001408,PR04,P0129,BOD-BOG,2025-12-24,2025-12-29,2025-12-29,148,1943.0,Recibida
OC-001409,PR40,P0149,BOD-MDE,2025-12-24,2025-12-30,2025-12-30,76,9187.0,Recibida
OC-001410,PR05,P0150,BOD-MDE,2025-12-24,2025-12-30,2025-12-30,250,4857.0,Recibida
OC-001411,PR05,P0154,BOD-MDE,2025-12-24,2025-12-30,2025-12-30,280,11943.0,Recibida
OC-001412,PR17,P0155,BOD-BOG,2025-12-24,2025-12-29,2025-12-29,723,8009.0,Recibida
OC-001413,PR05,P0166,BOD-MDE,2025-12-24,2025-12-30,2025-12-30,682,8048.0,Recibida
OC-001414,PR07,P0182,BOD-BOG,2025-12-24,2026-01-01,2026-01-01,268,11557.0,Recibida
OC-001415,PR18,P0183,BOD-BOG,2025-12-24,2025-12-30,2025-12-30,203,20345.0,Recibida
OC-001416,PR07,P0184,BOD-BOG,2025-12-24,2026-01-01,2026-01-01,70,11542.0,Recibida
OC-001417,PR09,P0032,BOD-MDE,2025-12-25,2025-12-30,2025-12-30,391,9730.0,Recibida
OC-001418,PR13,P0033,BOD-BOG,2025-12-25,2026-01-02,2026-01-02,374,6086.0,Recibida
OC-001419,PR24,P0049,BOD-MDE,2025-12-25,2026-01-03,2026-01-03,216,3041.0,Recibida
OC-001420,PR24,P0054,BOD-BOG,2025-12-25,2026-01-03,2026-01-03,730,4316.0,Recibida
OC-001421,PR38,P0065,BOD-BOG,2025-12-25,2025-12-30,2025-12-30,172,13281.0,Recibida
OC-001422,PR34,P0085,BOD-MDE,2025-12-25,2026-01-02,2026-01-02,799,9379.0,Recibida
OC-001423,PR27,P0102,BOD-MDE,2025-12-25,2025-12-30,2025-12-30,108,4497.0,Recibida
OC-001424,PR04,P0129,BOD-BOG,2025-12-25,2025-12-30,2025-12-30,148,1943.0,Recibida
OC-001425,PR16,P0130,BOD-BOG,2025-12-25,2026-01-02,2026-01-02,208,2459.0,Recibida
OC-001426,PR05,P0166,BOD-MDE,2025-12-25,2025-12-31,2025-12-31,682,8048.0,Recibida
OC-001427,PR25,P0003,BOD-MDE,2025-12-26,2026-01-02,2026-01-02,298,9414.0,Recibida
OC-001428,PR08,P0006,BOD-BOG,2025-12-26,2025-12-31,2025-12-31,548,9723.0,Recibida
OC-001429,PR20,P0012,BOD-MDE,2025-12-26,2026-01-04,2026-01-04,163,11867.0,Recibida
OC-001430,PR13,P0033,BOD-BOG,2025-12-26,2026-01-03,2026-01-03,544,6086.0,Recibida
OC-001431,PR02,P0036,BOD-MDE,2025-12-26,2026-01-01,2026-01-01,712,10055.0,Recibida
OC-001432,PR38,P0040,BOD-MDE,2025-12-26,2025-12-31,2025-12-31,321,16015.0,Recibida
OC-001433,PR09,P0052,BOD-BOG,2025-12-26,2025-12-31,2025-12-31,544,7205.0,Recibida
OC-001434,PR24,P0059,BOD-MDE,2025-12-26,2026-01-04,2026-01-04,140,3610.0,Recibida
OC-001435,PR38,P0060,BOD-MDE,2025-12-26,2025-12-31,2025-12-31,435,3768.0,Recibida
OC-001436,PR15,P0069,BOD-BOG,2025-12-26,2026-01-04,2026-01-04,1073,3369.0,Recibida
OC-001437,PR15,P0109,BOD-BOG,2025-12-26,2026-01-04,2026-01-04,148,20267.0,Recibida
OC-001438,PR16,P0112,BOD-BOG,2025-12-26,2026-01-03,2026-01-03,541,2380.0,Recibida
OC-001439,PR23,P0122,BOD-BOG,2025-12-26,2026-01-03,2026-01-03,201,5900.0,Recibida
OC-001440,PR17,P0159,BOD-BOG,2025-12-26,2025-12-31,2025-12-31,685,12877.0,Recibida
OC-001441,PR17,P0167,BOD-MDE,2025-12-26,2025-12-31,2025-12-31,786,12696.0,Recibida
OC-001442,PR18,P0183,BOD-BOG,2025-12-26,2026-01-01,2026-01-01,265,20345.0,Recibida
OC-001443,PR07,P0184,BOD-BOG,2025-12-26,2026-01-03,2026-01-03,97,11542.0,Recibida
OC-001444,PR06,P0194,BOD-MDE,2025-12-26,2025-12-31,2025-12-31,216,12340.0,Recibida
OC-001445,PR24,P0039,BOD-BOG,2025-12-27,2026-01-05,2026-01-05,158,20113.0,Recibida
OC-001446,PR09,P0042,BOD-BOG,2025-12-27,2026-01-01,2026-01-01,468,14901.0,Recibida
OC-001447,PR24,P0054,BOD-MDE,2025-12-27,2026-01-05,2026-01-05,662,4316.0,Recibida
OC-001448,PR11,P0108,BOD-BOG,2025-12-27,2026-01-03,2026-01-03,507,14419.0,Recibida
OC-001449,PR04,P0120,BOD-BOG,2025-12-27,2026-01-01,2026-01-01,151,5313.0,Recibida
OC-001450,PR23,P0125,BOD-MDE,2025-12-27,2026-01-04,2026-01-04,287,1601.0,Recibida
OC-001451,PR23,P0131,BOD-MDE,2025-12-27,2026-01-04,2026-01-04,668,1574.0,Recibida
OC-001452,PR17,P0147,BOD-BOG,2025-12-27,2026-01-01,2026-01-01,144,27114.0,Recibida
OC-001453,PR40,P0161,BOD-BOG,2025-12-27,2026-01-02,2026-01-02,334,23075.0,Recibida
OC-001454,PR18,P0181,BOD-BOG,2025-12-27,2026-01-02,2026-01-02,287,59802.0,Recibida
OC-001455,PR18,P0189,BOD-BOG,2025-12-27,2026-01-02,2026-01-02,236,15045.0,Recibida
OC-001456,PR37,P0193,BOD-MDE,2025-12-27,2026-01-01,2026-01-01,313,3044.0,Recibida
OC-001457,PR19,P0198,BOD-BOG,2025-12-27,2026-01-02,2026-01-02,209,1888.0,Recibida
OC-001458,PR24,P0039,BOD-BOG,2025-12-28,2026-01-06,2026-01-06,158,20113.0,Recibida
OC-001459,PR23,P0122,BOD-BOG,2025-12-28,2026-01-05,2026-01-05,288,5900.0,Recibida
OC-001460,PR05,P0158,BOD-BOG,2025-12-28,2026-01-03,2026-01-03,243,8037.0,Recibida
OC-001461,PR35,P0172,BOD-MDE,2025-12-28,2026-01-04,2026-01-04,897,11825.0,Recibida
OC-001462,PR18,P0181,BOD-BOG,2025-12-28,2026-01-03,2026-01-03,339,59802.0,Recibida
OC-001463,PR08,P0001,BOD-MDE,2025-12-29,2026-01-03,2026-01-03,368,30033.0,Recibida
OC-001464,PR31,P0020,BOD-BOG,2025-12-29,2026-01-07,2026-01-07,803,22639.0,Recibida
OC-001465,PR38,P0040,BOD-MDE,2025-12-29,2026-01-03,2026-01-03,524,16015.0,Recibida
OC-001466,PR13,P0058,BOD-BOG,2025-12-29,2026-01-06,2026-01-06,374,19173.0,Recibida
OC-001467,PR02,P0061,BOD-MDE,2025-12-29,2026-01-04,2026-01-04,292,19084.0,Recibida
OC-001468,PR28,P0083,BOD-BOG,2025-12-29,2026-01-06,2026-01-06,513,5432.0,Recibida
OC-001469,PR23,P0137,BOD-MDE,2025-12-29,2026-01-06,2026-01-06,265,1861.0,Recibida
OC-001470,PR06,P0197,BOD-BOG,2025-12-29,2026-01-03,2026-01-03,114,3361.0,Recibida
OC-001471,PR29,P0014,BOD-BOG,2025-12-30,2026-01-06,2026-01-06,161,17815.0,Recibida
OC-001472,PR29,P0014,BOD-MDE,2025-12-30,2026-01-06,2026-01-06,327,17815.0,Recibida
OC-001473,PR08,P0021,BOD-MDE,2025-12-30,2026-01-04,2026-01-04,2382,16607.0,Recibida
OC-001474,PR08,P0026,BOD-MDE,2025-12-30,2026-01-04,2026-01-04,696,20896.0,Recibida
OC-001475,PR13,P0038,BOD-BOG,2025-12-30,2026-01-07,2026-01-07,298,4467.0,Recibida
OC-001476,PR09,P0057,BOD-BOG,2025-12-30,2026-01-04,2026-01-04,532,13296.0,Recibida
OC-001477,PR26,P0071,BOD-MDE,2025-12-30,2026-01-07,2026-01-07,143,13733.0,Recibida
OC-001478,PR03,P0086,BOD-MDE,2025-12-30,2026-01-08,2026-01-08,88,4738.0,Recibida
OC-001479,PR10,P0097,BOD-MDE,2025-12-30,2026-01-07,2026-01-07,985,4307.0,Recibida
OC-001480,PR22,P0100,BOD-MDE,2025-12-30,2026-01-06,2026-01-06,617,13261.0,Recibida
OC-001481,PR27,P0102,BOD-MDE,2025-12-30,2026-01-04,2026-01-04,143,4497.0,Recibida
OC-001482,PR16,P0112,BOD-MDE,2025-12-30,2026-01-07,2026-01-07,431,2380.0,Recibida
OC-001483,PR04,P0114,BOD-MDE,2025-12-30,2026-01-04,2026-01-04,546,1952.0,Recibida
OC-001484,PR04,P0117,BOD-MDE,2025-12-30,2026-01-04,2026-01-04,465,5368.0,Recibida
OC-001485,PR23,P0128,BOD-MDE,2025-12-30,2026-01-07,2026-01-07,834,2719.0,Recibida
OC-001486,PR23,P0134,BOD-BOG,2025-12-30,2026-01-07,2026-01-07,675,11959.0,Recibida
OC-001487,PR04,P0141,BOD-MDE,2025-12-30,2026-01-04,2026-01-04,240,1551.0,Recibida
OC-001488,PR35,P0152,BOD-BOG,2025-12-30,2026-01-06,2026-01-06,335,25428.0,Recibida
OC-001489,PR40,P0165,BOD-MDE,2025-12-30,2026-01-05,2026-01-05,294,20401.0,Recibida
OC-001490,PR35,P0168,BOD-MDE,2025-12-30,2026-01-06,2026-01-06,904,10871.0,Recibida
OC-001491,PR06,P0197,BOD-MDE,2025-12-30,2026-01-04,2026-01-04,50,3361.0,Recibida
OC-001492,PR29,P0004,BOD-BOG,2025-12-31,2026-01-07,2026-01-07,195,24481.0,Recibida
OC-001493,PR31,P0005,BOD-BOG,2025-12-31,2026-01-09,2026-01-09,110,26964.0,Recibida
OC-001494,PR25,P0008,BOD-BOG,2025-12-31,2026-01-07,2026-01-07,362,24240.0,Recibida
OC-001495,PR25,P0018,BOD-BOG,2025-12-31,2026-01-07,2026-01-07,356,14990.0,Recibida
OC-001496,PR24,P0059,BOD-MDE,2025-12-31,2026-01-09,2026-01-09,149,3610.0,Recibida
OC-001497,PR22,P0100,BOD-MDE,2025-12-31,2026-01-07,2026-01-07,607,13261.0,Recibida
OC-001498,PR04,P0120,BOD-MDE,2025-12-31,2026-01-05,2026-01-05,270,5313.0,Recibida
OC-001499,PR05,P0154,BOD-MDE,2025-12-31,2026-01-06,2026-01-06,434,11943.0,Recibida
OC-001500,PR17,P0159,BOD-MDE,2025-12-31,2026-01-05,2026-01-05,921,12877.0,Recibida
OC-001501,PR40,P0165,BOD-BOG,2025-12-31,2026-01-06,2026-01-06,267,20401.0,Recibida
OC-001502,PR07,P0184,BOD-BOG,2025-12-31,2026-01-08,2026-01-08,128,11542.0,Recibida
OC-001503,PR07,P0188,BOD-BOG,2025-12-31,2026-01-08,2026-01-08,263,18120.0,Recibida
OC-001504,PR25,P0003,BOD-BOG,2026-01-01,2026-01-08,2026-01-08,156,9527.0,Recibida
OC-001505,PR08,P0021,BOD-BOG,2026-01-01,2026-01-06,2026-01-06,1664,16738.0,Recibida
OC-001506,PR38,P0060,BOD-BOG,2026-01-01,2026-01-06,2026-01-06,495,3771.0,Recibida
OC-001507,PR22,P0070,BOD-MDE,2026-01-01,2026-01-08,2026-01-08,226,2271.0,Recibida
OC-001508,PR28,P0073,BOD-BOG,2026-01-01,2026-01-09,2026-01-09,736,2130.0,Recibida
OC-001509,PR32,P0074,BOD-MDE,2026-01-01,2026-01-10,2026-01-10,600,16812.0,Recibida
OC-001510,PR28,P0093,BOD-MDE,2026-01-01,2026-01-09,2026-01-09,1002,4307.0,Recibida
OC-001511,PR16,P0115,BOD-BOG,2026-01-01,2026-01-09,2026-01-09,218,4120.0,Recibida
OC-001512,PR04,P0138,BOD-MDE,2026-01-01,2026-01-06,2026-01-06,320,1533.0,Recibida
OC-001513,PR40,P0153,BOD-BOG,2026-01-01,2026-01-07,2026-01-07,558,23099.0,Recibida
OC-001514,PR35,P0164,BOD-BOG,2026-01-01,2026-01-08,2026-01-08,269,8253.0,Recibida
OC-001515,PR17,P0171,BOD-BOG,2026-01-01,2026-01-06,2026-01-06,254,5281.0,Recibida
OC-001516,PR06,P0194,BOD-BOG,2026-01-01,2026-01-06,2026-01-06,235,12372.0,Recibida
OC-001517,PR06,P0200,BOD-BOG,2026-01-01,2026-01-06,2026-01-06,404,4634.0,Recibida
OC-001518,PR29,P0009,BOD-MDE,2026-01-02,2026-01-09,2026-01-09,138,31102.0,Recibida
OC-001519,PR22,P0070,BOD-BOG,2026-01-02,2026-01-09,2026-01-09,172,2271.0,Recibida
OC-001520,PR32,P0084,BOD-MDE,2026-01-02,2026-01-11,2026-01-11,399,3924.0,Recibida
OC-001521,PR22,P0090,BOD-BOG,2026-01-02,2026-01-09,2026-01-09,251,10170.0,Recibida
OC-001522,PR11,P0098,BOD-BOG,2026-01-02,2026-01-09,2026-01-09,603,9956.0,Recibida
OC-001523,PR22,P0100,BOD-BOG,2026-01-02,2026-01-09,2026-01-09,536,13380.0,Recibida
OC-001524,PR16,P0112,BOD-BOG,2026-01-02,2026-01-10,2026-01-10,788,2365.0,Recibida
OC-001525,PR04,P0135,BOD-BOG,2026-01-02,2026-01-07,2026-01-07,1102,2828.0,Recibida
OC-001526,PR16,P0145,BOD-BOG,2026-01-02,2026-01-10,2026-01-10,937,4750.0,Recibida
OC-001527,PR40,P0149,BOD-BOG,2026-01-02,2026-01-08,2026-01-08,28,9256.0,Recibida
OC-001528,PR17,P0151,BOD-MDE,2026-01-02,2026-01-07,2026-01-07,869,24777.0,Recibida
OC-001529,PR37,P0196,BOD-MDE,2026-01-02,2026-01-07,2026-01-07,92,1138.0,Recibida
OC-001530,PR31,P0010,BOD-BOG,2026-01-03,2026-01-12,2026-01-12,197,8516.0,Recibida
OC-001531,PR25,P0018,BOD-MDE,2026-01-03,2026-01-10,2026-01-10,210,15225.0,Recibida
OC-001532,PR38,P0055,BOD-BOG,2026-01-03,2026-01-08,2026-01-08,527,9723.0,Recibida
OC-001533,PR02,P0061,BOD-MDE,2026-01-03,2026-01-09,2026-01-09,432,18933.0,Recibida
OC-001534,PR15,P0069,BOD-MDE,2026-01-03,2026-01-12,2026-01-12,1065,3382.0,Recibida
OC-001535,PR10,P0087,BOD-BOG,2026-01-03,2026-01-11,2026-01-11,291,4244.0,Recibida
OC-001536,PR11,P0088,BOD-BOG,2026-01-03,2026-01-10,2026-01-10,403,20008.0,Recibida
OC-001537,PR04,P0126,BOD-BOG,2026-01-03,2026-01-08,2026-01-08,172,10570.0,Recibida
OC-001538,PR16,P0136,BOD-MDE,2026-01-03,2026-01-11,2026-01-11,371,8645.0,Recibida
OC-001539,PR40,P0149,BOD-BOG,2026-01-03,2026-01-09,2026-01-09,28,9256.0,Recibida
OC-001540,PR05,P0170,BOD-BOG,2026-01-03,2026-01-09,2026-01-09,119,24894.0,Recibida
OC-001541,PR29,P0004,BOD-BOG,2026-01-04,2026-01-11,2026-01-11,324,24466.0,Recibida
OC-001542,PR25,P0013,BOD-BOG,2026-01-04,2026-01-11,2026-01-11,336,42951.0,Recibida
OC-001543,PR13,P0063,BOD-MDE,2026-01-04,2026-01-12,2026-01-12,229,3216.0,Recibida
OC-001544,PR23,P0119,BOD-MDE,2026-01-04,2026-01-12,2026-01-12,2070,11687.0,Recibida
OC-001545,PR19,P0198,BOD-MDE,2026-01-04,2026-01-10,2026-01-10,161,1879.0,Recibida
OC-001546,PR25,P0023,BOD-BOG,2026-01-05,2026-01-12,2026-01-12,301,16084.0,Recibida
OC-001547,PR02,P0031,BOD-BOG,2026-01-05,2026-01-11,2026-01-11,796,11102.0,Recibida
OC-001548,PR24,P0059,BOD-BOG,2026-01-05,2026-01-14,2026-01-14,152,3618.0,Recibida
OC-001549,PR16,P0121,BOD-MDE,2026-01-05,2026-01-13,2026-01-13,384,1995.0,Recibida
OC-001550,PR19,P0198,BOD-BOG,2026-01-05,2026-01-11,2026-01-11,274,1879.0,Recibida
OC-001551,PR37,P0199,BOD-BOG,2026-01-05,2026-01-10,2026-01-10,112,1404.0,Recibida
OC-001552,PR20,P0012,BOD-MDE,2026-01-06,2026-01-15,2026-01-15,238,11823.0,Recibida
OC-001553,PR09,P0037,BOD-MDE,2026-01-06,2026-01-11,2026-01-11,663,6151.0,Recibida
OC-001554,PR23,P0116,BOD-BOG,2026-01-06,2026-01-14,2026-01-14,94,9108.0,Recibida
OC-001555,PR07,P0176,BOD-BOG,2026-01-06,2026-01-14,2026-01-14,472,18432.0,Recibida
OC-001556,PR07,P0178,BOD-BOG,2026-01-06,2026-01-14,2026-01-14,199,16071.0,Recibida
OC-001557,PR07,P0188,BOD-BOG,2026-01-06,2026-01-14,2026-01-14,387,18231.0,Recibida
OC-001558,PR15,P0099,BOD-BOG,2026-01-07,2026-01-16,2026-01-16,1457,3133.0,Recibida
OC-001559,PR06,P0200,BOD-MDE,2026-01-07,2026-01-12,2026-01-12,638,4634.0,Recibida
OC-001560,PR20,P0017,BOD-MDE,2026-01-08,2026-01-17,2026-01-17,906,19796.0,Recibida
OC-001561,PR13,P0048,BOD-MDE,2026-01-08,2026-01-16,2026-01-16,283,21351.0,Recibida
OC-001562,PR38,P0050,BOD-BOG,2026-01-08,2026-01-13,2026-01-13,69,18049.0,Recibida
OC-001563,PR02,P0051,BOD-MDE,2026-01-08,2026-01-14,2026-01-14,301,16247.0,Recibida
OC-001564,PR10,P0077,BOD-BOG,2026-01-08,2026-01-16,2026-01-16,144,3907.0,Recibida
OC-001565,PR23,P0113,BOD-BOG,2026-01-08,2026-01-16,2026-01-16,514,11942.0,Recibida
OC-001566,PR16,P0121,BOD-BOG,2026-01-08,2026-01-16,2026-01-16,329,1995.0,Recibida
OC-001567,PR23,P0131,BOD-BOG,2026-01-08,2026-01-16,2026-01-16,413,1594.0,Recibida
OC-001568,PR23,P0137,BOD-BOG,2026-01-08,2026-01-16,2026-01-16,356,1861.0,Recibida
OC-001569,PR23,P0143,BOD-MDE,2026-01-08,2026-01-16,2026-01-16,1036,4768.0,Recibida
OC-001570,PR18,P0185,BOD-BOG,2026-01-08,2026-01-14,2026-01-14,895,39716.0,Recibida
OC-001571,PR20,P0002,BOD-MDE,2026-01-09,2026-01-18,2026-01-18,1858,13719.0,Recibida
OC-001572,PR26,P0101,BOD-MDE,2026-01-09,2026-01-17,2026-01-17,136,2456.0,Recibida
OC-001573,PR23,P0137,BOD-BOG,2026-01-09,2026-01-17,2026-01-17,356,1861.0,Recibida
OC-001574,PR23,P0137,BOD-MDE,2026-01-09,2026-01-17,2026-01-17,338,1861.0,Recibida
OC-001575,PR17,P0163,BOD-BOG,2026-01-09,2026-01-14,2026-01-14,661,11235.0,Recibida
OC-001576,PR40,P0169,BOD-BOG,2026-01-09,2026-01-15,2026-01-15,216,9792.0,Recibida
OC-001577,PR18,P0183,BOD-BOG,2026-01-09,2026-01-15,2026-01-15,395,20391.0,Recibida
OC-001578,PR37,P0193,BOD-MDE,2026-01-09,2026-01-14,2026-01-14,418,3040.0,Recibida
OC-001579,PR25,P0023,BOD-MDE,2026-01-10,2026-01-17,2026-01-17,368,16084.0,Recibida
OC-001580,PR13,P0038,BOD-BOG,2026-01-10,2026-01-18,2026-01-18,471,4424.0,Recibida
OC-001581,PR13,P0063,BOD-BOG,2026-01-10,2026-01-18,2026-01-18,162,3216.0,Recibida
OC-001582,PR26,P0071,BOD-BOG,2026-01-10,2026-01-18,2026-01-18,210,13820.0,Recibida
OC-001583,PR26,P0101,BOD-MDE,2026-01-10,2026-01-18,2026-01-18,163,2456.0,Recibida
OC-001584,PR05,P0154,BOD-BOG,2026-01-10,2026-01-16,2026-01-16,402,11958.0,Recibida
OC-001585,PR40,P0169,BOD-MDE,2026-01-10,2026-01-16,2026-01-16,268,9792.0,Recibida
OC-001586,PR17,P0175,BOD-MDE,2026-01-10,2026-01-15,2026-01-15,879,5888.0,Recibida
OC-001587,PR18,P0185,BOD-MDE,2026-01-10,2026-01-16,2026-01-16,829,39716.0,Recibida
OC-001588,PR04,P0120,BOD-BOG,2026-01-11,2026-01-16,2026-01-16,222,5298.0,Recibida
OC-001589,PR25,P0013,BOD-MDE,2026-01-12,2026-01-19,2026-01-19,836,42951.0,Recibida
OC-001590,PR11,P0108,BOD-MDE,2026-01-12,2026-01-19,2026-01-19,669,14463.0,Recibida
OC-001591,PR37,P0193,BOD-BOG,2026-01-12,2026-01-17,2026-01-17,468,3040.0,Recibida
OC-001592,PR29,P0019,BOD-BOG,2026-01-13,2026-01-20,2026-01-20,261,8797.0,Recibida
OC-001593,PR31,P0020,BOD-BOG,2026-01-13,2026-01-22,2026-01-22,1000,22805.0,Recibida
OC-001594,PR38,P0035,BOD-BOG,2026-01-13,2026-01-18,2026-01-18,310,5216.0,Recibida
OC-001595,PR34,P0085,BOD-BOG,2026-01-13,2026-01-21,2026-01-21,285,9458.0,Recibida
OC-001596,PR32,P0104,BOD-BOG,2026-01-13,2026-01-22,2026-01-22,285,5268.0,Recibida
OC-001597,PR15,P0109,BOD-MDE,2026-01-13,2026-01-22,2026-01-22,472,20397.0,Recibida
OC-001598,PR08,P0011,BOD-BOG,2026-01-14,2026-01-19,2026-01-19,820,14836.0,Recibida
OC-001599,PR24,P0039,BOD-BOG,2026-01-14,2026-01-23,2026-01-23,184,19942.0,Recibida
OC-001600,PR27,P0082,BOD-BOG,2026-01-14,2026-01-19,2026-01-19,423,8184.0,Recibida
OC-001601,PR16,P0121,BOD-BOG,2026-01-14,2026-01-22,2026-01-22,441,1995.0,Recibida
OC-001602,PR35,P0164,BOD-BOG,2026-01-14,2026-01-21,2026-01-21,447,8253.0,Recibida
OC-001603,PR18,P0183,BOD-BOG,2026-01-14,2026-01-20,2026-01-20,534,20391.0,Recibida
OC-001604,PR08,P0016,BOD-BOG,2026-01-15,2026-01-20,2026-01-20,198,44836.0,Recibida
OC-001605,PR08,P0026,BOD-BOG,2026-01-15,2026-01-20,2026-01-20,244,20982.0,Recibida
OC-001606,PR38,P0045,BOD-MDE,2026-01-15,2026-01-20,2026-01-20,162,3900.0,Recibida
OC-001607,PR02,P0046,BOD-BOG,2026-01-15,2026-01-21,2026-01-21,238,5144.0,Recibida
OC-001608,PR04,P0114,BOD-BOG,2026-01-15,2026-01-20,2026-01-20,579,1969.0,Recibida
OC-001609,PR16,P0133,BOD-BOG,2026-01-15,2026-01-23,2026-01-23,218,4644.0,Recibida
OC-001610,PR17,P0167,BOD-BOG,2026-01-15,2026-01-20,2026-01-20,588,12694.0,Recibida
OC-001611,PR29,P0014,BOD-BOG,2026-01-16,2026-01-23,2026-01-23,330,17930.0,Recibida
OC-001612,PR09,P0032,BOD-MDE,2026-01-16,2026-01-21,2026-01-21,510,9659.0,Recibida
OC-001613,PR38,P0055,BOD-MDE,2026-01-16,2026-01-21,2026-01-21,436,9723.0,Recibida
OC-001614,PR38,P0065,BOD-MDE,2026-01-16,2026-01-21,2026-01-21,246,13420.0,Recibida
OC-001615,PR10,P0067,BOD-MDE,2026-01-16,2026-01-24,2026-01-24,562,15816.0,Recibida
OC-001616,PR27,P0072,BOD-MDE,2026-01-16,2026-01-21,2026-01-21,174,4470.0,Recibida
OC-001617,PR22,P0080,BOD-MDE,2026-01-16,2026-01-23,2026-01-23,171,6080.0,Recibida
OC-001618,PR10,P0087,BOD-BOG,2026-01-16,2026-01-24,2026-01-24,402,4244.0,Recibida
OC-001619,PR10,P0097,BOD-BOG,2026-01-16,2026-01-24,2026-01-24,498,4315.0,Recibida
OC-001620,PR07,P0176,BOD-BOG,2026-01-16,2026-01-24,2026-01-24,663,18432.0,Recibida
OC-001621,PR18,P0177,BOD-BOG,2026-01-16,2026-01-22,2026-01-22,260,22763.0,Recibida
OC-001622,PR18,P0181,BOD-MDE,2026-01-16,2026-01-22,2026-01-22,281,60123.0,Recibida
OC-001623,PR18,P0187,BOD-BOG,2026-01-16,2026-01-22,2026-01-22,314,13755.0,Recibida
OC-001624,PR18,P0187,BOD-MDE,2026-01-16,2026-01-22,2026-01-22,395,13755.0,Recibida
OC-001625,PR08,P0006,BOD-BOG,2026-01-17,2026-01-22,2026-01-22,590,9752.0,Recibida
OC-001626,PR29,P0014,BOD-BOG,2026-01-17,2026-01-24,2026-01-24,330,17930.0,Recibida
OC-001627,PR02,P0056,BOD-MDE,2026-01-17,2026-01-23,2026-01-23,610,6448.0,Recibida
OC-001628,PR16,P0112,BOD-MDE,2026-01-17,2026-01-25,2026-01-25,533,2365.0,Recibida
OC-001629,PR04,P0123,BOD-MDE,2026-01-17,2026-01-22,2026-01-22,240,3906.0,Recibida
OC-001630,PR40,P0173,BOD-BOG,2026-01-18,2026-01-24,2026-01-24,223,8724.0,Recibida
OC-001631,PR28,P0073,BOD-MDE,2026-01-19,2026-01-27,2026-01-27,476,2130.0,Recibida
OC-001632,PR13,P0048,BOD-MDE,2026-01-20,2026-01-28,2026-01-28,433,21351.0,Recibida
OC-001633,PR34,P0105,BOD-BOG,2026-01-20,2026-01-28,2026-01-28,583,3267.0,Recibida
OC-001634,PR40,P0153,BOD-BOG,2026-01-20,2026-01-26,2026-01-26,630,23099.0,Recibida
OC-001635,PR05,P0162,BOD-BOG,2026-01-20,2026-01-26,2026-01-26,1591,11989.0,Recibida
OC-001636,PR07,P0184,BOD-BOG,2026-01-20,2026-01-28,2026-01-28,223,11679.0,Recibida
OC-001637,PR20,P0002,BOD-BOG,2026-01-21,2026-01-30,2026-01-30,1466,13719.0,Recibida
OC-001638,PR25,P0008,BOD-MDE,2026-01-21,2026-01-28,2026-01-28,585,24374.0,Recibida
OC-001639,PR38,P0050,BOD-BOG,2026-01-21,2026-01-26,2026-01-26,98,18049.0,Recibida
OC-001640,PR13,P0063,BOD-BOG,2026-01-21,2026-01-29,2026-01-29,217,3216.0,Recibida
OC-001641,PR26,P0081,BOD-MDE,2026-01-21,2026-01-29,2026-01-29,130,19847.0,Recibida
OC-001642,PR37,P0196,BOD-MDE,2026-01-21,2026-01-26,2026-01-26,119,1138.0,Recibida
OC-001643,PR26,P0081,BOD-MDE,2026-01-22,2026-01-30,2026-01-30,130,19847.0,Recibida
OC-001644,PR04,P0114,BOD-MDE,2026-01-22,2026-01-27,2026-01-27,566,1969.0,Recibida
OC-001645,PR16,P0142,BOD-BOG,2026-01-22,2026-01-30,2026-01-30,345,10832.0,Recibida
OC-001646,PR35,P0164,BOD-BOG,2026-01-22,2026-01-29,2026-01-29,521,8253.0,Recibida
OC-001647,PR40,P0173,BOD-MDE,2026-01-22,2026-01-28,2026-01-28,242,8724.0,Recibida
OC-001648,PR37,P0196,BOD-BOG,2026-01-22,2026-01-27,2026-01-27,108,1138.0,Recibida
OC-001649,PR20,P0017,BOD-BOG,2026-01-23,2026-02-01,2026-02-01,583,19796.0,Recibida
OC-001650,PR22,P0070,BOD-BOG,2026-01-23,2026-01-30,2026-01-30,170,2271.0,Recibida
OC-001651,PR03,P0076,BOD-MDE,2026-01-23,2026-02-01,2026-02-01,256,3987.0,Recibida
OC-001652,PR11,P0108,BOD-MDE,2026-01-23,2026-01-30,2026-01-30,740,14463.0,Recibida
OC-001653,PR04,P0111,BOD-BOG,2026-01-23,2026-01-28,2026-01-28,475,5484.0,Recibida
OC-001654,PR23,P0119,BOD-BOG,2026-01-23,2026-01-31,2026-01-31,1563,11687.0,Recibida
OC-001655,PR17,P0151,BOD-BOG,2026-01-23,2026-01-28,2026-01-28,150,24777.0,Recibida
OC-001656,PR04,P0138,BOD-BOG,2026-01-24,2026-01-29,2026-01-29,282,1533.0,Recibida
OC-001657,PR04,P0144,BOD-MDE,2026-01-24,2026-01-29,2026-01-29,106,2267.0,Recibida
OC-001658,PR17,P0151,BOD-BOG,2026-01-24,2026-01-29,2026-01-29,228,24777.0,Recibida
OC-001659,PR17,P0175,BOD-BOG,2026-01-24,2026-01-29,2026-01-29,547,5888.0,Recibida
OC-001660,PR29,P0029,BOD-MDE,2026-01-25,2026-02-01,2026-02-01,85,21949.0,Recibida
OC-001661,PR27,P0072,BOD-BOG,2026-01-25,2026-01-30,2026-01-30,260,4470.0,Recibida
OC-001662,PR27,P0092,BOD-BOG,2026-01-25,2026-01-30,2026-01-30,278,8549.0,Recibida
OC-001663,PR20,P0022,BOD-BOG,2026-01-26,2026-02-04,2026-02-04,296,22681.0,Recibida
OC-001664,PR09,P0037,BOD-MDE,2026-01-26,2026-01-31,2026-01-31,742,6151.0,Recibida
OC-001665,PR02,P0041,BOD-BOG,2026-01-26,2026-02-01,2026-02-01,246,3647.0,Recibida
OC-001666,PR09,P0057,BOD-MDE,2026-01-26,2026-01-31,2026-01-31,340,13343.0,Recibida
OC-001667,PR34,P0085,BOD-BOG,2026-01-26,2026-02-03,2026-02-03,371,9458.0,Recibida
OC-001668,PR22,P0100,BOD-MDE,2026-01-26,2026-02-02,2026-02-02,744,13380.0,Recibida
OC-001669,PR23,P0122,BOD-MDE,2026-01-26,2026-02-03,2026-02-03,336,5909.0,Recibida
OC-001670,PR07,P0190,BOD-BOG,2026-01-26,2026-02-03,2026-02-03,226,39317.0,Recibida
OC-001671,PR08,P0016,BOD-MDE,2026-01-27,2026-02-01,2026-02-01,135,44836.0,Recibida
OC-001672,PR31,P0020,BOD-MDE,2026-01-27,2026-02-05,2026-02-05,517,22805.0,Recibida
OC-001673,PR29,P0024,BOD-BOG,2026-01-27,2026-02-03,2026-02-03,155,57604.0,Recibida
OC-001674,PR02,P0031,BOD-MDE,2026-01-27,2026-02-02,2026-02-02,719,11102.0,Recibida
OC-001675,PR38,P0040,BOD-MDE,2026-01-27,2026-02-01,2026-02-01,501,15897.0,Recibida
OC-001676,PR02,P0056,BOD-BOG,2026-01-27,2026-02-02,2026-02-02,391,6448.0,Recibida
OC-001677,PR02,P0061,BOD-MDE,2026-01-27,2026-02-02,2026-02-02,566,18933.0,Recibida
OC-001678,PR13,P0063,BOD-MDE,2026-01-27,2026-02-04,2026-02-04,306,3216.0,Recibida
OC-001679,PR38,P0065,BOD-BOG,2026-01-27,2026-02-01,2026-02-01,186,13420.0,Recibida
OC-001680,PR03,P0076,BOD-MDE,2026-01-27,2026-02-05,2026-02-05,443,3987.0,Recibida
OC-001681,PR35,P0148,BOD-MDE,2026-01-27,2026-02-03,2026-02-03,188,6205.0,Recibida
OC-001682,PR40,P0149,BOD-MDE,2026-01-27,2026-02-02,2026-02-02,140,9256.0,Recibida
OC-001683,PR40,P0157,BOD-BOG,2026-01-27,2026-02-02,2026-02-02,1130,22732.0,Recibida
OC-001684,PR40,P0157,BOD-MDE,2026-01-27,2026-02-02,2026-02-02,1402,22732.0,Recibida
OC-001685,PR07,P0184,BOD-MDE,2026-01-27,2026-02-04,2026-02-04,80,11679.0,Recibida
OC-001686,PR07,P0184,BOD-MDE,2026-01-28,2026-02-05,2026-02-05,80,11679.0,Recibida
OC-001687,PR25,P0013,BOD-BOG,2026-01-29,2026-02-05,2026-02-05,402,42951.0,Recibida
OC-001688,PR29,P0019,BOD-BOG,2026-01-29,2026-02-05,2026-02-05,302,8797.0,Recibida
OC-001689,PR38,P0035,BOD-BOG,2026-01-29,2026-02-03,2026-02-03,378,5216.0,Recibida
OC-001690,PR03,P0066,BOD-MDE,2026-01-29,2026-02-07,2026-02-07,238,17112.0,Recibida
OC-001691,PR23,P0128,BOD-BOG,2026-01-29,2026-02-06,2026-02-06,710,2726.0,Recibida
OC-001692,PR04,P0138,BOD-MDE,2026-01-29,2026-02-03,2026-02-03,418,1533.0,Recibida
OC-001693,PR24,P0064,BOD-BOG,2026-01-30,2026-02-08,2026-02-08,90,25332.0,Recibida
OC-001694,PR22,P0070,BOD-BOG,2026-01-30,2026-02-06,2026-02-06,215,2271.0,Recibida
OC-001695,PR32,P0094,BOD-BOG,2026-01-30,2026-02-08,2026-02-08,156,3114.0,Recibida
OC-001696,PR27,P0102,BOD-MDE,2026-01-30,2026-02-04,2026-02-04,266,4494.0,Recibida
OC-001697,PR16,P0115,BOD-MDE,2026-01-30,2026-02-07,2026-02-07,108,4120.0,Recibida
OC-001698,PR16,P0142,BOD-BOG,2026-01-30,2026-02-07,2026-02-07,513,10832.0,Recibida
OC-001699,PR17,P0171,BOD-MDE,2026-01-30,2026-02-04,2026-02-04,210,5281.0,Recibida
OC-001700,PR06,P0191,BOD-MDE,2026-01-30,2026-02-04,2026-02-04,310,5056.0,Recibida
OC-001701,PR06,P0200,BOD-BOG,2026-01-30,2026-02-04,2026-02-04,424,4634.0,Recibida
OC-001702,PR34,P0075,BOD-MDE,2026-01-31,2026-02-08,2026-02-08,472,14612.0,Recibida
OC-001703,PR10,P0107,BOD-BOG,2026-01-31,2026-02-08,2026-02-08,842,4181.0,Recibida
OC-001704,PR23,P0122,BOD-BOG,2026-01-31,2026-02-08,2026-02-08,240,5909.0,Recibida
OC-001705,PR04,P0135,BOD-BOG,2026-01-31,2026-02-05,2026-02-05,1071,2828.0,Recibida
OC-001706,PR17,P0155,BOD-MDE,2026-01-31,2026-02-05,2026-02-05,565,8114.0,Recibida
OC-001707,PR05,P0158,BOD-MDE,2026-01-31,2026-02-06,2026-02-06,110,8050.0,Recibida
OC-001708,PR37,P0199,BOD-MDE,2026-01-31,2026-02-05,2026-02-05,132,1404.0,Recibida
OC-001709,PR10,P0087,BOD-MDE,2026-02-01,2026-02-09,2026-02-09,373,4293.0,Recibida
OC-001710,PR24,P0044,BOD-BOG,2026-02-02,2026-02-11,2026-02-11,173,4483.0,Recibida
OC-001711,PR38,P0050,BOD-BOG,2026-02-02,2026-02-07,2026-02-07,120,18137.0,Recibida
OC-001712,PR16,P0115,BOD-MDE,2026-02-02,2026-02-10,2026-02-10,146,4159.0,Recibida
OC-001713,PR31,P0025,BOD-BOG,2026-02-03,2026-02-12,2026-02-12,317,14257.0,Recibida
OC-001714,PR20,P0027,BOD-MDE,2026-02-03,2026-02-12,2026-02-12,546,27786.0,Recibida
OC-001715,PR11,P0108,BOD-BOG,2026-02-03,2026-02-10,2026-02-10,379,14543.0,Recibida
OC-001716,PR20,P0017,BOD-BOG,2026-02-04,2026-02-13,2026-02-13,841,19932.0,Recibida
OC-001717,PR31,P0020,BOD-MDE,2026-02-04,2026-02-13,2026-02-13,780,23055.0,Recibida
OC-001718,PR31,P0025,BOD-MDE,2026-02-04,2026-02-13,2026-02-13,497,14257.0,Recibida
OC-001719,PR13,P0053,BOD-MDE,2026-02-04,2026-02-12,2026-02-12,270,17502.0,Recibida
OC-001720,PR26,P0081,BOD-MDE,2026-02-04,2026-02-12,2026-02-12,139,19887.0,Recibida
OC-001721,PR04,P0141,BOD-BOG,2026-02-04,2026-02-09,2026-02-09,220,1553.0,Recibida
OC-001722,PR05,P0162,BOD-BOG,2026-02-04,2026-02-10,2026-02-10,2027,11988.0,Recibida
OC-001723,PR08,P0001,BOD-MDE,2026-02-05,2026-02-10,2026-02-10,304,30298.0,Recibida
OC-001724,PR25,P0003,BOD-BOG,2026-02-05,2026-02-12,2026-02-12,170,9596.0,Recibida
OC-001725,PR25,P0008,BOD-BOG,2026-02-05,2026-02-12,2026-02-12,308,24377.0,Recibida
OC-001726,PR31,P0030,BOD-BOG,2026-02-05,2026-02-14,2026-02-14,550,27257.0,Recibida
OC-001727,PR09,P0052,BOD-MDE,2026-02-05,2026-02-10,2026-02-10,378,7284.0,Recibida
OC-001728,PR09,P0057,BOD-MDE,2026-02-05,2026-02-10,2026-02-10,486,13345.0,Recibida
OC-001729,PR15,P0079,BOD-MDE,2026-02-05,2026-02-14,2026-02-14,171,11216.0,Recibida
OC-001730,PR26,P0081,BOD-MDE,2026-02-05,2026-02-13,2026-02-13,192,19887.0,Recibida
OC-001731,PR15,P0089,BOD-BOG,2026-02-05,2026-02-14,2026-02-14,170,6186.0,Recibida
OC-001732,PR32,P0094,BOD-BOG,2026-02-05,2026-02-14,2026-02-14,156,3142.0,Recibida
OC-001733,PR10,P0097,BOD-BOG,2026-02-05,2026-02-13,2026-02-13,536,4341.0,Recibida
OC-001734,PR16,P0112,BOD-BOG,2026-02-05,2026-02-13,2026-02-13,669,2364.0,Recibida
OC-001735,PR04,P0138,BOD-BOG,2026-02-05,2026-02-10,2026-02-10,365,1550.0,Recibida
OC-001736,PR17,P0155,BOD-BOG,2026-02-05,2026-02-10,2026-02-10,745,8165.0,Recibida
OC-001737,PR17,P0159,BOD-BOG,2026-02-05,2026-02-10,2026-02-10,512,12960.0,Recibida
OC-001738,PR05,P0174,BOD-MDE,2026-02-05,2026-02-11,2026-02-11,182,4906.0,Recibida
OC-001739,PR31,P0005,BOD-MDE,2026-02-06,2026-02-15,2026-02-15,184,26919.0,Recibida
OC-001740,PR08,P0016,BOD-MDE,2026-02-06,2026-02-11,2026-02-11,252,44536.0,Recibida
OC-001741,PR20,P0022,BOD-BOG,2026-02-06,2026-02-15,2026-02-15,358,22672.0,Recibida
OC-001742,PR09,P0042,BOD-MDE,2026-02-06,2026-02-11,2026-02-11,396,15016.0,Recibida
OC-001743,PR24,P0049,BOD-BOG,2026-02-06,2026-02-15,2026-02-15,64,3071.0,Recibida
OC-001744,PR02,P0061,BOD-BOG,2026-02-06,2026-02-12,2026-02-12,283,19154.0,Recibida
OC-001745,PR26,P0081,BOD-BOG,2026-02-06,2026-02-14,2026-02-14,160,19887.0,Recibida
OC-001746,PR34,P0095,BOD-BOG,2026-02-06,2026-02-14,2026-02-14,512,7957.0,Recibida
OC-001747,PR15,P0099,BOD-MDE,2026-02-06,2026-02-15,2026-02-15,730,3149.0,Recibida
OC-001748,PR34,P0105,BOD-MDE,2026-02-06,2026-02-14,2026-02-14,562,3284.0,Recibida
OC-001749,PR16,P0112,BOD-MDE,2026-02-06,2026-02-14,2026-02-14,592,2364.0,Recibida
OC-001750,PR23,P0122,BOD-BOG,2026-02-06,2026-02-14,2026-02-14,385,5914.0,Recibida
OC-001751,PR23,P0131,BOD-BOG,2026-02-06,2026-02-14,2026-02-14,497,1595.0,Recibida
OC-001752,PR04,P0144,BOD-MDE,2026-02-06,2026-02-11,2026-02-11,184,2282.0,Recibida
OC-001753,PR16,P0145,BOD-BOG,2026-02-06,2026-02-14,2026-02-14,903,4781.0,Recibida
OC-001754,PR35,P0164,BOD-MDE,2026-02-06,2026-02-13,2026-02-13,228,8310.0,Recibida
OC-001755,PR07,P0180,BOD-MDE,2026-02-06,2026-02-14,2026-02-14,597,57242.0,Recibida
OC-001756,PR07,P0182,BOD-BOG,2026-02-06,2026-02-14,2026-02-14,229,11421.0,Recibida
OC-001757,PR06,P0194,BOD-BOG,2026-02-06,2026-02-11,2026-02-11,248,12293.0,Recibida
OC-001758,PR31,P0005,BOD-MDE,2026-02-07,2026-02-16,2026-02-16,184,26919.0,Recibida
OC-001759,PR31,P0015,BOD-BOG,2026-02-07,2026-02-16,2026-02-16,96,12994.0,Recibida
OC-001760,PR02,P0036,BOD-BOG,2026-02-07,2026-02-13,2026-02-13,330,10261.0,Recibida
OC-001761,PR09,P0042,BOD-MDE,2026-02-07,2026-02-12,2026-02-12,396,15016.0,Recibida
OC-001762,PR09,P0047,BOD-MDE,2026-02-07,2026-02-12,2026-02-12,464,6460.0,Recibida
OC-001763,PR02,P0061,BOD-BOG,2026-02-07,2026-02-13,2026-02-13,376,19154.0,Recibida
OC-001764,PR03,P0076,BOD-BOG,2026-02-07,2026-02-16,2026-02-16,309,4005.0,Recibida
OC-001765,PR11,P0098,BOD-BOG,2026-02-07,2026-02-14,2026-02-14,530,9984.0,Recibida
OC-001766,PR10,P0107,BOD-MDE,2026-02-07,2026-02-15,2026-02-15,519,4203.0,Recibida
OC-001767,PR35,P0172,BOD-BOG,2026-02-07,2026-02-14,2026-02-14,566,12068.0,Recibida
OC-001768,PR18,P0179,BOD-BOG,2026-02-07,2026-02-13,2026-02-13,470,15161.0,Recibida
OC-001769,PR24,P0049,BOD-BOG,2026-02-08,2026-02-17,2026-02-17,90,3071.0,Recibida
OC-001770,PR26,P0091,BOD-BOG,2026-02-08,2026-02-16,2026-02-16,248,4363.0,Recibida
OC-001771,PR25,P0028,BOD-MDE,2026-02-09,2026-02-16,2026-02-16,398,16525.0,Recibida
OC-001772,PR24,P0034,BOD-MDE,2026-02-09,2026-02-18,2026-02-18,381,4906.0,Recibida
OC-001773,PR10,P0067,BOD-MDE,2026-02-09,2026-02-17,2026-02-17,594,15917.0,Recibida
OC-001774,PR22,P0080,BOD-BOG,2026-02-09,2026-02-16,2026-02-16,146,6118.0,Recibida
OC-001775,PR02,P0036,BOD-BOG,2026-02-10,2026-02-16,2026-02-16,507,10261.0,Recibida
OC-001776,PR02,P0051,BOD-BOG,2026-02-10,2026-02-16,2026-02-16,340,16396.0,Recibida
OC-001777,PR29,P0009,BOD-MDE,2026-02-11,2026-02-18,2026-02-18,128,31720.0,Recibida
OC-001778,PR13,P0033,BOD-MDE,2026-02-11,2026-02-19,2026-02-19,273,6157.0,Recibida
OC-001779,PR38,P0045,BOD-BOG,2026-02-11,2026-02-16,2026-02-16,249,3901.0,Recibida
OC-001780,PR15,P0079,BOD-BOG,2026-02-11,2026-02-20,2026-02-20,228,11216.0,Recibida
OC-001781,PR28,P0103,BOD-MDE,2026-02-11,2026-02-19,2026-02-19,88,7549.0,Recibida
OC-001782,PR04,P0111,BOD-BOG,2026-02-11,2026-02-16,2026-02-16,556,5459.0,Recibida
OC-001783,PR37,P0196,BOD-BOG,2026-02-11,2026-02-16,2026-02-16,114,1141.0,Recibida
OC-001784,PR31,P0015,BOD-BOG,2026-02-12,2026-02-21,2026-02-21,108,12994.0,Recibida
OC-001785,PR08,P0026,BOD-BOG,2026-02-12,2026-02-17,2026-02-17,310,21205.0,Recibida
OC-001786,PR10,P0067,BOD-BOG,2026-02-12,2026-02-20,2026-02-20,860,15917.0,Recibida
OC-001787,PR11,P0088,BOD-BOG,2026-02-12,2026-02-19,2026-02-19,375,20159.0,Recibida
OC-001788,PR28,P0103,BOD-MDE,2026-02-12,2026-02-20,2026-02-20,88,7549.0,Recibida
OC-001789,PR16,P0118,BOD-BOG,2026-02-12,2026-02-20,2026-02-20,362,9622.0,Recibida
OC-001790,PR16,P0142,BOD-MDE,2026-02-12,2026-02-20,2026-02-20,459,10892.0,Recibida
OC-001791,PR17,P0163,BOD-MDE,2026-02-12,2026-02-17,2026-02-17,314,11285.0,Recibida
OC-001792,PR17,P0167,BOD-BOG,2026-02-12,2026-02-17,2026-02-17,601,12736.0,Recibida
OC-001793,PR18,P0181,BOD-MDE,2026-02-12,2026-02-18,2026-02-18,306,60325.0,Recibida
OC-001794,PR08,P0006,BOD-MDE,2026-02-13,2026-02-18,2026-02-18,409,9805.0,Recibida
OC-001795,PR20,P0007,BOD-MDE,2026-02-13,2026-02-22,2026-02-22,218,51737.0,Recibida
OC-001796,PR29,P0009,BOD-BOG,2026-02-13,2026-02-20,2026-02-20,344,31720.0,Recibida
OC-001797,PR08,P0011,BOD-BOG,2026-02-13,2026-02-18,2026-02-18,825,14877.0,Recibida
OC-001798,PR29,P0014,BOD-BOG,2026-02-13,2026-02-20,2026-02-20,386,18188.0,Recibida
OC-001799,PR08,P0021,BOD-BOG,2026-02-13,2026-02-18,2026-02-18,1367,16711.0,Recibida
OC-001800,PR24,P0044,BOD-MDE,2026-02-13,2026-02-22,2026-02-22,248,4483.0,Recibida
OC-001801,PR24,P0049,BOD-BOG,2026-02-13,2026-02-22,2026-02-22,168,3071.0,Recibida
OC-001802,PR09,P0052,BOD-MDE,2026-02-13,2026-02-18,2026-02-18,533,7284.0,Recibida
OC-001803,PR38,P0055,BOD-BOG,2026-02-13,2026-02-18,2026-02-18,580,9825.0,Recibida
OC-001804,PR09,P0062,BOD-BOG,2026-02-13,2026-02-18,2026-02-18,144,8727.0,Recibida
OC-001805,PR11,P0088,BOD-BOG,2026-02-13,2026-02-20,2026-02-20,476,20159.0,Recibida
OC-001806,PR15,P0089,BOD-BOG,2026-02-13,2026-02-22,2026-02-22,285,6186.0,Recibida
OC-001807,PR22,P0090,BOD-MDE,2026-02-13,2026-02-20,2026-02-20,266,10244.0,Recibida
OC-001808,PR26,P0091,BOD-BOG,2026-02-13,2026-02-21,2026-02-21,277,4363.0,Recibida
OC-001809,PR23,P0119,BOD-MDE,2026-02-13,2026-02-21,2026-02-21,1855,11644.0,Recibida
OC-001810,PR16,P0127,BOD-BOG,2026-02-13,2026-02-21,2026-02-21,142,4372.0,Recibida
OC-001811,PR05,P0146,BOD-BOG,2026-02-13,2026-02-19,2026-02-19,310,17756.0,Recibida
OC-001812,PR17,P0151,BOD-BOG,2026-02-13,2026-02-18,2026-02-18,289,24881.0,Recibida
OC-001813,PR40,P0161,BOD-MDE,2026-02-13,2026-02-19,2026-02-19,246,23111.0,Recibida
OC-001814,PR05,P0162,BOD-MDE,2026-02-13,2026-02-19,2026-02-19,1732,11988.0,Recibida
OC-001815,PR07,P0184,BOD-BOG,2026-02-13,2026-02-21,2026-02-21,214,11739.0,Recibida
OC-001816,PR06,P0194,BOD-BOG,2026-02-13,2026-02-18,2026-02-18,320,12293.0,Recibida
OC-001817,PR27,P0092,BOD-MDE,2026-02-14,2026-02-19,2026-02-19,246,8570.0,Recibida
OC-001818,PR23,P0113,BOD-BOG,2026-02-14,2026-02-22,2026-02-22,427,12050.0,Recibida
OC-001819,PR16,P0127,BOD-BOG,2026-02-14,2026-02-22,2026-02-22,142,4372.0,Recibida
OC-001820,PR40,P0157,BOD-BOG,2026-02-14,2026-02-20,2026-02-20,1265,22741.0,Recibida
OC-001821,PR35,P0164,BOD-MDE,2026-02-14,2026-02-21,2026-02-21,392,8310.0,Recibida
OC-001822,PR17,P0175,BOD-MDE,2026-02-14,2026-02-19,2026-02-19,894,5863.0,Recibida
OC-001823,PR07,P0176,BOD-MDE,2026-02-14,2026-02-22,2026-02-22,453,18388.0,Recibida
OC-001824,PR07,P0188,BOD-MDE,2026-02-14,2026-02-22,2026-02-22,510,18222.0,Recibida
OC-001825,PR07,P0190,BOD-BOG,2026-02-14,2026-02-22,2026-02-22,226,39386.0,Recibida
OC-001826,PR11,P0088,BOD-MDE,2026-02-15,2026-02-22,2026-02-22,312,20159.0,Recibida
OC-001827,PR11,P0098,BOD-MDE,2026-02-15,2026-02-22,2026-02-22,709,9984.0,Recibida
OC-001828,PR29,P0014,BOD-MDE,2026-02-16,2026-02-23,2026-02-23,239,18188.0,Recibida
OC-001829,PR02,P0046,BOD-BOG,2026-02-16,2026-02-22,2026-02-22,236,5182.0,Recibida
OC-001830,PR40,P0165,BOD-BOG,2026-02-16,2026-02-22,2026-02-22,207,20509.0,Recibida
OC-001831,PR29,P0019,BOD-BOG,2026-02-17,2026-02-24,2026-02-24,417,8862.0,Recibida
OC-001832,PR13,P0033,BOD-BOG,2026-02-17,2026-02-25,2026-02-25,485,6157.0,Recibida
OC-001833,PR09,P0037,BOD-BOG,2026-02-17,2026-02-22,2026-02-22,633,6203.0,Recibida
OC-001834,PR22,P0080,BOD-MDE,2026-02-17,2026-02-24,2026-02-24,199,6118.0,Recibida
OC-001835,PR22,P0090,BOD-BOG,2026-02-17,2026-02-24,2026-02-24,336,10244.0,Recibida
OC-001836,PR32,P0094,BOD-MDE,2026-02-17,2026-02-26,2026-02-26,174,3142.0,Recibida
OC-001837,PR27,P0102,BOD-BOG,2026-02-17,2026-02-22,2026-02-22,44,4519.0,Recibida
OC-001838,PR23,P0122,BOD-BOG,2026-02-17,2026-02-25,2026-02-25,518,5914.0,Recibida
OC-001839,PR04,P0135,BOD-MDE,2026-02-17,2026-02-22,2026-02-22,730,2831.0,Recibida
OC-001840,PR16,P0142,BOD-BOG,2026-02-17,2026-02-25,2026-02-25,672,10892.0,Recibida
OC-001841,PR35,P0148,BOD-BOG,2026-02-17,2026-02-24,2026-02-24,189,6204.0,Recibida
OC-001842,PR35,P0152,BOD-MDE,2026-02-17,2026-02-24,2026-02-24,125,25575.0,Recibida
OC-001843,PR35,P0156,BOD-BOG,2026-02-17,2026-02-24,2026-02-24,162,28006.0,Recibida
OC-001844,PR07,P0190,BOD-BOG,2026-02-17,2026-02-25,2026-02-25,313,39386.0,Recibida
OC-001845,PR37,P0196,BOD-BOG,2026-02-17,2026-02-22,2026-02-22,140,1141.0,Recibida
OC-001846,PR24,P0044,BOD-BOG,2026-02-18,2026-02-27,2026-02-27,232,4483.0,Recibida
OC-001847,PR24,P0049,BOD-BOG,2026-02-18,2026-02-27,2026-02-27,175,3071.0,Recibida
OC-001848,PR03,P0066,BOD-BOG,2026-02-18,2026-02-27,2026-02-27,166,17181.0,Recibida
OC-001849,PR11,P0068,BOD-BOG,2026-02-18,2026-02-25,2026-02-25,110,4313.0,Recibida
OC-001850,PR22,P0090,BOD-BOG,2026-02-18,2026-02-25,2026-02-25,336,10244.0,Recibida
OC-001851,PR28,P0093,BOD-BOG,2026-02-18,2026-02-26,2026-02-26,407,4334.0,Recibida
OC-001852,PR11,P0098,BOD-BOG,2026-02-18,2026-02-25,2026-02-25,794,9984.0,Recibida
OC-001853,PR15,P0099,BOD-BOG,2026-02-18,2026-02-27,2026-02-27,1287,3149.0,Recibida
OC-001854,PR34,P0105,BOD-BOG,2026-02-18,2026-02-26,2026-02-26,683,3284.0,Recibida
OC-001855,PR04,P0126,BOD-BOG,2026-02-18,2026-02-23,2026-02-23,233,10700.0,Recibida
OC-001856,PR23,P0134,BOD-BOG,2026-02-18,2026-02-26,2026-02-26,600,12044.0,Recibida
OC-001857,PR23,P0143,BOD-BOG,2026-02-18,2026-02-26,2026-02-26,567,4798.0,Recibida
OC-001858,PR35,P0160,BOD-MDE,2026-02-18,2026-02-25,2026-02-25,140,11787.0,Recibida
OC-001859,PR07,P0188,BOD-BOG,2026-02-18,2026-02-26,2026-02-26,364,18222.0,Recibida
OC-001860,PR24,P0034,BOD-BOG,2026-02-19,2026-02-28,2026-02-28,343,4906.0,Recibida
OC-001861,PR38,P0065,BOD-BOG,2026-02-19,2026-02-24,2026-02-24,215,13419.0,Recibida
OC-001862,PR22,P0070,BOD-BOG,2026-02-19,2026-02-26,2026-02-26,376,2279.0,Recibida
OC-001863,PR10,P0077,BOD-BOG,2026-02-19,2026-02-27,2026-02-27,104,3928.0,Recibida
OC-001864,PR11,P0078,BOD-BOG,2026-02-19,2026-02-26,2026-02-26,141,13680.0,Recibida
OC-001865,PR32,P0084,BOD-MDE,2026-02-19,2026-02-28,2026-02-28,253,3979.0,Recibida
OC-001866,PR10,P0097,BOD-MDE,2026-02-19,2026-02-27,2026-02-27,740,4341.0,Recibida
OC-001867,PR32,P0104,BOD-BOG,2026-02-19,2026-02-28,2026-02-28,262,5267.0,Recibida
OC-001868,PR15,P0109,BOD-BOG,2026-02-19,2026-02-28,2026-02-28,148,20391.0,Recibida
OC-001869,PR23,P0113,BOD-MDE,2026-02-19,2026-02-27,2026-02-27,389,12050.0,Recibida
OC-001870,PR23,P0116,BOD-BOG,2026-02-19,2026-02-27,2026-02-27,104,9221.0,Recibida
OC-001871,PR16,P0130,BOD-BOG,2026-02-19,2026-02-27,2026-02-27,255,2475.0,Recibida
OC-001872,PR23,P0140,BOD-MDE,2026-02-19,2026-02-27,2026-02-27,244,3277.0,Recibida
OC-001873,PR35,P0152,BOD-BOG,2026-02-19,2026-02-26,2026-02-26,248,25575.0,Recibida
OC-001874,PR40,P0161,BOD-BOG,2026-02-19,2026-02-25,2026-02-25,352,23111.0,Recibida
OC-001875,PR17,P0163,BOD-BOG,2026-02-19,2026-02-24,2026-02-24,615,11285.0,Recibida
OC-001876,PR06,P0194,BOD-MDE,2026-02-19,2026-02-24,2026-02-24,290,12293.0,Recibida
OC-001877,PR02,P0056,BOD-BOG,2026-02-20,2026-02-26,2026-02-26,468,6434.0,Recibida
OC-001878,PR16,P0124,BOD-MDE,2026-02-20,2026-02-28,2026-02-28,207,7249.0,Recibida
OC-001879,PR35,P0152,BOD-MDE,2026-02-20,2026-02-27,2026-02-27,202,25575.0,Recibida
OC-001880,PR40,P0161,BOD-MDE,2026-02-20,2026-02-26,2026-02-26,385,23111.0,Recibida
OC-001881,PR06,P0200,BOD-BOG,2026-02-20,2026-02-25,2026-02-25,556,4680.0,Recibida
OC-001882,PR29,P0024,BOD-BOG,2026-02-21,2026-02-28,2026-02-28,198,57551.0,Recibida
OC-001883,PR09,P0032,BOD-BOG,2026-02-21,2026-02-26,2026-02-26,233,9675.0,Recibida
OC-001884,PR24,P0054,BOD-BOG,2026-02-21,2026-03-02,2026-03-02,518,4393.0,Recibida
OC-001885,PR15,P0079,BOD-BOG,2026-02-21,2026-03-02,2026-03-02,335,11216.0,Recibida
OC-001886,PR15,P0079,BOD-MDE,2026-02-21,2026-03-02,2026-03-02,208,11216.0,Recibida
OC-001887,PR32,P0084,BOD-BOG,2026-02-21,2026-03-02,2026-03-02,791,3979.0,Recibida
OC-001888,PR11,P0088,BOD-BOG,2026-02-21,2026-02-28,2026-02-28,711,20159.0,Recibida
OC-001889,PR22,P0110,BOD-BOG,2026-02-21,2026-02-28,2026-02-28,160,9617.0,Recibida
OC-001890,PR05,P0150,BOD-MDE,2026-02-21,2026-02-27,2026-02-27,202,4884.0,Recibida
OC-001891,PR17,P0155,BOD-MDE,2026-02-21,2026-02-26,2026-02-26,602,8165.0,Recibida
OC-001892,PR17,P0175,BOD-BOG,2026-02-21,2026-02-26,2026-02-26,613,5863.0,Recibida
OC-001893,PR19,P0195,BOD-BOG,2026-02-21,2026-02-27,2026-02-27,207,1137.0,Recibida
OC-001894,PR06,P0200,BOD-BOG,2026-02-21,2026-02-26,2026-02-26,781,4680.0,Recibida
OC-001895,PR38,P0045,BOD-MDE,2026-02-22,2026-02-27,2026-02-27,200,3901.0,Recibida
OC-001896,PR15,P0089,BOD-BOG,2026-02-22,2026-03-03,2026-03-03,362,6186.0,Recibida
OC-001897,PR11,P0098,BOD-BOG,2026-02-22,2026-03-01,2026-03-01,1035,9984.0,Recibida
OC-001898,PR03,P0106,BOD-BOG,2026-02-22,2026-03-03,2026-03-03,168,13440.0,Recibida
OC-001899,PR07,P0186,BOD-MDE,2026-02-22,2026-03-02,2026-03-02,239,19570.0,Recibida
OC-001900,PR18,P0187,BOD-BOG,2026-02-22,2026-02-28,2026-02-28,388,13733.0,Recibida
OC-001901,PR25,P0013,BOD-BOG,2026-02-23,2026-03-02,2026-03-02,395,43147.0,Recibida
OC-001902,PR09,P0052,BOD-BOG,2026-02-23,2026-02-28,2026-02-28,401,7284.0,Recibida
OC-001903,PR11,P0078,BOD-MDE,2026-02-23,2026-03-02,2026-03-02,122,13680.0,Recibida
OC-001904,PR04,P0117,BOD-BOG,2026-02-23,2026-02-28,2026-02-28,202,5364.0,Recibida
OC-001905,PR04,P0129,BOD-MDE,2026-02-23,2026-02-28,2026-02-28,330,1956.0,Recibida
OC-001906,PR20,P0002,BOD-BOG,2026-02-24,2026-03-05,2026-03-05,1400,13860.0,Recibida
OC-001907,PR20,P0022,BOD-BOG,2026-02-24,2026-03-05,2026-03-05,526,22672.0,Recibida
OC-001908,PR38,P0060,BOD-BOG,2026-02-24,2026-03-01,2026-03-01,403,3754.0,Recibida
OC-001909,PR34,P0095,BOD-BOG,2026-02-24,2026-03-04,2026-03-04,646,7957.0,Recibida
OC-001910,PR04,P0129,BOD-MDE,2026-02-24,2026-03-01,2026-03-01,330,1956.0,Recibida
OC-001911,PR04,P0138,BOD-BOG,2026-02-24,2026-03-01,2026-03-01,460,1550.0,Recibida
OC-001912,PR35,P0172,BOD-BOG,2026-02-24,2026-03-03,2026-03-03,765,12068.0,Recibida
OC-001913,PR31,P0005,BOD-MDE,2026-02-25,2026-03-06,2026-03-06,246,26919.0,Recibida
OC-001914,PR09,P0032,BOD-BOG,2026-02-25,2026-03-02,2026-03-02,296,9675.0,Recibida
OC-001915,PR26,P0071,BOD-MDE,2026-02-25,2026-03-05,2026-03-05,118,14004.0,Recibida
OC-001916,PR10,P0097,BOD-BOG,2026-02-25,2026-03-05,2026-03-05,662,4341.0,Recibida
OC-001917,PR32,P0104,BOD-BOG,2026-02-25,2026-03-06,2026-03-06,330,5267.0,Recibida
OC-001918,PR35,P0168,BOD-BOG,2026-02-25,2026-03-04,2026-03-04,736,10888.0,Recibida
OC-001919,PR40,P0173,BOD-MDE,2026-02-25,2026-03-03,2026-03-03,210,8776.0,Recibida
OC-001920,PR07,P0186,BOD-MDE,2026-02-25,2026-03-05,2026-03-05,395,19570.0,Recibida
OC-001921,PR18,P0187,BOD-BOG,2026-02-25,2026-03-03,2026-03-03,431,13733.0,Recibida
OC-001922,PR20,P0022,BOD-MDE,2026-02-26,2026-03-07,2026-03-07,396,22672.0,Recibida
OC-001923,PR24,P0049,BOD-BOG,2026-02-26,2026-03-07,2026-03-07,258,3071.0,Recibida
OC-001924,PR04,P0111,BOD-MDE,2026-02-26,2026-03-03,2026-03-03,428,5459.0,Recibida
OC-001925,PR04,P0117,BOD-BOG,2026-02-26,2026-03-03,2026-03-03,254,5364.0,Recibida
OC-001926,PR04,P0141,BOD-BOG,2026-02-26,2026-03-03,2026-03-03,287,1553.0,Recibida
OC-001927,PR16,P0142,BOD-MDE,2026-02-26,2026-03-06,2026-03-06,636,10892.0,Recibida
OC-001928,PR35,P0160,BOD-MDE,2026-02-26,2026-03-05,2026-03-05,200,11787.0,Recibida
OC-001929,PR07,P0180,BOD-BOG,2026-02-26,2026-03-06,2026-03-06,351,57242.0,Recibida
OC-001930,PR07,P0186,BOD-BOG,2026-02-26,2026-03-06,2026-03-06,240,19570.0,Recibida
OC-001931,PR08,P0016,BOD-MDE,2026-02-27,2026-03-04,2026-03-04,252,44536.0,Recibida
OC-001932,PR29,P0019,BOD-MDE,2026-02-27,2026-03-06,2026-03-06,346,8862.0,Recibida
OC-001933,PR08,P0021,BOD-MDE,2026-02-27,2026-03-04,2026-03-04,1462,16711.0,Recibida
OC-001934,PR25,P0023,BOD-BOG,2026-02-27,2026-03-06,2026-03-06,213,16211.0,Recibida
OC-001935,PR38,P0040,BOD-BOG,2026-02-27,2026-03-04,2026-03-04,513,16066.0,Recibida
OC-001936,PR02,P0046,BOD-BOG,2026-02-27,2026-03-05,2026-03-05,361,5182.0,Recibida
OC-001937,PR22,P0080,BOD-BOG,2026-02-27,2026-03-06,2026-03-06,221,6118.0,Recibida
OC-001938,PR28,P0083,BOD-MDE,2026-02-27,2026-03-07,2026-03-07,351,5439.0,Recibida
OC-001939,PR32,P0084,BOD-MDE,2026-02-27,2026-03-08,2026-03-08,429,3979.0,Recibida
OC-001940,PR11,P0088,BOD-MDE,2026-02-27,2026-03-06,2026-03-06,421,20159.0,Recibida
OC-001941,PR34,P0095,BOD-MDE,2026-02-27,2026-03-07,2026-03-07,770,7957.0,Recibida
OC-001942,PR22,P0100,BOD-BOG,2026-02-27,2026-03-06,2026-03-06,368,13434.0,Recibida
OC-001943,PR04,P0111,BOD-BOG,2026-02-27,2026-03-04,2026-03-04,739,5459.0,Recibida
OC-001944,PR23,P0119,BOD-BOG,2026-02-27,2026-03-07,2026-03-07,1359,11644.0,Recibida
OC-001945,PR04,P0126,BOD-MDE,2026-02-27,2026-03-04,2026-03-04,237,10700.0,Recibida
OC-001946,PR40,P0157,BOD-MDE,2026-02-27,2026-03-05,2026-03-05,1456,22741.0,Recibida
OC-001947,PR40,P0165,BOD-BOG,2026-02-27,2026-03-05,2026-03-05,276,20509.0,Recibida
OC-001948,PR07,P0180,BOD-MDE,2026-02-27,2026-03-07,2026-03-07,688,57242.0,Recibida
OC-001949,PR18,P0185,BOD-BOG,2026-02-27,2026-03-05,2026-03-05,812,39261.0,Recibida
OC-001950,PR07,P0190,BOD-BOG,2026-02-27,2026-03-07,2026-03-07,382,39386.0,Recibida
OC-001951,PR19,P0192,BOD-MDE,2026-02-27,2026-03-05,2026-03-05,80,7882.0,Recibida
OC-001952,PR19,P0195,BOD-MDE,2026-02-27,2026-03-05,2026-03-05,135,1137.0,Recibida
OC-001953,PR29,P0019,BOD-MDE,2026-02-28,2026-03-07,2026-03-07,379,8862.0,Recibida
OC-001954,PR02,P0056,BOD-MDE,2026-02-28,2026-03-06,2026-03-06,448,6434.0,Recibida
OC-001955,PR32,P0074,BOD-BOG,2026-02-28,2026-03-09,2026-03-09,356,16641.0,Recibida
OC-001956,PR27,P0102,BOD-MDE,2026-02-28,2026-03-05,2026-03-05,266,4519.0,Recibida
OC-001957,PR16,P0112,BOD-MDE,2026-02-28,2026-03-08,2026-03-08,800,2364.0,Recibida
OC-001958,PR16,P0130,BOD-BOG,2026-02-28,2026-03-08,2026-03-08,264,2475.0,Recibida
OC-001959,PR23,P0143,BOD-MDE,2026-02-28,2026-03-08,2026-03-08,870,4798.0,Recibida
OC-001960,PR17,P0167,BOD-MDE,2026-02-28,2026-03-05,2026-03-05,529,12736.0,Recibida
OC-001961,PR20,P0007,BOD-MDE,2026-03-01,2026-03-10,2026-03-10,307,51841.0,Recibida
OC-001962,PR09,P0047,BOD-MDE,2026-03-01,2026-03-06,2026-03-06,517,6521.0,Recibida
OC-001963,PR26,P0091,BOD-BOG,2026-03-01,2026-03-09,2026-03-09,393,4420.0,Recibida
OC-001964,PR28,P0103,BOD-BOG,2026-03-01,2026-03-09,2026-03-09,86,7589.0,Recibida
OC-001965,PR37,P0199,BOD-BOG,2026-03-01,2026-03-06,2026-03-06,123,1416.0,Recibida
OC-001966,PR31,P0025,BOD-BOG,2026-03-02,2026-03-11,2026-03-11,319,14359.0,Recibida
OC-001967,PR28,P0103,BOD-BOG,2026-03-02,2026-03-10,2026-03-10,86,7589.0,Recibida
OC-001968,PR16,P0112,BOD-BOG,2026-03-02,2026-03-10,2026-03-10,697,2365.0,Recibida
OC-001969,PR16,P0145,BOD-BOG,2026-03-02,2026-03-10,2026-03-10,996,4758.0,Recibida
OC-001970,PR05,P0170,BOD-BOG,2026-03-02,2026-03-08,2026-03-08,106,25111.0,Recibida
OC-001971,PR07,P0178,BOD-BOG,2026-03-02,2026-03-10,2026-03-10,153,16079.0,Recibida
OC-001972,PR08,P0001,BOD-BOG,2026-03-03,2026-03-08,2026-03-08,461,30445.0,Recibida
OC-001973,PR29,P0004,BOD-BOG,2026-03-03,2026-03-10,2026-03-10,205,24948.0,Recibida
OC-001974,PR25,P0008,BOD-BOG,2026-03-03,2026-03-10,2026-03-10,416,24492.0,Recibida
OC-001975,PR31,P0030,BOD-MDE,2026-03-03,2026-03-12,2026-03-12,296,27469.0,Recibida
OC-001976,PR24,P0064,BOD-BOG,2026-03-03,2026-03-12,2026-03-12,70,25663.0,Recibida
OC-001977,PR27,P0082,BOD-BOG,2026-03-03,2026-03-08,2026-03-08,285,8290.0,Recibida
OC-001978,PR10,P0087,BOD-MDE,2026-03-03,2026-03-11,2026-03-11,350,4306.0,Recibida
OC-001979,PR03,P0106,BOD-BOG,2026-03-03,2026-03-12,2026-03-12,242,13533.0,Recibida
OC-001980,PR23,P0143,BOD-BOG,2026-03-03,2026-03-11,2026-03-11,737,4816.0,Recibida
OC-001981,PR05,P0170,BOD-BOG,2026-03-03,2026-03-09,2026-03-09,138,25111.0,Recibida
OC-001982,PR37,P0193,BOD-MDE,2026-03-03,2026-03-08,2026-03-08,356,3051.0,Recibida
OC-001983,PR06,P0194,BOD-MDE,2026-03-03,2026-03-08,2026-03-08,318,12128.0,Recibida
OC-001984,PR20,P0027,BOD-BOG,2026-03-04,2026-03-13,2026-03-13,627,27865.0,Recibida
OC-001985,PR25,P0028,BOD-MDE,2026-03-04,2026-03-11,2026-03-11,506,16641.0,Recibida
OC-001986,PR38,P0055,BOD-BOG,2026-03-04,2026-03-09,2026-03-09,580,9822.0,Recibida
OC-001987,PR34,P0075,BOD-BOG,2026-03-04,2026-03-12,2026-03-12,591,14856.0,Recibida
OC-001988,PR11,P0078,BOD-MDE,2026-03-04,2026-03-11,2026-03-11,122,13769.0,Recibida
OC-001989,PR23,P0125,BOD-MDE,2026-03-04,2026-03-12,2026-03-12,186,1620.0,Recibida
OC-001990,PR05,P0146,BOD-MDE,2026-03-04,2026-03-10,2026-03-10,263,17788.0,Recibida
OC-001991,PR07,P0184,BOD-BOG,2026-03-04,2026-03-12,2026-03-12,263,11804.0,Recibida
OC-001992,PR18,P0189,BOD-BOG,2026-03-04,2026-03-10,2026-03-10,155,15334.0,Recibida
OC-001993,PR28,P0073,BOD-BOG,2026-03-05,2026-03-13,2026-03-13,570,2142.0,Recibida
OC-001994,PR34,P0105,BOD-MDE,2026-03-05,2026-03-13,2026-03-13,590,3299.0,Recibida
OC-001995,PR16,P0142,BOD-MDE,2026-03-05,2026-03-13,2026-03-13,891,11009.0,Recibida
OC-001996,PR05,P0154,BOD-BOG,2026-03-05,2026-03-11,2026-03-11,195,12061.0,Recibida
OC-001997,PR40,P0165,BOD-MDE,2026-03-05,2026-03-11,2026-03-11,216,20654.0,Recibida
OC-001998,PR35,P0172,BOD-MDE,2026-03-05,2026-03-12,2026-03-12,477,12122.0,Recibida
OC-001999,PR31,P0015,BOD-BOG,2026-03-06,2026-03-15,2026-03-15,167,13079.0,Recibida
OC-002000,PR08,P0021,BOD-BOG,2026-03-06,2026-03-11,2026-03-11,1788,16732.0,Recibida
OC-002001,PR10,P0077,BOD-BOG,2026-03-06,2026-03-14,2026-03-14,144,3922.0,Recibida
OC-002002,PR34,P0105,BOD-BOG,2026-03-06,2026-03-14,2026-03-14,740,3299.0,Recibida
OC-002003,PR23,P0128,BOD-MDE,2026-03-06,2026-03-14,2026-03-14,564,2745.0,Recibida
OC-002004,PR16,P0139,BOD-BOG,2026-03-06,2026-03-14,2026-03-14,187,7204.0,Recibida
OC-002005,PR40,P0169,BOD-BOG,2026-03-06,2026-03-12,2026-03-12,254,9834.0,Recibida
OC-002006,PR25,P0008,BOD-BOG,2026-03-07,2026-03-14,2026-03-14,549,24492.0,Recibida
OC-002007,PR20,P0017,BOD-BOG,2026-03-07,2026-03-16,2026-03-16,869,19951.0,Recibida
OC-002008,PR29,P0019,BOD-BOG,2026-03-07,2026-03-14,2026-03-14,447,8924.0,Recibida
OC-002009,PR22,P0080,BOD-MDE,2026-03-07,2026-03-14,2026-03-14,258,6178.0,Recibida
OC-002010,PR28,P0083,BOD-MDE,2026-03-07,2026-03-15,2026-03-15,443,5446.0,Recibida
OC-002011,PR16,P0118,BOD-MDE,2026-03-07,2026-03-15,2026-03-15,493,9721.0,Recibida
OC-002012,PR04,P0126,BOD-MDE,2026-03-07,2026-03-12,2026-03-12,362,10794.0,Recibida
OC-002013,PR20,P0022,BOD-MDE,2026-03-08,2026-03-17,2026-03-17,555,22766.0,Recibida
OC-002014,PR24,P0034,BOD-MDE,2026-03-08,2026-03-17,2026-03-17,419,4887.0,Recibida
OC-002015,PR02,P0036,BOD-BOG,2026-03-08,2026-03-14,2026-03-14,602,10323.0,Recibida
OC-002016,PR10,P0107,BOD-BOG,2026-03-08,2026-03-16,2026-03-16,813,4242.0,Recibida
OC-002017,PR06,P0191,BOD-BOG,2026-03-08,2026-03-13,2026-03-13,230,5095.0,Recibida
OC-002018,PR32,P0074,BOD-MDE,2026-03-09,2026-03-18,2026-03-18,461,16620.0,Recibida
OC-002019,PR07,P0190,BOD-MDE,2026-03-09,2026-03-17,2026-03-17,140,39752.0,Recibida
OC-002020,PR38,P0035,BOD-MDE,2026-03-10,2026-03-15,2026-03-15,292,5333.0,Recibida
OC-002021,PR27,P0072,BOD-MDE,2026-03-10,2026-03-15,2026-03-15,161,4477.0,Recibida
OC-002022,PR26,P0091,BOD-BOG,2026-03-10,2026-03-18,2026-03-18,542,4420.0,Recibida
OC-002023,PR11,P0108,BOD-MDE,2026-03-10,2026-03-17,2026-03-17,724,14418.0,Recibida
OC-002024,PR04,P0117,BOD-MDE,2026-03-10,2026-03-15,2026-03-15,339,5419.0,Recibida
OC-002025,PR29,P0004,BOD-MDE,2026-03-11,2026-03-18,2026-03-18,242,24948.0,Recibida
OC-002026,PR25,P0018,BOD-MDE,2026-03-11,2026-03-18,2026-03-18,218,15359.0,Recibida
OC-002027,PR38,P0065,BOD-MDE,2026-03-11,2026-03-16,2026-03-16,226,13411.0,Recibida
OC-002028,PR15,P0099,BOD-MDE,2026-03-11,2026-03-20,2026-03-20,690,3183.0,Recibida
OC-002029,PR40,P0153,BOD-BOG,2026-03-11,2026-03-17,2026-03-17,561,23568.0,Recibida
OC-002030,PR40,P0153,BOD-MDE,2026-03-11,2026-03-17,2026-03-17,445,23568.0,Recibida
OC-002031,PR05,P0162,BOD-MDE,2026-03-11,2026-03-17,2026-03-17,2010,11961.0,Recibida
OC-002032,PR17,P0163,BOD-MDE,2026-03-11,2026-03-16,2026-03-16,346,11262.0,Recibida
OC-002033,PR35,P0168,BOD-BOG,2026-03-11,2026-03-18,2026-03-18,976,11078.0,Recibida
OC-002034,PR40,P0173,BOD-BOG,2026-03-11,2026-03-17,2026-03-17,247,8738.0,Recibida
OC-002035,PR18,P0185,BOD-MDE,2026-03-11,2026-03-17,2026-03-17,589,39664.0,Recibida
OC-002036,PR20,P0012,BOD-BOG,2026-03-12,2026-03-21,2026-03-21,70,11983.0,Recibida
OC-002037,PR20,P0027,BOD-MDE,2026-03-12,2026-03-21,2026-03-21,502,27865.0,Recibida
OC-002038,PR09,P0037,BOD-MDE,2026-03-12,2026-03-17,2026-03-17,670,6289.0,Recibida
OC-002039,PR24,P0054,BOD-MDE,2026-03-12,2026-03-21,2026-03-21,455,4376.0,Recibida
OC-002040,PR32,P0074,BOD-BOG,2026-03-12,2026-03-21,2026-03-21,461,16620.0,Recibida
OC-002041,PR34,P0085,BOD-BOG,2026-03-12,2026-03-20,2026-03-20,348,9531.0,Recibida
OC-002042,PR03,P0106,BOD-MDE,2026-03-12,2026-03-21,2026-03-21,129,13533.0,Recibida
OC-002043,PR04,P0135,BOD-MDE,2026-03-12,2026-03-17,2026-03-17,824,2851.0,Recibida
OC-002044,PR16,P0145,BOD-MDE,2026-03-12,2026-03-20,2026-03-20,776,4758.0,Recibida
OC-002045,PR40,P0149,BOD-BOG,2026-03-12,2026-03-18,2026-03-18,56,9220.0,Recibida
OC-002046,PR35,P0152,BOD-MDE,2026-03-12,2026-03-19,2026-03-19,200,25808.0,Recibida
OC-002047,PR18,P0189,BOD-MDE,2026-03-12,2026-03-18,2026-03-18,223,15334.0,Recibida
OC-002048,PR03,P0096,BOD-MDE,2026-03-13,2026-03-22,2026-03-22,216,18088.0,Recibida
OC-002049,PR11,P0108,BOD-BOG,2026-03-13,2026-03-20,2026-03-20,454,14418.0,Recibida
OC-002050,PR16,P0118,BOD-BOG,2026-03-13,2026-03-21,2026-03-21,398,9721.0,Recibida
OC-002051,PR35,P0160,BOD-BOG,2026-03-13,2026-03-20,2026-03-20,206,11957.0,Recibida
OC-002052,PR35,P0168,BOD-MDE,2026-03-13,2026-03-20,2026-03-20,505,11078.0,Recibida
OC-002053,PR07,P0180,BOD-BOG,2026-03-13,2026-03-21,2026-03-21,603,57216.0,Recibida
OC-002054,PR07,P0182,BOD-MDE,2026-03-13,2026-03-21,2026-03-21,204,11499.0,Recibida
OC-002055,PR18,P0187,BOD-MDE,2026-03-13,2026-03-19,2026-03-19,391,13768.0,Recibida
OC-002056,PR31,P0010,BOD-MDE,2026-03-14,2026-03-23,2026-03-23,128,8659.0,Recibida
OC-002057,PR31,P0025,BOD-BOG,2026-03-14,2026-03-23,2026-03-23,397,14359.0,Recibida
OC-002058,PR02,P0046,BOD-BOG,2026-03-14,2026-03-20,2026-03-20,442,5172.0,Recibida
OC-002059,PR03,P0066,BOD-BOG,2026-03-14,2026-03-23,2026-03-23,166,17374.0,Recibida
OC-002060,PR26,P0071,BOD-MDE,2026-03-14,2026-03-22,2026-03-22,146,13968.0,Recibida
OC-002061,PR34,P0075,BOD-MDE,2026-03-14,2026-03-22,2026-03-22,424,14856.0,Recibida
OC-002062,PR10,P0077,BOD-MDE,2026-03-14,2026-03-22,2026-03-22,178,3922.0,Recibida
OC-002063,PR11,P0088,BOD-MDE,2026-03-14,2026-03-21,2026-03-21,563,20220.0,Recibida
OC-002064,PR04,P0117,BOD-BOG,2026-03-14,2026-03-19,2026-03-19,389,5419.0,Recibida
OC-002065,PR18,P0177,BOD-MDE,2026-03-14,2026-03-20,2026-03-20,206,23119.0,Recibida
OC-002066,PR20,P0007,BOD-MDE,2026-03-15,2026-03-24,2026-03-24,446,51841.0,Recibida
OC-002067,PR13,P0033,BOD-MDE,2026-03-15,2026-03-23,2026-03-23,378,6188.0,Recibida
OC-002068,PR24,P0034,BOD-BOG,2026-03-15,2026-03-24,2026-03-24,349,4887.0,Recibida
OC-002069,PR23,P0125,BOD-BOG,2026-03-15,2026-03-23,2026-03-23,124,1620.0,Recibida
OC-002070,PR19,P0195,BOD-MDE,2026-03-15,2026-03-21,2026-03-21,194,1132.0,Recibida
OC-002071,PR37,P0199,BOD-BOG,2026-03-15,2026-03-20,2026-03-20,181,1416.0,Recibida
OC-002072,PR38,P0060,BOD-MDE,2026-03-16,2026-03-21,2026-03-21,236,3774.0,Recibida
OC-002073,PR27,P0102,BOD-BOG,2026-03-16,2026-03-21,2026-03-21,74,4483.0,Recibida
OC-002074,PR16,P0118,BOD-MDE,2026-03-16,2026-03-24,2026-03-24,740,9721.0,Recibida
OC-002075,PR18,P0177,BOD-BOG,2026-03-16,2026-03-22,2026-03-22,178,23119.0,Recibida
OC-002076,PR29,P0009,BOD-MDE,2026-03-17,2026-03-24,2026-03-24,146,32039.0,Recibida
OC-002077,PR31,P0010,BOD-BOG,2026-03-17,2026-03-26,2026-03-26,193,8659.0,Recibida
OC-002078,PR02,P0041,BOD-MDE,2026-03-17,2026-03-23,2026-03-23,204,3649.0,Recibida
OC-002079,PR02,P0061,BOD-BOG,2026-03-17,2026-03-23,2026-03-23,367,19252.0,Recibida
OC-002080,PR15,P0069,BOD-BOG,2026-03-17,2026-03-26,2026-03-26,566,3381.0,Recibida
OC-002081,PR03,P0076,BOD-BOG,2026-03-17,2026-03-26,2026-03-26,271,4032.0,Recibida
OC-002082,PR23,P0131,BOD-MDE,2026-03-17,2026-03-25,2026-03-25,323,1601.0,Recibida
OC-002083,PR04,P0135,BOD-BOG,2026-03-17,2026-03-22,2026-03-22,928,2851.0,Recibida
OC-002084,PR04,P0141,BOD-BOG,2026-03-17,2026-03-22,2026-03-22,440,1567.0,Recibida
OC-002085,PR05,P0158,BOD-MDE,2026-03-17,2026-03-23,2026-03-23,133,8001.0,Recibida
OC-002086,PR08,P0001,BOD-BOG,2026-03-18,2026-03-23,2026-03-23,711,30445.0,Recibida
OC-002087,PR31,P0020,BOD-BOG,2026-03-18,2026-03-27,2026-03-27,700,23177.0,Recibida
OC-002088,PR08,P0021,BOD-MDE,2026-03-18,2026-03-23,2026-03-23,1933,16732.0,Recibida
OC-002089,PR13,P0033,BOD-MDE,2026-03-18,2026-03-26,2026-03-26,411,6188.0,Recibida
OC-002090,PR02,P0036,BOD-MDE,2026-03-18,2026-03-24,2026-03-24,407,10323.0,Recibida
OC-002091,PR03,P0076,BOD-BOG,2026-03-18,2026-03-27,2026-03-27,379,4032.0,Recibida
OC-002092,PR03,P0076,BOD-MDE,2026-03-18,2026-03-27,2026-03-27,318,4032.0,Recibida
OC-002093,PR10,P0087,BOD-MDE,2026-03-18,2026-03-26,2026-03-26,454,4306.0,Recibida
OC-002094,PR16,P0115,BOD-BOG,2026-03-18,2026-03-26,2026-03-26,178,4153.0,Recibida
OC-002095,PR23,P0119,BOD-BOG,2026-03-18,2026-03-26,2026-03-26,1711,11727.0,Recibida
OC-002096,PR23,P0122,BOD-MDE,2026-03-18,2026-03-26,2026-03-26,220,5904.0,Recibida
OC-002097,PR04,P0141,BOD-MDE,2026-03-18,2026-03-23,2026-03-23,155,1567.0,Recibida
OC-002098,PR40,P0153,BOD-MDE,2026-03-18,2026-03-24,2026-03-24,736,23568.0,Recibida
OC-002099,PR18,P0183,BOD-MDE,2026-03-18,2026-03-24,2026-03-24,259,20623.0,Recibida
OC-002100,PR08,P0001,BOD-MDE,2026-03-19,2026-03-24,2026-03-24,406,30445.0,Recibida
OC-002101,PR20,P0002,BOD-BOG,2026-03-19,2026-03-28,2026-03-28,1601,13913.0,Recibida
OC-002102,PR02,P0031,BOD-BOG,2026-03-19,2026-03-25,2026-03-25,429,11250.0,Recibida
OC-002103,PR09,P0032,BOD-MDE,2026-03-19,2026-03-24,2026-03-24,434,9697.0,Recibida
OC-002104,PR38,P0060,BOD-BOG,2026-03-19,2026-03-24,2026-03-24,450,3774.0,Recibida
OC-002105,PR09,P0062,BOD-BOG,2026-03-19,2026-03-24,2026-03-24,137,8802.0,Recibida
OC-002106,PR04,P0111,BOD-MDE,2026-03-19,2026-03-24,2026-03-24,459,5436.0,Recibida
OC-002107,PR23,P0113,BOD-MDE,2026-03-19,2026-03-27,2026-03-27,519,12138.0,Recibida
OC-002108,PR17,P0159,BOD-MDE,2026-03-19,2026-03-24,2026-03-24,582,13073.0,Recibida
OC-002109,PR17,P0175,BOD-BOG,2026-03-19,2026-03-24,2026-03-24,635,5866.0,Recibida
OC-002110,PR07,P0190,BOD-MDE,2026-03-19,2026-03-27,2026-03-27,230,39752.0,Recibida
OC-002111,PR20,P0002,BOD-MDE,2026-03-20,2026-03-29,2026-03-29,1189,13913.0,Recibida
OC-002112,PR08,P0011,BOD-BOG,2026-03-20,2026-03-25,2026-03-25,818,14852.0,Recibida
OC-002113,PR08,P0011,BOD-MDE,2026-03-20,2026-03-25,2026-03-25,564,14852.0,Recibida
OC-002114,PR29,P0019,BOD-MDE,2026-03-20,2026-03-27,2026-03-27,527,8924.0,Recibida
OC-002115,PR02,P0051,BOD-MDE,2026-03-20,2026-03-26,2026-03-26,205,16522.0,Recibida
OC-002116,PR15,P0089,BOD-MDE,2026-03-20,2026-03-29,2026-03-29,373,6164.0,Recibida
OC-002117,PR10,P0097,BOD-MDE,2026-03-20,2026-03-28,2026-03-28,758,4375.0,Recibida
OC-002118,PR27,P0102,BOD-BOG,2026-03-20,2026-03-25,2026-03-25,85,4483.0,Recibida
OC-002119,PR06,P0197,BOD-MDE,2026-03-20,2026-03-25,2026-03-25,50,3380.0,Recibida
OC-002120,PR20,P0017,BOD-MDE,2026-03-21,2026-03-30,2026-03-30,604,19951.0,Recibida
OC-002121,PR31,P0025,BOD-MDE,2026-03-21,2026-03-30,2026-03-30,437,14359.0,Recibida
OC-002122,PR24,P0054,BOD-MDE,2026-03-21,2026-03-30,2026-03-30,656,4376.0,Recibida
OC-002123,PR38,P0055,BOD-MDE,2026-03-21,2026-03-26,2026-03-26,342,9822.0,Recibida
OC-002124,PR02,P0056,BOD-MDE,2026-03-21,2026-03-27,2026-03-27,611,6416.0,Recibida
OC-002125,PR26,P0071,BOD-BOG,2026-03-21,2026-03-29,2026-03-29,204,13968.0,Recibida
OC-002126,PR27,P0102,BOD-BOG,2026-03-21,2026-03-26,2026-03-26,126,4483.0,Recibida
OC-002127,PR11,P0108,BOD-BOG,2026-03-21,2026-03-28,2026-03-28,557,14418.0,Recibida
OC-002128,PR22,P0110,BOD-MDE,2026-03-21,2026-03-28,2026-03-28,150,9648.0,Recibida
OC-002129,PR35,P0156,BOD-MDE,2026-03-21,2026-03-28,2026-03-28,316,28134.0,Recibida
OC-002130,PR40,P0157,BOD-BOG,2026-03-21,2026-03-27,2026-03-27,1234,22802.0,Recibida
OC-002131,PR35,P0168,BOD-BOG,2026-03-21,2026-03-28,2026-03-28,1240,11078.0,Recibida
OC-002132,PR18,P0181,BOD-MDE,2026-03-21,2026-03-27,2026-03-27,303,60518.0,Recibida
OC-002133,PR07,P0184,BOD-MDE,2026-03-21,2026-03-29,2026-03-29,132,11804.0,Recibida
OC-002134,PR03,P0086,BOD-BOG,2026-03-22,2026-03-31,2026-03-31,96,4802.0,Recibida
OC-002135,PR35,P0156,BOD-MDE,2026-03-22,2026-03-29,2026-03-29,316,28134.0,Recibida
OC-002136,PR09,P0037,BOD-BOG,2026-03-23,2026-03-28,2026-03-28,640,6289.0,Recibida
OC-002137,PR13,P0063,BOD-MDE,2026-03-23,2026-03-31,2026-03-31,246,3167.0,Recibida
OC-002138,PR10,P0077,BOD-MDE,2026-03-23,2026-03-31,2026-03-31,219,3922.0,Recibida
OC-002139,PR03,P0086,BOD-MDE,2026-03-23,2026-04-01,2026-04-01,70,4802.0,Recibida
OC-002140,PR03,P0096,BOD-BOG,2026-03-23,2026-04-01,2026-04-01,181,18088.0,Recibida
OC-002141,PR04,P0117,BOD-MDE,2026-03-23,2026-03-28,2026-03-28,436,5419.0,Recibida
OC-002142,PR16,P0133,BOD-MDE,2026-03-23,2026-03-31,2026-03-31,226,4683.0,Recibida
OC-002143,PR07,P0176,BOD-MDE,2026-03-23,2026-03-31,2026-03-31,448,18408.0,Recibida
OC-002144,PR18,P0179,BOD-BOG,2026-03-23,2026-03-29,2026-03-29,295,15204.0,Recibida
OC-002145,PR31,P0010,BOD-BOG,2026-03-24,2026-04-02,2026-04-02,289,8659.0,Recibida
OC-002146,PR08,P0011,BOD-MDE,2026-03-24,2026-03-29,2026-03-29,766,14852.0,Recibida
OC-002147,PR09,P0047,BOD-BOG,2026-03-24,2026-03-29,2026-03-29,262,6521.0,Recibida
OC-002148,PR10,P0107,BOD-MDE,2026-03-24,2026-04-01,2026-04-01,493,4242.0,Recibida
OC-002149,PR16,P0124,BOD-BOG,2026-03-24,2026-04-01,2026-04-01,167,7282.0,Recibida
OC-002150,PR23,P0143,BOD-MDE,2026-03-24,2026-04-01,2026-04-01,991,4816.0,Recibida
OC-002151,PR35,P0172,BOD-MDE,2026-03-24,2026-03-31,2026-03-31,623,12122.0,Recibida
OC-002152,PR20,P0007,BOD-BOG,2026-03-25,2026-04-03,2026-04-03,220,51841.0,Recibida
OC-002153,PR02,P0031,BOD-MDE,2026-03-25,2026-03-31,2026-03-31,527,11250.0,Recibida
OC-002154,PR15,P0089,BOD-BOG,2026-03-25,2026-04-03,2026-04-03,359,6164.0,Recibida
OC-002155,PR27,P0092,BOD-BOG,2026-03-25,2026-03-30,2026-03-30,225,8557.0,Recibida
OC-002156,PR23,P0134,BOD-MDE,2026-03-25,2026-04-02,2026-04-02,313,12145.0,Recibida
OC-002157,PR16,P0139,BOD-MDE,2026-03-25,2026-04-02,2026-04-02,206,7204.0,Recibida
OC-002158,PR16,P0142,BOD-BOG,2026-03-25,2026-04-02,2026-04-02,644,11009.0,Recibida
OC-002159,PR05,P0166,BOD-BOG,2026-03-25,2026-03-31,2026-03-31,298,8210.0,Recibida
OC-002160,PR35,P0168,BOD-MDE,2026-03-25,2026-04-01,2026-04-01,686,11078.0,Recibida
OC-002161,PR18,P0181,BOD-BOG,2026-03-25,2026-03-31,2026-03-31,225,60518.0,Recibida
OC-002162,PR06,P0200,BOD-MDE,2026-03-25,2026-03-30,2026-03-30,386,4662.0,Recibida
OC-002163,PR08,P0001,BOD-MDE,2026-03-26,2026-03-31,2026-03-31,504,30445.0,Recibida
OC-002164,PR29,P0009,BOD-MDE,2026-03-26,2026-04-02,2026-04-02,211,32039.0,Recibida
OC-002165,PR31,P0030,BOD-MDE,2026-03-26,2026-04-04,2026-04-04,368,27469.0,Recibida
OC-002166,PR38,P0060,BOD-MDE,2026-03-26,2026-03-31,2026-03-31,368,3774.0,Recibida
OC-002167,PR34,P0075,BOD-BOG,2026-03-26,2026-04-03,2026-04-03,716,14856.0,Recibida
OC-002168,PR32,P0104,BOD-MDE,2026-03-26,2026-04-04,2026-04-04,156,5293.0,Recibida
OC-002169,PR11,P0108,BOD-MDE,2026-03-26,2026-04-02,2026-04-02,1107,14418.0,Recibida
OC-002170,PR04,P0141,BOD-MDE,2026-03-26,2026-03-31,2026-03-31,260,1567.0,Recibida
OC-002171,PR05,P0166,BOD-BOG,2026-03-26,2026-04-01,2026-04-01,298,8210.0,Recibida
OC-002172,PR18,P0177,BOD-MDE,2026-03-26,2026-04-01,2026-04-01,400,23119.0,Recibida
OC-002173,PR37,P0199,BOD-BOG,2026-03-26,2026-03-31,2026-03-31,208,1416.0,Recibida
OC-002174,PR13,P0033,BOD-MDE,2026-03-27,2026-04-04,2026-04-04,595,6188.0,Recibida
OC-002175,PR09,P0052,BOD-BOG,2026-03-27,2026-04-01,2026-04-01,342,7322.0,Recibida
OC-002176,PR03,P0096,BOD-MDE,2026-03-27,2026-04-05,2026-04-05,216,18088.0,Recibida
OC-002177,PR23,P0113,BOD-MDE,2026-03-27,2026-04-04,2026-04-04,682,12138.0,Recibida
OC-002178,PR17,P0163,BOD-MDE,2026-03-27,2026-04-01,2026-04-01,498,11262.0,Recibida
OC-002179,PR18,P0177,BOD-MDE,2026-03-27,2026-04-02,2026-04-02,400,23119.0,Recibida
OC-002180,PR07,P0182,BOD-MDE,2026-03-27,2026-04-04,2026-04-04,204,11499.0,Recibida
OC-002181,PR31,P0020,BOD-MDE,2026-03-28,2026-04-06,2026-04-06,597,23177.0,Recibida
OC-002182,PR38,P0065,BOD-BOG,2026-03-28,2026-04-02,2026-04-02,242,13411.0,Recibida
OC-002183,PR40,P0169,BOD-BOG,2026-03-28,2026-04-03,2026-04-03,254,9834.0,Recibida
OC-002184,PR07,P0176,BOD-BOG,2026-03-28,2026-04-05,2026-04-05,421,18408.0,Recibida
OC-002185,PR18,P0187,BOD-MDE,2026-03-28,2026-04-03,2026-04-03,452,13768.0,Recibida
OC-002186,PR19,P0198,BOD-MDE,2026-03-28,2026-04-03,2026-04-03,148,1886.0,Recibida
OC-002187,PR09,P0032,BOD-MDE,2026-03-29,2026-04-03,2026-04-03,549,9697.0,Recibida
OC-002188,PR29,P0004,BOD-MDE,2026-03-30,2026-04-06,2026-04-06,268,24948.0,Recibida
OC-002189,PR34,P0085,BOD-MDE,2026-03-30,2026-04-07,2026-04-07,334,9531.0,Recibida
OC-002190,PR08,P0006,BOD-BOG,2026-03-31,2026-04-05,2026-04-05,306,9916.0,Recibida
OC-002191,PR29,P0014,BOD-MDE,2026-03-31,2026-04-07,2026-04-07,396,18367.0,Recibida
OC-002192,PR29,P0024,BOD-MDE,2026-03-31,2026-04-07,2026-04-07,122,57494.0,Recibida
OC-002193,PR38,P0035,BOD-BOG,2026-03-31,2026-04-05,2026-04-05,365,5333.0,Recibida
OC-002194,PR24,P0044,BOD-MDE,2026-03-31,2026-04-09,2026-04-09,177,4530.0,Recibida
OC-002195,PR13,P0048,BOD-MDE,2026-03-31,2026-04-08,2026-04-08,314,21445.0,Recibida
OC-002196,PR24,P0054,BOD-BOG,2026-03-31,2026-04-09,2026-04-09,566,4376.0,Recibida
OC-002197,PR09,P0057,BOD-MDE,2026-03-31,2026-04-05,2026-04-05,424,13388.0,Recibida
OC-002198,PR10,P0067,BOD-MDE,2026-03-31,2026-04-08,2026-04-08,405,16198.0,Recibida
OC-002199,PR15,P0069,BOD-MDE,2026-03-31,2026-04-09,2026-04-09,620,3381.0,Recibida
OC-002200,PR34,P0085,BOD-BOG,2026-03-31,2026-04-08,2026-04-08,433,9531.0,Recibida
OC-002201,PR28,P0093,BOD-BOG,2026-03-31,2026-04-08,2026-04-08,350,4341.0,Recibida
OC-002202,PR11,P0098,BOD-MDE,2026-03-31,2026-04-07,2026-04-07,510,10065.0,Recibida
OC-002203,PR16,P0118,BOD-BOG,2026-03-31,2026-04-08,2026-04-08,567,9721.0,Recibida
OC-002204,PR23,P0128,BOD-BOG,2026-03-31,2026-04-08,2026-04-08,518,2745.0,Recibida
OC-002205,PR04,P0129,BOD-BOG,2026-03-31,2026-04-05,2026-04-05,115,1955.0,Recibida
OC-002206,PR04,P0135,BOD-MDE,2026-03-31,2026-04-05,2026-04-05,1034,2851.0,Recibida
OC-002207,PR16,P0136,BOD-MDE,2026-03-31,2026-04-08,2026-04-08,240,8754.0,Recibida
OC-002208,PR17,P0159,BOD-MDE,2026-03-31,2026-04-05,2026-04-05,628,13073.0,Recibida
OC-002209,PR05,P0162,BOD-BOG,2026-03-31,2026-04-06,2026-04-06,1502,11961.0,Recibida
OC-002210,PR18,P0179,BOD-BOG,2026-03-31,2026-04-06,2026-04-06,448,15204.0,Recibida
OC-002211,PR07,P0188,BOD-BOG,2026-03-31,2026-04-08,2026-04-08,317,18229.0,Recibida
OC-002212,PR29,P0004,BOD-BOG,2026-04-01,2026-04-08,2026-04-08,241,25261.0,Recibida
OC-002213,PR29,P0014,BOD-MDE,2026-04-01,2026-04-08,2026-04-08,396,18490.0,Recibida
OC-002214,PR27,P0072,BOD-BOG,2026-04-01,2026-04-06,2026-04-06,192,4436.0,Recibida
OC-002215,PR32,P0074,BOD-BOG,2026-04-01,2026-04-10,2026-04-10,571,16658.0,Recibida
OC-002216,PR28,P0083,BOD-BOG,2026-04-01,2026-04-09,2026-04-09,271,5413.0,Recibida
OC-002217,PR23,P0119,BOD-MDE,2026-04-01,2026-04-09,2026-04-09,1462,11725.0,Recibida
OC-002218,PR04,P0126,BOD-BOG,2026-04-01,2026-04-06,2026-04-06,143,10814.0,Recibida
OC-002219,PR17,P0159,BOD-BOG,2026-04-01,2026-04-06,2026-04-06,494,13039.0,Recibida
OC-002220,PR31,P0010,BOD-MDE,2026-04-02,2026-04-11,2026-04-11,152,8769.0,Recibida
OC-002221,PR38,P0040,BOD-BOG,2026-04-02,2026-04-07,2026-04-07,462,16066.0,Recibida
OC-002222,PR13,P0063,BOD-BOG,2026-04-02,2026-04-10,2026-04-10,169,3193.0,Recibida
OC-002223,PR27,P0082,BOD-MDE,2026-04-02,2026-04-07,2026-04-07,250,8327.0,Recibida
OC-002224,PR22,P0110,BOD-MDE,2026-04-02,2026-04-09,2026-04-09,174,9682.0,Recibida
OC-002225,PR17,P0147,BOD-MDE,2026-04-02,2026-04-07,2026-04-07,158,27039.0,Recibida
OC-002226,PR17,P0155,BOD-BOG,2026-04-02,2026-04-07,2026-04-07,513,8213.0,Recibida
OC-002227,PR37,P0196,BOD-MDE,2026-04-02,2026-04-07,2026-04-07,144,1157.0,Recibida
OC-002228,PR24,P0034,BOD-BOG,2026-04-03,2026-04-12,2026-04-12,486,4908.0,Recibida
OC-002229,PR24,P0059,BOD-MDE,2026-04-03,2026-04-12,2026-04-12,135,3682.0,Recibida
OC-002230,PR02,P0061,BOD-BOG,2026-04-03,2026-04-09,2026-04-09,474,19283.0,Recibida
OC-002231,PR15,P0099,BOD-MDE,2026-04-03,2026-04-12,2026-04-12,799,3144.0,Recibida
OC-002232,PR23,P0131,BOD-MDE,2026-04-03,2026-04-11,2026-04-11,481,1611.0,Recibida
OC-002233,PR05,P0146,BOD-BOG,2026-04-03,2026-04-09,2026-04-09,196,17805.0,Recibida
OC-002234,PR40,P0165,BOD-BOG,2026-04-03,2026-04-09,2026-04-09,282,20732.0,Recibida
OC-002235,PR40,P0165,BOD-MDE,2026-04-03,2026-04-09,2026-04-09,249,20732.0,Recibida
OC-002236,PR17,P0167,BOD-MDE,2026-04-03,2026-04-08,2026-04-08,508,12738.0,Recibida
OC-002237,PR07,P0184,BOD-MDE,2026-04-03,2026-04-11,2026-04-11,358,11931.0,Recibida
OC-002238,PR06,P0191,BOD-BOG,2026-04-03,2026-04-08,2026-04-08,230,5189.0,Recibida
OC-002239,PR09,P0047,BOD-BOG,2026-04-04,2026-04-09,2026-04-09,334,6588.0,Recibida
OC-002240,PR09,P0052,BOD-MDE,2026-04-04,2026-04-09,2026-04-09,498,7311.0,Recibida
OC-002241,PR02,P0061,BOD-MDE,2026-04-04,2026-04-10,2026-04-10,381,19283.0,Recibida
OC-002242,PR10,P0067,BOD-BOG,2026-04-04,2026-04-12,2026-04-12,553,16204.0,Recibida
OC-002243,PR23,P0128,BOD-MDE,2026-04-04,2026-04-12,2026-04-12,622,2769.0,Recibida
OC-002244,PR17,P0147,BOD-BOG,2026-04-04,2026-04-09,2026-04-09,134,27039.0,Recibida
OC-002245,PR35,P0168,BOD-MDE,2026-04-04,2026-04-11,2026-04-11,1008,11077.0,Recibida
OC-002246,PR07,P0184,BOD-MDE,2026-04-04,2026-04-12,2026-04-12,358,11931.0,Recibida
OC-002247,PR02,P0046,BOD-BOG,2026-04-06,2026-04-12,2026-04-12,572,5158.0,Recibida
OC-002248,PR09,P0052,BOD-BOG,2026-04-06,2026-04-11,2026-04-11,638,7311.0,Recibida
OC-002249,PR34,P0105,BOD-BOG,2026-04-06,2026-04-14,2026-04-14,768,3336.0,Recibida
OC-002250,PR35,P0148,BOD-BOG,2026-04-06,2026-04-13,2026-04-13,186,6282.0,Recibida
OC-002251,PR09,P0047,BOD-MDE,2026-04-07,2026-04-12,2026-04-12,463,6588.0,Recibida
OC-002252,PR02,P0051,BOD-MDE,2026-04-07,2026-04-13,2026-04-13,338,16724.0,Recibida
OC-002253,PR03,P0066,BOD-BOG,2026-04-07,2026-04-16,2026-04-16,211,17470.0,Recibida
OC-002254,PR34,P0075,BOD-MDE,2026-04-07,2026-04-15,2026-04-15,453,14767.0,Recibida
OC-002255,PR32,P0104,BOD-MDE,2026-04-07,2026-04-16,2026-04-16,197,5351.0,Recibida
OC-002256,PR17,P0147,BOD-BOG,2026-04-07,2026-04-12,2026-04-12,188,27039.0,Recibida
OC-002257,PR17,P0151,BOD-BOG,2026-04-07,2026-04-12,2026-04-12,272,25000.0,Recibida
OC-002258,PR05,P0158,BOD-MDE,2026-04-07,2026-04-13,2026-04-13,152,8009.0,Recibida
OC-002259,PR20,P0012,BOD-BOG,2026-04-08,2026-04-17,2026-04-17,101,11931.0,Recibida
OC-002260,PR13,P0043,BOD-BOG,2026-04-08,2026-04-16,2026-04-16,96,11636.0,Recibida
OC-002261,PR10,P0097,BOD-BOG,2026-04-08,2026-04-16,2026-04-16,525,4418.0,Recibida
OC-002262,PR23,P0134,BOD-MDE,2026-04-08,2026-04-16,2026-04-16,438,12238.0,Recibida
OC-002263,PR23,P0143,BOD-BOG,2026-04-08,2026-04-16,2026-04-16,684,4839.0,Recibida
OC-002264,PR05,P0150,BOD-MDE,2026-04-08,2026-04-14,2026-04-14,174,4985.0,Recibida
OC-002265,PR07,P0176,BOD-BOG,2026-04-08,2026-04-16,2026-04-16,568,18492.0,Recibida
OC-002266,PR18,P0189,BOD-MDE,2026-04-08,2026-04-14,2026-04-14,184,15420.0,Recibida
OC-002267,PR29,P0004,BOD-BOG,2026-04-09,2026-04-16,2026-04-16,273,25261.0,Recibida
OC-002268,PR25,P0008,BOD-MDE,2026-04-09,2026-04-16,2026-04-16,312,24441.0,Recibida
OC-002269,PR24,P0044,BOD-BOG,2026-04-09,2026-04-18,2026-04-18,180,4530.0,Recibida
OC-002270,PR24,P0054,BOD-MDE,2026-04-09,2026-04-18,2026-04-18,762,4389.0,Recibida
OC-002271,PR11,P0078,BOD-MDE,2026-04-09,2026-04-16,2026-04-16,122,13771.0,Recibida
OC-002272,PR32,P0094,BOD-BOG,2026-04-09,2026-04-18,2026-04-18,186,3166.0,Recibida
OC-002273,PR04,P0114,BOD-BOG,2026-04-09,2026-04-14,2026-04-14,404,2013.0,Recibida
OC-002274,PR23,P0116,BOD-BOG,2026-04-09,2026-04-17,2026-04-17,136,9477.0,Recibida
OC-002275,PR16,P0133,BOD-MDE,2026-04-09,2026-04-17,2026-04-17,243,4688.0,Recibida
OC-002276,PR05,P0150,BOD-BOG,2026-04-09,2026-04-15,2026-04-15,268,4985.0,Recibida
OC-002277,PR40,P0157,BOD-MDE,2026-04-09,2026-04-15,2026-04-15,1156,22819.0,Recibida
OC-002278,PR35,P0172,BOD-MDE,2026-04-09,2026-04-16,2026-04-16,833,12097.0,Recibida
OC-002279,PR20,P0017,BOD-MDE,2026-04-10,2026-04-19,2026-04-19,831,19994.0,Recibida
OC-002280,PR20,P0022,BOD-MDE,2026-04-10,2026-04-19,2026-04-19,425,22956.0,Recibida
OC-002281,PR31,P0025,BOD-MDE,2026-04-10,2026-04-19,2026-04-19,486,14254.0,Recibida
OC-002282,PR27,P0082,BOD-MDE,2026-04-10,2026-04-15,2026-04-15,373,8327.0,Recibida
OC-002283,PR03,P0086,BOD-MDE,2026-04-10,2026-04-19,2026-04-19,92,4850.0,Recibida
OC-002284,PR32,P0094,BOD-BOG,2026-04-10,2026-04-19,2026-04-19,216,3166.0,Recibida
OC-002285,PR10,P0107,BOD-MDE,2026-04-10,2026-04-18,2026-04-18,584,4273.0,Recibida
OC-002286,PR04,P0126,BOD-BOG,2026-04-10,2026-04-15,2026-04-15,225,10814.0,Recibida
OC-002287,PR04,P0138,BOD-MDE,2026-04-10,2026-04-15,2026-04-15,371,1556.0,Recibida
OC-002288,PR05,P0154,BOD-MDE,2026-04-10,2026-04-16,2026-04-16,202,12141.0,Recibida
OC-002289,PR05,P0158,BOD-MDE,2026-04-10,2026-04-16,2026-04-16,202,8009.0,Recibida
OC-002290,PR05,P0170,BOD-MDE,2026-04-10,2026-04-16,2026-04-16,130,25095.0,Recibida
OC-002291,PR18,P0179,BOD-MDE,2026-04-10,2026-04-16,2026-04-16,235,15361.0,Recibida
OC-002292,PR24,P0034,BOD-MDE,2026-04-11,2026-04-20,2026-04-20,392,4908.0,Recibida
OC-002293,PR09,P0057,BOD-BOG,2026-04-11,2026-04-16,2026-04-16,376,13419.0,Recibida
OC-002294,PR09,P0062,BOD-BOG,2026-04-11,2026-04-16,2026-04-16,202,8866.0,Recibida
OC-002295,PR10,P0097,BOD-MDE,2026-04-11,2026-04-19,2026-04-19,868,4418.0,Recibida
OC-002296,PR10,P0107,BOD-BOG,2026-04-11,2026-04-19,2026-04-19,808,4273.0,Recibida
OC-002297,PR16,P0142,BOD-MDE,2026-04-11,2026-04-19,2026-04-19,843,11029.0,Recibida
OC-002298,PR07,P0188,BOD-BOG,2026-04-11,2026-04-19,2026-04-19,404,18290.0,Recibida
OC-002299,PR13,P0063,BOD-BOG,2026-04-12,2026-04-20,2026-04-20,216,3193.0,Recibida
OC-002300,PR26,P0071,BOD-BOG,2026-04-12,2026-04-20,2026-04-20,204,13886.0,Recibida
OC-002301,PR10,P0077,BOD-BOG,2026-04-12,2026-04-20,2026-04-20,144,3880.0,Recibida
OC-002302,PR16,P0133,BOD-MDE,2026-04-12,2026-04-20,2026-04-20,375,4688.0,Recibida
OC-002303,PR05,P0146,BOD-MDE,2026-04-12,2026-04-18,2026-04-18,249,17805.0,Recibida
OC-002304,PR06,P0200,BOD-MDE,2026-04-12,2026-04-17,2026-04-17,354,4692.0,Recibida
OC-002305,PR02,P0056,BOD-BOG,2026-04-13,2026-04-19,2026-04-19,299,6414.0,Recibida
OC-002306,PR11,P0088,BOD-MDE,2026-04-13,2026-04-20,2026-04-20,578,20460.0,Recibida
OC-002307,PR17,P0163,BOD-BOG,2026-04-13,2026-04-18,2026-04-18,497,11336.0,Recibida
OC-002308,PR09,P0037,BOD-BOG,2026-04-14,2026-04-19,2026-04-19,744,6278.0,Recibida
OC-002309,PR02,P0046,BOD-MDE,2026-04-14,2026-04-20,2026-04-20,343,5158.0,Recibida
OC-002310,PR02,P0051,BOD-MDE,2026-04-14,2026-04-20,2026-04-20,500,16724.0,Recibida
OC-002311,PR24,P0064,BOD-BOG,2026-04-14,2026-04-23,2026-04-23,69,25581.0,Recibida
OC-002312,PR15,P0099,BOD-BOG,2026-04-14,2026-04-23,2026-04-23,1034,3144.0,Recibida
OC-002313,PR18,P0181,BOD-BOG,2026-04-14,2026-04-20,2026-04-20,320,60768.0,Recibida
OC-002314,PR09,P0032,BOD-BOG,2026-04-15,2026-04-20,2026-04-20,242,9764.0,Recibida
OC-002315,PR13,P0043,BOD-BOG,2026-04-15,2026-04-23,2026-04-23,117,11636.0,Recibida
OC-002316,PR15,P0069,BOD-MDE,2026-04-15,2026-04-24,2026-04-24,883,3366.0,Recibida
OC-002317,PR28,P0073,BOD-MDE,2026-04-15,2026-04-23,2026-04-23,268,2169.0,Recibida
OC-002318,PR34,P0075,BOD-MDE,2026-04-15,2026-04-23,2026-04-23,606,14767.0,Recibida
OC-002319,PR32,P0094,BOD-MDE,2026-04-15,2026-04-24,2026-04-24,262,3166.0,Recibida
OC-002320,PR34,P0105,BOD-MDE,2026-04-15,2026-04-23,2026-04-23,542,3336.0,Recibida
OC-002321,PR15,P0109,BOD-BOG,2026-04-15,2026-04-24,2026-04-24,150,20571.0,Recibida
OC-002322,PR35,P0172,BOD-BOG,2026-04-15,2026-04-22,2026-04-22,475,12097.0,Recibida
OC-002323,PR07,P0190,BOD-MDE,2026-04-15,2026-04-23,2026-04-23,262,39873.0,Recibida
OC-002324,PR06,P0197,BOD-MDE,2026-04-15,2026-04-20,2026-04-20,112,3409.0,Recibida
OC-002325,PR25,P0008,BOD-MDE,2026-04-16,2026-04-23,2026-04-23,496,24441.0,Recibida
OC-002326,PR20,P0012,BOD-BOG,2026-04-16,2026-04-25,2026-04-25,120,11931.0,Recibida
OC-002327,PR20,P0017,BOD-BOG,2026-04-16,2026-04-25,2026-04-25,846,19994.0,Recibida
OC-002328,PR29,P0024,BOD-MDE,2026-04-16,2026-04-23,2026-04-23,166,58065.0,Recibida
OC-002329,PR20,P0027,BOD-MDE,2026-04-16,2026-04-25,2026-04-25,449,28042.0,Recibida
OC-002330,PR38,P0040,BOD-MDE,2026-04-16,2026-04-21,2026-04-21,424,16066.0,Recibida
OC-002331,PR17,P0155,BOD-MDE,2026-04-16,2026-04-21,2026-04-21,500,8213.0,Recibida
OC-002332,PR07,P0178,BOD-MDE,2026-04-16,2026-04-24,2026-04-24,246,16195.0,Recibida
OC-002333,PR37,P0193,BOD-MDE,2026-04-16,2026-04-21,2026-04-21,338,3057.0,Recibida
OC-002334,PR06,P0197,BOD-MDE,2026-04-16,2026-04-21,2026-04-21,112,3409.0,Recibida
OC-002335,PR19,P0198,BOD-MDE,2026-04-16,2026-04-22,2026-04-22,184,1905.0,Recibida
OC-002336,PR08,P0011,BOD-MDE,2026-04-17,2026-04-22,2026-04-22,961,15014.0,Recibida
OC-002337,PR13,P0063,BOD-MDE,2026-04-17,2026-04-25,2026-04-25,354,3193.0,Recibida
OC-002338,PR23,P0119,BOD-BOG,2026-04-17,2026-04-25,2026-04-25,1668,11725.0,Recibida
OC-002339,PR40,P0173,BOD-BOG,2026-04-17,2026-04-23,2026-04-23,219,8842.0,Recibida
OC-002340,PR07,P0178,BOD-MDE,2026-04-17,2026-04-25,2026-04-25,246,16195.0,Recibida
OC-002341,PR06,P0197,BOD-BOG,2026-04-17,2026-04-22,2026-04-22,76,3409.0,Recibida
OC-002342,PR20,P0027,BOD-BOG,2026-04-18,2026-04-27,2026-04-27,531,28042.0,Recibida
OC-002343,PR23,P0131,BOD-MDE,2026-04-18,2026-04-26,2026-04-26,628,1611.0,Recibida
OC-002344,PR40,P0157,BOD-BOG,2026-04-18,2026-04-24,2026-04-24,1332,22819.0,Recibida
OC-002345,PR18,P0179,BOD-BOG,2026-04-18,2026-04-24,2026-04-24,498,15361.0,Recibida
OC-002346,PR18,P0181,BOD-MDE,2026-04-18,2026-04-24,2026-04-24,342,60768.0,Recibida
OC-002347,PR07,P0184,BOD-BOG,2026-04-18,2026-04-26,2026-04-26,279,11931.0,Recibida
OC-002348,PR07,P0186,BOD-BOG,2026-04-18,2026-04-26,2026-04-26,198,19824.0,Recibida
OC-002349,PR06,P0194,BOD-BOG,2026-04-18,2026-04-23,2026-04-23,281,12100.0,Recibida
OC-002350,PR13,P0053,BOD-MDE,2026-04-19,2026-04-27,2026-04-27,163,17838.0,Recibida
OC-002351,PR24,P0064,BOD-MDE,2026-04-19,2026-04-28,2026-04-28,92,25581.0,Recibida
OC-002352,PR18,P0179,BOD-MDE,2026-04-19,2026-04-25,2026-04-25,380,15361.0,Recibida
OC-002353,PR18,P0183,BOD-BOG,2026-04-19,2026-04-25,2026-04-25,383,20743.0,Recibida
OC-002354,PR08,P0006,BOD-MDE,2026-04-20,2026-04-25,2026-04-25,326,9982.0,Recibida
OC-002355,PR20,P0012,BOD-BOG,2026-04-20,2026-04-29,2026-04-29,172,11931.0,Recibida
OC-002356,PR13,P0038,BOD-MDE,2026-04-20,2026-04-28,2026-04-28,181,4509.0,Recibida
OC-002357,PR22,P0080,BOD-MDE,2026-04-20,2026-04-27,2026-04-27,182,6140.0,Recibida
OC-002358,PR04,P0111,BOD-BOG,2026-04-20,2026-04-25,2026-04-25,550,5485.0,Recibida
OC-002359,PR04,P0123,BOD-MDE,2026-04-20,2026-04-25,2026-04-25,155,3994.0,Recibida
OC-002360,PR40,P0165,BOD-BOG,2026-04-20,2026-04-26,2026-04-26,370,20732.0,Recibida
OC-002361,PR18,P0185,BOD-MDE,2026-04-20,2026-04-26,2026-04-26,570,39399.0,Recibida
OC-002362,PR37,P0196,BOD-MDE,2026-04-20,2026-04-25,2026-04-25,172,1157.0,Recibida
OC-002363,PR20,P0027,BOD-BOG,2026-04-21,2026-04-30,2026-04-30,666,28042.0,Recibida
OC-002364,PR27,P0072,BOD-MDE,2026-04-21,2026-04-26,2026-04-26,143,4436.0,Recibida
OC-002365,PR32,P0074,BOD-MDE,2026-04-21,2026-04-30,2026-04-30,367,16658.0,Recibida
OC-002366,PR15,P0089,BOD-BOG,2026-04-21,2026-04-30,2026-04-30,362,6198.0,Recibida
OC-002367,PR11,P0108,BOD-BOG,2026-04-21,2026-04-28,2026-04-28,571,14498.0,Recibida
OC-002368,PR05,P0146,BOD-BOG,2026-04-21,2026-04-27,2026-04-27,251,17805.0,Recibida
OC-002369,PR40,P0169,BOD-MDE,2026-04-21,2026-04-27,2026-04-27,173,9942.0,Recibida
OC-002370,PR18,P0187,BOD-MDE,2026-04-21,2026-04-27,2026-04-27,562,13815.0,Recibida
OC-002371,PR28,P0073,BOD-MDE,2026-04-22,2026-04-30,2026-04-30,449,2169.0,Recibida
OC-002372,PR28,P0083,BOD-BOG,2026-04-22,2026-04-30,2026-04-30,337,5413.0,Recibida
OC-002373,PR23,P0134,BOD-BOG,2026-04-22,2026-04-30,2026-04-30,400,12238.0,Recibida
OC-002374,PR35,P0160,BOD-BOG,2026-04-22,2026-04-29,2026-04-29,153,11964.0,Recibida
OC-002375,PR25,P0013,BOD-BOG,2026-04-23,2026-04-30,2026-04-30,313,43392.0,Recibida
OC-002376,PR08,P0021,BOD-BOG,2026-04-23,2026-04-28,2026-04-28,1324,16754.0,Recibida
OC-002377,PR13,P0038,BOD-MDE,2026-04-23,2026-05-01,2026-05-01,268,4509.0,Recibida
OC-002378,PR24,P0059,BOD-BOG,2026-04-23,2026-05-02,2026-05-02,96,3682.0,Recibida
OC-002379,PR03,P0076,BOD-MDE,2026-04-23,2026-05-02,2026-05-02,354,4082.0,Recibida
OC-002380,PR28,P0083,BOD-MDE,2026-04-23,2026-05-01,2026-05-01,419,5413.0,Recibida
OC-002381,PR16,P0112,BOD-BOG,2026-04-23,2026-05-01,2026-05-01,790,2343.0,Recibida
OC-002382,PR07,P0184,BOD-MDE,2026-04-23,2026-05-01,2026-05-01,374,11931.0,Recibida
OC-002383,PR18,P0185,BOD-BOG,2026-04-23,2026-04-29,2026-04-29,567,39399.0,Recibida
OC-002384,PR06,P0191,BOD-MDE,2026-04-23,2026-04-28,2026-04-28,182,5189.0,Recibida
OC-002385,PR08,P0011,BOD-BOG,2026-04-24,2026-04-29,2026-04-29,730,15014.0,Recibida
OC-002386,PR25,P0013,BOD-MDE,2026-04-24,2026-05-01,2026-05-01,377,43392.0,Recibida
OC-002387,PR31,P0015,BOD-MDE,2026-04-24,2026-05-03,2026-05-03,98,13064.0,Recibida
OC-002388,PR09,P0042,BOD-BOG,2026-04-24,2026-04-29,2026-04-29,164,15144.0,Recibida
OC-002389,PR27,P0082,BOD-BOG,2026-04-24,2026-04-29,2026-04-29,232,8327.0,Recibida
OC-002390,PR03,P0106,BOD-MDE,2026-04-24,2026-05-03,2026-05-03,290,13741.0,Recibida
OC-002391,PR17,P0159,BOD-BOG,2026-04-24,2026-04-29,2026-04-29,542,13039.0,Recibida
OC-002392,PR05,P0162,BOD-MDE,2026-04-24,2026-04-30,2026-04-30,1594,11997.0,Recibida
OC-002393,PR35,P0168,BOD-MDE,2026-04-24,2026-05-01,2026-05-01,1423,11077.0,Recibida
OC-002394,PR17,P0175,BOD-BOG,2026-04-24,2026-04-29,2026-04-29,587,5873.0,Recibida
OC-002395,PR07,P0180,BOD-BOG,2026-04-24,2026-05-02,2026-05-02,459,57346.0,Recibida
OC-002396,PR18,P0183,BOD-BOG,2026-04-24,2026-04-30,2026-04-30,499,20743.0,Recibida
OC-002397,PR06,P0197,BOD-MDE,2026-04-24,2026-04-29,2026-04-29,142,3409.0,Recibida
OC-002398,PR08,P0021,BOD-MDE,2026-04-25,2026-04-30,2026-04-30,1503,16754.0,Recibida
OC-002399,PR38,P0065,BOD-MDE,2026-04-25,2026-04-30,2026-04-30,215,13426.0,Recibida
OC-002400,PR10,P0077,BOD-MDE,2026-04-25,2026-05-03,2026-05-03,226,3880.0,Recibida
OC-002401,PR34,P0095,BOD-MDE,2026-04-25,2026-05-03,2026-05-03,523,7937.0,Recibida
OC-002402,PR34,P0105,BOD-MDE,2026-04-25,2026-05-03,2026-05-03,760,3336.0,Recibida
OC-002403,PR03,P0106,BOD-MDE,2026-04-25,2026-05-04,2026-05-04,290,13741.0,Recibida
OC-002404,PR16,P0130,BOD-BOG,2026-04-25,2026-05-03,2026-05-03,269,2456.0,Recibida
OC-002405,PR05,P0162,BOD-BOG,2026-04-25,2026-05-01,2026-05-01,1814,11997.0,Recibida
OC-002406,PR13,P0048,BOD-MDE,2026-04-26,2026-05-04,2026-05-04,346,21494.0,Recibida
OC-002407,PR17,P0147,BOD-MDE,2026-04-26,2026-05-01,2026-05-01,158,27039.0,Recibida
OC-002408,PR18,P0181,BOD-BOG,2026-04-26,2026-05-02,2026-05-02,424,60768.0,Recibida
OC-002409,PR31,P0020,BOD-BOG,2026-04-27,2026-05-06,2026-05-06,605,23039.0,Recibida
OC-002410,PR25,P0023,BOD-BOG,2026-04-27,2026-05-04,2026-05-04,172,16415.0,Recibida
OC-002411,PR02,P0031,BOD-BOG,2026-04-27,2026-05-03,2026-05-03,477,11246.0,Recibida
OC-002412,PR24,P0049,BOD-MDE,2026-04-27,2026-05-06,2026-05-06,338,3077.0,Recibida
OC-002413,PR13,P0053,BOD-MDE,2026-04-27,2026-05-05,2026-05-05,267,17838.0,Recibida
OC-002414,PR27,P0082,BOD-MDE,2026-04-27,2026-05-02,2026-05-02,384,8327.0,Recibida
OC-002415,PR27,P0092,BOD-MDE,2026-04-27,2026-05-02,2026-05-02,119,8559.0,Recibida
OC-002416,PR23,P0128,BOD-MDE,2026-04-27,2026-05-05,2026-05-05,688,2769.0,Recibida
OC-002417,PR16,P0145,BOD-MDE,2026-04-27,2026-05-05,2026-05-05,595,4763.0,Recibida
OC-002418,PR07,P0188,BOD-MDE,2026-04-27,2026-05-05,2026-05-05,470,18290.0,Recibida
OC-002419,PR29,P0014,BOD-MDE,2026-04-28,2026-05-05,2026-05-05,428,18490.0,Recibida
OC-002420,PR25,P0028,BOD-BOG,2026-04-28,2026-05-05,2026-05-05,390,16740.0,Recibida
OC-002421,PR29,P0029,BOD-MDE,2026-04-28,2026-05-05,2026-05-05,96,21889.0,Recibida
OC-002422,PR24,P0039,BOD-MDE,2026-04-28,2026-05-07,2026-05-07,192,20264.0,Recibida
OC-002423,PR09,P0047,BOD-BOG,2026-04-28,2026-05-03,2026-05-03,397,6588.0,Recibida
OC-002424,PR24,P0049,BOD-MDE,2026-04-28,2026-05-07,2026-05-07,338,3077.0,Recibida
OC-002425,PR15,P0069,BOD-BOG,2026-04-28,2026-05-07,2026-05-07,523,3366.0,Recibida
OC-002426,PR11,P0078,BOD-MDE,2026-04-28,2026-05-05,2026-05-05,150,13771.0,Recibida
OC-002427,PR23,P0128,BOD-BOG,2026-04-28,2026-05-06,2026-05-06,530,2769.0,Recibida
OC-002428,PR04,P0138,BOD-MDE,2026-04-28,2026-05-03,2026-05-03,348,1556.0,Recibida
OC-002429,PR04,P0141,BOD-MDE,2026-04-28,2026-05-03,2026-05-03,229,1567.0,Recibida
OC-002430,PR05,P0154,BOD-BOG,2026-04-28,2026-05-04,2026-05-04,356,12141.0,Recibida
OC-002431,PR05,P0154,BOD-MDE,2026-04-28,2026-05-04,2026-05-04,328,12141.0,Recibida
OC-002432,PR05,P0174,BOD-BOG,2026-04-28,2026-05-04,2026-05-04,190,4892.0,Recibida
OC-002433,PR20,P0002,BOD-MDE,2026-04-29,2026-05-08,2026-05-08,1088,13959.0,Recibida
OC-002434,PR38,P0045,BOD-MDE,2026-04-29,2026-05-04,2026-05-04,147,3949.0,Recibida
OC-002435,PR13,P0063,BOD-BOG,2026-04-29,2026-05-07,2026-05-07,330,3193.0,Recibida
OC-002436,PR38,P0065,BOD-MDE,2026-04-29,2026-05-04,2026-05-04,276,13426.0,Recibida
OC-002437,PR10,P0067,BOD-MDE,2026-04-29,2026-05-07,2026-05-07,473,16204.0,Recibida
OC-002438,PR23,P0125,BOD-MDE,2026-04-29,2026-05-07,2026-05-07,126,1645.0,Recibida
OC-002439,PR05,P0146,BOD-MDE,2026-04-29,2026-05-05,2026-05-05,413,17805.0,Recibida
OC-002440,PR05,P0154,BOD-BOG,2026-04-29,2026-05-05,2026-05-05,356,12141.0,Recibida
OC-002441,PR17,P0155,BOD-BOG,2026-04-29,2026-05-04,2026-05-04,573,8213.0,Recibida
OC-002442,PR35,P0172,BOD-BOG,2026-04-29,2026-05-06,2026-05-06,669,12097.0,Recibida
OC-002443,PR40,P0173,BOD-MDE,2026-04-29,2026-05-05,2026-05-05,226,8842.0,Recibida
OC-002444,PR18,P0189,BOD-MDE,2026-04-29,2026-05-05,2026-05-05,235,15420.0,Recibida
OC-002445,PR13,P0033,BOD-BOG,2026-04-30,2026-05-08,2026-05-08,445,6162.0,Recibida
OC-002446,PR13,P0053,BOD-BOG,2026-04-30,2026-05-08,2026-05-08,214,17838.0,Recibida
OC-002447,PR28,P0093,BOD-BOG,2026-04-30,2026-05-08,2026-05-08,375,4351.0,Recibida
OC-002448,PR10,P0097,BOD-BOG,2026-04-30,2026-05-08,2026-05-08,676,4418.0,Recibida
OC-002449,PR04,P0123,BOD-BOG,2026-04-30,2026-05-05,2026-05-05,100,3994.0,Recibida
OC-002450,PR23,P0125,BOD-BOG,2026-04-30,2026-05-08,2026-05-08,159,1645.0,Recibida
OC-002451,PR17,P0151,BOD-BOG,2026-04-30,2026-05-05,2026-05-05,264,25000.0,Recibida
OC-002452,PR17,P0155,BOD-MDE,2026-04-30,2026-05-05,2026-05-05,725,8213.0,Recibida
OC-002453,PR17,P0167,BOD-MDE,2026-04-30,2026-05-05,2026-05-05,518,12738.0,Recibida
OC-002454,PR25,P0023,BOD-MDE,2026-05-01,2026-05-08,2026-05-08,204,16546.0,Recibida
OC-002455,PR02,P0031,BOD-MDE,2026-05-01,2026-05-07,2026-05-07,522,11395.0,Recibida
OC-002456,PR09,P0037,BOD-MDE,2026-05-01,2026-05-06,2026-05-06,478,6363.0,Recibida
OC-002457,PR02,P0046,BOD-MDE,2026-05-01,2026-05-07,2026-05-07,445,5205.0,Recibida
OC-002458,PR16,P0121,BOD-BOG,2026-05-01,2026-05-09,2026-05-09,336,1999.0,Recibida
OC-002459,PR16,P0124,BOD-MDE,2026-05-01,2026-05-09,2026-05-09,155,7333.0,Recibida
OC-002460,PR20,P0007,BOD-BOG,2026-05-02,2026-05-11,2026-05-11,211,51901.0,Recibida
OC-002461,PR02,P0056,BOD-BOG,2026-05-02,2026-05-08,2026-05-08,462,6479.0,Recibida
OC-002462,PR24,P0059,BOD-BOG,2026-05-02,2026-05-11,2026-05-11,159,3695.0,Recibida
OC-002463,PR27,P0092,BOD-BOG,2026-05-02,2026-05-07,2026-05-07,190,8617.0,Recibida
OC-002464,PR16,P0112,BOD-MDE,2026-05-02,2026-05-10,2026-05-10,592,2375.0,Recibida
OC-002465,PR04,P0114,BOD-MDE,2026-05-02,2026-05-07,2026-05-07,217,2015.0,Recibida
OC-002466,PR16,P0121,BOD-BOG,2026-05-02,2026-05-10,2026-05-10,336,1999.0,Recibida
OC-002467,PR07,P0188,BOD-MDE,2026-05-02,2026-05-10,2026-05-10,652,18236.0,Recibida
OC-002468,PR37,P0193,BOD-MDE,2026-05-02,2026-05-07,2026-05-07,487,3077.0,Recibida
OC-002469,PR25,P0028,BOD-MDE,2026-05-03,2026-05-10,2026-05-10,366,16707.0,Recibida
OC-002470,PR09,P0052,BOD-MDE,2026-05-03,2026-05-08,2026-05-08,543,7337.0,Recibida
OC-002471,PR16,P0142,BOD-MDE,2026-05-03,2026-05-11,2026-05-11,844,11076.0,Recibida
OC-002472,PR35,P0148,BOD-BOG,2026-05-03,2026-05-10,2026-05-10,204,6332.0,Recibida
OC-002473,PR38,P0060,BOD-MDE,2026-05-04,2026-05-09,2026-05-09,320,3807.0,Recibida
OC-002474,PR09,P0062,BOD-BOG,2026-05-04,2026-05-09,2026-05-09,223,8885.0,Recibida
OC-002475,PR16,P0127,BOD-BOG,2026-05-04,2026-05-12,2026-05-12,138,4414.0,Recibida
OC-002476,PR04,P0135,BOD-BOG,2026-05-04,2026-05-09,2026-05-09,637,2871.0,Recibida
OC-002477,PR40,P0169,BOD-MDE,2026-05-04,2026-05-10,2026-05-10,269,10015.0,Recibida
OC-002478,PR08,P0001,BOD-MDE,2026-05-05,2026-05-10,2026-05-10,448,30641.0,Recibida
OC-002479,PR22,P0070,BOD-BOG,2026-05-05,2026-05-12,2026-05-12,282,2316.0,Recibida
OC-002480,PR22,P0070,BOD-MDE,2026-05-05,2026-05-12,2026-05-12,172,2316.0,Recibida
OC-002481,PR32,P0094,BOD-MDE,2026-05-05,2026-05-14,2026-05-14,262,3186.0,Recibida
OC-002482,PR16,P0142,BOD-BOG,2026-05-05,2026-05-13,2026-05-13,611,11076.0,Recibida
OC-002483,PR35,P0164,BOD-BOG,2026-05-05,2026-05-12,2026-05-12,249,8297.0,Recibida
OC-002484,PR05,P0170,BOD-MDE,2026-05-05,2026-05-11,2026-05-11,130,24991.0,Recibida
OC-002485,PR35,P0172,BOD-MDE,2026-05-05,2026-05-12,2026-05-12,1113,12128.0,Recibida
OC-002486,PR17,P0175,BOD-MDE,2026-05-05,2026-05-10,2026-05-10,458,5907.0,Recibida
OC-002487,PR19,P0192,BOD-BOG,2026-05-05,2026-05-11,2026-05-11,110,7948.0,Recibida
OC-002488,PR19,P0198,BOD-MDE,2026-05-05,2026-05-11,2026-05-11,236,1917.0,Recibida
OC-002489,PR09,P0037,BOD-MDE,2026-05-06,2026-05-11,2026-05-11,653,6363.0,Recibida
OC-002490,PR38,P0055,BOD-MDE,2026-05-06,2026-05-11,2026-05-11,240,9843.0,Recibida
OC-002491,PR09,P0057,BOD-BOG,2026-05-06,2026-05-11,2026-05-11,382,13584.0,Recibida
OC-002492,PR13,P0058,BOD-MDE,2026-05-06,2026-05-14,2026-05-14,380,19536.0,Recibida
OC-002493,PR13,P0063,BOD-MDE,2026-05-06,2026-05-14,2026-05-14,354,3226.0,Recibida
OC-002494,PR15,P0069,BOD-BOG,2026-05-06,2026-05-15,2026-05-15,701,3363.0,Recibida
OC-002495,PR28,P0073,BOD-MDE,2026-05-06,2026-05-14,2026-05-14,519,2183.0,Recibida
OC-002496,PR32,P0084,BOD-MDE,2026-05-06,2026-05-15,2026-05-15,296,4076.0,Recibida
OC-002497,PR10,P0087,BOD-BOG,2026-05-06,2026-05-14,2026-05-14,252,4348.0,Recibida
OC-002498,PR23,P0119,BOD-BOG,2026-05-06,2026-05-14,2026-05-14,2208,11826.0,Recibida
OC-002499,PR04,P0120,BOD-MDE,2026-05-06,2026-05-11,2026-05-11,260,5268.0,Recibida
OC-002500,PR23,P0131,BOD-BOG,2026-05-06,2026-05-14,2026-05-14,282,1612.0,Recibida
OC-002501,PR16,P0145,BOD-MDE,2026-05-06,2026-05-14,2026-05-14,945,4804.0,Recibida
OC-002502,PR40,P0149,BOD-BOG,2026-05-06,2026-05-12,2026-05-12,68,9339.0,Recibida
OC-002503,PR40,P0161,BOD-BOG,2026-05-06,2026-05-12,2026-05-12,284,23174.0,Recibida
OC-002504,PR35,P0164,BOD-MDE,2026-05-06,2026-05-13,2026-05-13,379,8297.0,Recibida
OC-002505,PR40,P0165,BOD-MDE,2026-05-06,2026-05-12,2026-05-12,222,20618.0,Recibida
OC-002506,PR09,P0032,BOD-BOG,2026-05-07,2026-05-12,2026-05-12,348,9810.0,Recibida
OC-002507,PR13,P0058,BOD-MDE,2026-05-07,2026-05-15,2026-05-15,380,19536.0,Recibida
OC-002508,PR24,P0059,BOD-BOG,2026-05-07,2026-05-16,2026-05-16,213,3695.0,Recibida
OC-002509,PR10,P0087,BOD-BOG,2026-05-07,2026-05-15,2026-05-15,252,4348.0,Recibida
OC-002510,PR28,P0093,BOD-BOG,2026-05-07,2026-05-15,2026-05-15,481,4348.0,Recibida
OC-002511,PR23,P0122,BOD-MDE,2026-05-07,2026-05-15,2026-05-15,204,5913.0,Recibida
OC-002512,PR05,P0146,BOD-BOG,2026-05-07,2026-05-13,2026-05-13,373,17754.0,Recibida
OC-002513,PR08,P0006,BOD-BOG,2026-05-08,2026-05-13,2026-05-13,322,10081.0,Recibida
OC-002514,PR02,P0031,BOD-BOG,2026-05-08,2026-05-14,2026-05-14,604,11395.0,Recibida
OC-002515,PR24,P0034,BOD-MDE,2026-05-08,2026-05-17,2026-05-17,459,4941.0,Recibida
OC-002516,PR13,P0043,BOD-MDE,2026-05-08,2026-05-16,2026-05-16,94,11573.0,Recibida
OC-002517,PR27,P0092,BOD-MDE,2026-05-08,2026-05-13,2026-05-13,233,8617.0,Recibida
OC-002518,PR15,P0099,BOD-MDE,2026-05-08,2026-05-17,2026-05-17,777,3150.0,Recibida
OC-002519,PR40,P0157,BOD-MDE,2026-05-08,2026-05-14,2026-05-14,1209,22735.0,Recibida
OC-002520,PR35,P0160,BOD-MDE,2026-05-08,2026-05-15,2026-05-15,139,12046.0,Recibida
OC-002521,PR35,P0164,BOD-MDE,2026-05-08,2026-05-15,2026-05-15,400,8297.0,Recibida
OC-002522,PR18,P0183,BOD-MDE,2026-05-08,2026-05-14,2026-05-14,261,20794.0,Recibida
OC-002523,PR29,P0004,BOD-MDE,2026-05-09,2026-05-16,2026-05-16,290,25253.0,Recibida
OC-002524,PR08,P0006,BOD-MDE,2026-05-09,2026-05-14,2026-05-14,412,10081.0,Recibida
OC-002525,PR20,P0007,BOD-BOG,2026-05-09,2026-05-18,2026-05-18,329,51901.0,Recibida
OC-002526,PR38,P0045,BOD-MDE,2026-05-09,2026-05-14,2026-05-14,227,3915.0,Recibida
OC-002527,PR15,P0099,BOD-BOG,2026-05-09,2026-05-18,2026-05-18,1129,3150.0,Recibida
OC-002528,PR16,P0112,BOD-BOG,2026-05-09,2026-05-17,2026-05-17,952,2375.0,Recibida
OC-002529,PR23,P0125,BOD-MDE,2026-05-09,2026-05-17,2026-05-17,232,1657.0,Recibida
OC-002530,PR16,P0130,BOD-MDE,2026-05-09,2026-05-17,2026-05-17,304,2473.0,Recibida
OC-002531,PR07,P0176,BOD-MDE,2026-05-09,2026-05-17,2026-05-17,373,18643.0,Recibida
OC-002532,PR37,P0193,BOD-BOG,2026-05-09,2026-05-14,2026-05-14,154,3077.0,Recibida
OC-002533,PR06,P0194,BOD-BOG,2026-05-09,2026-05-14,2026-05-14,336,12145.0,Recibida
OC-002534,PR20,P0002,BOD-BOG,2026-05-10,2026-05-19,2026-05-19,1342,13828.0,Recibida
OC-002535,PR25,P0013,BOD-MDE,2026-05-10,2026-05-17,2026-05-17,433,43553.0,Recibida
OC-002536,PR25,P0028,BOD-MDE,2026-05-10,2026-05-17,2026-05-17,520,16707.0,Recibida
OC-002537,PR34,P0105,BOD-MDE,2026-05-10,2026-05-18,2026-05-18,1061,3336.0,Recibida
OC-002538,PR23,P0131,BOD-BOG,2026-05-10,2026-05-18,2026-05-18,382,1612.0,Recibida
OC-002539,PR02,P0051,BOD-BOG,2026-05-11,2026-05-17,2026-05-17,172,16888.0,Recibida
OC-002540,PR09,P0062,BOD-MDE,2026-05-11,2026-05-16,2026-05-16,146,8885.0,Recibida
OC-002541,PR32,P0084,BOD-MDE,2026-05-11,2026-05-20,2026-05-20,421,4076.0,Recibida
OC-002542,PR05,P0170,BOD-BOG,2026-05-11,2026-05-17,2026-05-17,129,24991.0,Recibida
OC-002543,PR29,P0019,BOD-BOG,2026-05-12,2026-05-19,2026-05-19,364,8998.0,Recibida
OC-002544,PR08,P0021,BOD-BOG,2026-05-12,2026-05-17,2026-05-17,1555,16740.0,Recibida
OC-002545,PR31,P0025,BOD-BOG,2026-05-12,2026-05-21,2026-05-21,342,14215.0,Recibida
OC-002546,PR02,P0061,BOD-MDE,2026-05-12,2026-05-18,2026-05-18,375,19126.0,Recibida
OC-002547,PR09,P0062,BOD-MDE,2026-05-12,2026-05-17,2026-05-17,146,8885.0,Recibida
OC-002548,PR03,P0066,BOD-BOG,2026-05-12,2026-05-21,2026-05-21,250,17603.0,Recibida
OC-002549,PR34,P0085,BOD-MDE,2026-05-12,2026-05-20,2026-05-20,292,9619.0,Recibida
OC-002550,PR10,P0087,BOD-BOG,2026-05-12,2026-05-20,2026-05-20,383,4348.0,Recibida
OC-002551,PR15,P0089,BOD-MDE,2026-05-12,2026-05-21,2026-05-21,270,6190.0,Recibida
OC-002552,PR34,P0105,BOD-BOG,2026-05-12,2026-05-20,2026-05-20,710,3336.0,Recibida
OC-002553,PR04,P0129,BOD-BOG,2026-05-12,2026-05-17,2026-05-17,224,1962.0,Recibida
OC-002554,PR05,P0166,BOD-BOG,2026-05-12,2026-05-18,2026-05-18,288,8331.0,Recibida
OC-002555,PR05,P0170,BOD-BOG,2026-05-12,2026-05-18,2026-05-18,158,24991.0,Recibida
OC-002556,PR17,P0171,BOD-BOG,2026-05-12,2026-05-17,2026-05-17,98,5437.0,Recibida
OC-002557,PR37,P0193,BOD-BOG,2026-05-12,2026-05-17,2026-05-17,192,3077.0,Recibida
OC-002558,PR25,P0013,BOD-BOG,2026-05-13,2026-05-20,2026-05-20,344,43553.0,Recibida
OC-002559,PR20,P0017,BOD-BOG,2026-05-13,2026-05-22,2026-05-22,864,20171.0,Recibida
OC-002560,PR09,P0047,BOD-MDE,2026-05-13,2026-05-18,2026-05-18,501,6566.0,Recibida
OC-002561,PR13,P0048,BOD-BOG,2026-05-13,2026-05-21,2026-05-21,356,21712.0,Recibida
OC-002562,PR16,P0139,BOD-BOG,2026-05-13,2026-05-21,2026-05-21,213,7265.0,Recibida
OC-002563,PR23,P0143,BOD-BOG,2026-05-13,2026-05-21,2026-05-21,621,4884.0,Recibida
OC-002564,PR16,P0145,BOD-BOG,2026-05-13,2026-05-21,2026-05-21,603,4804.0,Recibida
OC-002565,PR05,P0170,BOD-BOG,2026-05-13,2026-05-19,2026-05-19,260,24991.0,Recibida
OC-002566,PR20,P0012,BOD-MDE,2026-05-14,2026-05-23,2026-05-23,138,11960.0,Recibida
OC-002567,PR20,P0022,BOD-BOG,2026-05-14,2026-05-23,2026-05-23,362,23039.0,Recibida
OC-002568,PR02,P0046,BOD-BOG,2026-05-14,2026-05-20,2026-05-20,429,5205.0,Recibida
OC-002569,PR13,P0048,BOD-BOG,2026-05-14,2026-05-22,2026-05-22,356,21712.0,Recibida
OC-002570,PR13,P0053,BOD-BOG,2026-05-14,2026-05-22,2026-05-22,299,17876.0,Recibida
OC-002571,PR24,P0059,BOD-MDE,2026-05-14,2026-05-23,2026-05-23,111,3695.0,Recibida
OC-002572,PR38,P0060,BOD-MDE,2026-05-14,2026-05-19,2026-05-19,406,3807.0,Recibida
OC-002573,PR03,P0066,BOD-BOG,2026-05-14,2026-05-23,2026-05-23,261,17603.0,Recibida
OC-002574,PR27,P0072,BOD-BOG,2026-05-14,2026-05-19,2026-05-19,178,4471.0,Recibida
OC-002575,PR11,P0078,BOD-BOG,2026-05-14,2026-05-21,2026-05-21,113,13900.0,Recibida
OC-002576,PR03,P0086,BOD-BOG,2026-05-14,2026-05-23,2026-05-23,86,4876.0,Recibida
OC-002577,PR23,P0113,BOD-BOG,2026-05-14,2026-05-22,2026-05-22,240,12365.0,Recibida
OC-002578,PR16,P0121,BOD-BOG,2026-05-14,2026-05-22,2026-05-22,508,1999.0,Recibida
OC-002579,PR16,P0139,BOD-BOG,2026-05-14,2026-05-22,2026-05-22,213,7265.0,Recibida
OC-002580,PR18,P0189,BOD-BOG,2026-05-14,2026-05-20,2026-05-20,155,15373.0,Recibida
OC-002581,PR07,P0190,BOD-MDE,2026-05-14,2026-05-22,2026-05-22,250,40423.0,Recibida
OC-002582,PR06,P0200,BOD-BOG,2026-05-14,2026-05-19,2026-05-19,427,4733.0,Recibida
OC-002583,PR20,P0007,BOD-BOG,2026-05-15,2026-05-24,2026-05-24,441,51901.0,Recibida
OC-002584,PR31,P0030,BOD-MDE,2026-05-15,2026-05-24,2026-05-24,357,27568.0,Recibida
OC-002585,PR24,P0044,BOD-BOG,2026-05-15,2026-05-24,2026-05-24,165,4497.0,Recibida
OC-002586,PR38,P0050,BOD-MDE,2026-05-15,2026-05-20,2026-05-20,120,18165.0,Recibida
OC-002587,PR13,P0053,BOD-BOG,2026-05-15,2026-05-23,2026-05-23,409,17876.0,Recibida
OC-002588,PR34,P0085,BOD-BOG,2026-05-15,2026-05-23,2026-05-23,333,9619.0,Recibida
OC-002589,PR34,P0085,BOD-MDE,2026-05-15,2026-05-23,2026-05-23,292,9619.0,Recibida
OC-002590,PR28,P0093,BOD-MDE,2026-05-15,2026-05-23,2026-05-23,420,4348.0,Recibida
OC-002591,PR16,P0130,BOD-BOG,2026-05-15,2026-05-23,2026-05-23,325,2473.0,Recibida
OC-002592,PR04,P0144,BOD-MDE,2026-05-15,2026-05-20,2026-05-20,150,2316.0,Recibida
OC-002593,PR05,P0146,BOD-MDE,2026-05-15,2026-05-21,2026-05-21,432,17754.0,Recibida
OC-002594,PR07,P0188,BOD-BOG,2026-05-15,2026-05-23,2026-05-23,374,18236.0,Recibida
OC-002595,PR06,P0197,BOD-BOG,2026-05-15,2026-05-20,2026-05-20,102,3412.0,Recibida
OC-002596,PR20,P0017,BOD-MDE,2026-05-16,2026-05-25,2026-05-25,731,20171.0,Recibida
OC-002597,PR03,P0096,BOD-MDE,2026-05-16,2026-05-25,2026-05-25,255,18017.0,Recibida
OC-002598,PR16,P0112,BOD-MDE,2026-05-16,2026-05-24,2026-05-24,605,2375.0,Recibida
OC-002599,PR34,P0075,BOD-BOG,2026-05-17,2026-05-25,2026-05-25,608,14790.0,Recibida
OC-002600,PR35,P0148,BOD-MDE,2026-05-17,2026-05-24,2026-05-24,198,6332.0,Recibida
OC-002601,PR29,P0004,BOD-BOG,2026-05-18,2026-05-25,2026-05-25,282,25253.0,Recibida
OC-002602,PR29,P0009,BOD-MDE,2026-05-18,2026-05-25,2026-05-25,152,31853.0,Recibida
OC-002603,PR08,P0011,BOD-BOG,2026-05-18,2026-05-23,2026-05-23,863,15225.0,Recibida
OC-002604,PR26,P0091,BOD-BOG,2026-05-18,2026-05-26,2026-05-26,535,4545.0,Recibida
OC-002605,PR11,P0098,BOD-MDE,2026-05-18,2026-05-25,2026-05-25,500,10168.0,Recibida
OC-002606,PR23,P0119,BOD-MDE,2026-05-18,2026-05-26,2026-05-26,1283,11826.0,Recibida
OC-002607,PR07,P0182,BOD-BOG,2026-05-18,2026-05-26,2026-05-26,137,11437.0,Recibida
OC-002608,PR26,P0091,BOD-BOG,2026-05-19,2026-05-27,2026-05-27,623,4545.0,Recibida
OC-002609,PR40,P0153,BOD-BOG,2026-05-19,2026-05-25,2026-05-25,479,23635.0,Recibida
OC-002610,PR25,P0008,BOD-BOG,2026-05-20,2026-05-27,2026-05-27,423,24757.0,Recibida
OC-002611,PR38,P0045,BOD-BOG,2026-05-20,2026-05-25,2026-05-25,301,3915.0,Recibida
OC-002612,PR24,P0054,BOD-MDE,2026-05-20,2026-05-29,2026-05-29,750,4354.0,Recibida
OC-002613,PR32,P0074,BOD-BOG,2026-05-20,2026-05-29,2026-05-29,495,16659.0,Recibida
OC-002614,PR10,P0087,BOD-BOG,2026-05-20,2026-05-28,2026-05-28,561,4348.0,Recibida
OC-002615,PR32,P0104,BOD-MDE,2026-05-20,2026-05-29,2026-05-29,186,5373.0,Recibida
OC-002616,PR10,P0107,BOD-MDE,2026-05-20,2026-05-28,2026-05-28,469,4306.0,Recibida
OC-002617,PR04,P0138,BOD-BOG,2026-05-20,2026-05-25,2026-05-25,232,1555.0,Recibida
OC-002618,PR18,P0189,BOD-BOG,2026-05-20,2026-05-26,2026-05-26,226,15373.0,Recibida
OC-002619,PR08,P0006,BOD-BOG,2026-05-21,2026-05-26,2026-05-26,435,10081.0,Recibida
OC-002620,PR25,P0013,BOD-BOG,2026-05-21,2026-05-28,2026-05-28,559,43553.0,Recibida
OC-002621,PR02,P0056,BOD-MDE,2026-05-21,2026-05-27,2026-05-27,516,6479.0,Recibida
OC-002622,PR10,P0067,BOD-BOG,2026-05-21,2026-05-29,2026-05-29,404,16152.0,Recibida
OC-002623,PR10,P0067,BOD-MDE,2026-05-21,2026-05-29,2026-05-29,676,16152.0,Recibida
OC-002624,PR04,P0141,BOD-MDE,2026-05-21,2026-05-26,2026-05-26,305,1575.0,Recibida
OC-002625,PR40,P0153,BOD-MDE,2026-05-21,2026-05-27,2026-05-27,426,23635.0,Recibida
OC-002626,PR35,P0172,BOD-MDE,2026-05-21,2026-05-28,2026-05-28,1138,12128.0,Recibida
OC-002627,PR07,P0188,BOD-BOG,2026-05-21,2026-05-29,2026-05-29,464,18236.0,Recibida
OC-002628,PR37,P0196,BOD-BOG,2026-05-21,2026-05-26,2026-05-26,124,1153.0,Recibida
OC-002629,PR08,P0006,BOD-BOG,2026-05-22,2026-05-27,2026-05-27,596,10081.0,Recibida
OC-002630,PR31,P0015,BOD-BOG,2026-05-22,2026-05-31,2026-05-31,150,13151.0,Recibida
OC-002631,PR20,P0022,BOD-BOG,2026-05-22,2026-05-31,2026-05-31,411,23039.0,Recibida
OC-002632,PR13,P0038,BOD-BOG,2026-05-22,2026-05-30,2026-05-30,218,4550.0,Recibida
OC-002633,PR38,P0040,BOD-BOG,2026-05-22,2026-05-27,2026-05-27,443,16036.0,Recibida
OC-002634,PR02,P0046,BOD-MDE,2026-05-22,2026-05-28,2026-05-28,587,5205.0,Recibida
OC-002635,PR38,P0060,BOD-MDE,2026-05-22,2026-05-27,2026-05-27,667,3807.0,Recibida
OC-002636,PR15,P0069,BOD-BOG,2026-05-22,2026-05-31,2026-05-31,932,3363.0,Recibida
OC-002637,PR28,P0073,BOD-BOG,2026-05-22,2026-05-30,2026-05-30,451,2183.0,Recibida
OC-002638,PR16,P0118,BOD-BOG,2026-05-22,2026-05-30,2026-05-30,518,9748.0,Recibida
OC-002639,PR23,P0134,BOD-MDE,2026-05-22,2026-05-30,2026-05-30,412,12158.0,Recibida
OC-002640,PR16,P0136,BOD-BOG,2026-05-22,2026-05-30,2026-05-30,214,8862.0,Recibida
OC-002641,PR04,P0144,BOD-MDE,2026-05-22,2026-05-27,2026-05-27,242,2316.0,Recibida
OC-002642,PR05,P0154,BOD-MDE,2026-05-22,2026-05-28,2026-05-28,324,12280.0,Recibida
OC-002643,PR17,P0167,BOD-BOG,2026-05-22,2026-05-27,2026-05-27,331,12784.0,Recibida
OC-002644,PR17,P0171,BOD-MDE,2026-05-22,2026-05-27,2026-05-27,147,5437.0,Recibida
OC-002645,PR40,P0173,BOD-BOG,2026-05-22,2026-05-28,2026-05-28,203,8921.0,Recibida
OC-002646,PR07,P0176,BOD-BOG,2026-05-22,2026-05-30,2026-05-30,518,18643.0,Recibida
OC-002647,PR07,P0176,BOD-MDE,2026-05-22,2026-05-30,2026-05-30,501,18643.0,Recibida
OC-002648,PR19,P0198,BOD-MDE,2026-05-22,2026-05-28,2026-05-28,297,1917.0,Recibida
OC-002649,PR37,P0199,BOD-MDE,2026-05-22,2026-05-27,2026-05-27,118,1430.0,Recibida
OC-002650,PR24,P0054,BOD-BOG,2026-05-23,2026-06-01,2026-06-01,402,4354.0,Recibida
OC-002651,PR09,P0057,BOD-MDE,2026-05-23,2026-05-28,2026-05-28,311,13584.0,Recibida
OC-002652,PR32,P0074,BOD-MDE,2026-05-23,2026-06-01,2026-06-01,384,16659.0,Recibida
OC-002653,PR32,P0084,BOD-MDE,2026-05-23,2026-06-01,2026-06-01,619,4076.0,Recibida
OC-002654,PR26,P0091,BOD-MDE,2026-05-23,2026-05-31,2026-05-31,140,4545.0,Recibida
OC-002655,PR10,P0107,BOD-MDE,2026-05-23,2026-05-31,2026-05-31,707,4306.0,Recibida
OC-002656,PR17,P0175,BOD-MDE,2026-05-23,2026-05-28,2026-05-28,607,5907.0,Recibida
OC-002657,PR22,P0080,BOD-BOG,2026-05-24,2026-05-31,2026-05-31,208,6228.0,Recibida
OC-002658,PR35,P0148,BOD-MDE,2026-05-24,2026-05-31,2026-05-31,254,6332.0,Recibida
OC-002659,PR20,P0007,BOD-BOG,2026-05-25,2026-06-03,2026-06-03,602,51901.0,Recibida
OC-002660,PR31,P0020,BOD-MDE,2026-05-25,2026-06-03,2026-06-03,437,23190.0,Recibida
OC-002661,PR38,P0035,BOD-MDE,2026-05-25,2026-05-30,2026-05-30,296,5432.0,Recibida
OC-002662,PR28,P0083,BOD-MDE,2026-05-25,2026-06-02,2026-06-02,443,5422.0,Recibida
OC-002663,PR04,P0114,BOD-BOG,2026-05-25,2026-05-30,2026-05-30,412,2015.0,Recibida
OC-002664,PR38,P0035,BOD-MDE,2026-05-26,2026-05-31,2026-05-31,296,5432.0,Recibida
OC-002665,PR38,P0040,BOD-MDE,2026-05-26,2026-05-31,2026-05-31,327,16036.0,Recibida
OC-002666,PR24,P0044,BOD-MDE,2026-05-26,2026-06-04,2026-06-04,166,4497.0,Recibida
OC-002667,PR02,P0051,BOD-BOG,2026-05-26,2026-06-01,2026-06-01,250,16888.0,Recibida
OC-002668,PR24,P0064,BOD-BOG,2026-05-26,2026-06-04,2026-06-04,82,25593.0,Recibida
OC-002669,PR11,P0088,BOD-BOG,2026-05-26,2026-06-02,2026-06-02,430,20404.0,Recibida
OC-002670,PR16,P0145,BOD-MDE,2026-05-26,2026-06-03,2026-06-03,1171,4804.0,Recibida
OC-002671,PR35,P0148,BOD-BOG,2026-05-26,2026-06-02,2026-06-02,203,6332.0,Recibida
OC-002672,PR05,P0162,BOD-MDE,2026-05-26,2026-06-01,2026-06-01,1327,12083.0,Recibida
OC-002673,PR17,P0171,BOD-BOG,2026-05-26,2026-05-31,2026-05-31,179,5437.0,Recibida
OC-002674,PR09,P0037,BOD-BOG,2026-05-27,2026-06-01,2026-06-01,730,6363.0,Recibida
OC-002675,PR24,P0054,BOD-BOG,2026-05-27,2026-06-05,2026-06-05,574,4354.0,Recibida
OC-002676,PR22,P0080,BOD-BOG,2026-05-27,2026-06-03,2026-06-03,208,6228.0,Recibida
OC-002677,PR17,P0151,BOD-BOG,2026-05-27,2026-06-01,2026-06-01,417,25147.0,Recibida
OC-002678,PR17,P0159,BOD-BOG,2026-05-27,2026-06-01,2026-06-01,476,13257.0,Recibida
OC-002679,PR08,P0021,BOD-MDE,2026-05-28,2026-06-02,2026-06-02,1513,16740.0,Recibida
OC-002680,PR31,P0030,BOD-MDE,2026-05-28,2026-06-06,2026-06-06,456,27568.0,Recibida
OC-002681,PR02,P0036,BOD-MDE,2026-05-28,2026-06-03,2026-06-03,298,10382.0,Recibida
OC-002682,PR38,P0050,BOD-MDE,2026-05-28,2026-06-02,2026-06-02,149,18165.0,Recibida
OC-002683,PR03,P0066,BOD-MDE,2026-05-28,2026-06-06,2026-06-06,166,17603.0,Recibida
OC-002684,PR03,P0076,BOD-BOG,2026-05-28,2026-06-06,2026-06-06,285,4074.0,Recibida
OC-002685,PR27,P0092,BOD-MDE,2026-05-28,2026-06-02,2026-06-02,634,8617.0,Recibida
OC-002686,PR34,P0095,BOD-BOG,2026-05-28,2026-06-05,2026-06-05,380,7887.0,Recibida
OC-002687,PR11,P0108,BOD-BOG,2026-05-28,2026-06-04,2026-06-04,478,14704.0,Recibida
OC-002688,PR23,P0113,BOD-BOG,2026-05-28,2026-06-05,2026-06-05,280,12365.0,Recibida
OC-002689,PR04,P0117,BOD-MDE,2026-05-28,2026-06-02,2026-06-02,418,5419.0,Recibida
OC-002690,PR04,P0123,BOD-BOG,2026-05-28,2026-06-02,2026-06-02,137,4037.0,Recibida
OC-002691,PR23,P0134,BOD-BOG,2026-05-28,2026-06-05,2026-06-05,410,12158.0,Recibida
OC-002692,PR16,P0145,BOD-BOG,2026-05-28,2026-06-05,2026-06-05,787,4804.0,Recibida
OC-002693,PR07,P0180,BOD-MDE,2026-05-28,2026-06-05,2026-06-05,424,57506.0,Recibida
OC-002694,PR29,P0004,BOD-MDE,2026-05-29,2026-06-05,2026-06-05,263,25253.0,Recibida
OC-002695,PR02,P0051,BOD-BOG,2026-05-29,2026-06-04,2026-06-04,351,16888.0,Recibida
OC-002696,PR22,P0070,BOD-MDE,2026-05-29,2026-06-05,2026-06-05,224,2316.0,Recibida
OC-002697,PR27,P0072,BOD-MDE,2026-05-29,2026-06-03,2026-06-03,172,4471.0,Recibida
OC-002698,PR27,P0092,BOD-MDE,2026-05-29,2026-06-03,2026-06-03,634,8617.0,Recibida
OC-002699,PR04,P0135,BOD-BOG,2026-05-29,2026-06-03,2026-06-03,758,2871.0,Recibida
OC-002700,PR04,P0144,BOD-MDE,2026-05-29,2026-06-03,2026-06-03,284,2316.0,Recibida
OC-002701,PR05,P0170,BOD-MDE,2026-05-29,2026-06-04,2026-06-04,158,24991.0,Recibida
OC-002702,PR17,P0175,BOD-BOG,2026-05-29,2026-06-03,2026-06-03,533,5907.0,Recibida
OC-002703,PR07,P0180,BOD-MDE,2026-05-29,2026-06-06,2026-06-06,424,57506.0,Recibida
OC-002704,PR18,P0187,BOD-MDE,2026-05-29,2026-06-04,2026-06-04,486,13917.0,Recibida
OC-002705,PR06,P0200,BOD-MDE,2026-05-29,2026-06-03,2026-06-03,385,4733.0,Recibida
OC-002706,PR09,P0032,BOD-MDE,2026-05-30,2026-06-04,2026-06-04,394,9810.0,Recibida
OC-002707,PR15,P0099,BOD-MDE,2026-05-30,2026-06-08,2026-06-08,846,3150.0,Recibida
OC-002708,PR22,P0100,BOD-BOG,2026-05-30,2026-06-06,2026-06-06,214,13601.0,Recibida
OC-002709,PR27,P0102,BOD-BOG,2026-05-30,2026-06-04,2026-06-04,117,4537.0,Recibida
OC-002710,PR16,P0136,BOD-BOG,2026-05-30,2026-06-07,2026-06-07,233,8862.0,Recibida
OC-002711,PR05,P0158,BOD-BOG,2026-05-30,2026-06-05,2026-06-05,73,8027.0,Recibida
OC-002712,PR17,P0159,BOD-MDE,2026-05-30,2026-06-04,2026-06-04,412,13257.0,Recibida
OC-002713,PR17,P0175,BOD-MDE,2026-05-30,2026-06-04,2026-06-04,803,5907.0,Recibida
OC-002714,PR18,P0185,BOD-BOG,2026-05-30,2026-06-05,2026-06-05,440,39784.0,Recibida
OC-002715,PR31,P0005,BOD-BOG,2026-06-01,2026-06-10,2026-06-10,89,26879.0,Recibida
OC-002716,PR25,P0028,BOD-MDE,2026-06-01,2026-06-08,2026-06-08,611,16862.0,Recibida
OC-002717,PR02,P0036,BOD-MDE,2026-06-01,2026-06-07,2026-06-07,363,10452.0,Recibida
OC-002718,PR02,P0061,BOD-MDE,2026-06-01,2026-06-07,2026-06-07,491,19076.0,Recibida
OC-002719,PR11,P0098,BOD-BOG,2026-06-01,2026-06-08,2026-06-08,525,10265.0,Recibida
OC-002720,PR10,P0107,BOD-BOG,2026-06-01,2026-06-09,2026-06-09,560,4286.0,Recibida
OC-002721,PR04,P0126,BOD-BOG,2026-06-01,2026-06-06,2026-06-06,207,11046.0,Recibida
OC-002722,PR40,P0157,BOD-BOG,2026-06-01,2026-06-07,2026-06-07,1169,22783.0,Recibida
OC-002723,PR05,P0162,BOD-BOG,2026-06-01,2026-06-07,2026-06-07,1473,12171.0,Recibida
OC-002724,PR20,P0002,BOD-BOG,2026-06-02,2026-06-11,2026-06-11,1486,13953.0,Recibida
OC-002725,PR08,P0011,BOD-MDE,2026-06-02,2026-06-07,2026-06-07,849,15460.0,Recibida
OC-002726,PR08,P0026,BOD-BOG,2026-06-02,2026-06-07,2026-06-07,133,21364.0,Recibida
OC-002727,PR11,P0068,BOD-MDE,2026-06-02,2026-06-09,2026-06-09,92,4374.0,Recibida
OC-002728,PR32,P0074,BOD-MDE,2026-06-02,2026-06-11,2026-06-11,525,16844.0,Recibida
OC-002729,PR34,P0085,BOD-BOG,2026-06-02,2026-06-10,2026-06-10,461,9751.0,Recibida
OC-002730,PR11,P0098,BOD-MDE,2026-06-02,2026-06-09,2026-06-09,548,10265.0,Recibida
OC-002731,PR35,P0164,BOD-MDE,2026-06-02,2026-06-09,2026-06-09,536,8351.0,Recibida
OC-002732,PR29,P0009,BOD-MDE,2026-06-03,2026-06-10,2026-06-10,249,31544.0,Recibida
OC-002733,PR31,P0030,BOD-BOG,2026-06-03,2026-06-12,2026-06-12,228,27680.0,Recibida
OC-002734,PR38,P0050,BOD-BOG,2026-06-03,2026-06-08,2026-06-08,100,18234.0,Recibida
OC-002735,PR02,P0051,BOD-MDE,2026-06-03,2026-06-09,2026-06-09,342,16883.0,Recibida
OC-002736,PR09,P0057,BOD-MDE,2026-06-03,2026-06-08,2026-06-08,446,13651.0,Recibida
OC-002737,PR22,P0070,BOD-MDE,2026-06-03,2026-06-10,2026-06-10,280,2314.0,Recibida
OC-002738,PR32,P0084,BOD-BOG,2026-06-03,2026-06-12,2026-06-12,371,4064.0,Recibida
OC-002739,PR28,P0093,BOD-MDE,2026-06-03,2026-06-11,2026-06-11,490,4361.0,Recibida
OC-002740,PR05,P0150,BOD-MDE,2026-06-03,2026-06-09,2026-06-09,147,4945.0,Recibida
OC-002741,PR05,P0154,BOD-BOG,2026-06-03,2026-06-09,2026-06-09,337,12300.0,Recibida
OC-002742,PR35,P0156,BOD-BOG,2026-06-03,2026-06-10,2026-06-10,140,28435.0,Recibida
OC-002743,PR17,P0167,BOD-BOG,2026-06-03,2026-06-08,2026-06-08,467,12812.0,Recibida
OC-002744,PR05,P0170,BOD-BOG,2026-06-03,2026-06-09,2026-06-09,379,25157.0,Recibida
OC-002745,PR18,P0177,BOD-BOG,2026-06-03,2026-06-09,2026-06-09,103,23718.0,Recibida
OC-002746,PR18,P0179,BOD-BOG,2026-06-03,2026-06-09,2026-06-09,464,15586.0,Recibida
OC-002747,PR07,P0180,BOD-BOG,2026-06-03,2026-06-11,2026-06-11,387,58518.0,Recibida
OC-002748,PR07,P0182,BOD-BOG,2026-06-03,2026-06-11,2026-06-11,201,11505.0,Recibida
OC-002749,PR06,P0200,BOD-BOG,2026-06-03,2026-06-08,2026-06-08,686,4770.0,Recibida
OC-002750,PR08,P0001,BOD-BOG,2026-06-04,2026-06-09,2026-06-09,352,30762.0,Recibida
OC-002751,PR09,P0037,BOD-MDE,2026-06-04,2026-06-09,2026-06-09,700,6389.0,Recibida
OC-002752,PR09,P0047,BOD-MDE,2026-06-04,2026-06-09,2026-06-09,497,6586.0,Recibida
OC-002753,PR24,P0059,BOD-MDE,2026-06-04,2026-06-13,2026-06-13,368,3728.0,Recibida
OC-002754,PR22,P0090,BOD-MDE,2026-06-04,2026-06-11,2026-06-11,356,10197.0,Recibida
OC-002755,PR11,P0108,BOD-MDE,2026-06-04,2026-06-11,2026-06-11,709,14791.0,Recibida
OC-002756,PR04,P0111,BOD-BOG,2026-06-04,2026-06-09,2026-06-09,510,5575.0,Recibida
OC-002757,PR04,P0114,BOD-BOG,2026-06-04,2026-06-09,2026-06-09,469,2035.0,Recibida
OC-002758,PR17,P0155,BOD-MDE,2026-06-04,2026-06-09,2026-06-09,632,8277.0,Recibida
OC-002759,PR40,P0157,BOD-MDE,2026-06-04,2026-06-10,2026-06-10,1292,22783.0,Recibida
OC-002760,PR07,P0190,BOD-MDE,2026-06-04,2026-06-12,2026-06-12,347,40360.0,Recibida
OC-002761,PR20,P0002,BOD-MDE,2026-06-05,2026-06-14,2026-06-14,974,13953.0,Recibida
OC-002762,PR08,P0006,BOD-BOG,2026-06-05,2026-06-10,2026-06-10,841,10059.0,Recibida
OC-002763,PR25,P0008,BOD-MDE,2026-06-05,2026-06-12,2026-06-12,379,24871.0,Recibida
OC-002764,PR38,P0050,BOD-MDE,2026-06-05,2026-06-10,2026-06-10,262,18234.0,Recibida
OC-002765,PR24,P0059,BOD-MDE,2026-06-05,2026-06-14,2026-06-14,368,3728.0,Recibida
OC-002766,PR22,P0090,BOD-MDE,2026-06-05,2026-06-12,2026-06-12,356,10197.0,Recibida
OC-002767,PR15,P0099,BOD-BOG,2026-06-05,2026-06-14,2026-06-14,1169,3147.0,Recibida
OC-002768,PR16,P0118,BOD-MDE,2026-06-05,2026-06-13,2026-06-13,412,9790.0,Recibida
OC-002769,PR35,P0160,BOD-MDE,2026-06-05,2026-06-12,2026-06-12,185,12105.0,Recibida
OC-002770,PR18,P0187,BOD-BOG,2026-06-05,2026-06-11,2026-06-11,206,14013.0,Recibida
OC-002771,PR19,P0192,BOD-BOG,2026-06-05,2026-06-11,2026-06-11,216,8052.0,Recibida
OC-002772,PR31,P0025,BOD-MDE,2026-06-06,2026-06-15,2026-06-15,405,14326.0,Recibida
OC-002773,PR31,P0030,BOD-BOG,2026-06-06,2026-06-15,2026-06-15,272,27680.0,Recibida
OC-002774,PR04,P0138,BOD-MDE,2026-06-06,2026-06-11,2026-06-11,454,1566.0,Recibida
OC-002775,PR07,P0186,BOD-MDE,2026-06-06,2026-06-14,2026-06-14,183,20122.0,Recibida
OC-002776,PR19,P0192,BOD-BOG,2026-06-06,2026-06-12,2026-06-12,216,8052.0,Recibida
OC-002777,PR25,P0023,BOD-MDE,2026-06-07,2026-06-14,2026-06-14,178,16642.0,Recibida
OC-002778,PR27,P0072,BOD-MDE,2026-06-07,2026-06-12,2026-06-12,221,4457.0,Recibida
OC-002779,PR34,P0095,BOD-MDE,2026-06-07,2026-06-15,2026-06-15,426,7866.0,Recibida
OC-002780,PR37,P0199,BOD-MDE,2026-06-07,2026-06-12,2026-06-12,118,1450.0,Recibida
OC-002781,PR08,P0001,BOD-MDE,2026-06-08,2026-06-13,2026-06-13,400,30762.0,Recibida
OC-002782,PR03,P0076,BOD-BOG,2026-06-08,2026-06-17,2026-06-17,342,4089.0,Recibida
OC-002783,PR10,P0077,BOD-BOG,2026-06-08,2026-06-16,2026-06-16,117,3915.0,Recibida
OC-002784,PR16,P0124,BOD-BOG,2026-06-08,2026-06-16,2026-06-16,103,7396.0,Recibida
OC-002785,PR08,P0016,BOD-BOG,2026-06-09,2026-06-14,2026-06-14,288,45039.0,Recibida
OC-002786,PR08,P0016,BOD-MDE,2026-06-09,2026-06-14,2026-06-14,136,45039.0,Recibida
OC-002787,PR24,P0054,BOD-BOG,2026-06-09,2026-06-18,2026-06-18,675,4448.0,Recibida
OC-002788,PR02,P0061,BOD-BOG,2026-06-09,2026-06-15,2026-06-15,349,19076.0,Recibida
OC-002789,PR32,P0104,BOD-BOG,2026-06-09,2026-06-18,2026-06-18,264,5382.0,Recibida
OC-002790,PR16,P0112,BOD-MDE,2026-06-09,2026-06-17,2026-06-17,731,2407.0,Recibida
OC-002791,PR04,P0117,BOD-MDE,2026-06-09,2026-06-14,2026-06-14,493,5429.0,Recibida
OC-002792,PR23,P0134,BOD-MDE,2026-06-09,2026-06-17,2026-06-17,466,12214.0,Recibida
OC-002793,PR16,P0142,BOD-MDE,2026-06-09,2026-06-17,2026-06-17,831,11195.0,Recibida
OC-002794,PR23,P0143,BOD-BOG,2026-06-09,2026-06-17,2026-06-17,721,4888.0,Recibida
OC-002795,PR40,P0173,BOD-BOG,2026-06-09,2026-06-15,2026-06-15,330,9022.0,Recibida
OC-002796,PR18,P0181,BOD-MDE,2026-06-09,2026-06-15,2026-06-15,293,60648.0,Recibida
OC-002797,PR20,P0027,BOD-BOG,2026-06-10,2026-06-19,2026-06-19,648,28071.0,Recibida
OC-002798,PR20,P0027,BOD-MDE,2026-06-10,2026-06-19,2026-06-19,416,28071.0,Recibida
OC-002799,PR25,P0028,BOD-BOG,2026-06-10,2026-06-17,2026-06-17,327,16862.0,Recibida
OC-002800,PR24,P0064,BOD-MDE,2026-06-10,2026-06-19,2026-06-19,122,25796.0,Recibida
OC-002801,PR34,P0105,BOD-BOG,2026-06-10,2026-06-18,2026-06-18,795,3344.0,Recibida
OC-002802,PR23,P0128,BOD-BOG,2026-06-10,2026-06-18,2026-06-18,433,2796.0,Recibida
OC-002803,PR05,P0150,BOD-BOG,2026-06-10,2026-06-16,2026-06-16,252,4945.0,Recibida
OC-002804,PR17,P0159,BOD-BOG,2026-06-10,2026-06-15,2026-06-15,712,13180.0,Recibida
OC-002805,PR31,P0010,BOD-MDE,2026-06-11,2026-06-20,2026-06-20,184,8806.0,Recibida
OC-002806,PR38,P0065,BOD-BOG,2026-06-11,2026-06-16,2026-06-16,156,13483.0,Recibida
OC-002807,PR11,P0088,BOD-MDE,2026-06-11,2026-06-18,2026-06-18,399,20531.0,Recibida
OC-002808,PR23,P0122,BOD-BOG,2026-06-11,2026-06-19,2026-06-19,277,5965.0,Recibida
OC-002809,PR19,P0195,BOD-MDE,2026-06-11,2026-06-17,2026-06-17,148,1146.0,Recibida
OC-002810,PR25,P0023,BOD-MDE,2026-06-12,2026-06-19,2026-06-19,200,16642.0,Recibida
OC-002811,PR38,P0035,BOD-BOG,2026-06-12,2026-06-17,2026-06-17,269,5472.0,Recibida
OC-002812,PR02,P0056,BOD-BOG,2026-06-12,2026-06-18,2026-06-18,362,6465.0,Recibida
OC-002813,PR15,P0069,BOD-MDE,2026-06-12,2026-06-21,2026-06-21,458,3402.0,Recibida
OC-002814,PR10,P0097,BOD-BOG,2026-06-12,2026-06-20,2026-06-20,617,4476.0,Recibida
OC-002815,PR03,P0106,BOD-BOG,2026-06-12,2026-06-21,2026-06-21,145,13724.0,Recibida
OC-002816,PR11,P0108,BOD-BOG,2026-06-12,2026-06-19,2026-06-19,621,14791.0,Recibida
OC-002817,PR23,P0113,BOD-BOG,2026-06-12,2026-06-20,2026-06-20,354,12471.0,Recibida
OC-002818,PR23,P0119,BOD-MDE,2026-06-12,2026-06-20,2026-06-20,1305,11815.0,Recibida
OC-002819,PR23,P0125,BOD-MDE,2026-06-12,2026-06-20,2026-06-20,194,1649.0,Recibida
OC-002820,PR23,P0128,BOD-MDE,2026-06-12,2026-06-20,2026-06-20,537,2796.0,Recibida
OC-002821,PR16,P0136,BOD-MDE,2026-06-12,2026-06-20,2026-06-20,172,8793.0,Recibida
OC-002822,PR04,P0138,BOD-BOG,2026-06-12,2026-06-17,2026-06-17,273,1566.0,Recibida
OC-002823,PR05,P0154,BOD-MDE,2026-06-12,2026-06-18,2026-06-18,338,12300.0,Recibida
OC-002824,PR35,P0156,BOD-BOG,2026-06-12,2026-06-19,2026-06-19,250,28435.0,Recibida
OC-002825,PR35,P0160,BOD-BOG,2026-06-12,2026-06-19,2026-06-19,116,12105.0,Recibida
OC-002826,PR40,P0161,BOD-MDE,2026-06-12,2026-06-18,2026-06-18,223,23354.0,Recibida
OC-002827,PR40,P0169,BOD-MDE,2026-06-12,2026-06-18,2026-06-18,233,10137.0,Recibida
OC-002828,PR18,P0187,BOD-BOG,2026-06-12,2026-06-18,2026-06-18,257,14013.0,Recibida
OC-002829,PR08,P0006,BOD-MDE,2026-06-13,2026-06-18,2026-06-18,471,10059.0,Recibida
OC-002830,PR20,P0007,BOD-MDE,2026-06-13,2026-06-22,2026-06-22,238,51775.0,Recibida
OC-002831,PR08,P0016,BOD-BOG,2026-06-13,2026-06-18,2026-06-18,288,45039.0,Recibida
OC-002832,PR31,P0020,BOD-MDE,2026-06-13,2026-06-22,2026-06-22,562,23271.0,Recibida
OC-002833,PR09,P0052,BOD-MDE,2026-06-13,2026-06-18,2026-06-18,468,7346.0,Recibida
OC-002834,PR03,P0066,BOD-MDE,2026-06-13,2026-06-22,2026-06-22,241,17792.0,Recibida
OC-002835,PR10,P0077,BOD-BOG,2026-06-13,2026-06-21,2026-06-21,165,3915.0,Recibida
OC-002836,PR27,P0092,BOD-BOG,2026-06-13,2026-06-18,2026-06-18,221,8632.0,Recibida
OC-002837,PR28,P0093,BOD-MDE,2026-06-13,2026-06-21,2026-06-21,805,4361.0,Recibida
OC-002838,PR34,P0095,BOD-MDE,2026-06-13,2026-06-21,2026-06-21,635,7866.0,Recibida
OC-002839,PR23,P0143,BOD-MDE,2026-06-13,2026-06-21,2026-06-21,602,4888.0,Recibida
OC-002840,PR35,P0156,BOD-BOG,2026-06-13,2026-06-20,2026-06-20,250,28435.0,Recibida
OC-002841,PR05,P0162,BOD-MDE,2026-06-13,2026-06-19,2026-06-19,1834,12171.0,Recibida
OC-002842,PR02,P0036,BOD-BOG,2026-06-14,2026-06-20,2026-06-20,272,10452.0,Recibida
OC-002843,PR09,P0037,BOD-MDE,2026-06-14,2026-06-19,2026-06-19,907,6389.0,Recibida
OC-002844,PR40,P0157,BOD-BOG,2026-06-14,2026-06-20,2026-06-20,1429,22783.0,Recibida
OC-002845,PR28,P0083,BOD-BOG,2026-06-15,2026-06-23,2026-06-23,262,5438.0,Recibida
OC-002846,PR16,P0139,BOD-MDE,2026-06-15,2026-06-23,2026-06-23,178,7361.0,Recibida
OC-002847,PR35,P0148,BOD-BOG,2026-06-15,2026-06-22,2026-06-22,223,6393.0,Recibida
OC-002848,PR35,P0160,BOD-MDE,2026-06-15,2026-06-22,2026-06-22,206,12105.0,Recibida
OC-002849,PR17,P0163,BOD-BOG,2026-06-15,2026-06-20,2026-06-20,342,11433.0,Recibida
OC-002850,PR17,P0163,BOD-MDE,2026-06-15,2026-06-20,2026-06-20,268,11433.0,Recibida
OC-002851,PR05,P0166,BOD-MDE,2026-06-15,2026-06-21,2026-06-21,241,8392.0,Recibida
OC-002852,PR29,P0014,BOD-BOG,2026-06-16,2026-06-23,2026-06-23,284,18893.0,Recibida
OC-002853,PR29,P0019,BOD-MDE,2026-06-16,2026-06-23,2026-06-23,296,9102.0,Recibida
OC-002854,PR02,P0046,BOD-MDE,2026-06-16,2026-06-22,2026-06-22,763,5225.0,Recibida
OC-002855,PR24,P0064,BOD-MDE,2026-06-16,2026-06-25,2026-06-25,122,25796.0,Recibida
OC-002856,PR32,P0074,BOD-BOG,2026-06-16,2026-06-25,2026-06-25,537,16844.0,Recibida
OC-002857,PR10,P0107,BOD-BOG,2026-06-16,2026-06-24,2026-06-24,739,4286.0,Recibida
OC-002858,PR04,P0111,BOD-MDE,2026-06-16,2026-06-21,2026-06-21,251,5575.0,Recibida
OC-002859,PR16,P0121,BOD-MDE,2026-06-16,2026-06-24,2026-06-24,280,2010.0,Recibida
OC-002860,PR17,P0159,BOD-MDE,2026-06-16,2026-06-21,2026-06-21,674,13180.0,Recibida
OC-002861,PR35,P0164,BOD-BOG,2026-06-16,2026-06-23,2026-06-23,336,8351.0,Recibida
OC-002862,PR07,P0178,BOD-BOG,2026-06-16,2026-06-24,2026-06-24,76,16182.0,Recibida
OC-002863,PR06,P0200,BOD-MDE,2026-06-16,2026-06-21,2026-06-21,529,4770.0,Recibida
OC-002864,PR20,P0027,BOD-MDE,2026-06-17,2026-06-26,2026-06-26,533,28071.0,Recibida
OC-002865,PR09,P0047,BOD-BOG,2026-06-17,2026-06-22,2026-06-22,238,6586.0,Recibida
OC-002866,PR24,P0049,BOD-BOG,2026-06-17,2026-06-26,2026-06-26,236,3089.0,Recibida
OC-002867,PR09,P0057,BOD-BOG,2026-06-17,2026-06-22,2026-06-22,391,13651.0,Recibida
OC-002868,PR26,P0071,BOD-BOG,2026-06-17,2026-06-25,2026-06-25,208,14025.0,Recibida
OC-002869,PR10,P0087,BOD-MDE,2026-06-17,2026-06-25,2026-06-25,329,4369.0,Recibida
OC-002870,PR16,P0121,BOD-MDE,2026-06-17,2026-06-25,2026-06-25,280,2010.0,Recibida
OC-002871,PR16,P0130,BOD-MDE,2026-06-17,2026-06-25,2026-06-25,356,2503.0,Recibida
OC-002872,PR04,P0141,BOD-BOG,2026-06-17,2026-06-22,2026-06-22,261,1593.0,Recibida
OC-002873,PR17,P0167,BOD-BOG,2026-06-17,2026-06-22,2026-06-22,607,12812.0,Recibida
OC-002874,PR17,P0167,BOD-MDE,2026-06-17,2026-06-22,2026-06-22,397,12812.0,Recibida
OC-002875,PR07,P0180,BOD-BOG,2026-06-17,2026-06-25,2026-06-25,511,58518.0,Recibida
OC-002876,PR19,P0195,BOD-BOG,2026-06-17,2026-06-23,2026-06-23,93,1146.0,Recibida
OC-002877,PR37,P0196,BOD-BOG,2026-06-17,2026-06-22,2026-06-22,154,1159.0,Recibida
OC-002878,PR25,P0008,BOD-BOG,2026-06-18,2026-06-25,2026-06-25,427,24871.0,Recibida
OC-002879,PR08,P0021,BOD-BOG,2026-06-18,2026-06-23,2026-06-23,1270,16855.0,Recibida
OC-002880,PR31,P0030,BOD-MDE,2026-06-18,2026-06-27,2026-06-27,555,27680.0,Recibida
OC-002881,PR38,P0060,BOD-BOG,2026-06-18,2026-06-23,2026-06-23,238,3827.0,Recibida
OC-002882,PR10,P0067,BOD-MDE,2026-06-18,2026-06-26,2026-06-26,606,16442.0,Recibida
OC-002883,PR27,P0082,BOD-BOG,2026-06-18,2026-06-23,2026-06-23,176,8442.0,Recibida
OC-002884,PR03,P0106,BOD-BOG,2026-06-18,2026-06-27,2026-06-27,206,13724.0,Recibida
OC-002885,PR04,P0114,BOD-MDE,2026-06-18,2026-06-23,2026-06-23,223,2035.0,Recibida
OC-002886,PR16,P0118,BOD-MDE,2026-06-18,2026-06-26,2026-06-26,400,9790.0,Recibida
OC-002887,PR23,P0125,BOD-BOG,2026-06-18,2026-06-26,2026-06-26,204,1649.0,Recibida
OC-002888,PR16,P0136,BOD-BOG,2026-06-18,2026-06-26,2026-06-26,331,8793.0,Recibida
OC-002889,PR40,P0173,BOD-BOG,2026-06-18,2026-06-24,2026-06-24,425,9022.0,Recibida
OC-002890,PR07,P0190,BOD-MDE,2026-06-18,2026-06-26,2026-06-26,404,40360.0,Recibida
OC-002891,PR37,P0199,BOD-BOG,2026-06-18,2026-06-23,2026-06-23,118,1450.0,Recibida
OC-002892,PR08,P0021,BOD-MDE,2026-06-19,2026-06-24,2026-06-24,1699,16855.0,Recibida
OC-002893,PR13,P0038,BOD-MDE,2026-06-19,2026-06-27,2026-06-27,223,4567.0,Recibida
OC-002894,PR28,P0083,BOD-BOG,2026-06-19,2026-06-27,2026-06-27,391,5438.0,Recibida
OC-002895,PR03,P0086,BOD-MDE,2026-06-19,2026-06-28,2026-06-28,194,4881.0,Recibida
OC-002896,PR23,P0125,BOD-BOG,2026-06-19,2026-06-27,2026-06-27,204,1649.0,Recibida
OC-002897,PR04,P0126,BOD-BOG,2026-06-19,2026-06-24,2026-06-24,239,11046.0,Recibida
OC-002898,PR19,P0195,BOD-MDE,2026-06-19,2026-06-25,2026-06-25,239,1146.0,Recibida
OC-002899,PR20,P0022,BOD-MDE,2026-06-20,2026-06-29,2026-06-29,272,23178.0,Recibida
OC-002900,PR24,P0034,BOD-MDE,2026-06-20,2026-06-29,2026-06-29,389,4946.0,Recibida
OC-002901,PR13,P0038,BOD-BOG,2026-06-20,2026-06-28,2026-06-28,218,4567.0,Recibida
OC-002902,PR38,P0050,BOD-BOG,2026-06-20,2026-06-25,2026-06-25,96,18234.0,Recibida
OC-002903,PR03,P0086,BOD-MDE,2026-06-20,2026-06-29,2026-06-29,194,4881.0,Recibida
OC-002904,PR22,P0090,BOD-BOG,2026-06-20,2026-06-27,2026-06-27,206,10197.0,Recibida
OC-002905,PR04,P0135,BOD-BOG,2026-06-20,2026-06-25,2026-06-25,895,2881.0,Recibida
OC-002906,PR35,P0168,BOD-BOG,2026-06-20,2026-06-27,2026-06-27,673,11147.0,Recibida
OC-002907,PR34,P0075,BOD-MDE,2026-06-21,2026-06-29,2026-06-29,333,14779.0,Recibida
OC-002908,PR29,P0029,BOD-MDE,2026-06-22,2026-06-29,2026-06-29,64,22232.0,Recibida
OC-002909,PR09,P0032,BOD-BOG,2026-06-22,2026-06-27,2026-06-27,278,9781.0,Recibida
OC-002910,PR38,P0040,BOD-MDE,2026-06-22,2026-06-27,2026-06-27,370,16053.0,Recibida
OC-002911,PR34,P0095,BOD-BOG,2026-06-22,2026-06-30,2026-06-30,367,7866.0,Recibida
OC-002912,PR23,P0113,BOD-MDE,2026-06-22,2026-06-30,2026-06-30,363,12471.0,Recibida
OC-002913,PR16,P0139,BOD-MDE,2026-06-22,2026-06-30,2026-06-30,264,7361.0,Recibida
OC-002914,PR05,P0166,BOD-MDE,2026-06-22,2026-06-28,2026-06-28,384,8392.0,Recibida
OC-002915,PR18,P0183,BOD-MDE,2026-06-22,2026-06-28,2026-06-28,254,20809.0,Recibida
OC-002916,PR20,P0017,BOD-MDE,2026-06-23,2026-07-02,2026-07-02,712,20202.0,Recibida
OC-002917,PR08,P0026,BOD-BOG,2026-06-23,2026-06-28,2026-06-28,151,21364.0,Recibida
OC-002918,PR29,P0029,BOD-MDE,2026-06-23,2026-06-30,2026-06-30,188,22232.0,Recibida
OC-002919,PR13,P0058,BOD-BOG,2026-06-23,2026-07-01,2026-07-01,164,19729.0,Recibida
OC-002920,PR03,P0076,BOD-BOG,2026-06-23,2026-07-02,2026-07-02,497,4089.0,Recibida
OC-002921,PR22,P0080,BOD-MDE,2026-06-23,2026-06-30,2026-06-30,168,6296.0,Recibida
OC-002922,PR04,P0117,BOD-BOG,2026-06-23,2026-06-28,2026-06-28,150,5429.0,Recibida
OC-002923,PR17,P0163,BOD-BOG,2026-06-23,2026-06-28,2026-06-28,521,11433.0,Recibida
OC-002924,PR35,P0164,BOD-BOG,2026-06-23,2026-06-30,2026-06-30,451,8351.0,Recibida
OC-002925,PR06,P0197,BOD-MDE,2026-06-23,2026-06-28,2026-06-28,230,3440.0,Recibida
OC-002926,PR29,P0014,BOD-BOG,2026-06-24,2026-07-01,2026-07-01,251,18893.0,Recibida
OC-002927,PR31,P0025,BOD-BOG,2026-06-24,2026-07-03,2026-07-03,273,14326.0,Recibida
OC-002928,PR29,P0029,BOD-MDE,2026-06-24,2026-07-01,2026-07-01,188,22232.0,Recibida
OC-002929,PR09,P0052,BOD-BOG,2026-06-24,2026-06-29,2026-06-29,341,7346.0,Recibida
OC-002930,PR02,P0056,BOD-BOG,2026-06-24,2026-06-30,2026-06-30,565,6465.0,Recibida
OC-002931,PR28,P0073,BOD-BOG,2026-06-24,2026-07-02,2026-07-02,422,2182.0,Recibida
OC-002932,PR03,P0076,BOD-MDE,2026-06-24,2026-07-03,2026-07-03,325,4089.0,Recibida
OC-002933,PR34,P0085,BOD-MDE,2026-06-24,2026-07-02,2026-07-02,288,9751.0,Recibida
OC-002934,PR22,P0110,BOD-MDE,2026-06-24,2026-07-01,2026-07-01,154,9799.0,Recibida
OC-002935,PR16,P0124,BOD-MDE,2026-06-24,2026-07-02,2026-07-02,176,7396.0,Recibida
OC-002936,PR35,P0172,BOD-BOG,2026-06-24,2026-07-01,2026-07-01,452,12128.0,Recibida
OC-002937,PR18,P0179,BOD-MDE,2026-06-24,2026-06-30,2026-06-30,392,15586.0,Recibida
OC-002938,PR18,P0187,BOD-BOG,2026-06-24,2026-06-30,2026-06-30,396,14013.0,Recibida
OC-002939,PR04,P0111,BOD-MDE,2026-06-25,2026-06-30,2026-06-30,325,5575.0,Recibida
OC-002940,PR23,P0122,BOD-MDE,2026-06-25,2026-07-03,2026-07-03,224,5965.0,Recibida
OC-002941,PR23,P0134,BOD-MDE,2026-06-25,2026-07-03,2026-07-03,620,12214.0,Recibida
OC-002942,PR04,P0141,BOD-BOG,2026-06-25,2026-06-30,2026-06-30,324,1593.0,Recibida
OC-002943,PR35,P0156,BOD-BOG,2026-06-25,2026-07-02,2026-07-02,365,28435.0,Recibida
OC-002944,PR35,P0160,BOD-BOG,2026-06-25,2026-07-02,2026-07-02,193,12105.0,Recibida
OC-002945,PR05,P0166,BOD-BOG,2026-06-25,2026-07-01,2026-07-01,240,8392.0,Recibida
OC-002946,PR40,P0169,BOD-BOG,2026-06-25,2026-07-01,2026-07-01,222,10137.0,Recibida
OC-002947,PR25,P0003,BOD-BOG,2026-06-26,2026-07-03,2026-07-03,86,9889.0,Recibida
OC-002948,PR25,P0008,BOD-BOG,2026-06-26,2026-07-03,2026-07-03,551,24871.0,Recibida
OC-002949,PR13,P0033,BOD-BOG,2026-06-26,2026-07-04,2026-07-04,340,6216.0,Recibida
OC-002950,PR24,P0034,BOD-BOG,2026-06-26,2026-07-05,2026-07-05,273,4946.0,Recibida
OC-002951,PR02,P0036,BOD-BOG,2026-06-26,2026-07-02,2026-07-02,388,10452.0,Recibida
OC-002952,PR02,P0051,BOD-MDE,2026-06-26,2026-07-02,2026-07-02,428,16883.0,Recibida
OC-002953,PR32,P0084,BOD-BOG,2026-06-26,2026-07-05,2026-07-05,413,4064.0,Recibida
OC-002954,PR34,P0095,BOD-BOG,2026-06-26,2026-07-04,2026-07-04,564,7866.0,Recibida
OC-002955,PR15,P0099,BOD-MDE,2026-06-26,2026-07-05,2026-07-05,972,3147.0,Recibida
OC-002956,PR16,P0121,BOD-MDE,2026-06-26,2026-07-04,2026-07-04,306,2010.0,Recibida
OC-002957,PR16,P0133,BOD-MDE,2026-06-26,2026-07-04,2026-07-04,322,4678.0,Recibida
OC-002958,PR05,P0150,BOD-MDE,2026-06-26,2026-07-02,2026-07-02,179,4945.0,Recibida
OC-002959,PR07,P0186,BOD-MDE,2026-06-26,2026-07-04,2026-07-04,228,20122.0,Recibida
OC-002960,PR18,P0187,BOD-BOG,2026-06-26,2026-07-02,2026-07-02,543,14013.0,Recibida
OC-002961,PR18,P0189,BOD-MDE,2026-06-26,2026-07-02,2026-07-02,279,15467.0,Recibida
OC-002962,PR31,P0020,BOD-BOG,2026-06-27,2026-07-06,2026-07-06,376,23271.0,Recibida
OC-002963,PR25,P0023,BOD-MDE,2026-06-27,2026-07-04,2026-07-04,315,16642.0,Recibida
OC-002964,PR13,P0033,BOD-BOG,2026-06-27,2026-07-05,2026-07-05,340,6216.0,Recibida
OC-002965,PR13,P0033,BOD-MDE,2026-06-27,2026-07-05,2026-07-05,248,6216.0,Recibida
OC-002966,PR02,P0046,BOD-MDE,2026-06-27,2026-07-03,2026-07-03,824,5225.0,Recibida
OC-002967,PR09,P0052,BOD-MDE,2026-06-27,2026-07-02,2026-07-02,635,7346.0,Recibida
OC-002968,PR04,P0114,BOD-MDE,2026-06-27,2026-07-02,2026-07-02,400,2035.0,Recibida
OC-002969,PR04,P0135,BOD-MDE,2026-06-27,2026-07-02,2026-07-02,526,2881.0,Recibida
OC-002970,PR04,P0141,BOD-MDE,2026-06-27,2026-07-02,2026-07-02,276,1593.0,Recibida
OC-002971,PR05,P0146,BOD-BOG,2026-06-27,2026-07-03,2026-07-03,294,17849.0,Recibida
OC-002972,PR17,P0163,BOD-MDE,2026-06-27,2026-07-02,2026-07-02,379,11433.0,Recibida
OC-002973,PR35,P0168,BOD-MDE,2026-06-27,2026-07-04,2026-07-04,747,11147.0,Recibida
OC-002974,PR29,P0004,BOD-BOG,2026-06-28,2026-07-05,2026-07-05,232,25363.0,Recibida
OC-002975,PR10,P0067,BOD-BOG,2026-06-28,2026-07-06,2026-07-06,435,16442.0,Recibida
OC-002976,PR22,P0110,BOD-BOG,2026-06-28,2026-07-05,2026-07-05,100,9799.0,Recibida
OC-002977,PR09,P0047,BOD-MDE,2026-06-29,2026-07-04,2026-07-04,752,6586.0,Recibida
OC-002978,PR11,P0068,BOD-MDE,2026-06-29,2026-07-06,2026-07-06,92,4374.0,Recibida
OC-002979,PR18,P0185,BOD-MDE,2026-06-29,2026-07-05,2026-07-05,408,40127.0,Recibida
OC-002980,PR19,P0195,BOD-BOG,2026-06-29,2026-07-05,2026-07-05,111,1146.0,Recibida
OC-002981,PR29,P0004,BOD-MDE,2026-06-30,2026-07-07,2026-07-07,333,25363.0,Recibida
OC-002982,PR31,P0010,BOD-MDE,2026-06-30,2026-07-09,2026-07-09,184,8806.0,Recibida
OC-002983,PR02,P0031,BOD-MDE,2026-06-30,2026-07-06,2026-07-06,372,11480.0,Recibida
OC-002984,PR03,P0106,BOD-BOG,2026-06-30,2026-07-09,2026-07-09,290,13724.0,Recibida
OC-002985,PR11,P0108,BOD-MDE,2026-06-30,2026-07-07,2026-07-07,822,14791.0,Recibida
OC-002986,PR04,P0138,BOD-BOG,2026-06-30,2026-07-05,2026-07-05,423,1566.0,Recibida
OC-002987,PR40,P0149,BOD-MDE,2026-06-30,2026-07-06,2026-07-06,188,9374.0,Recibida
OC-002988,PR40,P0157,BOD-MDE,2026-06-30,2026-07-06,2026-07-06,1446,22783.0,Recibida
OC-002989,PR18,P0183,BOD-BOG,2026-06-30,2026-07-06,2026-07-06,336,20809.0,Recibida
OC-002990,PR06,P0200,BOD-BOG,2026-06-30,2026-07-05,2026-07-05,636,4770.0,Recibida
OC-002991,PR31,P0030,BOD-BOG,2026-07-01,2026-07-10,2026-07-10,401,27612.0,Recibida
OC-002992,PR13,P0058,BOD-BOG,2026-07-01,2026-07-09,2026-07-09,190,19920.0,Recibida
OC-002993,PR11,P0068,BOD-BOG,2026-07-01,2026-07-08,2026-07-08,134,4415.0,Recibida
OC-002994,PR16,P0142,BOD-BOG,2026-07-01,2026-07-09,2026-07-09,442,11398.0,Recibida
OC-002995,PR17,P0171,BOD-MDE,2026-07-01,2026-07-06,2026-07-06,172,5476.0,Recibida
OC-002996,PR31,P0025,BOD-MDE,2026-07-02,2026-07-11,2026-07-11,488,14363.0,Recibida
OC-002997,PR02,P0031,BOD-BOG,2026-07-02,2026-07-08,2026-07-08,466,11417.0,Recibida
OC-002998,PR13,P0033,BOD-BOG,2026-07-02,2026-07-10,2026-07-10,518,6185.0,Recibida
OC-002999,PR13,P0053,BOD-MDE,2026-07-02,2026-07-10,2026-07-10,260,17981.0,Recibida
OC-003000,PR11,P0068,BOD-BOG,2026-07-02,2026-07-09,2026-07-09,134,4415.0,Recibida
OC-003001,PR03,P0076,BOD-MDE,2026-07-02,2026-07-11,2026-07-11,443,4079.0,Recibida
OC-003002,PR34,P0095,BOD-MDE,2026-07-02,2026-07-10,2026-07-10,906,7943.0,Recibida
OC-003003,PR23,P0128,BOD-MDE,2026-07-02,2026-07-10,2026-07-10,751,2798.0,Recibida
OC-003004,PR16,P0145,BOD-BOG,2026-07-02,2026-07-10,2026-07-10,743,4782.0,Recibida
OC-003005,PR17,P0151,BOD-MDE,2026-07-02,2026-07-07,2026-07-07,336,25198.0,Recibida
OC-003006,PR17,P0175,BOD-BOG,2026-07-02,2026-07-07,2026-07-07,570,5867.0,Recibida
OC-003007,PR18,P0183,BOD-MDE,2026-07-02,2026-07-08,2026-07-08,362,20983.0,Recibida
OC-003008,PR06,P0191,BOD-BOG,2026-07-02,2026-07-07,2026-07-07,136,5169.0,Recibida
OC-003009,PR20,P0007,BOD-MDE,2026-07-03,2026-07-12,2026-07-12,307,51892.0,Recibida
OC-003010,PR29,P0019,BOD-BOG,2026-07-03,2026-07-10,2026-07-10,272,9270.0,Recibida
OC-003011,PR27,P0082,BOD-BOG,2026-07-03,2026-07-08,2026-07-08,253,8503.0,Recibida
OC-003012,PR16,P0136,BOD-MDE,2026-07-03,2026-07-11,2026-07-11,243,8859.0,Recibida
OC-003013,PR16,P0139,BOD-BOG,2026-07-03,2026-07-11,2026-07-11,204,7351.0,Recibida
OC-003014,PR07,P0190,BOD-BOG,2026-07-03,2026-07-11,2026-07-11,202,40266.0,Recibida
OC-003015,PR25,P0023,BOD-BOG,2026-07-04,2026-07-11,2026-07-11,165,16678.0,Recibida
OC-003016,PR38,P0060,BOD-BOG,2026-07-04,2026-07-09,2026-07-09,338,3821.0,Recibida
OC-003017,PR32,P0074,BOD-BOG,2026-07-04,2026-07-13,2026-07-13,625,17008.0,Recibida
OC-003018,PR10,P0097,BOD-MDE,2026-07-04,2026-07-12,2026-07-12,415,4477.0,Recibida
OC-003019,PR22,P0100,BOD-BOG,2026-07-04,2026-07-11,2026-07-11,181,13880.0,Recibida
OC-003020,PR23,P0140,BOD-BOG,2026-07-04,2026-07-12,2026-07-12,83,3335.0,Recibida
OC-003021,PR05,P0158,BOD-MDE,2026-07-04,2026-07-10,2026-07-10,112,8108.0,Recibida
OC-003022,PR40,P0173,BOD-MDE,2026-07-04,2026-07-10,2026-07-10,250,9070.0,Recibida
OC-003023,PR07,P0176,BOD-BOG,2026-07-04,2026-07-12,2026-07-12,438,18941.0,Recibida
OC-003024,PR25,P0003,BOD-MDE,2026-07-05,2026-07-12,2026-07-12,127,9847.0,Recibida
OC-003025,PR20,P0022,BOD-MDE,2026-07-05,2026-07-14,2026-07-14,361,23348.0,Recibida
OC-003026,PR10,P0087,BOD-MDE,2026-07-05,2026-07-13,2026-07-13,401,4403.0,Recibida
OC-003027,PR04,P0126,BOD-BOG,2026-07-05,2026-07-10,2026-07-10,268,11222.0,Recibida
OC-003028,PR08,P0011,BOD-BOG,2026-07-06,2026-07-11,2026-07-11,687,15592.0,Recibida
OC-003029,PR08,P0026,BOD-BOG,2026-07-06,2026-07-11,2026-07-11,176,21346.0,Recibida
OC-003030,PR09,P0037,BOD-BOG,2026-07-06,2026-07-11,2026-07-11,578,6352.0,Recibida
OC-003031,PR13,P0053,BOD-MDE,2026-07-06,2026-07-14,2026-07-14,286,17981.0,Recibida
OC-003032,PR26,P0081,BOD-BOG,2026-07-06,2026-07-14,2026-07-14,120,20080.0,Recibida
OC-003033,PR35,P0152,BOD-MDE,2026-07-06,2026-07-13,2026-07-13,148,26060.0,Recibida
OC-003034,PR25,P0003,BOD-BOG,2026-07-07,2026-07-14,2026-07-14,122,9847.0,Recibida
OC-003035,PR25,P0003,BOD-MDE,2026-07-07,2026-07-14,2026-07-14,176,9847.0,Recibida
OC-003036,PR09,P0032,BOD-BOG,2026-07-07,2026-07-12,2026-07-12,337,9861.0,Recibida
OC-003037,PR09,P0032,BOD-MDE,2026-07-07,2026-07-12,2026-07-12,303,9861.0,Recibida
OC-003038,PR13,P0033,BOD-MDE,2026-07-07,2026-07-15,2026-07-15,342,6185.0,Recibida
OC-003039,PR02,P0056,BOD-BOG,2026-07-07,2026-07-13,2026-07-13,766,6589.0,Recibida
OC-003040,PR09,P0062,BOD-MDE,2026-07-07,2026-07-12,2026-07-12,188,9052.0,Recibida
OC-003041,PR10,P0067,BOD-BOG,2026-07-07,2026-07-15,2026-07-15,601,16306.0,Recibida
OC-003042,PR28,P0073,BOD-MDE,2026-07-07,2026-07-15,2026-07-15,322,2181.0,Recibida
OC-003043,PR34,P0075,BOD-MDE,2026-07-07,2026-07-15,2026-07-15,478,14751.0,Recibida
OC-003044,PR28,P0083,BOD-BOG,2026-07-07,2026-07-15,2026-07-15,563,5479.0,Recibida
OC-003045,PR23,P0125,BOD-MDE,2026-07-07,2026-07-15,2026-07-15,285,1663.0,Recibida
OC-003046,PR17,P0167,BOD-MDE,2026-07-07,2026-07-12,2026-07-12,522,12819.0,Recibida
OC-003047,PR18,P0183,BOD-BOG,2026-07-07,2026-07-13,2026-07-13,407,20983.0,Recibida
OC-003048,PR07,P0184,BOD-BOG,2026-07-07,2026-07-15,2026-07-15,192,11949.0,Recibida
OC-003049,PR07,P0188,BOD-MDE,2026-07-07,2026-07-15,2026-07-15,450,18483.0,Recibida
OC-003050,PR37,P0193,BOD-MDE,2026-07-07,2026-07-12,2026-07-12,416,3077.0,Recibida
OC-003051,PR25,P0023,BOD-BOG,2026-07-08,2026-07-15,2026-07-15,258,16678.0,Recibida
OC-003052,PR31,P0025,BOD-BOG,2026-07-08,2026-07-17,2026-07-17,435,14363.0,Recibida
OC-003053,PR38,P0065,BOD-MDE,2026-07-08,2026-07-13,2026-07-13,162,13409.0,Recibida
OC-003054,PR15,P0069,BOD-MDE,2026-07-08,2026-07-17,2026-07-17,508,3414.0,Recibida
OC-003055,PR26,P0081,BOD-BOG,2026-07-08,2026-07-16,2026-07-16,130,20080.0,Recibida
OC-003056,PR15,P0089,BOD-BOG,2026-07-08,2026-07-17,2026-07-17,324,6172.0,Recibida
OC-003057,PR22,P0090,BOD-BOG,2026-07-08,2026-07-15,2026-07-15,321,10246.0,Recibida
OC-003058,PR11,P0098,BOD-MDE,2026-07-08,2026-07-15,2026-07-15,695,10400.0,Recibida
OC-003059,PR23,P0134,BOD-BOG,2026-07-08,2026-07-16,2026-07-16,403,12271.0,Recibida
OC-003060,PR04,P0135,BOD-MDE,2026-07-08,2026-07-13,2026-07-13,666,2907.0,Recibida
OC-003061,PR23,P0140,BOD-BOG,2026-07-08,2026-07-16,2026-07-16,124,3335.0,Recibida
OC-003062,PR05,P0150,BOD-BOG,2026-07-08,2026-07-14,2026-07-14,252,4927.0,Recibida
OC-003063,PR40,P0173,BOD-MDE,2026-07-08,2026-07-14,2026-07-14,344,9070.0,Recibida
OC-003064,PR37,P0193,BOD-MDE,2026-07-08,2026-07-13,2026-07-13,416,3077.0,Recibida
OC-003065,PR31,P0025,BOD-MDE,2026-07-09,2026-07-18,2026-07-18,598,14363.0,Recibida
OC-003066,PR02,P0031,BOD-BOG,2026-07-09,2026-07-15,2026-07-15,592,11417.0,Recibida
OC-003067,PR24,P0044,BOD-MDE,2026-07-09,2026-07-18,2026-07-18,258,4563.0,Recibida
OC-003068,PR32,P0074,BOD-MDE,2026-07-09,2026-07-18,2026-07-18,468,17008.0,Recibida
OC-003069,PR03,P0086,BOD-BOG,2026-07-09,2026-07-18,2026-07-18,100,4951.0,Recibida
OC-003070,PR11,P0098,BOD-BOG,2026-07-09,2026-07-16,2026-07-16,554,10400.0,Recibida
OC-003071,PR35,P0152,BOD-BOG,2026-07-09,2026-07-16,2026-07-16,164,26060.0,Recibida
OC-003072,PR18,P0185,BOD-BOG,2026-07-09,2026-07-15,2026-07-15,490,40124.0,Recibida
OC-003073,PR29,P0004,BOD-BOG,2026-07-10,2026-07-17,2026-07-17,330,25551.0,Recibida
OC-003074,PR08,P0011,BOD-MDE,2026-07-10,2026-07-15,2026-07-15,909,15592.0,Recibida
OC-003075,PR20,P0022,BOD-BOG,2026-07-10,2026-07-19,2026-07-19,295,23348.0,Recibida
OC-003076,PR20,P0027,BOD-BOG,2026-07-10,2026-07-19,2026-07-19,661,27984.0,Recibida
OC-003077,PR24,P0044,BOD-MDE,2026-07-10,2026-07-19,2026-07-19,258,4563.0,Recibida
OC-003078,PR09,P0057,BOD-BOG,2026-07-10,2026-07-15,2026-07-15,391,13704.0,Recibida
OC-003079,PR34,P0085,BOD-MDE,2026-07-10,2026-07-18,2026-07-18,382,9774.0,Recibida
OC-003080,PR16,P0118,BOD-BOG,2026-07-10,2026-07-18,2026-07-18,398,9811.0,Recibida
OC-003081,PR04,P0120,BOD-BOG,2026-07-10,2026-07-15,2026-07-15,97,5264.0,Recibida
OC-003082,PR05,P0166,BOD-BOG,2026-07-10,2026-07-16,2026-07-16,316,8520.0,Recibida
OC-003083,PR40,P0169,BOD-MDE,2026-07-10,2026-07-16,2026-07-16,376,10133.0,Recibida
OC-003084,PR07,P0182,BOD-MDE,2026-07-10,2026-07-18,2026-07-18,130,11570.0,Recibida
OC-003085,PR07,P0186,BOD-BOG,2026-07-10,2026-07-18,2026-07-18,190,20287.0,Recibida
OC-003086,PR20,P0002,BOD-MDE,2026-07-11,2026-07-20,2026-07-20,803,13902.0,Recibida
OC-003087,PR24,P0064,BOD-MDE,2026-07-11,2026-07-20,2026-07-20,244,25936.0,Recibida
OC-003088,PR32,P0104,BOD-MDE,2026-07-11,2026-07-20,2026-07-20,163,5370.0,Recibida
OC-003089,PR22,P0110,BOD-BOG,2026-07-11,2026-07-18,2026-07-18,125,9912.0,Recibida
OC-003090,PR16,P0112,BOD-BOG,2026-07-11,2026-07-19,2026-07-19,673,2403.0,Recibida
OC-003091,PR07,P0180,BOD-MDE,2026-07-11,2026-07-19,2026-07-19,417,58734.0,Recibida
OC-003092,PR18,P0181,BOD-MDE,2026-07-11,2026-07-17,2026-07-17,252,61260.0,Recibida
OC-003093,PR07,P0186,BOD-BOG,2026-07-11,2026-07-19,2026-07-19,191,20287.0,Recibida
OC-003094,PR24,P0064,BOD-MDE,2026-07-12,2026-07-21,2026-07-21,244,25936.0,Recibida
OC-003095,PR25,P0003,BOD-BOG,2026-07-13,2026-07-20,2026-07-20,173,9847.0,Recibida
OC-003096,PR26,P0091,BOD-MDE,2026-07-13,2026-07-21,2026-07-21,150,4533.0,Recibida
OC-003097,PR11,P0098,BOD-MDE,2026-07-13,2026-07-20,2026-07-20,842,10400.0,Recibida
OC-003098,PR16,P0124,BOD-MDE,2026-07-13,2026-07-21,2026-07-21,208,7404.0,Recibida
OC-003099,PR23,P0131,BOD-BOG,2026-07-13,2026-07-21,2026-07-21,213,1646.0,Recibida
OC-003100,PR04,P0138,BOD-MDE,2026-07-13,2026-07-18,2026-07-18,394,1554.0,Recibida
OC-003101,PR06,P0194,BOD-MDE,2026-07-13,2026-07-18,2026-07-18,249,12222.0,Recibida
OC-003102,PR31,P0020,BOD-MDE,2026-07-14,2026-07-23,2026-07-23,544,23483.0,Recibida
OC-003103,PR25,P0028,BOD-MDE,2026-07-14,2026-07-21,2026-07-21,606,16835.0,Recibida
OC-003104,PR02,P0061,BOD-MDE,2026-07-14,2026-07-20,2026-07-20,480,19275.0,Recibida
OC-003105,PR34,P0085,BOD-BOG,2026-07-14,2026-07-22,2026-07-22,379,9774.0,Recibida
OC-003106,PR05,P0146,BOD-BOG,2026-07-14,2026-07-20,2026-07-20,366,17937.0,Recibida
OC-003107,PR17,P0163,BOD-MDE,2026-07-14,2026-07-19,2026-07-19,553,11494.0,Recibida
OC-003108,PR20,P0022,BOD-MDE,2026-07-15,2026-07-24,2026-07-24,563,23348.0,Recibida
OC-003109,PR38,P0040,BOD-BOG,2026-07-15,2026-07-20,2026-07-20,314,16149.0,Recibida
OC-003110,PR09,P0047,BOD-BOG,2026-07-15,2026-07-20,2026-07-20,356,6549.0,Recibida
OC-003111,PR15,P0069,BOD-BOG,2026-07-15,2026-07-24,2026-07-24,662,3414.0,Recibida
OC-003112,PR27,P0072,BOD-BOG,2026-07-15,2026-07-20,2026-07-20,167,4491.0,Recibida
OC-003113,PR22,P0080,BOD-MDE,2026-07-15,2026-07-22,2026-07-22,348,6313.0,Recibida
OC-003114,PR15,P0089,BOD-MDE,2026-07-15,2026-07-24,2026-07-24,233,6172.0,Recibida
OC-003115,PR26,P0101,BOD-MDE,2026-07-15,2026-07-23,2026-07-23,308,2499.0,Recibida
OC-003116,PR34,P0105,BOD-MDE,2026-07-15,2026-07-23,2026-07-23,750,3346.0,Recibida
OC-003117,PR23,P0122,BOD-MDE,2026-07-15,2026-07-23,2026-07-23,246,5990.0,Recibida
OC-003118,PR16,P0142,BOD-BOG,2026-07-15,2026-07-23,2026-07-23,685,11398.0,Recibida
OC-003119,PR35,P0168,BOD-MDE,2026-07-15,2026-07-22,2026-07-22,820,11202.0,Recibida
OC-003120,PR35,P0172,BOD-BOG,2026-07-15,2026-07-22,2026-07-22,607,12225.0,Recibida
OC-003121,PR07,P0186,BOD-BOG,2026-07-15,2026-07-23,2026-07-23,307,20287.0,Recibida
OC-003122,PR25,P0008,BOD-MDE,2026-07-16,2026-07-23,2026-07-23,299,25158.0,Recibida
OC-003123,PR08,P0021,BOD-BOG,2026-07-16,2026-07-21,2026-07-21,1366,16887.0,Recibida
OC-003124,PR24,P0044,BOD-BOG,2026-07-16,2026-07-25,2026-07-25,122,4563.0,Recibida
OC-003125,PR10,P0077,BOD-MDE,2026-07-16,2026-07-24,2026-07-24,125,3939.0,Recibida
OC-003126,PR11,P0078,BOD-BOG,2026-07-16,2026-07-23,2026-07-23,102,14190.0,Recibida
OC-003127,PR22,P0080,BOD-MDE,2026-07-16,2026-07-23,2026-07-23,348,6313.0,Recibida
OC-003128,PR11,P0088,BOD-MDE,2026-07-16,2026-07-23,2026-07-23,396,20812.0,Recibida
OC-003129,PR26,P0101,BOD-MDE,2026-07-16,2026-07-24,2026-07-24,308,2499.0,Recibida
OC-003130,PR23,P0113,BOD-BOG,2026-07-16,2026-07-24,2026-07-24,433,12487.0,Recibida
OC-003131,PR04,P0114,BOD-BOG,2026-07-16,2026-07-21,2026-07-21,464,2048.0,Recibida
OC-003132,PR23,P0119,BOD-BOG,2026-07-16,2026-07-24,2026-07-24,1469,11776.0,Recibida
OC-003133,PR23,P0143,BOD-MDE,2026-07-16,2026-07-24,2026-07-24,581,4890.0,Recibida
OC-003134,PR18,P0183,BOD-MDE,2026-07-16,2026-07-22,2026-07-22,526,20983.0,Recibida
OC-003135,PR37,P0196,BOD-BOG,2026-07-16,2026-07-21,2026-07-21,184,1180.0,Recibida
OC-003136,PR31,P0030,BOD-BOG,2026-07-17,2026-07-26,2026-07-26,498,27612.0,Recibida
OC-003137,PR38,P0040,BOD-MDE,2026-07-17,2026-07-22,2026-07-22,350,16149.0,Recibida
OC-003138,PR09,P0062,BOD-MDE,2026-07-17,2026-07-22,2026-07-22,205,9052.0,Recibida
OC-003139,PR38,P0065,BOD-BOG,2026-07-17,2026-07-22,2026-07-22,136,13409.0,Recibida
OC-003140,PR34,P0075,BOD-BOG,2026-07-17,2026-07-25,2026-07-25,380,14751.0,Recibida
OC-003141,PR03,P0096,BOD-BOG,2026-07-17,2026-07-26,2026-07-26,121,18171.0,Recibida
OC-003142,PR23,P0113,BOD-MDE,2026-07-17,2026-07-25,2026-07-25,463,12487.0,Recibida
OC-003143,PR04,P0117,BOD-BOG,2026-07-17,2026-07-22,2026-07-22,187,5453.0,Recibida
OC-003144,PR17,P0155,BOD-BOG,2026-07-17,2026-07-22,2026-07-22,364,8320.0,Recibida
OC-003145,PR18,P0177,BOD-BOG,2026-07-17,2026-07-23,2026-07-23,178,23736.0,Recibida
OC-003146,PR06,P0197,BOD-MDE,2026-07-17,2026-07-22,2026-07-22,230,3451.0,Recibida
OC-003147,PR20,P0017,BOD-MDE,2026-07-18,2026-07-27,2026-07-27,756,20047.0,Recibida
OC-003148,PR09,P0032,BOD-BOG,2026-07-18,2026-07-23,2026-07-23,519,9861.0,Recibida
OC-003149,PR38,P0055,BOD-MDE,2026-07-18,2026-07-23,2026-07-23,194,9918.0,Recibida
OC-003150,PR27,P0072,BOD-BOG,2026-07-18,2026-07-23,2026-07-23,216,4491.0,Recibida
OC-003151,PR28,P0073,BOD-MDE,2026-07-18,2026-07-26,2026-07-26,497,2181.0,Recibida
OC-003152,PR04,P0111,BOD-MDE,2026-07-18,2026-07-23,2026-07-23,407,5546.0,Recibida
OC-003153,PR04,P0129,BOD-BOG,2026-07-18,2026-07-23,2026-07-23,124,1989.0,Recibida
OC-003154,PR05,P0158,BOD-MDE,2026-07-18,2026-07-24,2026-07-24,159,8108.0,Recibida
OC-003155,PR19,P0192,BOD-MDE,2026-07-18,2026-07-24,2026-07-24,74,8058.0,Recibida
OC-003156,PR37,P0193,BOD-BOG,2026-07-18,2026-07-23,2026-07-23,145,3077.0,Recibida
OC-003157,PR06,P0197,BOD-BOG,2026-07-18,2026-07-23,2026-07-23,60,3451.0,Recibida
OC-003158,PR19,P0198,BOD-BOG,2026-07-18,2026-07-24,2026-07-24,107,1953.0,Recibida
OC-003159,PR25,P0013,BOD-BOG,2026-07-19,2026-07-26,2026-07-26,415,43992.0,Recibida
OC-003160,PR29,P0014,BOD-MDE,2026-07-19,2026-07-26,2026-07-26,376,18996.0,Recibida
OC-003161,PR38,P0065,BOD-BOG,2026-07-19,2026-07-24,2026-07-24,216,13409.0,Recibida
OC-003162,PR26,P0071,BOD-MDE,2026-07-20,2026-07-28,2026-07-28,114,14045.0,Recibida
OC-003163,PR11,P0098,BOD-BOG,2026-07-20,2026-07-27,2026-07-27,693,10400.0,Recibida
OC-003164,PR04,P0114,BOD-MDE,2026-07-20,2026-07-25,2026-07-25,382,2048.0,Recibida
OC-003165,PR04,P0126,BOD-BOG,2026-07-20,2026-07-25,2026-07-25,446,11222.0,Recibida
OC-003166,PR40,P0153,BOD-BOG,2026-07-20,2026-07-26,2026-07-26,302,23970.0,Recibida
OC-003167,PR07,P0182,BOD-MDE,2026-07-20,2026-07-28,2026-07-28,288,11570.0,Recibida
OC-003168,PR08,P0001,BOD-MDE,2026-07-21,2026-07-26,2026-07-26,351,30712.0,Recibida
OC-003169,PR20,P0002,BOD-BOG,2026-07-21,2026-07-30,2026-07-30,1143,13902.0,Recibida
OC-003170,PR13,P0038,BOD-MDE,2026-07-21,2026-07-29,2026-07-29,230,4548.0,Recibida
OC-003171,PR13,P0043,BOD-BOG,2026-07-21,2026-07-29,2026-07-29,188,11441.0,Recibida
OC-003172,PR24,P0049,BOD-MDE,2026-07-21,2026-07-30,2026-07-30,264,3094.0,Recibida
OC-003173,PR02,P0056,BOD-MDE,2026-07-21,2026-07-27,2026-07-27,409,6589.0,Recibida
OC-003174,PR32,P0074,BOD-MDE,2026-07-21,2026-07-30,2026-07-30,506,17008.0,Recibida
OC-003175,PR15,P0089,BOD-BOG,2026-07-21,2026-07-30,2026-07-30,457,6172.0,Recibida
OC-003176,PR28,P0093,BOD-BOG,2026-07-21,2026-07-29,2026-07-29,362,4391.0,Recibida
OC-003177,PR10,P0097,BOD-BOG,2026-07-21,2026-07-29,2026-07-29,478,4477.0,Recibida
OC-003178,PR16,P0139,BOD-BOG,2026-07-21,2026-07-29,2026-07-29,248,7351.0,Recibida
OC-003179,PR16,P0145,BOD-BOG,2026-07-21,2026-07-29,2026-07-29,922,4782.0,Recibida
OC-003180,PR07,P0182,BOD-MDE,2026-07-21,2026-07-29,2026-07-29,288,11570.0,Recibida
OC-003181,PR08,P0016,BOD-MDE,2026-07-22,2026-07-27,2026-07-27,136,44748.0,Recibida
OC-003182,PR31,P0020,BOD-BOG,2026-07-22,2026-07-31,2026-07-31,446,23483.0,Recibida
OC-003183,PR25,P0028,BOD-BOG,2026-07-22,2026-07-29,2026-07-29,274,16835.0,Recibida
OC-003184,PR13,P0038,BOD-MDE,2026-07-22,2026-07-30,2026-07-30,326,4548.0,Recibida
OC-003185,PR13,P0043,BOD-BOG,2026-07-22,2026-07-30,2026-07-30,188,11441.0,Recibida
OC-003186,PR13,P0053,BOD-MDE,2026-07-22,2026-07-30,2026-07-30,384,17981.0,Recibida
OC-003187,PR03,P0086,BOD-BOG,2026-07-22,2026-07-31,2026-07-31,126,4951.0,Recibida
OC-003188,PR16,P0130,BOD-BOG,2026-07-22,2026-07-30,2026-07-30,292,2506.0,Recibida
OC-003189,PR17,P0159,BOD-BOG,2026-07-22,2026-07-27,2026-07-27,634,13189.0,Recibida
OC-003190,PR40,P0161,BOD-BOG,2026-07-22,2026-07-28,2026-07-28,320,23300.0,Recibida
OC-003191,PR05,P0162,BOD-BOG,2026-07-22,2026-07-28,2026-07-28,1046,12327.0,Recibida
OC-003192,PR07,P0176,BOD-BOG,2026-07-22,2026-07-30,2026-07-30,578,18941.0,Recibida
OC-003193,PR06,P0194,BOD-MDE,2026-07-22,2026-07-27,2026-07-27,395,12222.0,Recibida
OC-003194,PR20,P0017,BOD-BOG,2026-07-23,2026-08-01,2026-08-01,475,20047.0,Recibida
OC-003195,PR20,P0027,BOD-MDE,2026-07-23,2026-08-01,2026-08-01,527,27984.0,Recibida
OC-003196,PR13,P0033,BOD-MDE,2026-07-23,2026-07-31,2026-07-31,590,6185.0,Recibida
OC-003197,PR24,P0034,BOD-MDE,2026-07-23,2026-08-01,2026-08-01,356,4970.0,Recibida
OC-003198,PR13,P0048,BOD-MDE,2026-07-23,2026-07-31,2026-07-31,225,21808.0,Recibida
OC-003199,PR38,P0065,BOD-BOG,2026-07-23,2026-07-28,2026-07-28,310,13409.0,Recibida
OC-003200,PR15,P0069,BOD-MDE,2026-07-23,2026-08-01,2026-08-01,695,3414.0,Recibida
OC-003201,PR34,P0085,BOD-MDE,2026-07-23,2026-07-31,2026-07-31,714,9774.0,Recibida
OC-003202,PR16,P0112,BOD-MDE,2026-07-23,2026-07-31,2026-07-31,543,2403.0,Recibida
OC-003203,PR23,P0143,BOD-BOG,2026-07-23,2026-07-31,2026-07-31,570,4890.0,Recibida
OC-003204,PR05,P0162,BOD-MDE,2026-07-23,2026-07-29,2026-07-29,1541,12327.0,Recibida
OC-003205,PR07,P0188,BOD-MDE,2026-07-23,2026-07-31,2026-07-31,579,18483.0,Recibida
OC-003206,PR02,P0036,BOD-MDE,2026-07-24,2026-07-30,2026-07-30,254,10551.0,Recibida
OC-003207,PR09,P0052,BOD-BOG,2026-07-24,2026-07-29,2026-07-29,320,7335.0,Recibida
OC-003208,PR09,P0057,BOD-BOG,2026-07-24,2026-07-29,2026-07-29,549,13704.0,Recibida
OC-003209,PR38,P0060,BOD-BOG,2026-07-24,2026-07-29,2026-07-29,418,3821.0,Recibida
OC-003210,PR03,P0066,BOD-MDE,2026-07-24,2026-08-02,2026-08-02,273,18098.0,Recibida
OC-003211,PR22,P0070,BOD-BOG,2026-07-24,2026-07-31,2026-07-31,225,2349.0,Recibida
OC-003212,PR34,P0085,BOD-MDE,2026-07-24,2026-08-01,2026-08-01,692,9774.0,Recibida
OC-003213,PR11,P0088,BOD-BOG,2026-07-24,2026-07-31,2026-07-31,347,20812.0,Recibida
OC-003214,PR10,P0097,BOD-MDE,2026-07-24,2026-08-01,2026-08-01,516,4477.0,Recibida
OC-003215,PR22,P0100,BOD-BOG,2026-07-24,2026-07-31,2026-07-31,221,13880.0,Recibida
OC-003216,PR23,P0128,BOD-BOG,2026-07-24,2026-08-01,2026-08-01,377,2798.0,Recibida
OC-003217,PR17,P0175,BOD-MDE,2026-07-24,2026-07-29,2026-07-29,618,5867.0,Recibida
OC-003218,PR09,P0032,BOD-MDE,2026-07-25,2026-07-30,2026-07-30,379,9861.0,Recibida
OC-003219,PR28,P0083,BOD-MDE,2026-07-25,2026-08-02,2026-08-02,308,5479.0,Recibida
OC-003220,PR32,P0084,BOD-MDE,2026-07-25,2026-08-03,2026-08-03,390,4072.0,Recibida
OC-003221,PR11,P0098,BOD-MDE,2026-07-25,2026-08-01,2026-08-01,1163,10400.0,Recibida
OC-003222,PR04,P0117,BOD-BOG,2026-07-25,2026-07-30,2026-07-30,258,5453.0,Recibida
OC-003223,PR23,P0119,BOD-MDE,2026-07-25,2026-08-02,2026-08-02,1043,11776.0,Recibida
OC-003224,PR16,P0130,BOD-BOG,2026-07-25,2026-08-02,2026-08-02,298,2506.0,Recibida
OC-003225,PR18,P0177,BOD-BOG,2026-07-25,2026-07-31,2026-07-31,178,23736.0,Recibida
OC-003226,PR19,P0192,BOD-MDE,2026-07-25,2026-07-31,2026-07-31,97,8058.0,Recibida
OC-003227,PR19,P0198,BOD-MDE,2026-07-25,2026-07-31,2026-07-31,210,1953.0,Recibida
OC-003228,PR10,P0077,BOD-MDE,2026-07-26,2026-08-03,2026-08-03,191,3939.0,Recibida
OC-003229,PR06,P0191,BOD-MDE,2026-07-26,2026-07-31,2026-07-31,186,5169.0,Recibida
OC-003230,PR38,P0065,BOD-MDE,2026-07-27,2026-08-01,2026-08-01,195,13409.0,Recibida
OC-003231,PR23,P0113,BOD-BOG,2026-07-27,2026-08-04,2026-08-04,505,12487.0,Recibida
OC-003232,PR35,P0152,BOD-MDE,2026-07-27,2026-08-03,2026-08-03,221,26060.0,Recibida
OC-003233,PR05,P0154,BOD-BOG,2026-07-27,2026-08-02,2026-08-02,249,12252.0,Recibida
OC-003234,PR37,P0193,BOD-BOG,2026-07-27,2026-08-01,2026-08-01,237,3077.0,Recibida
OC-003235,PR37,P0196,BOD-BOG,2026-07-27,2026-08-01,2026-08-01,218,1180.0,Recibida
OC-003236,PR06,P0197,BOD-MDE,2026-07-27,2026-08-01,2026-08-01,302,3451.0,Recibida
OC-003237,PR08,P0001,BOD-MDE,2026-07-28,2026-08-02,2026-08-02,529,30712.0,Recibida
OC-003238,PR25,P0028,BOD-MDE,2026-07-28,2026-08-04,2026-08-04,858,16835.0,Recibida
OC-003239,PR02,P0051,BOD-BOG,2026-07-28,2026-08-03,2026-08-03,238,16965.0,Recibida
OC-003240,PR15,P0079,BOD-BOG,2026-07-28,2026-08-06,2026-08-06,288,11393.0,Recibida
OC-003241,PR27,P0082,BOD-MDE,2026-07-28,2026-08-02,2026-08-02,286,8503.0,Recibida
OC-003242,PR32,P0104,BOD-MDE,2026-07-28,2026-08-06,2026-08-06,243,5370.0,Recibida
OC-003243,PR11,P0108,BOD-BOG,2026-07-28,2026-08-04,2026-08-04,463,14804.0,Recibida
OC-003244,PR22,P0110,BOD-BOG,2026-07-28,2026-08-04,2026-08-04,182,9912.0,Recibida
OC-003245,PR35,P0148,BOD-MDE,2026-07-28,2026-08-04,2026-08-04,265,6421.0,Recibida
OC-003246,PR17,P0159,BOD-MDE,2026-07-28,2026-08-02,2026-08-02,496,13189.0,Recibida
OC-003247,PR20,P0002,BOD-MDE,2026-07-29,2026-08-07,2026-08-07,1072,13902.0,Recibida
OC-003248,PR20,P0022,BOD-BOG,2026-07-29,2026-08-07,2026-08-07,404,23348.0,Recibida
OC-003249,PR38,P0050,BOD-BOG,2026-07-29,2026-08-03,2026-08-03,122,18275.0,Recibida
OC-003250,PR10,P0067,BOD-MDE,2026-07-29,2026-08-06,2026-08-06,508,16306.0,Recibida
OC-003251,PR34,P0075,BOD-MDE,2026-07-29,2026-08-06,2026-08-06,697,14751.0,Recibida
OC-003252,PR15,P0099,BOD-BOG,2026-07-29,2026-08-07,2026-08-07,953,3181.0,Recibida
OC-003253,PR04,P0126,BOD-MDE,2026-07-29,2026-08-03,2026-08-03,156,11222.0,Recibida
OC-003254,PR23,P0131,BOD-BOG,2026-07-29,2026-08-06,2026-08-06,297,1646.0,Recibida
OC-003255,PR23,P0134,BOD-BOG,2026-07-29,2026-08-06,2026-08-06,489,12271.0,Recibida
OC-003256,PR05,P0146,BOD-MDE,2026-07-29,2026-08-04,2026-08-04,302,17937.0,Recibida
OC-003257,PR18,P0185,BOD-MDE,2026-07-29,2026-08-04,2026-08-04,414,40124.0,Recibida
OC-003258,PR31,P0015,BOD-MDE,2026-07-30,2026-08-08,2026-08-08,124,13052.0,Recibida
OC-003259,PR08,P0016,BOD-MDE,2026-07-30,2026-08-04,2026-08-04,175,44748.0,Recibida
OC-003260,PR24,P0054,BOD-BOG,2026-07-30,2026-08-08,2026-08-08,562,4470.0,Recibida
OC-003261,PR38,P0065,BOD-MDE,2026-07-30,2026-08-04,2026-08-04,279,13409.0,Recibida
OC-003262,PR15,P0079,BOD-BOG,2026-07-30,2026-08-08,2026-08-08,288,11393.0,Recibida
OC-003263,PR15,P0079,BOD-MDE,2026-07-30,2026-08-08,2026-08-08,128,11393.0,Recibida
OC-003264,PR28,P0083,BOD-MDE,2026-07-30,2026-08-07,2026-08-07,448,5479.0,Recibida
OC-003265,PR15,P0099,BOD-MDE,2026-07-30,2026-08-08,2026-08-08,952,3181.0,Recibida
OC-003266,PR04,P0120,BOD-BOG,2026-07-30,2026-08-04,2026-08-04,312,5264.0,Recibida
OC-003267,PR17,P0155,BOD-BOG,2026-07-30,2026-08-04,2026-08-04,463,8320.0,Recibida
OC-003268,PR40,P0169,BOD-MDE,2026-07-30,2026-08-05,2026-08-05,350,10133.0,Recibida
OC-003269,PR17,P0175,BOD-BOG,2026-07-30,2026-08-04,2026-08-04,589,5867.0,Recibida
OC-003270,PR08,P0006,BOD-MDE,2026-07-31,2026-08-05,2026-08-05,350,10147.0,Recibida
OC-003271,PR31,P0020,BOD-MDE,2026-07-31,2026-08-09,2026-08-09,707,23483.0,Recibida
OC-003272,PR29,P0024,BOD-MDE,2026-07-31,2026-08-07,2026-08-07,166,58450.0,Recibida
OC-003273,PR25,P0028,BOD-BOG,2026-07-31,2026-08-07,2026-08-07,462,16835.0,Recibida
OC-003274,PR38,P0060,BOD-MDE,2026-07-31,2026-08-05,2026-08-05,447,3821.0,Recibida
OC-003275,PR11,P0088,BOD-MDE,2026-07-31,2026-08-07,2026-08-07,524,20812.0,Recibida
OC-003276,PR28,P0093,BOD-BOG,2026-07-31,2026-08-08,2026-08-08,555,4391.0,Recibida
OC-003277,PR04,P0111,BOD-MDE,2026-07-31,2026-08-05,2026-08-05,507,5546.0,Recibida
OC-003278,PR04,P0120,BOD-BOG,2026-07-31,2026-08-05,2026-08-05,312,5264.0,Recibida
OC-003279,PR04,P0126,BOD-MDE,2026-07-31,2026-08-05,2026-08-05,222,11222.0,Recibida
OC-003280,PR16,P0127,BOD-BOG,2026-07-31,2026-08-08,2026-08-08,92,4449.0,Recibida
OC-003281,PR23,P0128,BOD-BOG,2026-07-31,2026-08-08,2026-08-08,531,2798.0,Recibida
OC-003282,PR04,P0132,BOD-BOG,2026-07-31,2026-08-05,2026-08-05,116,3235.0,Recibida
OC-003283,PR40,P0157,BOD-MDE,2026-07-31,2026-08-06,2026-08-06,1398,22845.0,Recibida
OC-003284,PR35,P0168,BOD-MDE,2026-07-31,2026-08-07,2026-08-07,1086,11202.0,Recibida
OC-003285,PR07,P0176,BOD-MDE,2026-07-31,2026-08-08,2026-08-08,297,18941.0,Recibida
OC-003286,PR06,P0200,BOD-MDE,2026-07-31,2026-08-05,2026-08-05,464,4793.0,Recibida
OC-003287,PR25,P0003,BOD-MDE,2026-08-01,2026-08-08,2026-08-08,258,9897.0,Recibida
OC-003288,PR31,P0005,BOD-MDE,2026-08-01,2026-08-10,2026-08-10,183,27117.0,Recibida
OC-003289,PR29,P0009,BOD-BOG,2026-08-01,2026-08-08,2026-08-08,198,31956.0,Recibida
OC-003290,PR29,P0019,BOD-BOG,2026-08-01,2026-08-08,2026-08-08,268,9309.0,Recibida
OC-003291,PR20,P0027,BOD-BOG,2026-08-01,2026-08-10,2026-08-10,788,28381.0,Recibida
OC-003292,PR38,P0045,BOD-BOG,2026-08-01,2026-08-06,2026-08-06,204,3919.0,Recibida
OC-003293,PR03,P0086,BOD-BOG,2026-08-01,2026-08-10,2026-08-10,182,4968.0,Recibida
OC-003294,PR26,P0091,BOD-MDE,2026-08-01,2026-08-09,2026-08-09,150,4514.0,Recibida
OC-003295,PR10,P0107,BOD-BOG,2026-08-01,2026-08-09,2026-08-09,592,4261.0,Recibida
OC-003296,PR10,P0107,BOD-MDE,2026-08-01,2026-08-09,2026-08-09,443,4261.0,Recibida
OC-003297,PR23,P0122,BOD-BOG,2026-08-01,2026-08-09,2026-08-09,257,6042.0,Recibida
OC-003298,PR04,P0123,BOD-BOG,2026-08-01,2026-08-06,2026-08-06,110,4142.0,Recibida
OC-003299,PR23,P0125,BOD-MDE,2026-08-01,2026-08-09,2026-08-09,277,1658.0,Recibida
OC-003300,PR16,P0127,BOD-BOG,2026-08-01,2026-08-09,2026-08-09,124,4475.0,Recibida
OC-003301,PR22,P0100,BOD-MDE,2026-08-02,2026-08-09,2026-08-09,317,14008.0,Recibida
OC-003302,PR31,P0010,BOD-MDE,2026-08-03,2026-08-12,2026-08-12,233,8822.0,Recibida
OC-003303,PR32,P0084,BOD-MDE,2026-08-03,2026-08-12,2026-08-12,565,4066.0,Recibida
OC-003304,PR15,P0109,BOD-BOG,2026-08-03,2026-08-12,2026-08-12,100,20640.0,Recibida
OC-003305,PR05,P0170,BOD-MDE,2026-08-03,2026-08-09,2026-08-09,119,25497.0,Recibida
OC-003306,PR07,P0188,BOD-BOG,2026-08-03,2026-08-11,2026-08-11,334,18422.0,Recibida
OC-003307,PR37,P0193,BOD-BOG,2026-08-03,2026-08-08,2026-08-08,300,3099.0,Recibida
OC-003308,PR31,P0015,BOD-MDE,2026-08-04,2026-08-13,2026-08-13,124,12997.0,Recibida
OC-003309,PR02,P0031,BOD-MDE,2026-08-04,2026-08-10,2026-08-10,344,11412.0,Recibida
OC-003310,PR22,P0070,BOD-BOG,2026-08-04,2026-08-11,2026-08-11,284,2365.0,Recibida
OC-003311,PR34,P0075,BOD-BOG,2026-08-04,2026-08-12,2026-08-12,481,14785.0,Recibida
OC-003312,PR34,P0095,BOD-BOG,2026-08-04,2026-08-12,2026-08-12,544,7973.0,Recibida
OC-003313,PR16,P0118,BOD-BOG,2026-08-04,2026-08-12,2026-08-12,484,9866.0,Recibida
OC-003314,PR05,P0146,BOD-MDE,2026-08-04,2026-08-10,2026-08-10,406,17847.0,Recibida
OC-003315,PR35,P0164,BOD-BOG,2026-08-04,2026-08-11,2026-08-11,457,8506.0,Recibida
OC-003316,PR35,P0168,BOD-BOG,2026-08-04,2026-08-11,2026-08-11,521,11208.0,Recibida
OC-003317,PR07,P0178,BOD-BOG,2026-08-04,2026-08-12,2026-08-12,148,16333.0,Recibida
OC-003318,PR08,P0001,BOD-BOG,2026-08-05,2026-08-10,2026-08-10,272,30838.0,Recibida
OC-003319,PR25,P0013,BOD-MDE,2026-08-05,2026-08-12,2026-08-12,266,44159.0,Recibida
OC-003320,PR02,P0041,BOD-MDE,2026-08-05,2026-08-11,2026-08-11,147,3672.0,Recibida
OC-003321,PR22,P0100,BOD-BOG,2026-08-05,2026-08-12,2026-08-12,305,14008.0,Recibida
OC-003322,PR32,P0104,BOD-BOG,2026-08-05,2026-08-14,2026-08-14,166,5433.0,Recibida
OC-003323,PR16,P0139,BOD-MDE,2026-08-05,2026-08-13,2026-08-13,306,7353.0,Recibida
OC-003324,PR40,P0161,BOD-MDE,2026-08-05,2026-08-11,2026-08-11,207,23396.0,Recibida
OC-003325,PR07,P0178,BOD-BOG,2026-08-05,2026-08-13,2026-08-13,148,16333.0,Recibida
OC-003326,PR25,P0023,BOD-BOG,2026-08-06,2026-08-13,2026-08-13,220,16876.0,Recibida
OC-003327,PR31,P0030,BOD-MDE,2026-08-06,2026-08-15,2026-08-15,512,27725.0,Recibida
OC-003328,PR02,P0046,BOD-BOG,2026-08-06,2026-08-12,2026-08-12,233,5157.0,Recibida
OC-003329,PR40,P0157,BOD-BOG,2026-08-06,2026-08-12,2026-08-12,1041,22909.0,Recibida
OC-003330,PR19,P0195,BOD-BOG,2026-08-06,2026-08-12,2026-08-12,111,1158.0,Recibida
OC-003331,PR19,P0198,BOD-BOG,2026-08-06,2026-08-12,2026-08-12,136,1962.0,Recibida
OC-003332,PR37,P0199,BOD-MDE,2026-08-06,2026-08-11,2026-08-11,118,1456.0,Recibida
OC-003333,PR25,P0008,BOD-MDE,2026-08-07,2026-08-14,2026-08-14,385,25205.0,Recibida
OC-003334,PR31,P0020,BOD-BOG,2026-08-07,2026-08-16,2026-08-16,491,23448.0,Recibida
OC-003335,PR09,P0037,BOD-BOG,2026-08-07,2026-08-12,2026-08-12,606,6379.0,Recibida
OC-003336,PR10,P0097,BOD-BOG,2026-08-07,2026-08-15,2026-08-15,651,4531.0,Recibida
OC-003337,PR40,P0153,BOD-BOG,2026-08-07,2026-08-13,2026-08-13,407,24015.0,Recibida
OC-003338,PR07,P0176,BOD-MDE,2026-08-07,2026-08-15,2026-08-15,412,19206.0,Recibida
OC-003339,PR19,P0198,BOD-BOG,2026-08-07,2026-08-13,2026-08-13,184,1962.0,Recibida
OC-003340,PR08,P0011,BOD-BOG,2026-08-08,2026-08-13,2026-08-13,714,15647.0,Recibida
OC-003341,PR08,P0016,BOD-MDE,2026-08-08,2026-08-13,2026-08-13,233,45264.0,Recibida
OC-003342,PR38,P0055,BOD-BOG,2026-08-08,2026-08-13,2026-08-13,245,9879.0,Recibida
OC-003343,PR11,P0088,BOD-BOG,2026-08-08,2026-08-15,2026-08-15,401,21087.0,Recibida
OC-003344,PR16,P0124,BOD-BOG,2026-08-08,2026-08-16,2026-08-16,78,7442.0,Recibida
OC-003345,PR16,P0133,BOD-BOG,2026-08-08,2026-08-16,2026-08-16,162,4656.0,Recibida
OC-003346,PR35,P0172,BOD-BOG,2026-08-08,2026-08-15,2026-08-15,623,12101.0,Recibida
OC-003347,PR18,P0177,BOD-MDE,2026-08-08,2026-08-14,2026-08-14,237,23692.0,Recibida
OC-003348,PR18,P0189,BOD-BOG,2026-08-08,2026-08-14,2026-08-14,139,15870.0,Recibida
OC-003349,PR24,P0034,BOD-MDE,2026-08-09,2026-08-18,2026-08-18,476,4976.0,Recibida
OC-003350,PR27,P0102,BOD-MDE,2026-08-09,2026-08-14,2026-08-14,402,4598.0,Recibida
OC-003351,PR18,P0185,BOD-MDE,2026-08-09,2026-08-15,2026-08-15,508,40187.0,Recibida
OC-003352,PR38,P0040,BOD-MDE,2026-08-10,2026-08-15,2026-08-15,423,16169.0,Recibida
OC-003353,PR27,P0102,BOD-MDE,2026-08-10,2026-08-15,2026-08-15,402,4598.0,Recibida
OC-003354,PR23,P0119,BOD-BOG,2026-08-10,2026-08-18,2026-08-18,1545,11855.0,Recibida
OC-003355,PR04,P0138,BOD-MDE,2026-08-10,2026-08-15,2026-08-15,437,1567.0,Recibida
OC-003356,PR35,P0160,BOD-BOG,2026-08-10,2026-08-17,2026-08-17,138,12133.0,Recibida
OC-003357,PR18,P0179,BOD-MDE,2026-08-10,2026-08-16,2026-08-16,394,15764.0,Recibida
OC-003358,PR07,P0182,BOD-MDE,2026-08-10,2026-08-18,2026-08-18,412,11541.0,Recibida
OC-003359,PR29,P0019,BOD-MDE,2026-08-11,2026-08-18,2026-08-18,202,9309.0,Recibida
OC-003360,PR08,P0026,BOD-MDE,2026-08-11,2026-08-16,2026-08-16,283,21476.0,Recibida
OC-003361,PR38,P0040,BOD-BOG,2026-08-11,2026-08-16,2026-08-16,351,16169.0,Recibida
OC-003362,PR13,P0048,BOD-MDE,2026-08-11,2026-08-19,2026-08-19,255,21985.0,Recibida
OC-003363,PR38,P0055,BOD-MDE,2026-08-11,2026-08-16,2026-08-16,226,9879.0,Recibida
OC-003364,PR10,P0077,BOD-BOG,2026-08-11,2026-08-19,2026-08-19,198,3966.0,Recibida
OC-003365,PR04,P0123,BOD-BOG,2026-08-11,2026-08-16,2026-08-16,113,4142.0,Recibida
OC-003366,PR23,P0125,BOD-BOG,2026-08-11,2026-08-19,2026-08-19,290,1658.0,Recibida
OC-003367,PR23,P0128,BOD-MDE,2026-08-11,2026-08-19,2026-08-19,672,2822.0,Recibida
OC-003368,PR04,P0135,BOD-BOG,2026-08-11,2026-08-16,2026-08-16,746,2865.0,Recibida
OC-003369,PR17,P0155,BOD-BOG,2026-08-11,2026-08-16,2026-08-16,734,8309.0,Recibida
OC-003370,PR40,P0173,BOD-BOG,2026-08-11,2026-08-17,2026-08-17,383,9086.0,Recibida
OC-003371,PR08,P0021,BOD-BOG,2026-08-12,2026-08-17,2026-08-17,1403,16896.0,Recibida
OC-003372,PR24,P0054,BOD-MDE,2026-08-12,2026-08-21,2026-08-21,544,4472.0,Recibida
OC-003373,PR32,P0074,BOD-BOG,2026-08-12,2026-08-21,2026-08-21,572,16982.0,Recibida
OC-003374,PR11,P0108,BOD-BOG,2026-08-12,2026-08-19,2026-08-19,633,14976.0,Recibida
OC-003375,PR23,P0122,BOD-BOG,2026-08-12,2026-08-20,2026-08-20,350,6042.0,Recibida
OC-003376,PR40,P0153,BOD-MDE,2026-08-12,2026-08-18,2026-08-18,293,24015.0,Recibida
OC-003377,PR05,P0162,BOD-BOG,2026-08-12,2026-08-18,2026-08-18,1321,12393.0,Recibida
OC-003378,PR25,P0013,BOD-MDE,2026-08-13,2026-08-20,2026-08-20,405,44159.0,Recibida
OC-003379,PR08,P0021,BOD-MDE,2026-08-13,2026-08-18,2026-08-18,1130,16896.0,Recibida
OC-003380,PR24,P0044,BOD-BOG,2026-08-13,2026-08-22,2026-08-22,141,4633.0,Recibida
OC-003381,PR09,P0052,BOD-MDE,2026-08-13,2026-08-18,2026-08-18,540,7365.0,Recibida
OC-003382,PR34,P0085,BOD-BOG,2026-08-13,2026-08-21,2026-08-21,342,9753.0,Recibida
OC-003383,PR04,P0135,BOD-MDE,2026-08-13,2026-08-18,2026-08-18,648,2865.0,Recibida
OC-003384,PR40,P0153,BOD-MDE,2026-08-13,2026-08-19,2026-08-19,395,24015.0,Recibida
OC-003385,PR02,P0061,BOD-BOG,2026-08-14,2026-08-20,2026-08-20,228,19350.0,Recibida
OC-003386,PR34,P0075,BOD-MDE,2026-08-14,2026-08-22,2026-08-22,725,14785.0,Recibida
OC-003387,PR16,P0130,BOD-BOG,2026-08-14,2026-08-22,2026-08-22,428,2477.0,Recibida
OC-003388,PR40,P0161,BOD-BOG,2026-08-14,2026-08-20,2026-08-20,320,23396.0,Recibida
OC-003389,PR17,P0171,BOD-MDE,2026-08-14,2026-08-19,2026-08-19,160,5501.0,Recibida
OC-003390,PR29,P0029,BOD-MDE,2026-08-15,2026-08-22,2026-08-22,210,22365.0,Recibida
OC-003391,PR02,P0036,BOD-MDE,2026-08-15,2026-08-21,2026-08-21,325,10590.0,Recibida
OC-003392,PR09,P0042,BOD-BOG,2026-08-15,2026-08-20,2026-08-20,134,14983.0,Recibida
OC-003393,PR15,P0069,BOD-MDE,2026-08-15,2026-08-24,2026-08-24,876,3429.0,Recibida
OC-003394,PR18,P0179,BOD-BOG,2026-08-15,2026-08-21,2026-08-21,247,15764.0,Recibida
OC-003395,PR06,P0191,BOD-MDE,2026-08-15,2026-08-20,2026-08-20,186,5180.0,Recibida
OC-003396,PR20,P0017,BOD-BOG,2026-08-16,2026-08-25,2026-08-25,497,20120.0,Recibida
OC-003397,PR17,P0167,BOD-MDE,2026-08-16,2026-08-21,2026-08-21,403,12968.0,Recibida
OC-003398,PR28,P0073,BOD-BOG,2026-08-17,2026-08-25,2026-08-25,364,2190.0,Recibida
OC-003399,PR16,P0130,BOD-MDE,2026-08-17,2026-08-25,2026-08-25,218,2477.0,Recibida
OC-003400,PR23,P0137,BOD-MDE,2026-08-17,2026-08-25,2026-08-25,146,1934.0,Recibida
OC-003401,PR16,P0142,BOD-MDE,2026-08-17,2026-08-25,2026-08-25,535,11411.0,Recibida
OC-003402,PR05,P0158,BOD-BOG,2026-08-17,2026-08-23,2026-08-23,52,8189.0,Recibida
OC-003403,PR18,P0185,BOD-BOG,2026-08-17,2026-08-23,2026-08-23,392,40187.0,Recibida
OC-003404,PR20,P0002,BOD-MDE,2026-08-18,2026-08-27,2026-08-27,1347,13868.0,Recibida
OC-003405,PR29,P0019,BOD-BOG,2026-08-18,2026-08-25,2026-08-25,382,9309.0,Recibida
OC-003406,PR15,P0089,BOD-MDE,2026-08-18,2026-08-27,2026-08-27,396,6218.0,Recibida
OC-003407,PR15,P0099,BOD-BOG,2026-08-18,2026-08-27,2026-08-27,1112,3190.0,Recibida
OC-003408,PR32,P0104,BOD-BOG,2026-08-18,2026-08-27,2026-08-27,222,5433.0,Recibida
OC-003409,PR04,P0111,BOD-BOG,2026-08-18,2026-08-23,2026-08-23,345,5546.0,Recibida
OC-003410,PR16,P0145,BOD-MDE,2026-08-18,2026-08-26,2026-08-26,666,4787.0,Recibida
OC-003411,PR18,P0179,BOD-BOG,2026-08-18,2026-08-24,2026-08-24,342,15764.0,Recibida
OC-003412,PR18,P0179,BOD-MDE,2026-08-18,2026-08-24,2026-08-24,398,15764.0,Recibida
OC-003413,PR18,P0189,BOD-MDE,2026-08-18,2026-08-24,2026-08-24,202,15870.0,Recibida
OC-003414,PR25,P0013,BOD-MDE,2026-08-19,2026-08-26,2026-08-26,635,44159.0,Recibida
OC-003415,PR13,P0033,BOD-MDE,2026-08-19,2026-08-27,2026-08-27,480,6144.0,Recibida
OC-003416,PR24,P0034,BOD-BOG,2026-08-19,2026-08-28,2026-08-28,280,4976.0,Recibida
OC-003417,PR38,P0035,BOD-BOG,2026-08-19,2026-08-24,2026-08-24,169,5516.0,Recibida
OC-003418,PR38,P0050,BOD-BOG,2026-08-19,2026-08-24,2026-08-24,132,18384.0,Recibida
OC-003419,PR03,P0086,BOD-BOG,2026-08-19,2026-08-28,2026-08-28,296,4968.0,Recibida
OC-003420,PR15,P0089,BOD-MDE,2026-08-19,2026-08-28,2026-08-28,396,6218.0,Recibida
OC-003421,PR23,P0119,BOD-MDE,2026-08-19,2026-08-27,,1518,11855.0,Retrasada
OC-003422,PR08,P0011,BOD-MDE,2026-08-20,2026-08-25,2026-08-25,680,19559.0,Recibida
OC-003423,PR20,P0012,BOD-BOG,2026-08-20,2026-08-29,2026-08-29,132,12256.0,Recibida
OC-003424,PR25,P0023,BOD-MDE,2026-08-20,2026-08-27,2026-08-27,273,16876.0,Recibida
OC-003425,PR02,P0056,BOD-MDE,2026-08-20,2026-08-26,2026-08-26,349,6623.0,Recibida
OC-003426,PR34,P0075,BOD-BOG,2026-08-20,2026-08-28,2026-08-28,614,14785.0,Recibida
OC-003427,PR32,P0084,BOD-BOG,2026-08-20,2026-08-29,2026-08-29,430,4066.0,Recibida
OC-003428,PR22,P0100,BOD-MDE,2026-08-20,2026-08-27,2026-08-27,360,14008.0,Recibida
OC-003429,PR23,P0131,BOD-BOG,2026-08-20,2026-08-28,2026-08-28,373,1644.0,Recibida
OC-003430,PR23,P0143,BOD-MDE,2026-08-20,2026-08-28,2026-08-28,572,4888.0,Recibida
OC-003431,PR05,P0158,BOD-BOG,2026-08-20,2026-08-26,2026-08-26,79,8189.0,Recibida
OC-003432,PR20,P0012,BOD-BOG,2026-08-21,2026-08-30,2026-08-30,132,12256.0,Recibida
OC-003433,PR29,P0014,BOD-BOG,2026-08-21,2026-08-28,2026-08-28,251,18916.0,Recibida
OC-003434,PR25,P0018,BOD-MDE,2026-08-21,2026-08-28,2026-08-28,190,15641.0,Recibida
OC-003435,PR31,P0020,BOD-BOG,2026-08-21,2026-08-30,2026-08-30,718,23448.0,Recibida
OC-003436,PR31,P0025,BOD-BOG,2026-08-21,2026-08-30,2026-08-30,385,14487.0,Recibida
OC-003437,PR20,P0027,BOD-MDE,2026-08-21,2026-08-30,2026-08-30,571,28381.0,Recibida
OC-003438,PR38,P0045,BOD-MDE,2026-08-21,2026-08-26,2026-08-26,166,3919.0,Recibida
OC-003439,PR15,P0079,BOD-MDE,2026-08-21,2026-08-30,2026-08-30,129,11470.0,Recibida
OC-003440,PR23,P0131,BOD-MDE,2026-08-21,2026-08-29,2026-08-29,331,1644.0,Recibida
OC-003441,PR40,P0153,BOD-MDE,2026-08-21,2026-08-27,2026-08-27,555,24015.0,Recibida
OC-003442,PR07,P0180,BOD-MDE,2026-08-21,2026-08-29,2026-08-29,453,59005.0,Recibida
OC-003443,PR07,P0186,BOD-MDE,2026-08-21,2026-08-29,2026-08-29,210,20450.0,Recibida
OC-003444,PR37,P0199,BOD-BOG,2026-08-21,2026-08-26,2026-08-26,208,1456.0,Recibida
OC-003445,PR31,P0020,BOD-MDE,2026-08-22,2026-08-31,2026-08-31,672,23448.0,Recibida
OC-003446,PR02,P0036,BOD-BOG,2026-08-22,2026-08-28,2026-08-28,272,10590.0,Recibida
OC-003447,PR38,P0055,BOD-MDE,2026-08-22,2026-08-27,2026-08-27,320,9879.0,Recibida
OC-003448,PR28,P0093,BOD-MDE,2026-08-22,2026-08-30,2026-08-30,434,4358.0,Recibida
OC-003449,PR10,P0097,BOD-MDE,2026-08-22,2026-08-30,2026-08-30,709,4531.0,Recibida
OC-003450,PR22,P0100,BOD-BOG,2026-08-22,2026-08-29,2026-08-29,439,14008.0,Recibida
OC-003451,PR04,P0141,BOD-BOG,2026-08-22,2026-08-27,2026-08-27,290,1586.0,Recibida
OC-003452,PR17,P0175,BOD-BOG,2026-08-22,2026-08-27,2026-08-27,608,5868.0,Recibida
OC-003453,PR07,P0188,BOD-MDE,2026-08-22,2026-08-30,2026-08-30,541,18422.0,Recibida
OC-003454,PR37,P0199,BOD-BOG,2026-08-22,2026-08-27,2026-08-27,208,1456.0,Recibida
OC-003455,PR02,P0031,BOD-MDE,2026-08-23,2026-08-29,2026-08-29,442,11412.0,Recibida
OC-003456,PR02,P0061,BOD-BOG,2026-08-23,2026-08-29,2026-08-29,367,19350.0,Recibida
OC-003457,PR07,P0188,BOD-BOG,2026-08-23,2026-08-31,2026-08-31,366,18422.0,Recibida
OC-003458,PR04,P0120,BOD-MDE,2026-08-24,2026-08-29,2026-08-29,169,5324.0,Recibida
OC-003459,PR17,P0155,BOD-MDE,2026-08-24,2026-08-29,2026-08-29,348,8309.0,Recibida
OC-003460,PR25,P0028,BOD-BOG,2026-08-25,2026-09-01,2026-09-01,520,16925.0,Recibida
OC-003461,PR09,P0062,BOD-BOG,2026-08-25,2026-08-30,2026-08-30,102,9131.0,Recibida
OC-003462,PR34,P0105,BOD-BOG,2026-08-25,2026-09-02,2026-09-02,351,3380.0,Recibida
OC-003463,PR16,P0118,BOD-MDE,2026-08-25,2026-09-02,2026-09-02,315,9866.0,Recibida
OC-003464,PR17,P0167,BOD-BOG,2026-08-25,2026-08-30,2026-08-30,469,12968.0,Recibida
OC-003465,PR40,P0173,BOD-BOG,2026-08-25,2026-08-31,2026-08-31,601,9086.0,Recibida
OC-003466,PR07,P0180,BOD-BOG,2026-08-25,2026-09-02,2026-09-02,302,59005.0,Recibida
OC-003467,PR18,P0181,BOD-BOG,2026-08-25,2026-08-31,2026-08-31,248,61996.0,Recibida
OC-003468,PR29,P0029,BOD-BOG,2026-08-26,2026-09-02,2026-09-02,78,22365.0,Recibida
OC-003469,PR03,P0086,BOD-BOG,2026-08-26,2026-09-04,2026-09-04,296,4968.0,Recibida
OC-003470,PR10,P0107,BOD-MDE,2026-08-26,2026-09-03,2026-09-03,459,4261.0,Recibida
OC-003471,PR40,P0161,BOD-MDE,2026-08-26,2026-09-01,2026-09-01,266,23396.0,Recibida
OC-003472,PR40,P0165,BOD-MDE,2026-08-26,2026-09-01,2026-09-01,138,20979.0,Recibida
OC-003473,PR35,P0172,BOD-MDE,2026-08-26,2026-09-02,2026-09-02,496,12101.0,Recibida
OC-003474,PR17,P0175,BOD-MDE,2026-08-26,2026-08-31,2026-08-31,634,5868.0,Recibida
OC-003475,PR07,P0176,BOD-MDE,2026-08-26,2026-09-03,2026-09-03,541,19206.0,Recibida
OC-003476,PR07,P0182,BOD-BOG,2026-08-26,2026-09-03,2026-09-03,93,11541.0,Recibida
OC-003477,PR37,P0193,BOD-MDE,2026-08-26,2026-08-31,2026-08-31,416,3099.0,Recibida
OC-003478,PR31,P0010,BOD-BOG,2026-08-27,2026-09-05,2026-09-05,128,8822.0,Recibida
OC-003479,PR24,P0044,BOD-BOG,2026-08-27,2026-09-05,2026-09-05,206,4633.0,Recibida
OC-003480,PR09,P0047,BOD-BOG,2026-08-27,2026-09-01,2026-09-01,374,6613.0,Recibida
OC-003481,PR34,P0105,BOD-BOG,2026-08-27,2026-09-04,2026-09-04,503,3380.0,Recibida
OC-003482,PR17,P0163,BOD-MDE,2026-08-27,2026-09-01,2026-09-01,453,11514.0,Recibida
OC-003483,PR06,P0194,BOD-BOG,2026-08-27,2026-09-01,2026-09-01,220,12250.0,Recibida
OC-003484,PR37,P0196,BOD-MDE,2026-08-27,2026-09-01,2026-09-01,272,1184.0,Recibida
OC-003485,PR20,P0007,BOD-MDE,2026-08-28,2026-09-06,2026-09-06,232,52691.0,Recibida
OC-003486,PR08,P0021,BOD-MDE,2026-08-28,2026-09-02,2026-09-02,1662,21120.0,Recibida
OC-003487,PR09,P0032,BOD-MDE,2026-08-28,2026-09-02,2026-09-02,362,9861.0,Recibida
OC-003488,PR02,P0041,BOD-MDE,2026-08-28,2026-09-03,2026-09-03,126,3672.0,Recibida
OC-003489,PR24,P0064,BOD-BOG,2026-08-28,2026-09-06,2026-09-06,96,25949.0,Recibida
OC-003490,PR26,P0091,BOD-MDE,2026-08-28,2026-09-05,2026-09-05,192,4514.0,Recibida
OC-003491,PR23,P0134,BOD-MDE,2026-08-28,2026-09-05,2026-09-05,394,12344.0,Recibida
OC-003492,PR04,P0135,BOD-MDE,2026-08-28,2026-09-02,2026-09-02,1069,2865.0,Recibida
OC-003493,PR16,P0136,BOD-MDE,2026-08-28,2026-09-05,2026-09-05,187,8893.0,Recibida
OC-003494,PR16,P0145,BOD-MDE,2026-08-28,2026-09-05,2026-09-05,797,4787.0,Recibida
OC-003495,PR17,P0171,BOD-MDE,2026-08-28,2026-09-02,2026-09-02,217,5501.0,Recibida
OC-003496,PR07,P0178,BOD-BOG,2026-08-28,2026-09-05,2026-09-05,214,16333.0,Recibida
OC-003497,PR06,P0200,BOD-MDE,2026-08-28,2026-09-02,2026-09-02,422,4811.0,Recibida
OC-003498,PR29,P0024,BOD-BOG,2026-08-29,2026-09-05,2026-09-05,78,58737.0,Recibida
OC-003499,PR32,P0084,BOD-BOG,2026-08-29,2026-09-07,2026-09-07,490,4066.0,Recibida
OC-003500,PR22,P0090,BOD-BOG,2026-08-29,2026-09-05,2026-09-05,219,10190.0,Recibida
OC-003501,PR27,P0092,BOD-BOG,2026-08-29,2026-09-03,2026-09-03,142,8664.0,Recibida
OC-003502,PR04,P0141,BOD-BOG,2026-08-29,2026-09-03,2026-09-03,324,1586.0,Recibida
OC-003503,PR17,P0159,BOD-BOG,2026-08-29,2026-09-03,2026-09-03,642,13229.0,Recibida
OC-003504,PR29,P0019,BOD-MDE,2026-08-30,2026-09-06,2026-09-06,344,9309.0,Recibida
OC-003505,PR09,P0037,BOD-BOG,2026-08-30,2026-09-04,2026-09-04,722,6379.0,Recibida
OC-003506,PR10,P0097,BOD-MDE,2026-08-30,2026-09-07,2026-09-07,771,4531.0,Recibida
OC-003507,PR35,P0172,BOD-BOG,2026-08-30,2026-09-06,2026-09-06,736,12101.0,Recibida
OC-003508,PR18,P0181,BOD-BOG,2026-08-30,2026-09-05,2026-09-05,265,61996.0,Recibida
OC-003509,PR09,P0047,BOD-BOG,2026-08-31,2026-09-05,2026-09-05,415,6613.0,Recibida
OC-003510,PR38,P0050,BOD-MDE,2026-08-31,2026-09-05,2026-09-05,172,18384.0,Recibida
OC-003511,PR13,P0053,BOD-BOG,2026-08-31,2026-09-08,2026-09-08,182,18274.0,Recibida
OC-003512,PR38,P0065,BOD-BOG,2026-08-31,2026-09-05,2026-09-05,287,13383.0,Recibida
OC-003513,PR10,P0097,BOD-BOG,2026-08-31,2026-09-08,2026-09-08,698,4531.0,Recibida
OC-003514,PR23,P0122,BOD-MDE,2026-08-31,2026-09-08,2026-09-08,184,6042.0,Recibida
OC-003515,PR35,P0152,BOD-BOG,2026-08-31,2026-09-07,2026-09-07,185,26040.0,Recibida
OC-003516,PR35,P0164,BOD-BOG,2026-08-31,2026-09-07,2026-09-07,430,8506.0,Recibida
OC-003517,PR07,P0178,BOD-MDE,2026-08-31,2026-09-08,2026-09-08,146,16333.0,Recibida
OC-003518,PR06,P0191,BOD-BOG,2026-08-31,2026-09-05,2026-09-05,234,5180.0,Recibida
OC-003519,PR20,P0002,BOD-BOG,2026-09-01,2026-09-10,2026-09-10,982,13891.0,Recibida
OC-003520,PR24,P0034,BOD-BOG,2026-09-01,2026-09-10,2026-09-10,280,5023.0,Recibida
OC-003521,PR02,P0046,BOD-BOG,2026-09-01,2026-09-07,2026-09-07,303,5192.0,Recibida
OC-003522,PR10,P0067,BOD-BOG,2026-09-01,2026-09-09,2026-09-09,473,16463.0,Recibida
OC-003523,PR26,P0071,BOD-BOG,2026-09-01,2026-09-09,2026-09-09,372,14137.0,Recibida
OC-003524,PR34,P0095,BOD-BOG,2026-09-01,2026-09-09,2026-09-09,663,7917.0,Recibida
OC-003525,PR10,P0097,BOD-BOG,2026-09-01,2026-09-09,2026-09-09,979,4521.0,Recibida
OC-003526,PR22,P0110,BOD-MDE,2026-09-01,2026-09-08,2026-09-08,290,9943.0,Recibida
OC-003527,PR23,P0119,BOD-MDE,2026-09-01,2026-09-03,2026-09-03,1399,11862.0,Recibida
OC-003528,PR05,P0162,BOD-BOG,2026-09-01,2026-09-07,2026-09-07,1481,12554.0,Recibida
OC-003529,PR17,P0163,BOD-BOG,2026-09-01,2026-09-06,2026-09-06,327,11628.0,Recibida
OC-003530,PR17,P0167,BOD-BOG,2026-09-01,2026-09-06,2026-09-06,492,13019.0,Recibida
OC-003531,PR35,P0168,BOD-BOG,2026-09-01,2026-09-08,2026-09-08,576,11268.0,Recibida
OC-003532,PR07,P0184,BOD-MDE,2026-09-01,2026-09-09,2026-09-09,351,12029.0,Recibida
OC-003533,PR18,P0185,BOD-BOG,2026-09-01,2026-09-07,2026-09-07,575,40281.0,Recibida
OC-003534,PR18,P0189,BOD-MDE,2026-09-01,2026-09-07,2026-09-07,366,15954.0,Recibida
OC-003535,PR02,P0031,BOD-BOG,2026-09-02,2026-09-08,2026-09-08,403,11454.0,Recibida
OC-003536,PR02,P0041,BOD-MDE,2026-09-02,2026-09-08,2026-09-08,250,3695.0,Recibida
OC-003537,PR09,P0052,BOD-MDE,2026-09-02,2026-09-07,2026-09-07,617,7408.0,Recibida
OC-003538,PR26,P0071,BOD-BOG,2026-09-02,2026-09-10,2026-09-10,372,14137.0,Recibida
OC-003539,PR28,P0073,BOD-MDE,2026-09-02,2026-09-10,2026-09-10,384,2181.0,Recibida
OC-003540,PR22,P0110,BOD-MDE,2026-09-02,2026-09-09,2026-09-09,290,9943.0,Recibida
OC-003541,PR23,P0131,BOD-MDE,2026-09-02,2026-09-10,2026-09-10,606,1664.0,Recibida
OC-003542,PR04,P0135,BOD-MDE,2026-09-02,2026-09-07,2026-09-07,1456,2891.0,Recibida
OC-003543,PR17,P0147,BOD-MDE,2026-09-02,2026-09-07,2026-09-07,92,28080.0,Recibida
OC-003544,PR18,P0177,BOD-BOG,2026-09-02,2026-09-08,2026-09-08,196,23705.0,Recibida
OC-003545,PR18,P0179,BOD-BOG,2026-09-02,2026-09-08,2026-09-08,509,15934.0,Recibida
OC-003546,PR20,P0017,BOD-BOG,2026-09-03,2026-09-12,2026-09-12,667,20223.0,Recibida
OC-003547,PR38,P0060,BOD-MDE,2026-09-03,2026-09-08,2026-09-08,417,3807.0,Recibida
OC-003548,PR03,P0106,BOD-BOG,2026-09-03,2026-09-12,2026-09-12,176,13822.0,Recibida
OC-003549,PR40,P0149,BOD-BOG,2026-09-03,2026-09-09,2026-09-09,80,9494.0,Recibida
OC-003550,PR40,P0153,BOD-BOG,2026-09-03,2026-09-09,2026-09-09,465,23978.0,Recibida
OC-003551,PR17,P0155,BOD-MDE,2026-09-03,2026-09-08,2026-09-08,491,8347.0,Recibida
OC-003552,PR40,P0157,BOD-BOG,2026-09-03,2026-09-09,2026-09-09,1024,23066.0,Recibida
OC-003553,PR40,P0165,BOD-MDE,2026-09-03,2026-09-09,2026-09-09,175,21038.0,Recibida
OC-003554,PR40,P0173,BOD-MDE,2026-09-03,2026-09-09,2026-09-09,255,9168.0,Recibida
OC-003555,PR07,P0182,BOD-BOG,2026-09-03,2026-09-11,2026-09-11,152,11561.0,Recibida
OC-003556,PR08,P0011,BOD-BOG,2026-09-04,2026-09-09,2026-09-09,780,19617.0,Recibida
OC-003557,PR20,P0022,BOD-BOG,2026-09-04,2026-09-13,2026-09-13,495,23653.0,Recibida
OC-003558,PR38,P0035,BOD-BOG,2026-09-04,2026-09-09,2026-09-09,226,5503.0,Recibida
OC-003559,PR09,P0052,BOD-BOG,2026-09-04,2026-09-09,2026-09-09,262,7408.0,Recibida
OC-003560,PR13,P0053,BOD-MDE,2026-09-04,2026-09-12,2026-09-12,306,18446.0,Recibida
OC-003561,PR13,P0063,BOD-BOG,2026-09-04,2026-09-12,2026-09-12,218,3274.0,Recibida
OC-003562,PR15,P0069,BOD-BOG,2026-09-04,2026-09-13,2026-09-13,613,3465.0,Recibida
OC-003563,PR27,P0082,BOD-BOG,2026-09-04,2026-09-09,2026-09-09,213,8587.0,Recibida
OC-003564,PR10,P0107,BOD-MDE,2026-09-04,2026-09-12,2026-09-12,696,4292.0,Recibida
OC-003565,PR23,P0143,BOD-MDE,2026-09-04,2026-09-12,2026-09-12,687,4942.0,Recibida
OC-003566,PR16,P0145,BOD-MDE,2026-09-04,2026-09-12,2026-09-12,1173,4781.0,Recibida
OC-003567,PR05,P0154,BOD-MDE,2026-09-04,2026-09-10,2026-09-10,206,12226.0,Recibida
OC-003568,PR08,P0006,BOD-MDE,2026-09-05,2026-09-10,2026-09-10,306,12761.0,Recibida
OC-003569,PR31,P0010,BOD-MDE,2026-09-05,2026-09-14,2026-09-14,196,8838.0,Recibida
OC-003570,PR29,P0014,BOD-MDE,2026-09-05,2026-09-12,2026-09-12,341,18819.0,Recibida
OC-003571,PR13,P0033,BOD-BOG,2026-09-05,2026-09-13,2026-09-13,485,6213.0,Recibida
OC-003572,PR09,P0037,BOD-MDE,2026-09-05,2026-09-10,2026-09-10,538,6414.0,Recibida
OC-003573,PR09,P0042,BOD-BOG,2026-09-05,2026-09-10,2026-09-10,174,15091.0,Recibida
OC-003574,PR38,P0055,BOD-MDE,2026-09-05,2026-09-10,2026-09-10,375,10022.0,Recibida
OC-003575,PR10,P0067,BOD-MDE,2026-09-05,2026-09-13,2026-09-13,432,16463.0,Recibida
OC-003576,PR32,P0094,BOD-BOG,2026-09-05,2026-09-14,2026-09-14,166,3175.0,Recibida
OC-003577,PR10,P0097,BOD-BOG,2026-09-05,2026-09-13,2026-09-13,1529,4521.0,Recibida
OC-003578,PR16,P0112,BOD-BOG,2026-09-05,2026-09-13,2026-09-13,497,2405.0,Recibida
OC-003579,PR16,P0121,BOD-MDE,2026-09-05,2026-09-13,2026-09-13,207,2008.0,Recibida
OC-003580,PR16,P0133,BOD-BOG,2026-09-05,2026-09-13,2026-09-13,162,4654.0,Recibida
OC-003581,PR23,P0143,BOD-BOG,2026-09-05,2026-09-13,2026-09-13,435,4942.0,Recibida
OC-003582,PR05,P0158,BOD-BOG,2026-09-05,2026-09-11,2026-09-11,96,8195.0,Recibida
OC-003583,PR17,P0159,BOD-MDE,2026-09-05,2026-09-10,2026-09-10,435,13395.0,Recibida
OC-003584,PR05,P0166,BOD-BOG,2026-09-05,2026-09-11,2026-09-11,217,8466.0,Recibida
OC-003585,PR05,P0170,BOD-MDE,2026-09-05,2026-09-11,2026-09-11,168,25532.0,Recibida
OC-003586,PR07,P0180,BOD-BOG,2026-09-05,2026-09-13,2026-09-13,415,59026.0,Recibida
OC-003587,PR07,P0190,BOD-BOG,2026-09-05,2026-09-13,2026-09-13,220,40590.0,Recibida
OC-003588,PR07,P0190,BOD-MDE,2026-09-05,2026-09-13,2026-09-13,460,40590.0,Recibida
OC-003589,PR25,P0008,BOD-MDE,2026-09-06,2026-09-13,2026-09-13,411,25428.0,Recibida
OC-003590,PR08,P0016,BOD-BOG,2026-09-07,2026-09-12,2026-09-12,194,45403.0,Recibida
OC-003591,PR02,P0036,BOD-MDE,2026-09-07,2026-09-13,2026-09-13,379,10667.0,Recibida
OC-003592,PR05,P0146,BOD-MDE,2026-09-07,2026-09-13,2026-09-13,487,18018.0,Recibida
OC-003593,PR40,P0169,BOD-BOG,2026-09-07,2026-09-13,2026-09-13,171,10127.0,Recibida
OC-003594,PR05,P0174,BOD-BOG,2026-09-07,2026-09-13,2026-09-13,168,4940.0,Recibida
OC-003595,PR07,P0184,BOD-BOG,2026-09-07,2026-09-15,2026-09-15,210,12029.0,Recibida
OC-003596,PR37,P0199,BOD-MDE,2026-09-07,2026-09-12,2026-09-12,130,1457.0,Recibida
OC-003597,PR31,P0010,BOD-BOG,2026-09-08,2026-09-17,2026-09-17,147,8838.0,Recibida
OC-003598,PR20,P0017,BOD-MDE,2026-09-08,2026-09-17,2026-09-17,545,20223.0,Recibida
OC-003599,PR20,P0027,BOD-BOG,2026-09-08,2026-09-17,2026-09-17,826,28319.0,Recibida
OC-003600,PR32,P0074,BOD-MDE,2026-09-08,2026-09-17,2026-09-17,500,17167.0,Recibida
OC-003601,PR34,P0085,BOD-BOG,2026-09-08,2026-09-16,2026-09-16,386,9796.0,Recibida
OC-003602,PR11,P0088,BOD-MDE,2026-09-08,2026-09-15,2026-09-15,442,21416.0,Recibida
OC-003603,PR11,P0098,BOD-BOG,2026-09-08,2026-09-15,2026-09-15,501,10517.0,Recibida
OC-003604,PR10,P0107,BOD-BOG,2026-09-08,2026-09-16,2026-09-16,636,4292.0,Recibida
OC-003605,PR04,P0117,BOD-MDE,2026-09-08,2026-09-13,2026-09-13,298,5448.0,Recibida
OC-003606,PR23,P0134,BOD-BOG,2026-09-08,2026-09-16,2026-09-16,460,12342.0,Recibida
OC-003607,PR23,P0137,BOD-MDE,2026-09-08,2026-09-16,2026-09-16,145,1944.0,Recibida
OC-003608,PR04,P0138,BOD-BOG,2026-09-08,2026-09-13,2026-09-13,268,1570.0,Recibida
OC-003609,PR04,P0144,BOD-BOG,2026-09-08,2026-09-13,2026-09-13,62,2350.0,Recibida
OC-003610,PR16,P0145,BOD-BOG,2026-09-08,2026-09-16,2026-09-16,753,4781.0,Recibida
OC-003611,PR05,P0150,BOD-MDE,2026-09-08,2026-09-14,2026-09-14,122,4954.0,Recibida
OC-003612,PR40,P0165,BOD-MDE,2026-09-08,2026-09-14,2026-09-14,299,21038.0,Recibida
OC-003613,PR37,P0193,BOD-MDE,2026-09-08,2026-09-13,2026-09-13,706,3109.0,Recibida
OC-003614,PR20,P0007,BOD-MDE,2026-09-09,2026-09-18,2026-09-18,336,52312.0,Recibida
OC-003615,PR25,P0008,BOD-BOG,2026-09-09,2026-09-16,2026-09-16,386,25428.0,Recibida
OC-003616,PR29,P0019,BOD-BOG,2026-09-09,2026-09-16,2026-09-16,856,9406.0,Recibida
OC-003617,PR24,P0039,BOD-MDE,2026-09-09,2026-09-18,2026-09-18,176,20419.0,Recibida
OC-003618,PR09,P0047,BOD-MDE,2026-09-09,2026-09-14,2026-09-14,387,6610.0,Recibida
OC-003619,PR27,P0092,BOD-BOG,2026-09-09,2026-09-14,2026-09-14,240,8700.0,Recibida
OC-003620,PR35,P0168,BOD-MDE,2026-09-09,2026-09-16,2026-09-16,1151,11268.0,Recibida
OC-003621,PR29,P0019,BOD-BOG,2026-09-10,2026-09-17,2026-09-17,856,9406.0,Recibida
OC-003622,PR13,P0038,BOD-BOG,2026-09-10,2026-09-18,2026-09-18,157,4545.0,Recibida
OC-003623,PR09,P0062,BOD-BOG,2026-09-10,2026-09-15,2026-09-15,154,9238.0,Recibida
OC-003624,PR28,P0073,BOD-BOG,2026-09-10,2026-09-18,2026-09-18,448,2181.0,Recibida
OC-003625,PR15,P0079,BOD-MDE,2026-09-10,2026-09-19,2026-09-19,190,11506.0,Recibida
OC-003626,PR10,P0097,BOD-BOG,2026-09-10,2026-09-18,2026-09-18,2286,4521.0,Recibida
OC-003627,PR04,P0144,BOD-BOG,2026-09-10,2026-09-15,2026-09-15,95,2350.0,Recibida
OC-003628,PR05,P0154,BOD-BOG,2026-09-10,2026-09-16,2026-09-16,273,12226.0,Recibida
OC-003629,PR17,P0167,BOD-MDE,2026-09-10,2026-09-15,2026-09-15,443,13019.0,Recibida
OC-003630,PR06,P0191,BOD-BOG,2026-09-10,2026-09-15,2026-09-15,234,5208.0,Recibida
OC-003631,PR06,P0194,BOD-MDE,2026-09-10,2026-09-15,2026-09-15,263,12291.0,Recibida
OC-003632,PR06,P0197,BOD-BOG,2026-09-10,2026-09-15,2026-09-15,54,3503.0,Recibida
OC-003633,PR08,P0001,BOD-BOG,2026-09-11,2026-09-16,2026-09-16,237,38663.0,Recibida
OC-003634,PR29,P0004,BOD-BOG,2026-09-11,2026-09-18,2026-09-18,227,25799.0,Recibida
OC-003635,PR08,P0021,BOD-BOG,2026-09-11,2026-09-16,2026-09-16,1505,21183.0,Recibida
OC-003636,PR25,P0023,BOD-MDE,2026-09-11,2026-09-18,2026-09-18,406,16890.0,Recibida
OC-003637,PR13,P0053,BOD-BOG,2026-09-11,2026-09-19,2026-09-19,236,18446.0,Recibida
OC-003638,PR10,P0067,BOD-MDE,2026-09-11,2026-09-19,2026-09-19,605,16463.0,Recibida
OC-003639,PR11,P0088,BOD-BOG,2026-09-11,2026-09-18,2026-09-18,412,21416.0,Recibida
OC-003640,PR27,P0092,BOD-BOG,2026-09-11,2026-09-16,2026-09-16,295,8700.0,Recibida
OC-003641,PR28,P0103,BOD-BOG,2026-09-11,2026-09-19,2026-09-19,178,7787.0,Recibida
OC-003642,PR03,P0106,BOD-MDE,2026-09-11,2026-09-20,2026-09-20,211,13822.0,Recibida
OC-003643,PR23,P0122,BOD-MDE,2026-09-11,2026-09-19,2026-09-19,279,6055.0,Recibida
OC-003644,PR17,P0147,BOD-MDE,2026-09-11,2026-09-16,2026-09-16,214,28080.0,Recibida
OC-003645,PR05,P0162,BOD-MDE,2026-09-11,2026-09-17,2026-09-17,1107,12554.0,Recibida
OC-003646,PR17,P0163,BOD-MDE,2026-09-11,2026-09-16,2026-09-16,631,11628.0,Recibida
OC-003647,PR35,P0164,BOD-MDE,2026-09-11,2026-09-18,2026-09-18,235,8466.0,Recibida
OC-003648,PR18,P0189,BOD-MDE,2026-09-11,2026-09-17,2026-09-17,380,15954.0,Recibida
OC-003649,PR07,P0190,BOD-MDE,2026-09-11,2026-09-19,2026-09-19,460,40590.0,Recibida
OC-003650,PR08,P0011,BOD-MDE,2026-09-12,2026-09-17,2026-09-17,863,19617.0,Recibida
OC-003651,PR09,P0037,BOD-MDE,2026-09-12,2026-09-17,2026-09-17,732,6414.0,Recibida
OC-003652,PR13,P0038,BOD-BOG,2026-09-12,2026-09-20,2026-09-20,244,4545.0,Recibida
OC-003653,PR02,P0056,BOD-MDE,2026-09-12,2026-09-18,2026-09-18,420,6662.0,Recibida
OC-003654,PR03,P0066,BOD-BOG,2026-09-12,2026-09-21,2026-09-21,142,18527.0,Recibida
OC-003655,PR27,P0072,BOD-MDE,2026-09-12,2026-09-17,2026-09-17,113,4519.0,Recibida
OC-003656,PR32,P0084,BOD-BOG,2026-09-12,2026-09-21,2026-09-21,671,4099.0,Recibida
OC-003657,PR28,P0103,BOD-BOG,2026-09-12,2026-09-20,2026-09-20,178,7787.0,Recibida
OC-003658,PR04,P0111,BOD-BOG,2026-09-12,2026-09-17,2026-09-17,396,5544.0,Recibida
OC-003659,PR23,P0131,BOD-BOG,2026-09-12,2026-09-20,2026-09-20,406,1664.0,Recibida
OC-003660,PR23,P0143,BOD-MDE,2026-09-12,2026-09-20,2026-09-20,947,4942.0,Recibida
OC-003661,PR40,P0165,BOD-MDE,2026-09-12,2026-09-18,2026-09-18,356,21038.0,Recibida
OC-003662,PR17,P0171,BOD-BOG,2026-09-12,2026-09-17,2026-09-17,154,5547.0,Recibida
OC-003663,PR03,P0066,BOD-BOG,2026-09-13,2026-09-22,2026-09-22,200,18527.0,Recibida
OC-003664,PR11,P0088,BOD-MDE,2026-09-13,2026-09-20,2026-09-20,630,21416.0,Recibida
OC-003665,PR16,P0130,BOD-MDE,2026-09-13,2026-09-21,2026-09-21,379,2503.0,Recibida
OC-003666,PR35,P0164,BOD-MDE,2026-09-13,2026-09-20,2026-09-20,318,8466.0,Recibida
OC-003667,PR18,P0181,BOD-MDE,2026-09-13,2026-09-19,2026-09-19,202,62484.0,Recibida
OC-003668,PR09,P0032,BOD-MDE,2026-09-14,2026-09-19,2026-09-19,480,9952.0,Recibida
OC-003669,PR23,P0119,BOD-BOG,2026-09-14,2026-09-22,2026-09-22,1622,11862.0,Recibida
OC-003670,PR16,P0130,BOD-MDE,2026-09-14,2026-09-22,2026-09-22,387,2503.0,Recibida
OC-003671,PR16,P0142,BOD-BOG,2026-09-14,2026-09-22,2026-09-22,363,11431.0,Recibida
OC-003672,PR17,P0171,BOD-BOG,2026-09-14,2026-09-19,2026-09-19,154,5547.0,Recibida
OC-003673,PR02,P0036,BOD-BOG,2026-09-15,2026-09-21,2026-09-21,279,10667.0,Recibida
OC-003674,PR24,P0054,BOD-MDE,2026-09-15,2026-09-24,2026-09-24,469,4512.0,Recibida
OC-003675,PR38,P0060,BOD-BOG,2026-09-15,2026-09-20,2026-09-20,324,3807.0,Recibida
OC-003676,PR38,P0060,BOD-MDE,2026-09-15,2026-09-20,2026-09-20,580,3807.0,Recibida
OC-003677,PR15,P0069,BOD-BOG,2026-09-15,2026-09-24,2026-09-24,736,3465.0,Recibida
OC-003678,PR15,P0079,BOD-MDE,2026-09-15,2026-09-24,2026-09-24,276,11506.0,Recibida
OC-003679,PR16,P0112,BOD-MDE,2026-09-15,2026-09-23,2026-09-23,413,2405.0,Recibida
OC-003680,PR04,P0141,BOD-MDE,2026-09-15,2026-09-20,2026-09-20,193,1592.0,Recibida
OC-003681,PR05,P0150,BOD-MDE,2026-09-15,2026-09-21,2026-09-21,180,4954.0,Recibida
OC-003682,PR17,P0163,BOD-BOG,2026-09-15,2026-09-20,2026-09-20,417,11628.0,Recibida
OC-003683,PR18,P0185,BOD-MDE,2026-09-15,2026-09-21,2026-09-21,493,40281.0,Recibida
OC-003684,PR08,P0006,BOD-MDE,2026-09-16,2026-09-21,2026-09-21,499,12761.0,Recibida
OC-003685,PR31,P0030,BOD-MDE,2026-09-16,2026-09-25,2026-09-25,563,27895.0,Recibida
OC-003686,PR13,P0043,BOD-MDE,2026-09-16,2026-09-24,2026-09-24,80,11500.0,Recibida
OC-003687,PR09,P0047,BOD-MDE,2026-09-16,2026-09-21,2026-09-21,572,6610.0,Recibida
OC-003688,PR15,P0089,BOD-MDE,2026-09-16,2026-09-25,2026-09-25,462,6169.0,Recibida
OC-003689,PR26,P0091,BOD-MDE,2026-09-16,2026-09-24,2026-09-24,257,4504.0,Recibida
OC-003690,PR28,P0093,BOD-MDE,2026-09-16,2026-09-24,2026-09-24,472,4379.0,Recibida
OC-003691,PR27,P0102,BOD-BOG,2026-09-16,2026-09-21,2026-09-21,57,4617.0,Recibida
OC-003692,PR16,P0130,BOD-BOG,2026-09-16,2026-09-24,2026-09-24,423,2503.0,Recibida
OC-003693,PR23,P0134,BOD-MDE,2026-09-16,2026-09-24,2026-09-24,524,12342.0,Recibida
OC-003694,PR05,P0154,BOD-MDE,2026-09-16,2026-09-22,2026-09-22,344,12226.0,Recibida
OC-003695,PR20,P0027,BOD-MDE,2026-09-17,2026-09-26,2026-09-26,683,28319.0,Recibida
OC-003696,PR02,P0031,BOD-MDE,2026-09-17,2026-09-23,2026-09-23,481,11454.0,Recibida
OC-003697,PR38,P0035,BOD-BOG,2026-09-17,2026-09-22,2026-09-22,327,5503.0,Recibida
OC-003698,PR13,P0038,BOD-BOG,2026-09-17,2026-09-25,2026-09-25,390,4545.0,Recibida
OC-003699,PR38,P0040,BOD-BOG,2026-09-17,2026-09-22,2026-09-22,356,16356.0,Recibida
OC-003700,PR15,P0069,BOD-MDE,2026-09-17,2026-09-26,2026-09-26,913,3465.0,Recibida
OC-003701,PR03,P0076,BOD-BOG,2026-09-17,2026-09-26,2026-09-26,375,4078.0,Recibida
OC-003702,PR15,P0089,BOD-BOG,2026-09-17,2026-09-26,2026-09-26,373,6169.0,Recibida
OC-003703,PR15,P0099,BOD-MDE,2026-09-17,2026-09-26,2026-09-26,881,3216.0,Recibida
OC-003704,PR04,P0135,BOD-BOG,2026-09-17,2026-09-22,2026-09-22,796,2891.0,Recibida
OC-003705,PR05,P0146,BOD-BOG,2026-09-17,2026-09-23,2026-09-23,320,18018.0,Recibida
OC-003706,PR17,P0147,BOD-MDE,2026-09-17,2026-09-22,2026-09-22,218,28080.0,Recibida
OC-003707,PR17,P0151,BOD-MDE,2026-09-17,2026-09-22,2026-09-22,269,25583.0,Recibida
OC-003708,PR40,P0157,BOD-BOG,2026-09-17,2026-09-23,2026-09-23,1421,23066.0,Recibida
OC-003709,PR17,P0175,BOD-MDE,2026-09-17,2026-09-22,2026-09-22,802,5938.0,Recibida
OC-003710,PR18,P0179,BOD-MDE,2026-09-17,2026-09-23,2026-09-23,484,15934.0,Recibida
OC-003711,PR18,P0181,BOD-MDE,2026-09-17,2026-09-23,2026-09-23,278,62484.0,Recibida
OC-003712,PR18,P0187,BOD-MDE,2026-09-17,2026-09-23,2026-09-23,338,14143.0,Recibida
OC-003713,PR20,P0017,BOD-MDE,2026-09-18,2026-09-27,2026-09-27,817,20223.0,Recibida
OC-003714,PR24,P0044,BOD-BOG,2026-09-18,2026-09-27,2026-09-27,212,4642.0,Recibida
OC-003715,PR28,P0083,BOD-BOG,2026-09-18,2026-09-26,2026-09-26,348,5460.0,Recibida
OC-003716,PR34,P0095,BOD-BOG,2026-09-18,2026-09-26,2026-09-26,698,7917.0,Recibida
OC-003717,PR23,P0140,BOD-BOG,2026-09-18,2026-09-26,2026-09-26,95,3365.0,Recibida
OC-003718,PR16,P0142,BOD-MDE,2026-09-18,2026-09-26,2026-09-26,530,11431.0,Recibida
OC-003719,PR40,P0165,BOD-BOG,2026-09-18,2026-09-24,2026-09-24,139,21038.0,Recibida
OC-003720,PR34,P0105,BOD-BOG,2026-09-19,2026-09-27,2026-09-27,637,3376.0,Recibida
OC-003721,PR23,P0143,BOD-BOG,2026-09-19,2026-09-27,2026-09-27,637,4942.0,Recibida
OC-003722,PR35,P0172,BOD-MDE,2026-09-19,2026-09-26,2026-09-26,701,12121.0,Recibida
OC-003723,PR18,P0177,BOD-BOG,2026-09-19,2026-09-25,2026-09-25,277,23705.0,Recibida
OC-003724,PR07,P0186,BOD-MDE,2026-09-19,2026-09-27,2026-09-27,275,20510.0,Recibida
OC-003725,PR08,P0001,BOD-MDE,2026-09-20,2026-09-25,2026-09-25,328,38663.0,Recibida
OC-003726,PR23,P0128,BOD-MDE,2026-09-20,2026-09-28,2026-09-28,656,2863.0,Recibida
OC-003727,PR18,P0187,BOD-BOG,2026-09-20,2026-09-26,2026-09-26,302,14143.0,Recibida
OC-003728,PR25,P0023,BOD-BOG,2026-09-21,2026-09-28,2026-09-28,215,16890.0,Recibida
OC-003729,PR26,P0081,BOD-BOG,2026-09-21,2026-09-29,2026-09-29,116,20283.0,Recibida
OC-003730,PR27,P0082,BOD-MDE,2026-09-21,2026-09-26,2026-09-26,296,8587.0,Recibida
OC-003731,PR16,P0118,BOD-MDE,2026-09-21,2026-09-29,2026-09-29,402,9906.0,Recibida
OC-003732,PR17,P0159,BOD-MDE,2026-09-21,2026-09-26,2026-09-26,502,13395.0,Recibida
OC-003733,PR38,P0035,BOD-MDE,2026-09-22,2026-09-27,2026-09-27,213,5503.0,Recibida
OC-003734,PR09,P0037,BOD-MDE,2026-09-22,2026-09-27,2026-09-27,1010,6414.0,Recibida
OC-003735,PR13,P0048,BOD-MDE,2026-09-22,2026-09-30,2026-09-30,252,22022.0,Recibida
OC-003736,PR27,P0072,BOD-MDE,2026-09-22,2026-09-27,2026-09-27,177,4519.0,Recibida
OC-003737,PR32,P0084,BOD-MDE,2026-09-22,2026-10-01,,441,4099.0,En tránsito
OC-003738,PR34,P0105,BOD-BOG,2026-09-22,2026-09-30,2026-09-30,854,3376.0,Recibida
OC-003739,PR16,P0112,BOD-MDE,2026-09-22,2026-09-30,2026-09-30,730,2405.0,Recibida
OC-003740,PR16,P0124,BOD-BOG,2026-09-22,2026-09-30,2026-09-30,114,7455.0,Recibida
OC-003741,PR07,P0182,BOD-BOG,2026-09-22,2026-09-30,2026-09-30,258,11561.0,Recibida
OC-003742,PR31,P0020,BOD-MDE,2026-09-23,2026-10-02,,723,23105.0,En tránsito
OC-003743,PR24,P0034,BOD-BOG,2026-09-23,2026-10-02,,374,5023.0,En tránsito
OC-003744,PR24,P0034,BOD-MDE,2026-09-23,2026-10-02,,476,5023.0,En tránsito
OC-003745,PR38,P0050,BOD-BOG,2026-09-23,2026-09-28,2026-09-28,154,18569.0,Recibida
OC-003746,PR02,P0051,BOD-BOG,2026-09-23,2026-09-29,2026-09-29,312,17189.0,Recibida
OC-003747,PR38,P0065,BOD-BOG,2026-09-23,2026-09-28,2026-09-28,424,13452.0,Recibida
OC-003748,PR28,P0083,BOD-MDE,2026-09-23,2026-10-01,,446,5460.0,En tránsito
OC-003749,PR11,P0088,BOD-BOG,2026-09-23,2026-09-30,2026-09-30,594,21416.0,Recibida
OC-003750,PR10,P0107,BOD-MDE,2026-09-23,2026-10-01,,815,4292.0,En tránsito
OC-003751,PR04,P0138,BOD-MDE,2026-09-23,2026-09-28,2026-09-28,316,1570.0,Recibida
OC-003752,PR17,P0151,BOD-BOG,2026-09-23,2026-09-28,2026-09-28,152,25583.0,Recibida
OC-003753,PR05,P0166,BOD-MDE,2026-09-23,2026-09-29,2026-09-29,190,8466.0,Recibida
OC-003754,PR07,P0176,BOD-BOG,2026-09-23,2026-10-01,,348,19398.0,En tránsito
OC-003755,PR18,P0179,BOD-MDE,2026-09-23,2026-09-29,2026-09-29,706,15934.0,Recibida
OC-003756,PR20,P0002,BOD-BOG,2026-09-24,2026-10-03,,1145,13891.0,En tránsito
OC-003757,PR29,P0019,BOD-MDE,2026-09-24,2026-10-01,,391,9406.0,En tránsito
OC-003758,PR24,P0044,BOD-MDE,2026-09-24,2026-10-03,,231,4642.0,En tránsito
OC-003759,PR02,P0051,BOD-BOG,2026-09-24,2026-09-30,2026-09-30,278,17189.0,Recibida
OC-003760,PR02,P0051,BOD-MDE,2026-09-24,2026-09-30,2026-09-30,281,17189.0,Recibida
OC-003761,PR34,P0095,BOD-MDE,2026-09-24,2026-10-02,,616,7917.0,En tránsito
OC-003762,PR16,P0121,BOD-MDE,2026-09-24,2026-10-02,,326,2008.0,En tránsito
OC-003763,PR07,P0188,BOD-BOG,2026-09-24,2026-10-02,,540,18347.0,En tránsito
OC-003764,PR31,P0030,BOD-BOG,2026-09-25,2026-10-04,,358,27895.0,En tránsito
OC-003765,PR02,P0031,BOD-BOG,2026-09-25,2026-10-01,,402,11454.0,En tránsito
OC-003766,PR09,P0062,BOD-MDE,2026-09-25,2026-09-30,2026-09-30,224,9238.0,Recibida
OC-003767,PR28,P0093,BOD-MDE,2026-09-25,2026-10-03,,578,4379.0,En tránsito
OC-003768,PR15,P0099,BOD-BOG,2026-09-25,2026-10-04,,1014,3216.0,En tránsito
OC-003769,PR16,P0142,BOD-MDE,2026-09-25,2026-10-03,,831,11431.0,En tránsito
OC-003770,PR05,P0146,BOD-BOG,2026-09-25,2026-10-01,,379,18018.0,En tránsito
OC-003771,PR35,P0160,BOD-BOG,2026-09-25,2026-10-02,,158,12206.0,En tránsito
OC-003772,PR35,P0168,BOD-BOG,2026-09-25,2026-10-02,,728,11268.0,En tránsito
OC-003773,PR05,P0170,BOD-MDE,2026-09-25,2026-10-01,,174,25532.0,En tránsito
OC-003774,PR17,P0175,BOD-BOG,2026-09-25,2026-09-30,2026-09-30,688,5938.0,Recibida
OC-003775,PR07,P0188,BOD-BOG,2026-09-25,2026-10-03,,540,18347.0,En tránsito
OC-003776,PR06,P0197,BOD-BOG,2026-09-25,2026-09-30,2026-09-30,70,3503.0,Recibida
OC-003777,PR37,P0199,BOD-MDE,2026-09-25,2026-09-30,2026-09-30,158,1457.0,Recibida
OC-003778,PR08,P0006,BOD-BOG,2026-09-26,2026-10-01,,361,12761.0,En tránsito
OC-003779,PR08,P0016,BOD-MDE,2026-09-26,2026-10-01,,200,45403.0,En tránsito
OC-003780,PR08,P0021,BOD-MDE,2026-09-26,2026-10-01,,1650,21183.0,En tránsito
OC-003781,PR13,P0048,BOD-MDE,2026-09-26,2026-10-04,,337,22022.0,En tránsito
OC-003782,PR32,P0094,BOD-MDE,2026-09-26,2026-10-05,,141,3175.0,En tránsito
OC-003783,PR16,P0121,BOD-BOG,2026-09-26,2026-10-04,,335,2008.0,En tránsito
OC-003784,PR23,P0128,BOD-BOG,2026-09-26,2026-10-04,,378,2863.0,En tránsito
OC-003785,PR17,P0151,BOD-BOG,2026-09-26,2026-10-01,,208,25583.0,En tránsito
OC-003786,PR08,P0026,BOD-BOG,2026-09-27,2026-10-02,,140,21356.0,En tránsito
OC-003787,PR32,P0104,BOD-BOG,2026-09-27,2026-10-06,,177,5462.0,En tránsito
OC-003788,PR05,P0162,BOD-BOG,2026-09-27,2026-10-03,,1626,12554.0,En tránsito
OC-003789,PR13,P0053,BOD-BOG,2026-09-28,2026-10-06,,359,18446.0,En tránsito
OC-003790,PR29,P0029,BOD-BOG,2026-09-29,2026-10-06,,114,22384.0,En tránsito
OC-003791,PR27,P0072,BOD-MDE,2026-09-29,2026-10-04,,270,4519.0,En tránsito
OC-003792,PR15,P0099,BOD-MDE,2026-09-29,2026-10-08,,1086,3216.0,En tránsito
OC-003793,PR04,P0117,BOD-BOG,2026-09-29,2026-10-04,,187,5448.0,En tránsito
OC-003794,PR23,P0119,BOD-MDE,2026-09-29,2026-10-07,,1791,11862.0,En tránsito
OC-003795,PR23,P0122,BOD-MDE,2026-09-29,2026-10-07,,391,6055.0,En tránsito
OC-003796,PR06,P0200,BOD-MDE,2026-09-29,2026-10-04,,408,4876.0,En tránsito
OC-003797,PR31,P0010,BOD-MDE,2026-09-30,2026-10-09,,245,8838.0,En tránsito
OC-003798,PR20,P0022,BOD-MDE,2026-09-30,2026-10-09,,371,23653.0,En tránsito
OC-003799,PR13,P0038,BOD-BOG,2026-09-30,2026-10-08,,491,4545.0,En tránsito
OC-003800,PR35,P0152,BOD-MDE,2026-09-30,2026-10-07,,188,25774.0,En tránsito
OC-003801,PR17,P0155,BOD-MDE,2026-09-30,2026-10-05,,682,8347.0,En tránsito
OC-003802,PR05,P0162,BOD-MDE,2026-09-30,2026-10-06,,1598,12554.0,En tránsito
