pago_id,factura_id,fecha_pago,valor,medio_pago
PG-000001,FE-000018,2025-10-12,393625.0,Transferencia
PG-000002,FE-000006,2025-10-21,1011154.0,Transferencia
PG-000003,FE-000053,2025-10-22,150982.0,Transferencia
PG-000004,FE-000252,2025-10-22,659162.0,Transferencia
PG-000005,FE-000049,2025-10-23,498627.0,Transferencia
PG-000006,FE-000217,2025-10-23,53765.0,Consignación
PG-000007,FE-000001,2025-10-24,204897.0,Transferencia
PG-000008,FE-000041,2025-10-24,341567.0,Transferencia
PG-000009,FE-000267,2025-10-24,277565.0,Transferencia
PG-000010,FE-000076,2025-10-25,71462.0,PSE
PG-000011,FE-000119,2025-10-26,180558.0,Consignación
PG-000012,FE-000133,2025-10-26,466437.0,Transferencia
PG-000013,FE-000029,2025-10-27,4277535.0,Transferencia
PG-000014,FE-000094,2025-10-27,759487.0,Transferencia
PG-000015,FE-000258,2025-10-27,191052.0,Consignación
PG-000016,FE-000352,2025-10-27,33795.0,PSE
PG-000017,FE-000061,2025-10-28,351130.0,Consignación
PG-000018,FE-000134,2025-10-28,14538.0,PSE
PG-000019,FE-000194,2025-10-28,738019.0,Transferencia
PG-000020,FE-000230,2025-10-28,788608.0,Transferencia
PG-000021,FE-000007,2025-10-29,264002.0,Transferencia
PG-000022,FE-000015,2025-10-29,68276.0,Transferencia
PG-000023,FE-000073,2025-10-29,494163.0,Transferencia
PG-000024,FE-000120,2025-10-29,47663.0,Transferencia
PG-000025,FE-000155,2025-10-29,686110.0,Transferencia
PG-000026,FE-000163,2025-10-29,1269024.0,Transferencia
PG-000027,FE-000229,2025-10-29,389432.0,Transferencia
PG-000028,FE-000350,2025-10-29,238688.0,PSE
PG-000029,FE-000362,2025-10-29,187185.0,Transferencia
PG-000030,FE-000614,2025-10-29,110334.0,Transferencia
PG-000031,FE-000013,2025-10-30,898997.0,Transferencia
PG-000032,FE-000034,2025-10-30,870362.0,Transferencia
PG-000033,FE-000368,2025-10-30,257509.0,Transferencia
PG-000034,FE-000370,2025-10-30,684969.0,Transferencia
PG-000035,FE-000426,2025-10-30,277180.0,PSE
PG-000036,FE-000459,2025-10-30,145031.0,Cheque
PG-000037,FE-000022,2025-10-31,639236.0,Transferencia
PG-000038,FE-000023,2025-10-31,440239.0,Cheque
PG-000039,FE-000036,2025-10-31,498437.0,PSE
PG-000040,FE-000089,2025-10-31,1795628.0,Transferencia
PG-000041,FE-000118,2025-10-31,430343.0,Transferencia
PG-000042,FE-000270,2025-10-31,5724416.0,Cheque
PG-000043,FE-000346,2025-10-31,43904.0,Transferencia
PG-000044,FE-000363,2025-10-31,430254.0,Transferencia
PG-000045,FE-000068,2025-11-01,352084.0,Transferencia
PG-000046,FE-000081,2025-11-01,700326.0,PSE
PG-000047,FE-000095,2025-11-01,146428.0,Transferencia
PG-000048,FE-000113,2025-11-01,337726.0,Transferencia
PG-000049,FE-000135,2025-11-01,674643.0,Transferencia
PG-000050,FE-000178,2025-11-01,564459.0,Transferencia
PG-000051,FE-000181,2025-11-01,326759.0,Transferencia
PG-000052,FE-000203,2025-11-01,141236.0,Transferencia
PG-000053,FE-000293,2025-11-01,116587.0,PSE
PG-000054,FE-000303,2025-11-01,514425.0,Consignación
PG-000055,FE-000380,2025-11-01,579475.0,Transferencia
PG-000056,FE-000030,2025-11-02,63264.0,Transferencia
PG-000057,FE-000124,2025-11-02,393341.0,PSE
PG-000058,FE-000201,2025-11-02,233659.0,Transferencia
PG-000059,FE-000277,2025-11-02,198553.0,PSE
PG-000060,FE-000321,2025-11-02,368580.0,PSE
PG-000061,FE-000123,2025-11-03,637132.0,Transferencia
PG-000062,FE-000144,2025-11-03,154869.0,Transferencia
PG-000063,FE-000156,2025-11-03,178865.0,Transferencia
PG-000064,FE-000240,2025-11-03,296321.0,Consignación
PG-000065,FE-000410,2025-11-03,205383.0,Transferencia
PG-000066,FE-000430,2025-11-03,975135.0,Transferencia
PG-000067,FE-000457,2025-11-03,296640.0,Transferencia
PG-000068,FE-000473,2025-11-03,819523.0,Transferencia
PG-000069,FE-000528,2025-11-03,422887.0,Cheque
PG-000070,FE-000594,2025-11-03,137251.0,Cheque
PG-000071,FE-000754,2025-11-03,389385.0,Transferencia
PG-000072,FE-000032,2025-11-04,301722.0,Transferencia
PG-000073,FE-000035,2025-11-04,662784.0,Transferencia
PG-000074,FE-000039,2025-11-04,311607.0,PSE
PG-000075,FE-000052,2025-11-04,226500.0,Transferencia
PG-000076,FE-000066,2025-11-04,498044.0,Transferencia
PG-000077,FE-000108,2025-11-04,329714.0,Consignación
PG-000078,FE-000114,2025-11-04,392049.0,PSE
PG-000079,FE-000146,2025-11-04,349802.0,Transferencia
PG-000080,FE-000200,2025-11-04,321788.0,Transferencia
PG-000081,FE-000204,2025-11-04,2538972.0,Transferencia
PG-000082,FE-000215,2025-11-04,276372.0,PSE
PG-000083,FE-000218,2025-11-04,245490.0,Transferencia
PG-000084,FE-000223,2025-11-04,739185.0,PSE
PG-000085,FE-000289,2025-11-04,892748.0,Transferencia
PG-000086,FE-000299,2025-11-04,369456.0,Transferencia
PG-000087,FE-000348,2025-11-04,802380.0,Transferencia
PG-000088,FE-000364,2025-11-04,558928.0,Transferencia
PG-000089,FE-000476,2025-11-04,126017.0,Transferencia
PG-000090,FE-000514,2025-11-04,738309.0,Transferencia
PG-000091,FE-000574,2025-11-04,389468.0,Transferencia
PG-000092,FE-000642,2025-11-04,381045.0,Transferencia
PG-000093,FE-000888,2025-11-04,151530.0,Consignación
PG-000094,FE-000893,2025-11-04,199135.0,Transferencia
PG-000095,FE-000048,2025-11-05,263191.0,Transferencia
PG-000096,FE-000093,2025-11-05,1805132.0,Transferencia
PG-000097,FE-000207,2025-11-05,120071.0,Transferencia
PG-000098,FE-000231,2025-11-05,519316.0,Transferencia
PG-000099,FE-000282,2025-11-05,403766.0,Transferencia
PG-000100,FE-000304,2025-11-05,453787.0,Transferencia
PG-000101,FE-000310,2025-11-05,264568.0,PSE
PG-000102,FE-000329,2025-11-05,862399.0,Transferencia
PG-000103,FE-000397,2025-11-05,803624.0,Transferencia
PG-000104,FE-000451,2025-11-05,810469.0,Consignación
PG-000105,FE-000533,2025-11-05,451660.0,Transferencia
PG-000106,FE-000632,2025-11-05,265845.0,Transferencia
PG-000107,FE-000739,2025-11-05,240921.0,Transferencia
PG-000108,FE-000079,2025-11-06,584160.0,PSE
PG-000109,FE-000153,2025-11-06,591645.0,PSE
PG-000110,FE-000154,2025-11-06,227488.0,PSE
PG-000111,FE-000160,2025-11-06,228437.0,Transferencia
PG-000112,FE-000176,2025-11-06,293553.0,Transferencia
PG-000113,FE-000192,2025-11-06,210550.0,Transferencia
PG-000114,FE-000209,2025-11-06,688607.0,Transferencia
PG-000115,FE-000269,2025-11-06,289770.0,Consignación
PG-000116,FE-000307,2025-11-06,670327.0,Transferencia
PG-000117,FE-000396,2025-11-06,40019.0,Transferencia
PG-000118,FE-000531,2025-11-06,199960.0,Transferencia
PG-000119,FE-000559,2025-11-06,53592.0,Consignación
PG-000120,FE-000593,2025-11-06,579150.0,Transferencia
PG-000121,FE-000603,2025-11-06,519452.0,Consignación
PG-000122,FE-000709,2025-11-06,512689.0,PSE
PG-000123,FE-000078,2025-11-07,100332.0,Consignación
PG-000124,FE-000100,2025-11-07,358378.0,Transferencia
PG-000125,FE-000157,2025-11-07,956785.0,Consignación
PG-000126,FE-000193,2025-11-07,650634.0,Transferencia
PG-000127,FE-000198,2025-11-07,28956.0,Transferencia
PG-000128,FE-000333,2025-11-07,502173.0,PSE
PG-000129,FE-000384,2025-11-07,121669.0,Transferencia
PG-000130,FE-000409,2025-11-07,225547.0,PSE
PG-000131,FE-000455,2025-11-07,689505.0,Transferencia
PG-000132,FE-000478,2025-11-07,98557.0,Consignación
PG-000133,FE-000485,2025-11-07,160533.0,Consignación
PG-000134,FE-000600,2025-11-07,254810.0,Transferencia
PG-000135,FE-000608,2025-11-07,680297.0,Transferencia
PG-000136,FE-000688,2025-11-07,452970.0,PSE
PG-000137,FE-000790,2025-11-07,295126.0,Transferencia
PG-000138,FE-000864,2025-11-07,375418.0,Transferencia
PG-000139,FE-000016,2025-11-08,2846293.0,Transferencia
PG-000140,FE-000044,2025-11-08,454755.0,Transferencia
PG-000141,FE-000058,2025-11-08,183527.0,PSE
PG-000142,FE-000162,2025-11-08,195229.0,Transferencia
PG-000143,FE-000167,2025-11-08,638953.0,Transferencia
PG-000144,FE-000183,2025-11-08,492001.0,Transferencia
PG-000145,FE-000187,2025-11-08,119580.0,PSE
PG-000146,FE-000206,2025-11-08,272211.0,Transferencia
PG-000147,FE-000233,2025-11-08,180433.0,Consignación
PG-000148,FE-000241,2025-11-08,98210.0,Consignación
PG-000149,FE-000300,2025-11-08,318122.0,Transferencia
PG-000150,FE-000351,2025-11-08,1118952.0,PSE
PG-000151,FE-000355,2025-11-08,101833.0,PSE
PG-000152,FE-000429,2025-11-08,3687777.0,Transferencia
PG-000153,FE-000480,2025-11-08,153523.0,Transferencia
PG-000154,FE-000502,2025-11-08,489748.0,Transferencia
PG-000155,FE-000536,2025-11-08,176536.0,Transferencia
PG-000156,FE-000552,2025-11-08,4146074.0,Cheque
PG-000157,FE-000639,2025-11-08,498603.0,Transferencia
PG-000158,FE-000675,2025-11-08,101082.0,Transferencia
PG-000159,FE-000698,2025-11-08,553531.0,Transferencia
PG-000160,FE-000733,2025-11-08,115190.0,Transferencia
PG-000161,FE-000761,2025-11-08,261141.0,Consignación
PG-000162,FE-000780,2025-11-08,55187.0,Transferencia
PG-000163,FE-001058,2025-11-08,244578.0,PSE
PG-000164,FE-000017,2025-11-09,3720485.0,Transferencia
PG-000165,FE-000021,2025-11-09,2284338.0,PSE
PG-000166,FE-000026,2025-11-09,497093.0,Transferencia
PG-000167,FE-000067,2025-11-09,519462.0,Transferencia
PG-000168,FE-000083,2025-11-09,13194.0,Transferencia
PG-000169,FE-000096,2025-11-09,1022231.0,PSE
PG-000170,FE-000102,2025-11-09,111088.0,PSE
PG-000171,FE-000265,2025-11-09,212784.0,Transferencia
PG-000172,FE-000268,2025-11-09,107183.0,PSE
PG-000173,FE-000272,2025-11-09,97999.0,Transferencia
PG-000174,FE-000274,2025-11-09,6224953.0,Transferencia
PG-000175,FE-000398,2025-11-09,738919.0,Transferencia
PG-000176,FE-000471,2025-11-09,1133479.0,PSE
PG-000177,FE-000481,2025-11-09,74839.0,Consignación
PG-000178,FE-000554,2025-11-09,151211.0,Cheque
PG-000179,FE-000581,2025-11-09,353318.0,Transferencia
PG-000180,FE-000700,2025-11-09,365313.0,Cheque
PG-000181,FE-000705,2025-11-09,785022.0,Transferencia
PG-000182,FE-000930,2025-11-09,579772.0,Transferencia
PG-000183,FE-001076,2025-11-09,241572.0,Transferencia
PG-000184,FE-000004,2025-11-10,117728.0,Consignación
PG-000185,FE-000014,2025-11-10,6629381.0,Transferencia
PG-000186,FE-000057,2025-11-10,162399.0,Transferencia
PG-000187,FE-000112,2025-11-10,544471.0,PSE
PG-000188,FE-000136,2025-11-10,1116438.0,Transferencia
PG-000189,FE-000244,2025-11-10,216485.0,Consignación
PG-000190,FE-000253,2025-11-10,1420786.0,PSE
PG-000191,FE-000263,2025-11-10,2131985.0,Transferencia
PG-000192,FE-000278,2025-11-10,643710.0,Transferencia
PG-000193,FE-000381,2025-11-10,425396.0,Transferencia
PG-000194,FE-000445,2025-11-10,209943.0,PSE
PG-000195,FE-000468,2025-11-10,1285806.0,Transferencia
PG-000196,FE-000549,2025-11-10,178135.0,Transferencia
PG-000197,FE-000601,2025-11-10,988514.0,PSE
PG-000198,FE-000618,2025-11-10,267256.0,PSE
PG-000199,FE-000622,2025-11-10,98871.0,PSE
PG-000200,FE-000640,2025-11-10,191770.0,Transferencia
PG-000201,FE-000696,2025-11-10,1437333.0,Transferencia
PG-000202,FE-000732,2025-11-10,1873158.0,Transferencia
PG-000203,FE-000764,2025-11-10,1161254.0,Transferencia
PG-000204,FE-000807,2025-11-10,367977.0,Transferencia
PG-000205,FE-001057,2025-11-10,194553.0,Consignación
PG-000206,FE-000020,2025-11-11,89960.0,Transferencia
PG-000207,FE-000046,2025-11-11,5879858.0,Consignación
PG-000208,FE-000056,2025-11-11,596953.0,Transferencia
PG-000209,FE-000087,2025-11-11,1624429.0,Transferencia
PG-000210,FE-000105,2025-11-11,102375.0,Transferencia
PG-000211,FE-000202,2025-11-11,1943293.0,PSE
PG-000212,FE-000245,2025-11-11,381428.0,Transferencia
PG-000213,FE-000247,2025-11-11,215182.0,Transferencia
PG-000214,FE-000249,2025-11-11,702307.0,PSE
PG-000215,FE-000255,2025-11-11,4466680.0,Transferencia
PG-000216,FE-000288,2025-11-11,460808.0,Transferencia
PG-000217,FE-000291,2025-11-11,1369031.0,PSE
PG-000218,FE-000295,2025-11-11,98107.0,Transferencia
PG-000219,FE-000320,2025-11-11,466836.0,Transferencia
PG-000220,FE-000327,2025-11-11,226693.0,Transferencia
PG-000221,FE-000365,2025-11-11,1863985.0,PSE
PG-000222,FE-000386,2025-11-11,292973.0,Cheque
PG-000223,FE-000391,2025-11-11,222332.0,PSE
PG-000224,FE-000408,2025-11-11,755167.0,Transferencia
PG-000225,FE-000499,2025-11-11,369164.0,Consignación
PG-000226,FE-000508,2025-11-11,341888.0,PSE
PG-000227,FE-000569,2025-11-11,946384.0,Transferencia
PG-000228,FE-000570,2025-11-11,723224.0,Transferencia
PG-000229,FE-000621,2025-11-11,366764.0,Transferencia
PG-000230,FE-000638,2025-11-11,962865.0,Cheque
PG-000231,FE-000666,2025-11-11,510771.0,Transferencia
PG-000232,FE-001017,2025-11-11,1128184.0,Cheque
PG-000233,FE-001120,2025-11-11,475422.0,Cheque
PG-000234,FE-000055,2025-11-12,1431898.0,Transferencia
PG-000235,FE-000116,2025-11-12,941310.0,Transferencia
PG-000236,FE-000145,2025-11-12,1568906.0,Transferencia
PG-000237,FE-000159,2025-11-12,2333219.0,PSE
PG-000238,FE-000190,2025-11-12,1315148.0,PSE
PG-000239,FE-000220,2025-11-12,527873.0,Transferencia
PG-000240,FE-000221,2025-11-12,372149.0,Transferencia
PG-000241,FE-000260,2025-11-12,236182.0,Transferencia
PG-000242,FE-000308,2025-11-12,301162.0,Cheque
PG-000243,FE-000323,2025-11-12,632452.0,Cheque
PG-000244,FE-000335,2025-11-12,494418.0,Transferencia
PG-000245,FE-000369,2025-11-12,281881.0,Transferencia
PG-000246,FE-000379,2025-11-12,283272.0,PSE
PG-000247,FE-000389,2025-11-12,627364.0,Transferencia
PG-000248,FE-000403,2025-11-12,457267.0,Transferencia
PG-000249,FE-000448,2025-11-12,1642913.0,Transferencia
PG-000250,FE-000500,2025-11-12,2827961.0,PSE
PG-000251,FE-000548,2025-11-12,681670.0,PSE
PG-000252,FE-000557,2025-11-12,689949.0,Consignación
PG-000253,FE-000564,2025-11-12,49442.0,Transferencia
PG-000254,FE-000610,2025-11-12,451238.0,Transferencia
PG-000255,FE-000641,2025-11-12,49122.0,Cheque
PG-000256,FE-000665,2025-11-12,413675.0,Transferencia
PG-000257,FE-000697,2025-11-12,108329.0,Transferencia
PG-000258,FE-000713,2025-11-12,530441.0,Transferencia
PG-000259,FE-000714,2025-11-12,904884.0,Transferencia
PG-000260,FE-000766,2025-11-12,474303.0,Transferencia
PG-000261,FE-000895,2025-11-12,42083.0,Cheque
PG-000262,FE-000949,2025-11-12,229777.0,PSE
PG-000263,FE-001055,2025-11-12,737626.0,Transferencia
PG-000264,FE-000031,2025-11-13,119154.0,Transferencia
PG-000265,FE-000043,2025-11-13,4940197.0,Consignación
PG-000266,FE-000074,2025-11-13,158420.0,PSE
PG-000267,FE-000082,2025-11-13,2407413.0,Cheque
PG-000268,FE-000149,2025-11-13,383940.0,PSE
PG-000269,FE-000152,2025-11-13,82795.0,Transferencia
PG-000270,FE-000170,2025-11-13,2970874.0,Consignación
PG-000271,FE-000186,2025-11-13,524531.0,Transferencia
PG-000272,FE-000196,2025-11-13,267893.0,Transferencia
PG-000273,FE-000246,2025-11-13,351326.0,Transferencia
PG-000274,FE-000275,2025-11-13,1729403.0,Transferencia
PG-000275,FE-000285,2025-11-13,241864.0,Transferencia
PG-000276,FE-000286,2025-11-13,759181.0,Transferencia
PG-000277,FE-000306,2025-11-13,164540.0,PSE
PG-000278,FE-000314,2025-11-13,712401.0,Transferencia
PG-000279,FE-000416,2025-11-13,325713.0,Transferencia
PG-000280,FE-000469,2025-11-13,542446.0,PSE
PG-000281,FE-000529,2025-11-13,277563.0,PSE
PG-000282,FE-000566,2025-11-13,300780.0,Transferencia
PG-000283,FE-000568,2025-11-13,426408.0,Transferencia
PG-000284,FE-000577,2025-11-13,424547.0,Transferencia
PG-000285,FE-000606,2025-11-13,67724.0,Transferencia
PG-000286,FE-000734,2025-11-13,1071232.0,PSE
PG-000287,FE-000762,2025-11-13,291728.0,Transferencia
PG-000288,FE-000763,2025-11-13,448146.0,Transferencia
PG-000289,FE-000861,2025-11-13,277666.0,Transferencia
PG-000290,FE-000900,2025-11-13,103110.0,PSE
PG-000291,FE-000960,2025-11-13,458547.0,Transferencia
PG-000292,FE-001045,2025-11-13,358345.0,PSE
PG-000293,FE-000025,2025-11-14,339597.0,Transferencia
PG-000294,FE-000054,2025-11-14,6311898.0,Transferencia
PG-000295,FE-000090,2025-11-14,5006543.0,Transferencia
PG-000296,FE-000139,2025-11-14,80916.0,PSE
PG-000297,FE-000188,2025-11-14,401842.0,Transferencia
PG-000298,FE-000225,2025-11-14,543804.0,Transferencia
PG-000299,FE-000290,2025-11-14,1199766.0,PSE
PG-000300,FE-000349,2025-11-14,1452776.0,Transferencia
PG-000301,FE-000393,2025-11-14,504653.0,Transferencia
PG-000302,FE-000406,2025-11-14,482706.0,Transferencia
PG-000303,FE-000427,2025-11-14,261560.0,Consignación
PG-000304,FE-000431,2025-11-14,352670.0,PSE
PG-000305,FE-000435,2025-11-14,1692392.0,Transferencia
PG-000306,FE-000466,2025-11-14,654602.0,Transferencia
PG-000307,FE-000467,2025-11-14,4346607.0,Transferencia
PG-000308,FE-000539,2025-11-14,26464.0,PSE
PG-000309,FE-000551,2025-11-14,2410013.0,PSE
PG-000310,FE-000591,2025-11-14,22154.0,PSE
PG-000311,FE-000661,2025-11-14,276668.0,Transferencia
PG-000312,FE-000692,2025-11-14,443487.0,PSE
PG-000313,FE-000720,2025-11-14,436825.0,Transferencia
PG-000314,FE-000745,2025-11-14,23978.0,Transferencia
PG-000315,FE-000779,2025-11-14,371341.0,PSE
PG-000316,FE-000831,2025-11-14,847312.0,Cheque
PG-000317,FE-001229,2025-11-14,673810.0,Consignación
PG-000318,FE-000019,2025-11-15,1143182.0,Transferencia
PG-000319,FE-000037,2025-11-15,392911.0,Consignación
PG-000320,FE-000077,2025-11-15,243355.0,PSE
PG-000321,FE-000088,2025-11-15,2462764.0,PSE
PG-000322,FE-000126,2025-11-15,894250.0,Transferencia
PG-000323,FE-000182,2025-11-15,45976.0,PSE
PG-000324,FE-000191,2025-11-15,184477.0,Transferencia
PG-000325,FE-000197,2025-11-15,791736.0,Transferencia
PG-000326,FE-000219,2025-11-15,860476.0,Cheque
PG-000327,FE-000238,2025-11-15,3152887.0,Transferencia
PG-000328,FE-000259,2025-11-15,4299111.0,PSE
PG-000329,FE-000261,2025-11-15,243599.0,Transferencia
PG-000330,FE-000287,2025-11-15,853499.0,PSE
PG-000331,FE-000292,2025-11-15,557047.0,Transferencia
PG-000332,FE-000317,2025-11-15,466133.0,PSE
PG-000333,FE-000516,2025-11-15,103269.0,Consignación
PG-000334,FE-000518,2025-11-15,344167.0,Cheque
PG-000335,FE-000534,2025-11-15,558499.0,Cheque
PG-000336,FE-000544,2025-11-15,497336.0,Transferencia
PG-000337,FE-000584,2025-11-15,157251.0,Transferencia
PG-000338,FE-000681,2025-11-15,327781.0,Transferencia
PG-000339,FE-000792,2025-11-15,235163.0,Transferencia
PG-000340,FE-000816,2025-11-15,433698.0,Consignación
PG-000341,FE-000817,2025-11-15,936392.0,Transferencia
PG-000342,FE-000834,2025-11-15,461064.0,Transferencia
PG-000343,FE-000879,2025-11-15,512835.0,Transferencia
PG-000344,FE-001019,2025-11-15,194522.0,Consignación
PG-000345,FE-001037,2025-11-15,794390.0,Consignación
PG-000346,FE-001062,2025-11-15,419068.0,Transferencia
PG-000347,FE-001118,2025-11-15,25046.0,Consignación
PG-000348,FE-001187,2025-11-15,196901.0,Consignación
PG-000349,FE-001382,2025-11-15,205652.0,Cheque
PG-000350,FE-000005,2025-11-16,235813.0,Transferencia
PG-000351,FE-000027,2025-11-16,1439937.0,PSE
PG-000352,FE-000111,2025-11-16,1724410.0,Cheque
PG-000353,FE-000148,2025-11-16,619970.0,PSE
PG-000354,FE-000150,2025-11-16,161897.0,Transferencia
PG-000355,FE-000283,2025-11-16,29720.0,Transferencia
PG-000356,FE-000305,2025-11-16,601635.0,Consignación
PG-000357,FE-000331,2025-11-16,709818.0,Transferencia
PG-000358,FE-000334,2025-11-16,1291916.0,Transferencia
PG-000359,FE-000336,2025-11-16,712842.0,Consignación
PG-000360,FE-000339,2025-11-16,2201465.0,Transferencia
PG-000361,FE-000373,2025-11-16,492370.0,Transferencia
PG-000362,FE-000385,2025-11-16,501524.0,PSE
PG-000363,FE-000417,2025-11-16,1435929.0,PSE
PG-000364,FE-000450,2025-11-16,121956.0,Cheque
PG-000365,FE-000586,2025-11-16,262471.0,PSE
PG-000366,FE-000653,2025-11-16,4840630.0,Transferencia
PG-000367,FE-000659,2025-11-16,350340.0,Consignación
PG-000368,FE-000679,2025-11-16,878238.0,Consignación
PG-000369,FE-000690,2025-11-16,1860062.0,Cheque
PG-000370,FE-000753,2025-11-16,218272.0,Transferencia
PG-000371,FE-000842,2025-11-16,303774.0,Transferencia
PG-000372,FE-000844,2025-11-16,1764693.0,Cheque
PG-000373,FE-000896,2025-11-16,225385.0,PSE
PG-000374,FE-000955,2025-11-16,387821.0,PSE
PG-000375,FE-001195,2025-11-16,392845.0,Cheque
PG-000376,FE-001207,2025-11-16,306248.0,Cheque
PG-000377,FE-001581,2025-11-16,291037.0,Transferencia
PG-000378,FE-000011,2025-11-17,2136593.0,Transferencia
PG-000379,FE-000033,2025-11-17,609384.0,Transferencia
PG-000380,FE-000042,2025-11-17,482896.0,Transferencia
PG-000381,FE-000060,2025-11-17,1289723.0,Consignación
PG-000382,FE-000063,2025-11-17,3215198.0,Transferencia
PG-000383,FE-000080,2025-11-17,392779.0,PSE
PG-000384,FE-000092,2025-11-17,337252.0,Transferencia
PG-000385,FE-000106,2025-11-17,150084.0,Transferencia
PG-000386,FE-000109,2025-11-17,1509489.0,PSE
PG-000387,FE-000115,2025-11-17,962135.0,Transferencia
PG-000388,FE-000180,2025-11-17,3054678.0,Transferencia
PG-000389,FE-000195,2025-11-17,1520117.0,Transferencia
PG-000390,FE-000208,2025-11-17,3194183.0,Cheque
PG-000391,FE-000224,2025-11-17,491841.0,PSE
PG-000392,FE-000315,2025-11-17,1560798.0,Transferencia
PG-000393,FE-000318,2025-11-17,686200.0,Transferencia
PG-000394,FE-000319,2025-11-17,1971613.0,Transferencia
PG-000395,FE-000326,2025-11-17,1329107.0,Cheque
PG-000396,FE-000375,2025-11-17,923320.0,PSE
PG-000397,FE-000383,2025-11-17,12818183.0,Consignación
PG-000398,FE-000407,2025-11-17,529185.0,Transferencia
PG-000399,FE-000415,2025-11-17,601018.0,Transferencia
PG-000400,FE-000491,2025-11-17,840402.0,Transferencia
PG-000401,FE-000513,2025-11-17,494073.0,PSE
PG-000402,FE-000522,2025-11-17,181576.0,PSE
PG-000403,FE-000542,2025-11-17,2352290.0,PSE
PG-000404,FE-000562,2025-11-17,543199.0,Cheque
PG-000405,FE-000578,2025-11-17,204428.0,PSE
PG-000406,FE-000590,2025-11-17,845923.0,Transferencia
PG-000407,FE-000616,2025-11-17,733216.0,Transferencia
PG-000408,FE-000636,2025-11-17,854629.0,Transferencia
PG-000409,FE-000637,2025-11-17,155250.0,PSE
PG-000410,FE-000677,2025-11-17,151185.0,Cheque
PG-000411,FE-000682,2025-11-17,337172.0,Transferencia
PG-000412,FE-000717,2025-11-17,468586.0,Transferencia
PG-000413,FE-000718,2025-11-17,290462.0,Consignación
PG-000414,FE-000740,2025-11-17,447234.0,PSE
PG-000415,FE-000742,2025-11-17,338701.0,Consignación
PG-000416,FE-000746,2025-11-17,51616.0,Transferencia
PG-000417,FE-000765,2025-11-17,2420775.0,PSE
PG-000418,FE-000781,2025-11-17,297462.0,Transferencia
PG-000419,FE-000784,2025-11-17,504589.0,Transferencia
PG-000420,FE-000839,2025-11-17,572688.0,PSE
PG-000421,FE-000892,2025-11-17,404886.0,PSE
PG-000422,FE-000928,2025-11-17,219543.0,Transferencia
PG-000423,FE-000940,2025-11-17,2553025.0,Cheque
PG-000424,FE-001075,2025-11-17,775142.0,Transferencia
PG-000425,FE-001308,2025-11-17,143430.0,Consignación
PG-000426,FE-000038,2025-11-18,72847.0,Cheque
PG-000427,FE-000084,2025-11-18,1074424.0,Transferencia
PG-000428,FE-000091,2025-11-18,1350253.0,PSE
PG-000429,FE-000254,2025-11-18,4061507.0,Transferencia
PG-000430,FE-000257,2025-11-18,2009207.0,Transferencia
PG-000431,FE-000273,2025-11-18,2022749.0,Transferencia
PG-000432,FE-000301,2025-11-18,1363610.0,Transferencia
PG-000433,FE-000322,2025-11-18,570726.0,Transferencia
PG-000434,FE-000411,2025-11-18,2785694.0,PSE
PG-000435,FE-000482,2025-11-18,2219236.0,Transferencia
PG-000436,FE-000492,2025-11-18,2553124.0,Transferencia
PG-000437,FE-000493,2025-11-18,1973719.0,Transferencia
PG-000438,FE-000504,2025-11-18,340836.0,Transferencia
PG-000439,FE-000579,2025-11-18,1595212.0,Transferencia
PG-000440,FE-000728,2025-11-18,1886948.0,Consignación
PG-000441,FE-000803,2025-11-18,768847.0,Cheque
PG-000442,FE-000813,2025-11-18,206945.0,Transferencia
PG-000443,FE-000832,2025-11-18,564649.0,Transferencia
PG-000444,FE-000849,2025-11-18,405766.0,Transferencia
PG-000445,FE-000911,2025-11-18,375476.0,PSE
PG-000446,FE-000921,2025-11-18,117551.0,PSE
PG-000447,FE-000974,2025-11-18,301485.0,PSE
PG-000448,FE-001006,2025-11-18,103946.0,Transferencia
PG-000449,FE-001043,2025-11-18,845087.0,Transferencia
PG-000450,FE-001121,2025-11-18,88250.0,Transferencia
PG-000451,FE-001155,2025-11-18,33289.0,Consignación
PG-000452,FE-001177,2025-11-18,210812.0,Transferencia
PG-000453,FE-001213,2025-11-18,577098.0,Transferencia
PG-000454,FE-001222,2025-11-18,1052431.0,Transferencia
PG-000455,FE-001281,2025-11-18,214626.0,Transferencia
PG-000456,FE-001336,2025-11-18,380167.0,Transferencia
PG-000457,FE-000062,2025-11-19,970415.0,Transferencia
PG-000458,FE-000177,2025-11-19,1211371.0,Transferencia
PG-000459,FE-000325,2025-11-19,2187439.0,Transferencia
PG-000460,FE-000412,2025-11-19,281329.0,Consignación
PG-000461,FE-000524,2025-11-19,379392.0,Transferencia
PG-000462,FE-000545,2025-11-19,4009518.0,PSE
PG-000463,FE-000609,2025-11-19,903427.0,Transferencia
PG-000464,FE-000615,2025-11-19,566391.0,Transferencia
PG-000465,FE-000645,2025-11-19,251448.0,Transferencia
PG-000466,FE-000680,2025-11-19,498142.0,Transferencia
PG-000467,FE-000719,2025-11-19,693710.0,Transferencia
PG-000468,FE-000735,2025-11-19,801233.0,Cheque
PG-000469,FE-000809,2025-11-19,249211.0,PSE
PG-000470,FE-000835,2025-11-19,157871.0,Transferencia
PG-000471,FE-000876,2025-11-19,997280.0,Cheque
PG-000472,FE-000880,2025-11-19,36265.0,Transferencia
PG-000473,FE-000916,2025-11-19,943516.0,Transferencia
PG-000474,FE-000925,2025-11-19,884915.0,Transferencia
PG-000475,FE-000941,2025-11-19,813853.0,Transferencia
PG-000476,FE-001020,2025-11-19,299409.0,Consignación
PG-000477,FE-001024,2025-11-19,271191.0,Transferencia
PG-000478,FE-001031,2025-11-19,355148.0,Transferencia
PG-000479,FE-001049,2025-11-19,862689.0,Consignación
PG-000480,FE-001088,2025-11-19,343859.0,Transferencia
PG-000481,FE-001138,2025-11-19,709949.0,Transferencia
PG-000482,FE-001140,2025-11-19,149687.0,Transferencia
PG-000483,FE-001143,2025-11-19,529444.0,Consignación
PG-000484,FE-001191,2025-11-19,278717.0,PSE
PG-000485,FE-001198,2025-11-19,249520.0,PSE
PG-000486,FE-001205,2025-11-19,1176617.0,Transferencia
PG-000487,FE-001418,2025-11-19,481516.0,Transferencia
PG-000488,FE-001468,2025-11-19,404001.0,Consignación
PG-000489,FE-000122,2025-11-20,3622823.0,Transferencia
PG-000490,FE-000128,2025-11-20,1294264.0,Consignación
PG-000491,FE-000138,2025-11-20,2832354.0,Transferencia
PG-000492,FE-000158,2025-11-20,2407332.0,Transferencia
PG-000493,FE-000205,2025-11-20,2796327.0,Cheque
PG-000494,FE-000237,2025-11-20,274539.0,Transferencia
PG-000495,FE-000280,2025-11-20,2564728.0,Transferencia
PG-000496,FE-000357,2025-11-20,647391.0,Transferencia
PG-000497,FE-000392,2025-11-20,1637665.0,PSE
PG-000498,FE-000456,2025-11-20,5176108.0,Transferencia
PG-000499,FE-000462,2025-11-20,2771430.0,Transferencia
PG-000500,FE-000553,2025-11-20,1034340.0,Transferencia
PG-000501,FE-000624,2025-11-20,4027704.0,Transferencia
PG-000502,FE-000627,2025-11-20,93134.0,PSE
PG-000503,FE-000655,2025-11-20,326987.0,Consignación
PG-000504,FE-000727,2025-11-20,3296181.0,Consignación
PG-000505,FE-000748,2025-11-20,102740.0,Transferencia
PG-000506,FE-000760,2025-11-20,3620167.0,PSE
PG-000507,FE-000793,2025-11-20,336312.0,Consignación
PG-000508,FE-000871,2025-11-20,329609.0,PSE
PG-000509,FE-000904,2025-11-20,1917155.0,PSE
PG-000510,FE-000932,2025-11-20,389368.0,Transferencia
PG-000511,FE-000975,2025-11-20,390257.0,Cheque
PG-000512,FE-000977,2025-11-20,153767.0,Transferencia
PG-000513,FE-001015,2025-11-20,253462.0,Cheque
PG-000514,FE-001074,2025-11-20,578674.0,Transferencia
PG-000515,FE-001170,2025-11-20,121950.0,Cheque
PG-000516,FE-001347,2025-11-20,144528.0,PSE
PG-000517,FE-001469,2025-11-20,883413.0,Consignación
PG-000518,FE-001550,2025-11-20,470195.0,Transferencia
PG-000519,FE-001582,2025-11-20,765472.0,Cheque
PG-000520,FE-000065,2025-11-21,1458512.0,Transferencia
PG-000521,FE-000069,2025-11-21,2156588.0,Transferencia
PG-000522,FE-000072,2025-11-21,1740648.0,Cheque
PG-000523,FE-000101,2025-11-21,563658.0,PSE
PG-000524,FE-000222,2025-11-21,989959.0,Transferencia
PG-000525,FE-000367,2025-11-21,4414801.0,Transferencia
PG-000526,FE-000394,2025-11-21,1620336.0,Cheque
PG-000527,FE-000444,2025-11-21,282704.0,Transferencia
PG-000528,FE-000452,2025-11-21,644396.0,Transferencia
PG-000529,FE-000521,2025-11-21,721662.0,Consignación
PG-000530,FE-000576,2025-11-21,244394.0,Cheque
PG-000531,FE-000628,2025-11-21,482259.0,Cheque
PG-000532,FE-000635,2025-11-21,447989.0,PSE
PG-000533,FE-000648,2025-11-21,626771.0,PSE
PG-000534,FE-000684,2025-11-21,146083.0,Transferencia
PG-000535,FE-000872,2025-11-21,402139.0,Transferencia
PG-000536,FE-000901,2025-11-21,637802.0,Transferencia
PG-000537,FE-000910,2025-11-21,624157.0,PSE
PG-000538,FE-000931,2025-11-21,931032.0,Consignación
PG-000539,FE-000979,2025-11-21,704864.0,PSE
PG-000540,FE-000988,2025-11-21,432784.0,Cheque
PG-000541,FE-001050,2025-11-21,1550946.0,Transferencia
PG-000542,FE-001060,2025-11-21,208038.0,Consignación
PG-000543,FE-001097,2025-11-21,226187.0,PSE
PG-000544,FE-001112,2025-11-21,696434.0,Transferencia
PG-000545,FE-001156,2025-11-21,105039.0,PSE
PG-000546,FE-001171,2025-11-21,130680.0,Consignación
PG-000547,FE-001185,2025-11-21,754186.0,Transferencia
PG-000548,FE-001220,2025-11-21,667300.0,Transferencia
PG-000549,FE-001238,2025-11-21,357808.0,Transferencia
PG-000550,FE-001301,2025-11-21,44044.0,Cheque
PG-000551,FE-001400,2025-11-21,87009.0,Transferencia
PG-000552,FE-001441,2025-11-21,485525.0,Transferencia
PG-000553,FE-001479,2025-11-21,1471628.0,Transferencia
PG-000554,FE-000008,2025-11-22,470771.0,PSE
PG-000555,FE-000071,2025-11-22,960335.0,Consignación
PG-000556,FE-000141,2025-11-22,2322211.0,PSE
PG-000557,FE-000142,2025-11-22,431858.0,Transferencia
PG-000558,FE-000164,2025-11-22,1296304.0,Transferencia
PG-000559,FE-000171,2025-11-22,1803735.0,Transferencia
PG-000560,FE-000185,2025-11-22,1475981.0,Transferencia
PG-000561,FE-000189,2025-11-22,319308.0,Cheque
PG-000562,FE-000211,2025-11-22,385351.0,Consignación
PG-000563,FE-000296,2025-11-22,77024.0,Transferencia
PG-000564,FE-000302,2025-11-22,401483.0,PSE
PG-000565,FE-000309,2025-11-22,446809.0,Transferencia
PG-000566,FE-000401,2025-11-22,1295728.0,PSE
PG-000567,FE-000419,2025-11-22,777188.0,Transferencia
PG-000568,FE-000440,2025-11-22,1822111.0,Transferencia
PG-000569,FE-000446,2025-11-22,590021.0,Transferencia
PG-000570,FE-000449,2025-11-22,1139794.0,Transferencia
PG-000571,FE-000490,2025-11-22,243191.0,Transferencia
PG-000572,FE-000515,2025-11-22,297356.0,Transferencia
PG-000573,FE-000575,2025-11-22,4950158.0,PSE
PG-000574,FE-000649,2025-11-22,187906.0,Transferencia
PG-000575,FE-000676,2025-11-22,960232.0,PSE
PG-000576,FE-000898,2025-11-22,635384.0,Transferencia
PG-000577,FE-000906,2025-11-22,141653.0,Transferencia
PG-000578,FE-000991,2025-11-22,26273.0,Transferencia
PG-000579,FE-001169,2025-11-22,647097.0,PSE
PG-000580,FE-001206,2025-11-22,1823247.0,Transferencia
PG-000581,FE-001258,2025-11-22,550518.0,Transferencia
PG-000582,FE-001299,2025-11-22,610064.0,Transferencia
PG-000583,FE-001313,2025-11-22,1211812.0,Transferencia
PG-000584,FE-001358,2025-11-22,55289.0,PSE
PG-000585,FE-001463,2025-11-22,53141.0,Transferencia
PG-000586,FE-001506,2025-11-22,303176.0,Transferencia
PG-000587,FE-001553,2025-11-22,1862379.0,PSE
PG-000588,FE-001615,2025-11-22,134538.0,Transferencia
PG-000589,FE-001669,2025-11-22,98778.0,Transferencia
PG-000590,FE-001672,2025-11-22,255090.0,Transferencia
PG-000591,FE-000047,2025-11-23,3057895.0,Transferencia
PG-000592,FE-000226,2025-11-23,309630.0,Transferencia
PG-000593,FE-000256,2025-11-23,2239774.0,Cheque
PG-000594,FE-000276,2025-11-23,1570142.0,Transferencia
PG-000595,FE-000294,2025-11-23,3127547.0,Transferencia
PG-000596,FE-000324,2025-11-23,175037.0,Transferencia
PG-000597,FE-000332,2025-11-23,2586095.0,PSE
PG-000598,FE-000405,2025-11-23,1568671.0,Transferencia
PG-000599,FE-000418,2025-11-23,1765645.0,Cheque
PG-000600,FE-000420,2025-11-23,1668485.0,Transferencia
PG-000601,FE-000479,2025-11-23,1352118.0,PSE
PG-000602,FE-000556,2025-11-23,1302281.0,Transferencia
PG-000603,FE-000572,2025-11-23,3938032.0,PSE
PG-000604,FE-000620,2025-11-23,527864.0,Transferencia
PG-000605,FE-000657,2025-11-23,1811034.0,Transferencia
PG-000606,FE-000674,2025-11-23,137132.0,PSE
PG-000607,FE-000730,2025-11-23,5532462.0,Transferencia
PG-000608,FE-000857,2025-11-23,232039.0,Consignación
PG-000609,FE-000929,2025-11-23,974445.0,Transferencia
PG-000610,FE-000954,2025-11-23,350650.0,Transferencia
PG-000611,FE-000959,2025-11-23,351104.0,PSE
PG-000612,FE-000980,2025-11-23,3541707.0,PSE
PG-000613,FE-001001,2025-11-23,104205.0,PSE
PG-000614,FE-001079,2025-11-23,380601.0,Transferencia
PG-000615,FE-001196,2025-11-23,1317614.0,Transferencia
PG-000616,FE-001310,2025-11-23,342016.0,Transferencia
PG-000617,FE-001314,2025-11-23,443389.0,Transferencia
PG-000618,FE-001330,2025-11-23,981457.0,PSE
PG-000619,FE-001361,2025-11-23,612173.0,Transferencia
PG-000620,FE-001367,2025-11-23,60128.0,Transferencia
PG-000621,FE-001380,2025-11-23,652143.0,Transferencia
PG-000622,FE-001383,2025-11-23,143684.0,Transferencia
PG-000623,FE-001392,2025-11-23,626198.0,Transferencia
PG-000624,FE-001393,2025-11-23,353866.0,PSE
PG-000625,FE-001416,2025-11-23,401005.0,PSE
PG-000626,FE-001448,2025-11-23,876847.0,Transferencia
PG-000627,FE-000050,2025-11-24,1599938.0,Transferencia
PG-000628,FE-000107,2025-11-24,1625547.0,PSE
PG-000629,FE-000234,2025-11-24,1568857.0,Transferencia
PG-000630,FE-000243,2025-11-24,1573923.0,Transferencia
PG-000631,FE-000312,2025-11-24,2148383.0,Transferencia
PG-000632,FE-000328,2025-11-24,2602411.0,Consignación
PG-000633,FE-000388,2025-11-24,2364206.0,PSE
PG-000634,FE-000428,2025-11-24,162170.0,Transferencia
PG-000635,FE-000464,2025-11-24,199320.0,Transferencia
PG-000636,FE-000486,2025-11-24,1092684.0,PSE
PG-000637,FE-000488,2025-11-24,81417.0,Consignación
PG-000638,FE-000519,2025-11-24,520739.0,Transferencia
PG-000639,FE-000580,2025-11-24,2590261.0,Transferencia
PG-000640,FE-000595,2025-11-24,439209.0,Consignación
PG-000641,FE-000695,2025-11-24,116057.0,Consignación
PG-000642,FE-000743,2025-11-24,71028.0,Transferencia
PG-000643,FE-000759,2025-11-24,212872.0,PSE
PG-000644,FE-000791,2025-11-24,1268402.0,Transferencia
PG-000645,FE-000818,2025-11-24,5250973.0,Transferencia
PG-000646,FE-000828,2025-11-24,1072133.0,Cheque
PG-000647,FE-000973,2025-11-24,2332777.0,Cheque
PG-000648,FE-000997,2025-11-24,2029589.0,Transferencia
PG-000649,FE-001053,2025-11-24,474164.0,PSE
PG-000650,FE-001087,2025-11-24,308759.0,Transferencia
PG-000651,FE-001098,2025-11-24,395568.0,PSE
PG-000652,FE-001149,2025-11-24,412137.0,Cheque
PG-000653,FE-001160,2025-11-24,139115.0,Transferencia
PG-000654,FE-001167,2025-11-24,342929.0,PSE
PG-000655,FE-001212,2025-11-24,970710.0,PSE
PG-000656,FE-001236,2025-11-24,187417.0,Transferencia
PG-000657,FE-001240,2025-11-24,406309.0,Transferencia
PG-000658,FE-001244,2025-11-24,465892.0,Cheque
PG-000659,FE-001341,2025-11-24,427842.0,Transferencia
PG-000660,FE-001381,2025-11-24,364209.0,Consignación
PG-000661,FE-001444,2025-11-24,143770.0,Transferencia
PG-000662,FE-001548,2025-11-24,739005.0,Cheque
PG-000663,FE-001595,2025-11-24,196995.0,PSE
PG-000664,FE-001596,2025-11-24,678060.0,Consignación
PG-000665,FE-001751,2025-11-24,756083.0,Transferencia
PG-000666,FE-001859,2025-11-24,547048.0,PSE
PG-000667,FE-000075,2025-11-25,2513875.0,PSE
PG-000668,FE-000117,2025-11-25,684960.0,Transferencia
PG-000669,FE-000179,2025-11-25,118384.0,Transferencia
PG-000670,FE-000232,2025-11-25,146635.0,Consignación
PG-000671,FE-000424,2025-11-25,152187.0,Transferencia
PG-000672,FE-000447,2025-11-25,336459.0,Transferencia
PG-000673,FE-000487,2025-11-25,1012329.0,Transferencia
PG-000674,FE-000532,2025-11-25,2473714.0,PSE
PG-000675,FE-000535,2025-11-25,1649936.0,Transferencia
PG-000676,FE-000543,2025-11-25,2587645.0,Transferencia
PG-000677,FE-000571,2025-11-25,3061433.0,Transferencia
PG-000678,FE-000605,2025-11-25,2585332.0,Consignación
PG-000679,FE-000691,2025-11-25,3826313.0,Transferencia
PG-000680,FE-000693,2025-11-25,171480.0,PSE
PG-000681,FE-000702,2025-11-25,2608379.0,Transferencia
PG-000682,FE-000771,2025-11-25,638554.0,Transferencia
PG-000683,FE-000850,2025-11-25,106453.0,Transferencia
PG-000684,FE-000868,2025-11-25,2883118.0,PSE
PG-000685,FE-000887,2025-11-25,212815.0,Transferencia
PG-000686,FE-000907,2025-11-25,1408202.0,PSE
PG-000687,FE-000920,2025-11-25,1266324.0,PSE
PG-000688,FE-001021,2025-11-25,2223223.0,Transferencia
PG-000689,FE-001026,2025-11-25,2931275.0,Cheque
PG-000690,FE-001044,2025-11-25,386883.0,Transferencia
PG-000691,FE-001051,2025-11-25,2947127.0,Transferencia
PG-000692,FE-001067,2025-11-25,419093.0,Consignación
PG-000693,FE-001084,2025-11-25,1642577.0,Transferencia
PG-000694,FE-001116,2025-11-25,175476.0,Transferencia
PG-000695,FE-001178,2025-11-25,738682.0,Transferencia
PG-000696,FE-001201,2025-11-25,150587.0,Transferencia
PG-000697,FE-001284,2025-11-25,573052.0,Transferencia
PG-000698,FE-001289,2025-11-25,100457.0,Transferencia
PG-000699,FE-001365,2025-11-25,2062379.0,Consignación
PG-000700,FE-001492,2025-11-25,249475.0,Consignación
PG-000701,FE-001499,2025-11-25,251708.0,Transferencia
PG-000702,FE-001543,2025-11-25,927067.0,Cheque
PG-000703,FE-001554,2025-11-25,357909.0,Transferencia
PG-000704,FE-001573,2025-11-25,228142.0,PSE
PG-000705,FE-001750,2025-11-25,328496.0,Transferencia
PG-000706,FE-002026,2025-11-25,444104.0,Transferencia
PG-000707,FE-002168,2025-11-25,697176.0,Consignación
PG-000708,FE-000012,2025-11-26,2255242.0,PSE
PG-000709,FE-000024,2025-11-26,99206.0,PSE
PG-000710,FE-000064,2025-11-26,850475.0,PSE
PG-000711,FE-000125,2025-11-26,3914886.0,PSE
PG-000712,FE-000165,2025-11-26,2318414.0,Transferencia
PG-000713,FE-000210,2025-11-26,1103458.0,Transferencia
PG-000714,FE-000216,2025-11-26,3349566.0,PSE
PG-000715,FE-000316,2025-11-26,742754.0,PSE
PG-000716,FE-000340,2025-11-26,169576.0,PSE
PG-000717,FE-000374,2025-11-26,393109.0,Transferencia
PG-000718,FE-000414,2025-11-26,2318742.0,Transferencia
PG-000719,FE-000422,2025-11-26,1119357.0,Consignación
PG-000720,FE-000472,2025-11-26,2325283.0,Transferencia
PG-000721,FE-000475,2025-11-26,765500.0,PSE
PG-000722,FE-000477,2025-11-26,1013677.0,PSE
PG-000723,FE-000484,2025-11-26,68467.0,Transferencia
PG-000724,FE-000510,2025-11-26,645060.0,PSE
PG-000725,FE-000525,2025-11-26,5277861.0,PSE
PG-000726,FE-000563,2025-11-26,1656936.0,Transferencia
PG-000727,FE-000604,2025-11-26,121303.0,Transferencia
PG-000728,FE-000644,2025-11-26,407020.0,Transferencia
PG-000729,FE-000706,2025-11-26,323037.0,Transferencia
PG-000730,FE-000738,2025-11-26,973108.0,Transferencia
PG-000731,FE-000775,2025-11-26,250489.0,PSE
PG-000732,FE-000783,2025-11-26,585617.0,Transferencia
PG-000733,FE-000788,2025-11-26,3218086.0,Transferencia
PG-000734,FE-000821,2025-11-26,3111115.0,Consignación
PG-000735,FE-000830,2025-11-26,561569.0,Transferencia
PG-000736,FE-000841,2025-11-26,1278560.0,Transferencia
PG-000737,FE-000843,2025-11-26,628894.0,Transferencia
PG-000738,FE-000869,2025-11-26,190718.0,Consignación
PG-000739,FE-000884,2025-11-26,3497541.0,Cheque
PG-000740,FE-000915,2025-11-26,3060962.0,PSE
PG-000741,FE-000952,2025-11-26,803338.0,PSE
PG-000742,FE-000971,2025-11-26,579344.0,Transferencia
PG-000743,FE-000986,2025-11-26,359963.0,Transferencia
PG-000744,FE-001035,2025-11-26,371240.0,Transferencia
PG-000745,FE-001099,2025-11-26,174383.0,PSE
PG-000746,FE-001117,2025-11-26,719216.0,Transferencia
PG-000747,FE-001127,2025-11-26,164155.0,PSE
PG-000748,FE-001139,2025-11-26,2227855.0,Cheque
PG-000749,FE-001173,2025-11-26,250654.0,PSE
PG-000750,FE-001180,2025-11-26,227156.0,Consignación
PG-000751,FE-001197,2025-11-26,241684.0,Transferencia
PG-000752,FE-001217,2025-11-26,732681.0,Transferencia
PG-000753,FE-001227,2025-11-26,737683.0,Consignación
PG-000754,FE-001261,2025-11-26,421419.0,PSE
PG-000755,FE-001263,2025-11-26,1067418.0,Transferencia
PG-000756,FE-001266,2025-11-26,2409529.0,Transferencia
PG-000757,FE-001276,2025-11-26,100338.0,Cheque
PG-000758,FE-001290,2025-11-26,51847.0,Transferencia
PG-000759,FE-001315,2025-11-26,554262.0,Consignación
PG-000760,FE-001337,2025-11-26,733455.0,Consignación
PG-000761,FE-001419,2025-11-26,813809.0,PSE
PG-000762,FE-001460,2025-11-26,89012.0,Transferencia
PG-000763,FE-001462,2025-11-26,137856.0,Transferencia
PG-000764,FE-001508,2025-11-26,855518.0,Transferencia
PG-000765,FE-001521,2025-11-26,570679.0,Transferencia
PG-000766,FE-001537,2025-11-26,70662.0,Transferencia
PG-000767,FE-001673,2025-11-26,743958.0,Cheque
PG-000768,FE-000002,2025-11-27,791995.0,Cheque
PG-000769,FE-000010,2025-11-27,372249.0,Consignación
PG-000770,FE-000045,2025-11-27,662828.0,Transferencia
PG-000771,FE-000051,2025-11-27,1657825.0,Transferencia
PG-000772,FE-000070,2025-11-27,1329311.0,Transferencia
PG-000773,FE-000127,2025-11-27,1555819.0,Transferencia
PG-000774,FE-000147,2025-11-27,990491.0,PSE
PG-000775,FE-000239,2025-11-27,425042.0,Transferencia
PG-000776,FE-000313,2025-11-27,431323.0,Transferencia
PG-000777,FE-000330,2025-11-27,1303013.0,Transferencia
PG-000778,FE-000347,2025-11-27,408617.0,Transferencia
PG-000779,FE-000454,2025-11-27,1238360.0,PSE
PG-000780,FE-000483,2025-11-27,901527.0,Consignación
PG-000781,FE-000489,2025-11-27,1596643.0,Transferencia
PG-000782,FE-000526,2025-11-27,1829188.0,PSE
PG-000783,FE-000546,2025-11-27,2671431.0,Transferencia
PG-000784,FE-000573,2025-11-27,1777452.0,Transferencia
PG-000785,FE-000602,2025-11-27,1302335.0,Transferencia
PG-000786,FE-000802,2025-11-27,4996039.0,PSE
PG-000787,FE-000810,2025-11-27,674544.0,Consignación
PG-000788,FE-000814,2025-11-27,3793916.0,Transferencia
PG-000789,FE-000882,2025-11-27,2182462.0,Cheque
PG-000790,FE-000897,2025-11-27,2647876.0,Cheque
PG-000791,FE-000965,2025-11-27,1323538.0,Consignación
PG-000792,FE-000984,2025-11-27,89688.0,Consignación
PG-000793,FE-000987,2025-11-27,240152.0,PSE
PG-000794,FE-001007,2025-11-27,97615.0,Cheque
PG-000795,FE-001082,2025-11-27,300787.0,Transferencia
PG-000796,FE-001150,2025-11-27,191620.0,Transferencia
PG-000797,FE-001172,2025-11-27,3980349.0,Transferencia
PG-000798,FE-001175,2025-11-27,1837320.0,Transferencia
PG-000799,FE-001259,2025-11-27,353121.0,Transferencia
PG-000800,FE-001285,2025-11-27,132910.0,Cheque
PG-000801,FE-001293,2025-11-27,284226.0,Transferencia
PG-000802,FE-001376,2025-11-27,219083.0,Transferencia
PG-000803,FE-001510,2025-11-27,658284.0,Transferencia
PG-000804,FE-001845,2025-11-27,205013.0,Transferencia
PG-000805,FE-001886,2025-11-27,257548.0,PSE
PG-000806,FE-001971,2025-11-27,368526.0,Transferencia
PG-000807,FE-002025,2025-11-27,441452.0,Transferencia
PG-000808,FE-000212,2025-11-28,763602.0,Consignación
PG-000809,FE-000213,2025-11-28,1503909.0,PSE
PG-000810,FE-000228,2025-11-28,1793152.0,Transferencia
PG-000811,FE-000279,2025-11-28,792729.0,Cheque
PG-000812,FE-000338,2025-11-28,415721.0,Transferencia
PG-000813,FE-000344,2025-11-28,683200.0,Transferencia
PG-000814,FE-000359,2025-11-28,114433.0,PSE
PG-000815,FE-000372,2025-11-28,1793374.0,Cheque
PG-000816,FE-000423,2025-11-28,8719942.0,Transferencia
PG-000817,FE-000520,2025-11-28,2590161.0,Consignación
PG-000818,FE-000530,2025-11-28,171064.0,Transferencia
PG-000819,FE-000561,2025-11-28,117571.0,Transferencia
PG-000820,FE-000585,2025-11-28,775414.0,Transferencia
PG-000821,FE-000617,2025-11-28,605515.0,Transferencia
PG-000822,FE-000626,2025-11-28,688798.0,PSE
PG-000823,FE-000721,2025-11-28,538402.0,Cheque
PG-000824,FE-000755,2025-11-28,337315.0,Transferencia
PG-000825,FE-000806,2025-11-28,1870735.0,Consignación
PG-000826,FE-000833,2025-11-28,145975.0,Transferencia
PG-000827,FE-000922,2025-11-28,616313.0,PSE
PG-000828,FE-000961,2025-11-28,228499.0,Transferencia
PG-000829,FE-001040,2025-11-28,2031860.0,Transferencia
PG-000830,FE-001111,2025-11-28,1222668.0,Transferencia
PG-000831,FE-001235,2025-11-28,172552.0,Transferencia
PG-000832,FE-001268,2025-11-28,341430.0,Transferencia
PG-000833,FE-001271,2025-11-28,498267.0,Transferencia
PG-000834,FE-001311,2025-11-28,72356.0,Transferencia
PG-000835,FE-001373,2025-11-28,351616.0,Transferencia
PG-000836,FE-001407,2025-11-28,681218.0,Consignación
PG-000837,FE-001522,2025-11-28,379703.0,Consignación
PG-000838,FE-001524,2025-11-28,268839.0,Transferencia
PG-000839,FE-001540,2025-11-28,189321.0,Transferencia
PG-000840,FE-001578,2025-11-28,222478.0,Transferencia
PG-000841,FE-001587,2025-11-28,52324.0,PSE
PG-000842,FE-001635,2025-11-28,536708.0,Transferencia
PG-000843,FE-001838,2025-11-28,145798.0,Transferencia
PG-000844,FE-001991,2025-11-28,244533.0,PSE
PG-000845,FE-000110,2025-11-29,1942319.0,Consignación
PG-000846,FE-000227,2025-11-29,4664331.0,Transferencia
PG-000847,FE-000236,2025-11-29,2347500.0,Transferencia
PG-000848,FE-000250,2025-11-29,1079439.0,Consignación
PG-000849,FE-000354,2025-11-29,533918.0,Transferencia
PG-000850,FE-000377,2025-11-29,1458038.0,Transferencia
PG-000851,FE-000382,2025-11-29,503081.0,Cheque
PG-000852,FE-000432,2025-11-29,8883380.0,Consignación
PG-000853,FE-000434,2025-11-29,2780127.0,PSE
PG-000854,FE-000443,2025-11-29,4056522.0,Transferencia
PG-000855,FE-000453,2025-11-29,3286505.0,PSE
PG-000856,FE-000463,2025-11-29,302008.0,Transferencia
PG-000857,FE-000498,2025-11-29,3278296.0,Transferencia
PG-000858,FE-000505,2025-11-29,4520140.0,Transferencia
PG-000859,FE-000511,2025-11-29,1391020.0,Transferencia
PG-000860,FE-000555,2025-11-29,1494047.0,Transferencia
PG-000861,FE-000589,2025-11-29,848964.0,Consignación
PG-000862,FE-000658,2025-11-29,785859.0,Cheque
PG-000863,FE-000660,2025-11-29,1021434.0,Transferencia
PG-000864,FE-000712,2025-11-29,1269097.0,Consignación
PG-000865,FE-000751,2025-11-29,1177573.0,Transferencia
PG-000866,FE-000782,2025-11-29,950075.0,Transferencia
PG-000867,FE-000827,2025-11-29,1569536.0,Transferencia
PG-000868,FE-000902,2025-11-29,1802625.0,Transferencia
PG-000869,FE-000957,2025-11-29,270319.0,Transferencia
PG-000870,FE-000964,2025-11-29,387776.0,Consignación
PG-000871,FE-000985,2025-11-29,326156.0,Transferencia
PG-000872,FE-000996,2025-11-29,210594.0,Transferencia
PG-000873,FE-001008,2025-11-29,3555664.0,Cheque
PG-000874,FE-001029,2025-11-29,2214009.0,Transferencia
PG-000875,FE-001038,2025-11-29,1438526.0,Transferencia
PG-000876,FE-001072,2025-11-29,2313985.0,Transferencia
PG-000877,FE-001092,2025-11-29,3375991.0,PSE
PG-000878,FE-001104,2025-11-29,76741.0,Transferencia
PG-000879,FE-001109,2025-11-29,1654774.0,PSE
PG-000880,FE-001130,2025-11-29,155669.0,Transferencia
PG-000881,FE-001164,2025-11-29,852107.0,Consignación
PG-000882,FE-001182,2025-11-29,74268.0,Consignación
PG-000883,FE-001183,2025-11-29,732349.0,Transferencia
PG-000884,FE-001194,2025-11-29,368324.0,Transferencia
PG-000885,FE-001359,2025-11-29,136901.0,Transferencia
PG-000886,FE-001360,2025-11-29,41649.0,Consignación
PG-000887,FE-001433,2025-11-29,788408.0,Transferencia
PG-000888,FE-001443,2025-11-29,3927227.0,Transferencia
PG-000889,FE-001459,2025-11-29,116696.0,Transferencia
PG-000890,FE-001481,2025-11-29,109074.0,Transferencia
PG-000891,FE-001482,2025-11-29,150387.0,Transferencia
PG-000892,FE-001512,2025-11-29,635817.0,Transferencia
PG-000893,FE-001518,2025-11-29,195547.0,Transferencia
PG-000894,FE-001591,2025-11-29,20349.0,PSE
PG-000895,FE-001647,2025-11-29,745825.0,Consignación
PG-000896,FE-001654,2025-11-29,3364601.0,Transferencia
PG-000897,FE-001742,2025-11-29,335767.0,Transferencia
PG-000898,FE-001824,2025-11-29,704441.0,Transferencia
PG-000899,FE-001854,2025-11-29,143770.0,Consignación
PG-000900,FE-001969,2025-11-29,873152.0,Consignación
PG-000901,FE-002155,2025-11-29,92492.0,Transferencia
PG-000902,FE-000003,2025-11-30,13535678.0,Transferencia
PG-000903,FE-000009,2025-11-30,426235.0,Transferencia
PG-000904,FE-000028,2025-11-30,3600404.0,Transferencia
PG-000905,FE-000097,2025-11-30,2326562.0,Transferencia
PG-000906,FE-000129,2025-11-30,2689098.0,Transferencia
PG-000907,FE-000140,2025-11-30,584332.0,PSE
PG-000908,FE-000298,2025-11-30,767839.0,Transferencia
PG-000909,FE-000387,2025-11-30,1425196.0,PSE
PG-000910,FE-000399,2025-11-30,2072073.0,Transferencia
PG-000911,FE-000400,2025-11-30,771433.0,Cheque
PG-000912,FE-000497,2025-11-30,138498.0,PSE
PG-000913,FE-000506,2025-11-30,921478.0,Consignación
PG-000914,FE-000517,2025-11-30,1090389.0,Cheque
PG-000915,FE-000587,2025-11-30,2061155.0,Transferencia
PG-000916,FE-000629,2025-11-30,2275009.0,Transferencia
PG-000917,FE-000656,2025-11-30,2763638.0,PSE
PG-000918,FE-000670,2025-11-30,359548.0,PSE
PG-000919,FE-000673,2025-11-30,146403.0,Transferencia
PG-000920,FE-000683,2025-11-30,3364937.0,Transferencia
PG-000921,FE-000703,2025-11-30,826309.0,PSE
PG-000922,FE-000736,2025-11-30,481376.0,Transferencia
PG-000923,FE-000752,2025-11-30,262848.0,Transferencia
PG-000924,FE-000819,2025-11-30,273356.0,PSE
PG-000925,FE-000823,2025-11-30,699422.0,Transferencia
PG-000926,FE-000848,2025-11-30,665274.0,Cheque
PG-000927,FE-000874,2025-11-30,2426905.0,PSE
PG-000928,FE-000905,2025-11-30,3488673.0,Transferencia
PG-000929,FE-000913,2025-11-30,994510.0,Consignación
PG-000930,FE-000934,2025-11-30,1949889.0,Transferencia
PG-000931,FE-000938,2025-11-30,1529888.0,Transferencia
PG-000932,FE-000962,2025-11-30,1264883.0,Transferencia
PG-000933,FE-000967,2025-11-30,1107669.0,Transferencia
PG-000934,FE-000981,2025-11-30,246908.0,Transferencia
PG-000935,FE-000989,2025-11-30,2254040.0,Transferencia
PG-000936,FE-001003,2025-11-30,1032430.0,Transferencia
PG-000937,FE-001025,2025-11-30,1225488.0,Transferencia
PG-000938,FE-001033,2025-11-30,156427.0,Consignación
PG-000939,FE-001108,2025-11-30,1198525.0,Transferencia
PG-000940,FE-001192,2025-11-30,370167.0,Transferencia
PG-000941,FE-001203,2025-11-30,2829030.0,Cheque
PG-000942,FE-001291,2025-11-30,371733.0,PSE
PG-000943,FE-001312,2025-11-30,3727802.0,PSE
PG-000944,FE-001338,2025-11-30,220933.0,Transferencia
PG-000945,FE-001372,2025-11-30,120036.0,PSE
PG-000946,FE-001414,2025-11-30,151749.0,Cheque
PG-000947,FE-001422,2025-11-30,283820.0,Transferencia
PG-000948,FE-001538,2025-11-30,812483.0,Transferencia
PG-000949,FE-001541,2025-11-30,439062.0,Transferencia
PG-000950,FE-001633,2025-11-30,82154.0,Transferencia
PG-000951,FE-001634,2025-11-30,513580.0,PSE
PG-000952,FE-001670,2025-11-30,34462.0,PSE
PG-000953,FE-001691,2025-11-30,637942.0,Transferencia
PG-000954,FE-001779,2025-11-30,26650.0,PSE
PG-000955,FE-001807,2025-11-30,498778.0,Transferencia
PG-000956,FE-001858,2025-11-30,121071.0,Transferencia
PG-000957,FE-001881,2025-11-30,99722.0,PSE
PG-000958,FE-001883,2025-11-30,493800.0,PSE
PG-000959,FE-002059,2025-11-30,367593.0,Transferencia
PG-000960,FE-002231,2025-11-30,222818.0,Transferencia
PG-000961,FE-002253,2025-11-30,837241.0,Transferencia
PG-000962,FE-000130,2025-12-01,1825937.0,PSE
PG-000963,FE-000166,2025-12-01,35826.0,Consignación
PG-000964,FE-000168,2025-12-01,3369518.0,PSE
PG-000965,FE-000169,2025-12-01,513251.0,Consignación
PG-000966,FE-000248,2025-12-01,5876679.0,Transferencia
PG-000967,FE-000264,2025-12-01,1023413.0,Transferencia
PG-000968,FE-000281,2025-12-01,1229534.0,Cheque
PG-000969,FE-000343,2025-12-01,1116353.0,Transferencia
PG-000970,FE-000360,2025-12-01,2395628.0,Transferencia
PG-000971,FE-000371,2025-12-01,1013493.0,Cheque
PG-000972,FE-000395,2025-12-01,4148521.0,Cheque
PG-000973,FE-000583,2025-12-01,5289185.0,Transferencia
PG-000974,FE-000597,2025-12-01,1949739.0,Transferencia
PG-000975,FE-000623,2025-12-01,448504.0,Transferencia
PG-000976,FE-000630,2025-12-01,344719.0,Cheque
PG-000977,FE-000633,2025-12-01,1083480.0,PSE
PG-000978,FE-000647,2025-12-01,290361.0,Transferencia
PG-000979,FE-000663,2025-12-01,1528742.0,Transferencia
PG-000980,FE-000668,2025-12-01,1023663.0,Consignación
PG-000981,FE-000704,2025-12-01,91461.0,Transferencia
PG-000982,FE-000710,2025-12-01,1847615.0,Transferencia
PG-000983,FE-000722,2025-12-01,1585911.0,Transferencia
PG-000984,FE-000731,2025-12-01,959833.0,Transferencia
PG-000985,FE-000786,2025-12-01,1479212.0,Transferencia
PG-000986,FE-000794,2025-12-01,1403789.0,Transferencia
PG-000987,FE-000805,2025-12-01,1071631.0,PSE
PG-000988,FE-000838,2025-12-01,1332414.0,Transferencia
PG-000989,FE-000968,2025-12-01,950674.0,Cheque
PG-000990,FE-001016,2025-12-01,342352.0,Transferencia
PG-000991,FE-001126,2025-12-01,1155209.0,PSE
PG-000992,FE-001200,2025-12-01,1230873.0,Transferencia
PG-000993,FE-001247,2025-12-01,2504409.0,Consignación
PG-000994,FE-001427,2025-12-01,322785.0,Transferencia
PG-000995,FE-001432,2025-12-01,2181157.0,Transferencia
PG-000996,FE-001561,2025-12-01,1835627.0,Transferencia
PG-000997,FE-001562,2025-12-01,324188.0,Transferencia
PG-000998,FE-001575,2025-12-01,323115.0,Transferencia
PG-000999,FE-001585,2025-12-01,683637.0,PSE
PG-001000,FE-001614,2025-12-01,629575.0,Cheque
PG-001001,FE-001676,2025-12-01,1274638.0,Transferencia
PG-001002,FE-001702,2025-12-01,347977.0,Transferencia
PG-001003,FE-001724,2025-12-01,416556.0,PSE
PG-001004,FE-001727,2025-12-01,6547382.0,Transferencia
PG-001005,FE-001732,2025-12-01,405690.0,Transferencia
PG-001006,FE-001736,2025-12-01,373027.0,Transferencia
PG-001007,FE-001771,2025-12-01,392093.0,PSE
PG-001008,FE-001825,2025-12-01,604807.0,PSE
PG-001009,FE-001840,2025-12-01,953365.0,PSE
PG-001010,FE-001843,2025-12-01,289552.0,Transferencia
PG-001011,FE-001957,2025-12-01,768196.0,Transferencia
PG-001012,FE-002066,2025-12-01,162132.0,Transferencia
PG-001013,FE-002257,2025-12-01,144236.0,Transferencia
PG-001014,FE-002459,2025-12-01,833055.0,Transferencia
PG-001015,FE-000103,2025-12-02,3625731.0,Transferencia
PG-001016,FE-000104,2025-12-02,8186559.0,Consignación
PG-001017,FE-000143,2025-12-02,480095.0,Transferencia
PG-001018,FE-000366,2025-12-02,909953.0,Cheque
PG-001019,FE-000465,2025-12-02,1333775.0,PSE
PG-001020,FE-000523,2025-12-02,1587658.0,PSE
PG-001021,FE-000567,2025-12-02,974813.0,Consignación
PG-001022,FE-000588,2025-12-02,1568284.0,Cheque
PG-001023,FE-000599,2025-12-02,415543.0,Transferencia
PG-001024,FE-000671,2025-12-02,1268578.0,Transferencia
PG-001025,FE-000785,2025-12-02,2062224.0,Transferencia
PG-001026,FE-000852,2025-12-02,1358379.0,Transferencia
PG-001027,FE-000858,2025-12-02,1023180.0,Consignación
PG-001028,FE-000943,2025-12-02,1165052.0,Transferencia
PG-001029,FE-000970,2025-12-02,2394481.0,Cheque
PG-001030,FE-001048,2025-12-02,1042220.0,Transferencia
PG-001031,FE-001078,2025-12-02,4004790.0,Transferencia
PG-001032,FE-001136,2025-12-02,3151817.0,Transferencia
PG-001033,FE-001209,2025-12-02,321276.0,Transferencia
PG-001034,FE-001231,2025-12-02,222867.0,Transferencia
PG-001035,FE-001279,2025-12-02,1927417.0,Transferencia
PG-001036,FE-001298,2025-12-02,1292038.0,Transferencia
PG-001037,FE-001333,2025-12-02,480370.0,Transferencia
PG-001038,FE-001420,2025-12-02,83362.0,Cheque
PG-001039,FE-001429,2025-12-02,1119835.0,Consignación
PG-001040,FE-001505,2025-12-02,2294293.0,Transferencia
PG-001041,FE-001589,2025-12-02,524728.0,Transferencia
PG-001042,FE-001617,2025-12-02,1203758.0,Transferencia
PG-001043,FE-001769,2025-12-02,2377244.0,Transferencia
PG-001044,FE-001778,2025-12-02,201274.0,Transferencia
PG-001045,FE-001935,2025-12-02,53663.0,Consignación
PG-001046,FE-001937,2025-12-02,346563.0,Consignación
PG-001047,FE-001948,2025-12-02,973090.0,Transferencia
PG-001048,FE-001965,2025-12-02,322244.0,Transferencia
PG-001049,FE-001977,2025-12-02,100035.0,Transferencia
PG-001050,FE-002000,2025-12-02,581812.0,Transferencia
PG-001051,FE-002010,2025-12-02,211327.0,Transferencia
PG-001052,FE-002036,2025-12-02,163811.0,Transferencia
PG-001053,FE-002127,2025-12-02,97115.0,Transferencia
PG-001054,FE-000098,2025-12-03,4223936.0,PSE
PG-001055,FE-000161,2025-12-03,746441.0,Transferencia
PG-001056,FE-000173,2025-12-03,704823.0,Transferencia
PG-001057,FE-000174,2025-12-03,2377199.0,Cheque
PG-001058,FE-000184,2025-12-03,1254474.0,Consignación
PG-001059,FE-000251,2025-12-03,719422.0,PSE
PG-001060,FE-000266,2025-12-03,2232804.0,PSE
PG-001061,FE-000311,2025-12-03,749241.0,Transferencia
PG-001062,FE-000460,2025-12-03,4008830.0,PSE
PG-001063,FE-000494,2025-12-03,523197.0,PSE
PG-001064,FE-000501,2025-12-03,1006333.0,Transferencia
PG-001065,FE-000507,2025-12-03,2032525.0,Transferencia
PG-001066,FE-000540,2025-12-03,58755.0,Transferencia
PG-001067,FE-000558,2025-12-03,1912362.0,Transferencia
PG-001068,FE-000654,2025-12-03,2717784.0,Transferencia
PG-001069,FE-000686,2025-12-03,2101947.0,Consignación
PG-001070,FE-000723,2025-12-03,2377804.0,Consignación
PG-001071,FE-000724,2025-12-03,1112733.0,Transferencia
PG-001072,FE-000737,2025-12-03,1111406.0,Transferencia
PG-001073,FE-000801,2025-12-03,1622454.0,Transferencia
PG-001074,FE-000908,2025-12-03,790290.0,Transferencia
PG-001075,FE-000924,2025-12-03,4135088.0,Transferencia
PG-001076,FE-000944,2025-12-03,1038713.0,Transferencia
PG-001077,FE-001105,2025-12-03,3085674.0,Transferencia
PG-001078,FE-001115,2025-12-03,769972.0,Transferencia
PG-001079,FE-001125,2025-12-03,311809.0,PSE
PG-001080,FE-001128,2025-12-03,85449.0,Cheque
PG-001081,FE-001129,2025-12-03,391691.0,Consignación
PG-001082,FE-001165,2025-12-03,1851074.0,PSE
PG-001083,FE-001174,2025-12-03,182817.0,Transferencia
PG-001084,FE-001243,2025-12-03,2461317.0,Transferencia
PG-001085,FE-001260,2025-12-03,513919.0,Consignación
PG-001086,FE-001282,2025-12-03,472520.0,Consignación
PG-001087,FE-001297,2025-12-03,3278824.0,Consignación
PG-001088,FE-001325,2025-12-03,886846.0,Transferencia
PG-001089,FE-001353,2025-12-03,625453.0,Transferencia
PG-001090,FE-001387,2025-12-03,1383870.0,Transferencia
PG-001091,FE-001390,2025-12-03,1269398.0,Transferencia
PG-001092,FE-001396,2025-12-03,375822.0,Transferencia
PG-001093,FE-001405,2025-12-03,169908.0,Transferencia
PG-001094,FE-001417,2025-12-03,1651557.0,Cheque
PG-001095,FE-001424,2025-12-03,174425.0,Consignación
PG-001096,FE-001438,2025-12-03,4294076.0,Transferencia
PG-001097,FE-001439,2025-12-03,2339527.0,Transferencia
PG-001098,FE-001466,2025-12-03,362756.0,PSE
PG-001099,FE-001477,2025-12-03,388855.0,Transferencia
PG-001100,FE-001501,2025-12-03,1138659.0,Consignación
PG-001101,FE-001527,2025-12-03,380119.0,Transferencia
PG-001102,FE-001611,2025-12-03,3035134.0,PSE
PG-001103,FE-001641,2025-12-03,700573.0,PSE
PG-001104,FE-001650,2025-12-03,426154.0,Transferencia
PG-001105,FE-001714,2025-12-03,508197.0,Transferencia
PG-001106,FE-001730,2025-12-03,130686.0,Transferencia
PG-001107,FE-001900,2025-12-03,541627.0,Transferencia
PG-001108,FE-000085,2025-12-04,15068619.0,Consignación
PG-001109,FE-000086,2025-12-04,1896371.0,PSE
PG-001110,FE-000262,2025-12-04,3454664.0,Transferencia
PG-001111,FE-000537,2025-12-04,869364.0,Transferencia
PG-001112,FE-000694,2025-12-04,1279395.0,Transferencia
PG-001113,FE-000747,2025-12-04,3020460.0,Consignación
PG-001114,FE-000758,2025-12-04,2217119.0,Transferencia
PG-001115,FE-000773,2025-12-04,591939.0,Transferencia
PG-001116,FE-000774,2025-12-04,17738.0,Transferencia
PG-001117,FE-000815,2025-12-04,293480.0,Transferencia
PG-001118,FE-000820,2025-12-04,1381506.0,Consignación
PG-001119,FE-000877,2025-12-04,126790.0,Transferencia
PG-001120,FE-000881,2025-12-04,181852.0,PSE
PG-001121,FE-000883,2025-12-04,1648906.0,PSE
PG-001122,FE-000917,2025-12-04,417554.0,Transferencia
PG-001123,FE-000923,2025-12-04,858412.0,Consignación
PG-001124,FE-000994,2025-12-04,1186168.0,PSE
PG-001125,FE-000998,2025-12-04,378738.0,Transferencia
PG-001126,FE-001005,2025-12-04,5609423.0,Transferencia
PG-001127,FE-001013,2025-12-04,646596.0,PSE
PG-001128,FE-001073,2025-12-04,1953045.0,Consignación
PG-001129,FE-001093,2025-12-04,210534.0,Transferencia
PG-001130,FE-001095,2025-12-04,643423.0,Transferencia
PG-001131,FE-001132,2025-12-04,328713.0,PSE
PG-001132,FE-001249,2025-12-04,3084804.0,Consignación
PG-001133,FE-001265,2025-12-04,2531026.0,PSE
PG-001134,FE-001307,2025-12-04,1044519.0,PSE
PG-001135,FE-001366,2025-12-04,144164.0,Transferencia
PG-001136,FE-001371,2025-12-04,618055.0,Transferencia
PG-001137,FE-001375,2025-12-04,1304917.0,Transferencia
PG-001138,FE-001401,2025-12-04,681871.0,Transferencia
PG-001139,FE-001408,2025-12-04,1048227.0,Transferencia
PG-001140,FE-001542,2025-12-04,439193.0,PSE
PG-001141,FE-001607,2025-12-04,1614352.0,Consignación
PG-001142,FE-001642,2025-12-04,273783.0,PSE
PG-001143,FE-001681,2025-12-04,305102.0,PSE
PG-001144,FE-001708,2025-12-04,357976.0,Consignación
PG-001145,FE-001775,2025-12-04,1178622.0,Consignación
PG-001146,FE-001783,2025-12-04,360331.0,Transferencia
PG-001147,FE-001789,2025-12-04,736273.0,PSE
PG-001148,FE-001827,2025-12-04,27269.0,Transferencia
PG-001149,FE-001836,2025-12-04,6257231.0,Transferencia
PG-001150,FE-001890,2025-12-04,326361.0,PSE
PG-001151,FE-002035,2025-12-04,49860.0,Transferencia
PG-001152,FE-002050,2025-12-04,361478.0,Transferencia
PG-001153,FE-002094,2025-12-04,574594.0,Transferencia
PG-001154,FE-002105,2025-12-04,167811.0,Transferencia
PG-001155,FE-002154,2025-12-04,46981.0,Transferencia
PG-001156,FE-002330,2025-12-04,525711.0,Cheque
PG-001157,FE-002363,2025-12-04,132474.0,Transferencia
PG-001158,FE-002441,2025-12-04,1847247.0,Transferencia
PG-001159,FE-000040,2025-12-05,14026092.0,Transferencia
PG-001160,FE-000059,2025-12-05,1186077.0,Transferencia
PG-001161,FE-000121,2025-12-05,569661.0,Transferencia
PG-001162,FE-000132,2025-12-05,1500400.0,Transferencia
PG-001163,FE-000337,2025-12-05,1225395.0,Consignación
PG-001164,FE-000378,2025-12-05,4287777.0,Transferencia
PG-001165,FE-000582,2025-12-05,2904310.0,Transferencia
PG-001166,FE-000672,2025-12-05,1876894.0,Transferencia
PG-001167,FE-000715,2025-12-05,1849548.0,Transferencia
PG-001168,FE-000769,2025-12-05,4349125.0,Transferencia
PG-001169,FE-000776,2025-12-05,1591588.0,Transferencia
PG-001170,FE-000777,2025-12-05,902133.0,PSE
PG-001171,FE-000798,2025-12-05,2026302.0,Transferencia
PG-001172,FE-000800,2025-12-05,3047853.0,Transferencia
PG-001173,FE-000825,2025-12-05,5002673.0,Transferencia
PG-001174,FE-000836,2025-12-05,950559.0,Transferencia
PG-001175,FE-000862,2025-12-05,2083169.0,PSE
PG-001176,FE-000863,2025-12-05,532061.0,Transferencia
PG-001177,FE-000878,2025-12-05,1478156.0,Transferencia
PG-001178,FE-000889,2025-12-05,1151323.0,Transferencia
PG-001179,FE-000946,2025-12-05,3151231.0,PSE
PG-001180,FE-000992,2025-12-05,1358146.0,Consignación
PG-001181,FE-001032,2025-12-05,482282.0,Transferencia
PG-001182,FE-001096,2025-12-05,1152741.0,Transferencia
PG-001183,FE-001124,2025-12-05,1826114.0,Transferencia
PG-001184,FE-001131,2025-12-05,1193020.0,Transferencia
PG-001185,FE-001142,2025-12-05,169166.0,Consignación
PG-001186,FE-001215,2025-12-05,2878691.0,Transferencia
PG-001187,FE-001224,2025-12-05,494136.0,Transferencia
PG-001188,FE-001269,2025-12-05,3362241.0,Consignación
PG-001189,FE-001287,2025-12-05,1028068.0,Transferencia
PG-001190,FE-001300,2025-12-05,90698.0,PSE
PG-001191,FE-001304,2025-12-05,239050.0,Transferencia
PG-001192,FE-001344,2025-12-05,900811.0,Transferencia
PG-001193,FE-001356,2025-12-05,517267.0,Cheque
PG-001194,FE-001368,2025-12-05,186598.0,Transferencia
PG-001195,FE-001502,2025-12-05,595126.0,Consignación
PG-001196,FE-001552,2025-12-05,626230.0,Consignación
PG-001197,FE-001661,2025-12-05,321777.0,Transferencia
PG-001198,FE-001697,2025-12-05,1146911.0,Transferencia
PG-001199,FE-001720,2025-12-05,4490536.0,PSE
PG-001200,FE-001726,2025-12-05,800051.0,Transferencia
PG-001201,FE-001821,2025-12-05,195983.0,Consignación
PG-001202,FE-001865,2025-12-05,269377.0,Consignación
PG-001203,FE-001874,2025-12-05,140644.0,Transferencia
PG-001204,FE-001903,2025-12-05,63697.0,Transferencia
PG-001205,FE-001928,2025-12-05,904532.0,PSE
PG-001206,FE-002022,2025-12-05,421034.0,Transferencia
PG-001207,FE-002040,2025-12-05,691058.0,Transferencia
PG-001208,FE-002209,2025-12-05,327720.0,Transferencia
PG-001209,FE-002254,2025-12-05,673081.0,Transferencia
PG-001210,FE-002404,2025-12-05,126390.0,Transferencia
PG-001211,FE-000175,2025-12-06,4324143.0,Transferencia
PG-001212,FE-000402,2025-12-06,17781889.0,Transferencia
PG-001213,FE-000442,2025-12-06,1912526.0,Cheque
PG-001214,FE-000509,2025-12-06,895842.0,PSE
PG-001215,FE-000619,2025-12-06,559257.0,Transferencia
PG-001216,FE-000625,2025-12-06,2394316.0,Consignación
PG-001217,FE-000651,2025-12-06,3320553.0,Transferencia
PG-001218,FE-000662,2025-12-06,1425171.0,PSE
PG-001219,FE-000669,2025-12-06,2100999.0,Transferencia
PG-001220,FE-000729,2025-12-06,129190.0,Transferencia
PG-001221,FE-000750,2025-12-06,2044610.0,Cheque
PG-001222,FE-000756,2025-12-06,112391.0,Transferencia
PG-001223,FE-000846,2025-12-06,1847514.0,Transferencia
PG-001224,FE-000855,2025-12-06,1956949.0,Transferencia
PG-001225,FE-000865,2025-12-06,533020.0,PSE
PG-001226,FE-000866,2025-12-06,2281463.0,Transferencia
PG-001227,FE-000969,2025-12-06,2563890.0,PSE
PG-001228,FE-001004,2025-12-06,2537660.0,Cheque
PG-001229,FE-001047,2025-12-06,121105.0,PSE
PG-001230,FE-001199,2025-12-06,2076962.0,Transferencia
PG-001231,FE-001246,2025-12-06,755994.0,Transferencia
PG-001232,FE-001286,2025-12-06,370489.0,PSE
PG-001233,FE-001295,2025-12-06,89755.0,Transferencia
PG-001234,FE-001320,2025-12-06,740165.0,Transferencia
PG-001235,FE-001364,2025-12-06,623166.0,Transferencia
PG-001236,FE-001491,2025-12-06,56827.0,PSE
PG-001237,FE-001517,2025-12-06,478889.0,Transferencia
PG-001238,FE-001534,2025-12-06,392613.0,PSE
PG-001239,FE-001606,2025-12-06,95025.0,Transferencia
PG-001240,FE-001621,2025-12-06,49831.0,Transferencia
PG-001241,FE-001645,2025-12-06,85509.0,Transferencia
PG-001242,FE-001655,2025-12-06,1304230.0,Transferencia
PG-001243,FE-001696,2025-12-06,122825.0,Transferencia
PG-001244,FE-001705,2025-12-06,169784.0,Consignación
PG-001245,FE-001713,2025-12-06,857340.0,Transferencia
PG-001246,FE-001768,2025-12-06,158259.0,PSE
PG-001247,FE-001908,2025-12-06,134595.0,Transferencia
PG-001248,FE-001942,2025-12-06,535631.0,Transferencia
PG-001249,FE-001950,2025-12-06,175538.0,Consignación
PG-001250,FE-002189,2025-12-06,314294.0,Consignación
PG-001251,FE-002236,2025-12-06,625106.0,Cheque
PG-001252,FE-002393,2025-12-06,119033.0,Consignación
PG-001253,FE-002471,2025-12-06,2036705.0,Consignación
PG-001254,FE-000099,2025-12-07,2369905.0,PSE
PG-001255,FE-000172,2025-12-07,1151007.0,Transferencia
PG-001256,FE-000214,2025-12-07,655569.0,Transferencia
PG-001257,FE-000242,2025-12-07,2769260.0,Cheque
PG-001258,FE-000341,2025-12-07,3094605.0,Transferencia
PG-001259,FE-000356,2025-12-07,1799186.0,Transferencia
PG-001260,FE-000474,2025-12-07,2428982.0,PSE
PG-001261,FE-000503,2025-12-07,2298481.0,Transferencia
PG-001262,FE-000541,2025-12-07,401154.0,Transferencia
PG-001263,FE-000741,2025-12-07,1511007.0,PSE
PG-001264,FE-000772,2025-12-07,3105267.0,Consignación
PG-001265,FE-000837,2025-12-07,2746701.0,Transferencia
PG-001266,FE-000859,2025-12-07,7617610.0,Cheque
PG-001267,FE-000891,2025-12-07,976474.0,Consignación
PG-001268,FE-000947,2025-12-07,921338.0,Transferencia
PG-001269,FE-000948,2025-12-07,825210.0,Transferencia
PG-001270,FE-000956,2025-12-07,1006440.0,PSE
PG-001271,FE-000983,2025-12-07,67768.0,Transferencia
PG-001272,FE-001028,2025-12-07,479107.0,Transferencia
PG-001273,FE-001039,2025-12-07,711607.0,PSE
PG-001274,FE-001061,2025-12-07,598845.0,PSE
PG-001275,FE-001083,2025-12-07,101684.0,Transferencia
PG-001276,FE-001086,2025-12-07,1216215.0,Transferencia
PG-001277,FE-001094,2025-12-07,818437.0,Transferencia
PG-001278,FE-001107,2025-12-07,495491.0,Cheque
PG-001279,FE-001110,2025-12-07,2459021.0,Consignación
PG-001280,FE-001176,2025-12-07,1792818.0,Transferencia
PG-001281,FE-001190,2025-12-07,4077727.0,Transferencia
PG-001282,FE-001208,2025-12-07,1504985.0,Transferencia
PG-001283,FE-001262,2025-12-07,6873366.0,Transferencia
PG-001284,FE-001317,2025-12-07,2295183.0,Cheque
PG-001285,FE-001319,2025-12-07,554168.0,Transferencia
PG-001286,FE-001357,2025-12-07,631075.0,Transferencia
PG-001287,FE-001465,2025-12-07,1665081.0,Transferencia
PG-001288,FE-001547,2025-12-07,484960.0,Cheque
PG-001289,FE-001671,2025-12-07,649901.0,Transferencia
PG-001290,FE-001683,2025-12-07,890654.0,Transferencia
PG-001291,FE-001692,2025-12-07,5260553.0,Consignación
PG-001292,FE-001731,2025-12-07,1880344.0,PSE
PG-001293,FE-001755,2025-12-07,1991491.0,Cheque
PG-001294,FE-001857,2025-12-07,32463.0,Transferencia
PG-001295,FE-001877,2025-12-07,1237261.0,Transferencia
PG-001296,FE-001966,2025-12-07,522961.0,Cheque
PG-001297,FE-001976,2025-12-07,137703.0,Transferencia
PG-001298,FE-001999,2025-12-07,889813.0,Transferencia
PG-001299,FE-002019,2025-12-07,307609.0,Transferencia
PG-001300,FE-002024,2025-12-07,590993.0,Cheque
PG-001301,FE-002107,2025-12-07,160142.0,PSE
PG-001302,FE-002173,2025-12-07,727295.0,Transferencia
PG-001303,FE-002178,2025-12-07,339915.0,Transferencia
PG-001304,FE-000199,2025-12-08,2560735.0,PSE
PG-001305,FE-000284,2025-12-08,345452.0,Transferencia
PG-001306,FE-000342,2025-12-08,305756.0,Transferencia
PG-001307,FE-000527,2025-12-08,8204636.0,Transferencia
PG-001308,FE-000565,2025-12-08,1797851.0,PSE
PG-001309,FE-000607,2025-12-08,994796.0,Transferencia
PG-001310,FE-000652,2025-12-08,2707390.0,Transferencia
PG-001311,FE-000678,2025-12-08,1718341.0,Cheque
PG-001312,FE-000744,2025-12-08,1013103.0,Transferencia
PG-001313,FE-001030,2025-12-08,167552.0,Transferencia
PG-001314,FE-001064,2025-12-08,4587498.0,Transferencia
PG-001315,FE-001068,2025-12-08,2395820.0,Transferencia
PG-001316,FE-001141,2025-12-08,2232269.0,Transferencia
PG-001317,FE-001145,2025-12-08,555010.0,Transferencia
PG-001318,FE-001146,2025-12-08,1846383.0,Transferencia
PG-001319,FE-001210,2025-12-08,1881777.0,Transferencia
PG-001320,FE-001241,2025-12-08,390358.0,PSE
PG-001321,FE-001324,2025-12-08,1626748.0,Transferencia
PG-001322,FE-001384,2025-12-08,1437450.0,PSE
PG-001323,FE-001386,2025-12-08,170996.0,Consignación
PG-001324,FE-001470,2025-12-08,1006963.0,Transferencia
PG-001325,FE-001494,2025-12-08,291342.0,Transferencia
PG-001326,FE-001507,2025-12-08,1578946.0,Transferencia
PG-001327,FE-001520,2025-12-08,3226164.0,Transferencia
PG-001328,FE-001523,2025-12-08,1890792.0,PSE
PG-001329,FE-001559,2025-12-08,205206.0,Transferencia
PG-001330,FE-001619,2025-12-08,4172421.0,Consignación
PG-001331,FE-001648,2025-12-08,779104.0,PSE
PG-001332,FE-001666,2025-12-08,384096.0,Transferencia
PG-001333,FE-001685,2025-12-08,119249.0,Transferencia
PG-001334,FE-001700,2025-12-08,169871.0,Transferencia
PG-001335,FE-001709,2025-12-08,457183.0,Transferencia
PG-001336,FE-001776,2025-12-08,1816650.0,PSE
PG-001337,FE-001873,2025-12-08,53051.0,Transferencia
PG-001338,FE-001879,2025-12-08,227766.0,PSE
PG-001339,FE-001912,2025-12-08,285134.0,PSE
PG-001340,FE-001941,2025-12-08,114811.0,PSE
PG-001341,FE-001962,2025-12-08,746192.0,Transferencia
PG-001342,FE-001963,2025-12-08,349317.0,Transferencia
PG-001343,FE-001994,2025-12-08,2097252.0,Transferencia
PG-001344,FE-002016,2025-12-08,111592.0,Transferencia
PG-001345,FE-002038,2025-12-08,67678.0,Transferencia
PG-001346,FE-002046,2025-12-08,462611.0,Transferencia
PG-001347,FE-002057,2025-12-08,1146602.0,Transferencia
PG-001348,FE-002207,2025-12-08,681020.0,Transferencia
PG-001349,FE-002221,2025-12-08,170733.0,Transferencia
PG-001350,FE-002288,2025-12-08,57610.0,PSE
PG-001351,FE-002323,2025-12-08,182635.0,Transferencia
PG-001352,FE-002487,2025-12-08,505117.0,PSE
PG-001353,FE-002499,2025-12-08,461225.0,Transferencia
PG-001354,FE-002513,2025-12-08,79825.0,Transferencia
PG-001355,FE-000137,2025-12-09,4849675.0,Transferencia
PG-001356,FE-000358,2025-12-09,15483728.0,Transferencia
PG-001357,FE-000376,2025-12-09,2882071.0,Transferencia
PG-001358,FE-000512,2025-12-09,981774.0,Transferencia
PG-001359,FE-000612,2025-12-09,1406701.0,Transferencia
PG-001360,FE-000711,2025-12-09,1777206.0,PSE
PG-001361,FE-000770,2025-12-09,1037164.0,Transferencia
PG-001362,FE-000808,2025-12-09,1158406.0,Transferencia
PG-001363,FE-000912,2025-12-09,2074251.0,Transferencia
PG-001364,FE-000927,2025-12-09,4814592.0,Transferencia
PG-001365,FE-000953,2025-12-09,1498281.0,Consignación
PG-001366,FE-000966,2025-12-09,2983594.0,Transferencia
PG-001367,FE-000982,2025-12-09,229776.0,Transferencia
PG-001368,FE-000999,2025-12-09,3107512.0,Transferencia
PG-001369,FE-001023,2025-12-09,875638.0,Transferencia
PG-001370,FE-001046,2025-12-09,2380300.0,Transferencia
PG-001371,FE-001137,2025-12-09,1778363.0,Consignación
PG-001372,FE-001154,2025-12-09,2909049.0,Transferencia
PG-001373,FE-001157,2025-12-09,5188558.0,Transferencia
PG-001374,FE-001159,2025-12-09,2561795.0,PSE
PG-001375,FE-001202,2025-12-09,5837052.0,Transferencia
PG-001376,FE-001303,2025-12-09,1103156.0,Consignación
PG-001377,FE-001329,2025-12-09,1971235.0,Transferencia
PG-001378,FE-001342,2025-12-09,1503084.0,Transferencia
PG-001379,FE-001370,2025-12-09,5057968.0,Transferencia
PG-001380,FE-001403,2025-12-09,514640.0,PSE
PG-001381,FE-001406,2025-12-09,395206.0,PSE
PG-001382,FE-001484,2025-12-09,341607.0,Consignación
PG-001383,FE-001514,2025-12-09,685859.0,Transferencia
PG-001384,FE-001674,2025-12-09,1647240.0,PSE
PG-001385,FE-001677,2025-12-09,177353.0,Consignación
PG-001386,FE-001739,2025-12-09,591024.0,Transferencia
PG-001387,FE-001757,2025-12-09,327438.0,PSE
PG-001388,FE-001772,2025-12-09,985776.0,Transferencia
PG-001389,FE-001805,2025-12-09,554409.0,PSE
PG-001390,FE-001822,2025-12-09,56692.0,PSE
PG-001391,FE-001831,2025-12-09,361320.0,Transferencia
PG-001392,FE-001842,2025-12-09,193164.0,Consignación
PG-001393,FE-001861,2025-12-09,803924.0,Transferencia
PG-001394,FE-001907,2025-12-09,1042025.0,Transferencia
PG-001395,FE-002028,2025-12-09,90314.0,Transferencia
PG-001396,FE-002062,2025-12-09,33914.0,Transferencia
PG-001397,FE-002157,2025-12-09,312351.0,PSE
PG-001398,FE-002202,2025-12-09,433161.0,Cheque
PG-001399,FE-002269,2025-12-09,253319.0,Transferencia
PG-001400,FE-002339,2025-12-09,3887979.0,Transferencia
PG-001401,FE-002384,2025-12-09,141392.0,Transferencia
PG-001402,FE-002398,2025-12-09,216294.0,PSE
PG-001403,FE-002466,2025-12-09,162725.0,PSE
PG-001404,FE-002468,2025-12-09,292918.0,Transferencia
PG-001405,FE-000361,2025-12-10,3256377.0,Transferencia
PG-001406,FE-000404,2025-12-10,240698.0,Transferencia
PG-001407,FE-000495,2025-12-10,1918210.0,Cheque
PG-001408,FE-000538,2025-12-10,951117.0,PSE
PG-001409,FE-000598,2025-12-10,1185542.0,Transferencia
PG-001410,FE-000767,2025-12-10,661614.0,Transferencia
PG-001411,FE-000778,2025-12-10,1081415.0,Transferencia
PG-001412,FE-000873,2025-12-10,1632052.0,Consignación
PG-001413,FE-000886,2025-12-10,338094.0,Consignación
PG-001414,FE-000894,2025-12-10,3738539.0,Transferencia
PG-001415,FE-000936,2025-12-10,1227514.0,Transferencia
PG-001416,FE-000958,2025-12-10,419429.0,Transferencia
PG-001417,FE-001009,2025-12-10,812349.0,Consignación
PG-001418,FE-001063,2025-12-10,885957.0,Transferencia
PG-001419,FE-001091,2025-12-10,534778.0,Transferencia
PG-001420,FE-001100,2025-12-10,613647.0,Transferencia
PG-001421,FE-001133,2025-12-10,166808.0,Transferencia
PG-001422,FE-001147,2025-12-10,8782171.0,Cheque
PG-001423,FE-001216,2025-12-10,1170966.0,Transferencia
PG-001424,FE-001237,2025-12-10,706722.0,Transferencia
PG-001425,FE-001264,2025-12-10,532562.0,Transferencia
PG-001426,FE-001280,2025-12-10,338536.0,Consignación
PG-001427,FE-001323,2025-12-10,1811918.0,PSE
PG-001428,FE-001339,2025-12-10,1134507.0,Transferencia
PG-001429,FE-001348,2025-12-10,873591.0,PSE
PG-001430,FE-001350,2025-12-10,1032048.0,Transferencia
PG-001431,FE-001351,2025-12-10,288870.0,Transferencia
PG-001432,FE-001385,2025-12-10,1643375.0,Transferencia
PG-001433,FE-001397,2025-12-10,1489137.0,Consignación
PG-001434,FE-001398,2025-12-10,532248.0,PSE
PG-001435,FE-001411,2025-12-10,460664.0,Transferencia
PG-001436,FE-001413,2025-12-10,620611.0,Transferencia
PG-001437,FE-001442,2025-12-10,3446921.0,Consignación
PG-001438,FE-001455,2025-12-10,1576649.0,Transferencia
PG-001439,FE-001495,2025-12-10,2302438.0,Transferencia
PG-001440,FE-001511,2025-12-10,659106.0,Transferencia
PG-001441,FE-001590,2025-12-10,1421063.0,Consignación
PG-001442,FE-001618,2025-12-10,3009409.0,Transferencia
PG-001443,FE-001644,2025-12-10,5103947.0,Transferencia
PG-001444,FE-001662,2025-12-10,1136920.0,PSE
PG-001445,FE-001719,2025-12-10,1316078.0,Transferencia
PG-001446,FE-001744,2025-12-10,242136.0,Transferencia
PG-001447,FE-001758,2025-12-10,107866.0,PSE
PG-001448,FE-001790,2025-12-10,192868.0,PSE
PG-001449,FE-001815,2025-12-10,254803.0,PSE
PG-001450,FE-001862,2025-12-10,123034.0,Transferencia
PG-001451,FE-001914,2025-12-10,564676.0,Transferencia
PG-001452,FE-001916,2025-12-10,421569.0,PSE
PG-001453,FE-001917,2025-12-10,2869151.0,Transferencia
PG-001454,FE-001978,2025-12-10,1095734.0,Transferencia
PG-001455,FE-001996,2025-12-10,87757.0,Cheque
PG-001456,FE-002051,2025-12-10,351192.0,Consignación
PG-001457,FE-002055,2025-12-10,5183797.0,Transferencia
PG-001458,FE-002056,2025-12-10,880524.0,PSE
PG-001459,FE-002098,2025-12-10,282280.0,Transferencia
PG-001460,FE-002133,2025-12-10,695579.0,PSE
PG-001461,FE-002179,2025-12-10,464068.0,Transferencia
PG-001462,FE-002185,2025-12-10,1958166.0,Transferencia
PG-001463,FE-002238,2025-12-10,269099.0,Transferencia
PG-001464,FE-002278,2025-12-10,127770.0,Transferencia
PG-001465,FE-002344,2025-12-10,91581.0,Transferencia
PG-001466,FE-002394,2025-12-10,413624.0,Transferencia
PG-001467,FE-002420,2025-12-10,9521.0,Cheque
PG-001468,FE-002520,2025-12-10,1023742.0,Transferencia
PG-001469,FE-002925,2025-12-10,408782.0,PSE
PG-001470,FE-000437,2025-12-11,2332426.0,Cheque
PG-001471,FE-000438,2025-12-11,1078667.0,Transferencia
PG-001472,FE-000441,2025-12-11,1285206.0,Transferencia
PG-001473,FE-000461,2025-12-11,4424218.0,Transferencia
PG-001474,FE-000613,2025-12-11,677399.0,Transferencia
PG-001475,FE-000749,2025-12-11,10466671.0,Transferencia
PG-001476,FE-000757,2025-12-11,383099.0,Transferencia
PG-001477,FE-000811,2025-12-11,3178226.0,Consignación
PG-001478,FE-000829,2025-12-11,1800301.0,PSE
PG-001479,FE-000875,2025-12-11,1277216.0,Transferencia
PG-001480,FE-000918,2025-12-11,390468.0,PSE
PG-001481,FE-000950,2025-12-11,657095.0,Transferencia
PG-001482,FE-000993,2025-12-11,795930.0,PSE
PG-001483,FE-001000,2025-12-11,5057161.0,Transferencia
PG-001484,FE-001052,2025-12-11,1919300.0,PSE
PG-001485,FE-001056,2025-12-11,203837.0,PSE
PG-001486,FE-001163,2025-12-11,2650454.0,PSE
PG-001487,FE-001211,2025-12-11,1623675.0,Transferencia
PG-001488,FE-001218,2025-12-11,1122930.0,Cheque
PG-001489,FE-001239,2025-12-11,968910.0,Transferencia
PG-001490,FE-001277,2025-12-11,377044.0,PSE
PG-001491,FE-001334,2025-12-11,3191688.0,Transferencia
PG-001492,FE-001340,2025-12-11,3705289.0,Transferencia
PG-001493,FE-001349,2025-12-11,671682.0,Transferencia
PG-001494,FE-001391,2025-12-11,1999018.0,Cheque
PG-001495,FE-001423,2025-12-11,5014649.0,Transferencia
PG-001496,FE-001428,2025-12-11,630226.0,Transferencia
PG-001497,FE-001485,2025-12-11,766840.0,Transferencia
PG-001498,FE-001529,2025-12-11,1916644.0,Consignación
PG-001499,FE-001601,2025-12-11,516216.0,Cheque
PG-001500,FE-001603,2025-12-11,1431161.0,Consignación
PG-001501,FE-001605,2025-12-11,222996.0,Transferencia
PG-001502,FE-001629,2025-12-11,213980.0,PSE
PG-001503,FE-001637,2025-12-11,478632.0,Transferencia
PG-001504,FE-001665,2025-12-11,399044.0,PSE
PG-001505,FE-001704,2025-12-11,70012.0,PSE
PG-001506,FE-001707,2025-12-11,171798.0,PSE
PG-001507,FE-001712,2025-12-11,4857080.0,Transferencia
PG-001508,FE-001715,2025-12-11,2558918.0,Consignación
PG-001509,FE-001747,2025-12-11,2665208.0,Transferencia
PG-001510,FE-001767,2025-12-11,240924.0,Transferencia
PG-001511,FE-001846,2025-12-11,292432.0,Transferencia
PG-001512,FE-001898,2025-12-11,3348489.0,PSE
PG-001513,FE-001904,2025-12-11,105092.0,Transferencia
PG-001514,FE-001922,2025-12-11,27877.0,Transferencia
PG-001515,FE-002008,2025-12-11,664873.0,Transferencia
PG-001516,FE-002090,2025-12-11,298303.0,Transferencia
PG-001517,FE-002108,2025-12-11,250513.0,Transferencia
PG-001518,FE-002118,2025-12-11,55324.0,Transferencia
PG-001519,FE-002138,2025-12-11,119447.0,Transferencia
PG-001520,FE-002139,2025-12-11,42233.0,Transferencia
PG-001521,FE-002176,2025-12-11,668258.0,PSE
PG-001522,FE-002211,2025-12-11,283620.0,Cheque
PG-001523,FE-002338,2025-12-11,173588.0,Transferencia
PG-001524,FE-002349,2025-12-11,172851.0,PSE
PG-001525,FE-002365,2025-12-11,125879.0,Cheque
PG-001526,FE-002377,2025-12-11,931944.0,Transferencia
PG-001527,FE-002439,2025-12-11,391332.0,Transferencia
PG-001528,FE-002492,2025-12-11,895417.0,Transferencia
PG-001529,FE-002576,2025-12-11,419984.0,Consignación
PG-001530,FE-002624,2025-12-11,1473366.0,Transferencia
PG-001531,FE-002665,2025-12-11,821524.0,Transferencia
PG-001532,FE-002793,2025-12-11,527312.0,Consignación
PG-001533,FE-000151,2025-12-12,4710422.0,Transferencia
PG-001534,FE-000353,2025-12-12,394064.0,Transferencia
PG-001535,FE-000390,2025-12-12,9114780.0,Cheque
PG-001536,FE-000413,2025-12-12,200620.0,Consignación
PG-001537,FE-000436,2025-12-12,2025750.0,Transferencia
PG-001538,FE-000708,2025-12-12,833129.0,Consignación
PG-001539,FE-000796,2025-12-12,1079341.0,Transferencia
PG-001540,FE-000822,2025-12-12,4765066.0,Consignación
PG-001541,FE-000824,2025-12-12,1860078.0,PSE
PG-001542,FE-000826,2025-12-12,2007046.0,Cheque
PG-001543,FE-000856,2025-12-12,2537627.0,PSE
PG-001544,FE-000885,2025-12-12,1415817.0,Transferencia
PG-001545,FE-000890,2025-12-12,1573212.0,PSE
PG-001546,FE-001010,2025-12-12,2938277.0,PSE
PG-001547,FE-001059,2025-12-12,5199481.0,Transferencia
PG-001548,FE-001085,2025-12-12,2675660.0,Transferencia
PG-001549,FE-001106,2025-12-12,3537639.0,Cheque
PG-001550,FE-001179,2025-12-12,2041399.0,Consignación
PG-001551,FE-001186,2025-12-12,13821276.0,Transferencia
PG-001552,FE-001189,2025-12-12,1061518.0,Transferencia
PG-001553,FE-001232,2025-12-12,671565.0,Transferencia
PG-001554,FE-001250,2025-12-12,3181081.0,Consignación
PG-001555,FE-001404,2025-12-12,336370.0,Transferencia
PG-001556,FE-001445,2025-12-12,1237768.0,Transferencia
PG-001557,FE-001464,2025-12-12,599784.0,Transferencia
PG-001558,FE-001473,2025-12-12,2372222.0,Transferencia
PG-001559,FE-001536,2025-12-12,1162384.0,Cheque
PG-001560,FE-001586,2025-12-12,1514087.0,Transferencia
PG-001561,FE-001588,2025-12-12,1375880.0,PSE
PG-001562,FE-001622,2025-12-12,427817.0,Transferencia
PG-001563,FE-001636,2025-12-12,933869.0,Transferencia
PG-001564,FE-001749,2025-12-12,2045530.0,Consignación
PG-001565,FE-001819,2025-12-12,309995.0,Transferencia
PG-001566,FE-001833,2025-12-12,309632.0,Transferencia
PG-001567,FE-001860,2025-12-12,729768.0,Transferencia
PG-001568,FE-001866,2025-12-12,428681.0,PSE
PG-001569,FE-001870,2025-12-12,290552.0,Transferencia
PG-001570,FE-001924,2025-12-12,218833.0,PSE
PG-001571,FE-001964,2025-12-12,715711.0,Transferencia
PG-001572,FE-002088,2025-12-12,790153.0,PSE
PG-001573,FE-002092,2025-12-12,844019.0,Cheque
PG-001574,FE-002093,2025-12-12,361446.0,PSE
PG-001575,FE-002110,2025-12-12,283121.0,PSE
PG-001576,FE-002180,2025-12-12,447573.0,Consignación
PG-001577,FE-002187,2025-12-12,254933.0,Transferencia
PG-001578,FE-002194,2025-12-12,300748.0,PSE
PG-001579,FE-002232,2025-12-12,450012.0,PSE
PG-001580,FE-002250,2025-12-12,213902.0,PSE
PG-001581,FE-002261,2025-12-12,299675.0,Transferencia
PG-001582,FE-002310,2025-12-12,1433250.0,Transferencia
PG-001583,FE-002563,2025-12-12,783252.0,Consignación
PG-001584,FE-002592,2025-12-12,1359358.0,Transferencia
PG-001585,FE-002814,2025-12-12,143967.0,Cheque
PG-001586,FE-000131,2025-12-13,656986.0,PSE
PG-001587,FE-000235,2025-12-13,1685272.0,Transferencia
PG-001588,FE-000271,2025-12-13,1161861.0,Transferencia
PG-001589,FE-000547,2025-12-13,9922567.0,Consignación
PG-001590,FE-000592,2025-12-13,2793576.0,Consignación
PG-001591,FE-000596,2025-12-13,3596682.0,Cheque
PG-001592,FE-000631,2025-12-13,5611909.0,PSE
PG-001593,FE-000725,2025-12-13,4842275.0,Transferencia
PG-001594,FE-000804,2025-12-13,2211639.0,Consignación
PG-001595,FE-000909,2025-12-13,6555692.0,PSE
PG-001596,FE-000935,2025-12-13,3788464.0,Transferencia
PG-001597,FE-001102,2025-12-13,199219.0,Transferencia
PG-001598,FE-001144,2025-12-13,846372.0,Transferencia
PG-001599,FE-001166,2025-12-13,1603737.0,Transferencia
PG-001600,FE-001184,2025-12-13,4684278.0,Cheque
PG-001601,FE-001193,2025-12-13,85735.0,Transferencia
PG-001602,FE-001214,2025-12-13,348878.0,Transferencia
PG-001603,FE-001221,2025-12-13,2222916.0,Transferencia
PG-001604,FE-001248,2025-12-13,707397.0,PSE
PG-001605,FE-001318,2025-12-13,1409350.0,Transferencia
PG-001606,FE-001321,2025-12-13,2348164.0,Transferencia
PG-001607,FE-001355,2025-12-13,595907.0,Transferencia
PG-001608,FE-001388,2025-12-13,176798.0,Consignación
PG-001609,FE-001410,2025-12-13,2243644.0,PSE
PG-001610,FE-001434,2025-12-13,268164.0,Consignación
PG-001611,FE-001453,2025-12-13,902088.0,Consignación
PG-001612,FE-001489,2025-12-13,871562.0,Consignación
PG-001613,FE-001533,2025-12-13,1682542.0,Transferencia
PG-001614,FE-001555,2025-12-13,1296369.0,PSE
PG-001615,FE-001623,2025-12-13,111470.0,Transferencia
PG-001616,FE-001627,2025-12-13,227227.0,Transferencia
PG-001617,FE-001684,2025-12-13,172076.0,Transferencia
PG-001618,FE-001688,2025-12-13,2248103.0,Consignación
PG-001619,FE-001710,2025-12-13,1856905.0,Transferencia
PG-001620,FE-001711,2025-12-13,1092677.0,Cheque
PG-001621,FE-001834,2025-12-13,345641.0,Transferencia
PG-001622,FE-001867,2025-12-13,302101.0,Transferencia
PG-001623,FE-001923,2025-12-13,88693.0,Consignación
PG-001624,FE-002086,2025-12-13,537256.0,Transferencia
PG-001625,FE-002121,2025-12-13,229605.0,PSE
PG-001626,FE-002146,2025-12-13,1955341.0,Transferencia
PG-001627,FE-002151,2025-12-13,4683836.0,Transferencia
PG-001628,FE-002218,2025-12-13,380523.0,Transferencia
PG-001629,FE-002275,2025-12-13,2149011.0,PSE
PG-001630,FE-002327,2025-12-13,306941.0,Consignación
PG-001631,FE-002373,2025-12-13,544238.0,Transferencia
PG-001632,FE-002455,2025-12-13,187163.0,Cheque
PG-001633,FE-002493,2025-12-13,102660.0,PSE
PG-001634,FE-002512,2025-12-13,248491.0,PSE
PG-001635,FE-002543,2025-12-13,150076.0,PSE
PG-001636,FE-002954,2025-12-13,403899.0,Cheque
PG-001637,FE-000297,2025-12-14,1225047.0,PSE
PG-001638,FE-000345,2025-12-14,9730634.0,Cheque
PG-001639,FE-000634,2025-12-14,1517655.0,Consignación
PG-001640,FE-000664,2025-12-14,7092537.0,Transferencia
PG-001641,FE-000716,2025-12-14,528032.0,Transferencia
PG-001642,FE-000795,2025-12-14,3756045.0,Cheque
PG-001643,FE-000853,2025-12-14,139544.0,Transferencia
PG-001644,FE-000867,2025-12-14,1181117.0,Transferencia
PG-001645,FE-000926,2025-12-14,392506.0,Transferencia
PG-001646,FE-000933,2025-12-14,4551932.0,Transferencia
PG-001647,FE-000972,2025-12-14,943875.0,Transferencia
PG-001648,FE-000995,2025-12-14,7276539.0,Cheque
PG-001649,FE-001012,2025-12-14,1338936.0,Transferencia
PG-001650,FE-001066,2025-12-14,2062626.0,Transferencia
PG-001651,FE-001080,2025-12-14,100141.0,PSE
PG-001652,FE-001148,2025-12-14,577470.0,Consignación
PG-001653,FE-001251,2025-12-14,4405650.0,PSE
PG-001654,FE-001255,2025-12-14,1150530.0,Cheque
PG-001655,FE-001257,2025-12-14,429107.0,Cheque
PG-001656,FE-001331,2025-12-14,1364237.0,Transferencia
PG-001657,FE-001332,2025-12-14,4824502.0,Transferencia
PG-001658,FE-001394,2025-12-14,1116101.0,Transferencia
PG-001659,FE-001399,2025-12-14,974221.0,PSE
PG-001660,FE-001409,2025-12-14,4341920.0,PSE
PG-001661,FE-001440,2025-12-14,318538.0,Cheque
PG-001662,FE-001471,2025-12-14,2809873.0,Transferencia
PG-001663,FE-001472,2025-12-14,9089979.0,Transferencia
PG-001664,FE-001504,2025-12-14,2433276.0,Cheque
PG-001665,FE-001525,2025-12-14,177874.0,PSE
PG-001666,FE-001526,2025-12-14,984685.0,Consignación
PG-001667,FE-001535,2025-12-14,254032.0,Transferencia
PG-001668,FE-001593,2025-12-14,2108142.0,Transferencia
PG-001669,FE-001612,2025-12-14,1978856.0,Transferencia
PG-001670,FE-001643,2025-12-14,443444.0,PSE
PG-001671,FE-001651,2025-12-14,441108.0,Transferencia
PG-001672,FE-001652,2025-12-14,406418.0,PSE
PG-001673,FE-001723,2025-12-14,641543.0,Transferencia
PG-001674,FE-001798,2025-12-14,1292346.0,PSE
PG-001675,FE-001817,2025-12-14,5302847.0,Transferencia
PG-001676,FE-001823,2025-12-14,6631858.0,Transferencia
PG-001677,FE-001837,2025-12-14,2277296.0,Consignación
PG-001678,FE-001841,2025-12-14,2753301.0,Transferencia
PG-001679,FE-001885,2025-12-14,2163266.0,Transferencia
PG-001680,FE-001921,2025-12-14,335560.0,Transferencia
PG-001681,FE-001926,2025-12-14,4426875.0,Transferencia
PG-001682,FE-001980,2025-12-14,431594.0,PSE
PG-001683,FE-002034,2025-12-14,324088.0,Consignación
PG-001684,FE-002042,2025-12-14,96075.0,PSE
PG-001685,FE-002043,2025-12-14,672233.0,Transferencia
PG-001686,FE-002047,2025-12-14,639000.0,Consignación
PG-001687,FE-002078,2025-12-14,1096528.0,Transferencia
PG-001688,FE-002164,2025-12-14,3626630.0,Transferencia
PG-001689,FE-002165,2025-12-14,4756378.0,Transferencia
PG-001690,FE-002181,2025-12-14,1993715.0,Transferencia
PG-001691,FE-002239,2025-12-14,278871.0,Transferencia
PG-001692,FE-002305,2025-12-14,369764.0,Transferencia
PG-001693,FE-002324,2025-12-14,196185.0,Consignación
PG-001694,FE-002403,2025-12-14,149094.0,Consignación
PG-001695,FE-002448,2025-12-14,437383.0,Transferencia
PG-001696,FE-002457,2025-12-14,842569.0,Cheque
PG-001697,FE-002458,2025-12-14,494873.0,PSE
PG-001698,FE-002498,2025-12-14,77683.0,Transferencia
PG-001699,FE-002581,2025-12-14,292742.0,PSE
PG-001700,FE-002650,2025-12-14,1003567.0,PSE
PG-001701,FE-002667,2025-12-14,90699.0,Transferencia
PG-001702,FE-002802,2025-12-14,383105.0,Cheque
PG-001703,FE-002864,2025-12-14,543133.0,Transferencia
PG-001704,FE-000425,2025-12-15,7352425.0,PSE
PG-001705,FE-000496,2025-12-15,400180.0,Transferencia
PG-001706,FE-000650,2025-12-15,1723214.0,Consignación
PG-001707,FE-000701,2025-12-15,507529.0,Cheque
PG-001708,FE-000797,2025-12-15,999898.0,Consignación
PG-001709,FE-000847,2025-12-15,5036345.0,Transferencia
PG-001710,FE-000860,2025-12-15,2749006.0,Consignación
PG-001711,FE-001081,2025-12-15,2805728.0,Transferencia
PG-001712,FE-001228,2025-12-15,491798.0,Transferencia
PG-001713,FE-001275,2025-12-15,579505.0,PSE
PG-001714,FE-001292,2025-12-15,1188197.0,Transferencia
PG-001715,FE-001346,2025-12-15,1121575.0,PSE
PG-001716,FE-001415,2025-12-15,1174053.0,Transferencia
PG-001717,FE-001431,2025-12-15,2218724.0,Cheque
PG-001718,FE-001454,2025-12-15,1851121.0,Consignación
PG-001719,FE-001488,2025-12-15,1347919.0,Consignación
PG-001720,FE-001513,2025-12-15,1631035.0,PSE
PG-001721,FE-001556,2025-12-15,1149127.0,Transferencia
PG-001722,FE-001571,2025-12-15,1623529.0,Cheque
PG-001723,FE-001574,2025-12-15,776711.0,Transferencia
PG-001724,FE-001592,2025-12-15,1739302.0,Cheque
PG-001725,FE-001631,2025-12-15,231186.0,Cheque
PG-001726,FE-001659,2025-12-15,4066431.0,Cheque
PG-001727,FE-001738,2025-12-15,657302.0,Transferencia
PG-001728,FE-001828,2025-12-15,367297.0,Transferencia
PG-001729,FE-001829,2025-12-15,2090277.0,Consignación
PG-001730,FE-001888,2025-12-15,542667.0,PSE
PG-001731,FE-001911,2025-12-15,633695.0,Cheque
PG-001732,FE-001920,2025-12-15,867044.0,Transferencia
PG-001733,FE-001974,2025-12-15,207115.0,PSE
PG-001734,FE-002067,2025-12-15,396232.0,Transferencia
PG-001735,FE-002081,2025-12-15,170140.0,PSE
PG-001736,FE-002149,2025-12-15,29533.0,Transferencia
PG-001737,FE-002175,2025-12-15,54063.0,PSE
PG-001738,FE-002198,2025-12-15,274131.0,Transferencia
PG-001739,FE-002210,2025-12-15,322194.0,Transferencia
PG-001740,FE-002213,2025-12-15,324872.0,PSE
PG-001741,FE-002418,2025-12-15,2437910.0,PSE
PG-001742,FE-002425,2025-12-15,284734.0,Cheque
PG-001743,FE-002569,2025-12-15,977828.0,PSE
PG-001744,FE-002577,2025-12-15,91897.0,Cheque
PG-001745,FE-002722,2025-12-15,221793.0,PSE
PG-001746,FE-002805,2025-12-15,70448.0,PSE
PG-001747,FE-002979,2025-12-15,655628.0,Consignación
PG-001748,FE-002989,2025-12-15,551528.0,Consignación
PG-001749,FE-003213,2025-12-15,725149.0,Transferencia
PG-001750,FE-000611,2025-12-16,3423260.0,Transferencia
PG-001751,FE-000685,2025-12-16,2137035.0,Transferencia
PG-001752,FE-000687,2025-12-16,1574488.0,Transferencia
PG-001753,FE-000689,2025-12-16,5598938.0,Transferencia
PG-001754,FE-000707,2025-12-16,1407096.0,Transferencia
PG-001755,FE-000789,2025-12-16,1514438.0,Cheque
PG-001756,FE-000840,2025-12-16,1376885.0,Transferencia
PG-001757,FE-001014,2025-12-16,5582580.0,Transferencia
PG-001758,FE-001077,2025-12-16,925494.0,Transferencia
PG-001759,FE-001101,2025-12-16,2005139.0,Transferencia
PG-001760,FE-001135,2025-12-16,2916246.0,Transferencia
PG-001761,FE-001294,2025-12-16,1100388.0,PSE
PG-001762,FE-001343,2025-12-16,5837958.0,Transferencia
PG-001763,FE-001437,2025-12-16,665806.0,Transferencia
PG-001764,FE-001480,2025-12-16,3393211.0,Transferencia
PG-001765,FE-001493,2025-12-16,400499.0,Transferencia
PG-001766,FE-001497,2025-12-16,621186.0,Transferencia
PG-001767,FE-001624,2025-12-16,2708765.0,Transferencia
PG-001768,FE-001656,2025-12-16,2286739.0,Consignación
PG-001769,FE-001660,2025-12-16,1486826.0,Consignación
PG-001770,FE-001664,2025-12-16,668468.0,PSE
PG-001771,FE-001687,2025-12-16,726684.0,Transferencia
PG-001772,FE-001735,2025-12-16,1706259.0,Transferencia
PG-001773,FE-001752,2025-12-16,4108970.0,Transferencia
PG-001774,FE-001754,2025-12-16,1335593.0,PSE
PG-001775,FE-001761,2025-12-16,318125.0,Consignación
PG-001776,FE-001764,2025-12-16,1087631.0,Cheque
PG-001777,FE-001781,2025-12-16,1601176.0,PSE
PG-001778,FE-001792,2025-12-16,5871619.0,Consignación
PG-001779,FE-001806,2025-12-16,215395.0,PSE
PG-001780,FE-001826,2025-12-16,431439.0,Transferencia
PG-001781,FE-001848,2025-12-16,220658.0,PSE
PG-001782,FE-001927,2025-12-16,2187453.0,Consignación
PG-001783,FE-001930,2025-12-16,128734.0,Transferencia
PG-001784,FE-001968,2025-12-16,1607797.0,Transferencia
PG-001785,FE-001973,2025-12-16,515268.0,Cheque
PG-001786,FE-001992,2025-12-16,1176749.0,PSE
PG-001787,FE-002005,2025-12-16,263084.0,Transferencia
PG-001788,FE-002006,2025-12-16,264007.0,Transferencia
PG-001789,FE-002049,2025-12-16,393738.0,Transferencia
PG-001790,FE-002147,2025-12-16,650510.0,Transferencia
PG-001791,FE-002169,2025-12-16,290677.0,Transferencia
PG-001792,FE-002216,2025-12-16,911657.0,PSE
PG-001793,FE-002293,2025-12-16,219932.0,Transferencia
PG-001794,FE-002311,2025-12-16,287480.0,Transferencia
PG-001795,FE-002322,2025-12-16,123404.0,PSE
PG-001796,FE-002372,2025-12-16,594019.0,Transferencia
PG-001797,FE-002483,2025-12-16,276723.0,Consignación
PG-001798,FE-002485,2025-12-16,591285.0,PSE
PG-001799,FE-002490,2025-12-16,1004039.0,Transferencia
PG-001800,FE-002546,2025-12-16,481704.0,Transferencia
PG-001801,FE-002712,2025-12-16,818721.0,Transferencia
PG-001802,FE-003034,2025-12-16,167857.0,Transferencia
PG-001803,FE-003091,2025-12-16,386264.0,Transferencia
PG-001804,FE-000458,2025-12-17,3404646.0,Transferencia
PG-001805,FE-000550,2025-12-17,131839.0,Transferencia
PG-001806,FE-000643,2025-12-17,407531.0,PSE
PG-001807,FE-000787,2025-12-17,1575464.0,Consignación
PG-001808,FE-000870,2025-12-17,2976065.0,Transferencia
PG-001809,FE-000976,2025-12-17,1658737.0,Transferencia
PG-001810,FE-001022,2025-12-17,1569877.0,Transferencia
PG-001811,FE-001034,2025-12-17,858234.0,Transferencia
PG-001812,FE-001069,2025-12-17,2967263.0,PSE
PG-001813,FE-001114,2025-12-17,3786393.0,Transferencia
PG-001814,FE-001158,2025-12-17,1138003.0,Transferencia
PG-001815,FE-001256,2025-12-17,6749887.0,PSE
PG-001816,FE-001288,2025-12-17,2150475.0,PSE
PG-001817,FE-001326,2025-12-17,2078859.0,Transferencia
PG-001818,FE-001378,2025-12-17,345518.0,Consignación
PG-001819,FE-001421,2025-12-17,3447655.0,Transferencia
PG-001820,FE-001447,2025-12-17,506333.0,Transferencia
PG-001821,FE-001528,2025-12-17,1610617.0,Transferencia
PG-001822,FE-001549,2025-12-17,726306.0,Transferencia
PG-001823,FE-001568,2025-12-17,2810816.0,Consignación
PG-001824,FE-001570,2025-12-17,446633.0,Consignación
PG-001825,FE-001576,2025-12-17,627351.0,Cheque
PG-001826,FE-001616,2025-12-17,2303435.0,Transferencia
PG-001827,FE-001620,2025-12-17,672393.0,Transferencia
PG-001828,FE-001745,2025-12-17,888940.0,Transferencia
PG-001829,FE-001791,2025-12-17,252581.0,Transferencia
PG-001830,FE-001802,2025-12-17,2912977.0,Transferencia
PG-001831,FE-001855,2025-12-17,613315.0,Transferencia
PG-001832,FE-001876,2025-12-17,445972.0,Transferencia
PG-001833,FE-001896,2025-12-17,2350705.0,Transferencia
PG-001834,FE-001901,2025-12-17,1452916.0,Transferencia
PG-001835,FE-001940,2025-12-17,1014619.0,Transferencia
PG-001836,FE-001997,2025-12-17,10397.0,Transferencia
PG-001837,FE-002004,2025-12-17,3326051.0,Transferencia
PG-001838,FE-002045,2025-12-17,84340.0,Consignación
PG-001839,FE-002068,2025-12-17,465283.0,Transferencia
PG-001840,FE-002104,2025-12-17,3944056.0,Transferencia
PG-001841,FE-002128,2025-12-17,264262.0,PSE
PG-001842,FE-002140,2025-12-17,103310.0,Transferencia
PG-001843,FE-002153,2025-12-17,189813.0,Transferencia
PG-001844,FE-002190,2025-12-17,441711.0,Consignación
PG-001845,FE-002222,2025-12-17,1860923.0,Transferencia
PG-001846,FE-002223,2025-12-17,814631.0,Transferencia
PG-001847,FE-002240,2025-12-17,72091.0,Consignación
PG-001848,FE-002264,2025-12-17,17384.0,PSE
PG-001849,FE-002296,2025-12-17,39203.0,Transferencia
PG-001850,FE-002321,2025-12-17,886020.0,Cheque
PG-001851,FE-002361,2025-12-17,141775.0,Consignación
PG-001852,FE-002416,2025-12-17,109111.0,Transferencia
PG-001853,FE-002443,2025-12-17,2977435.0,Transferencia
PG-001854,FE-002478,2025-12-17,4445658.0,PSE
PG-001855,FE-002532,2025-12-17,444119.0,Transferencia
PG-001856,FE-002544,2025-12-17,660944.0,Transferencia
PG-001857,FE-002609,2025-12-17,105347.0,Cheque
PG-001858,FE-002619,2025-12-17,859566.0,Transferencia
PG-001859,FE-002689,2025-12-17,2067022.0,Transferencia
PG-001860,FE-002724,2025-12-17,155810.0,Cheque
PG-001861,FE-002758,2025-12-17,29316.0,Transferencia
PG-001862,FE-002786,2025-12-17,157203.0,Transferencia
PG-001863,FE-002860,2025-12-17,223494.0,Transferencia
PG-001864,FE-002881,2025-12-17,361678.0,Transferencia
PG-001865,FE-003169,2025-12-17,582714.0,Transferencia
PG-001866,FE-000439,2025-12-18,1047945.0,Transferencia
PG-001867,FE-000667,2025-12-18,3088633.0,PSE
PG-001868,FE-000726,2025-12-18,6491894.0,Cheque
PG-001869,FE-000768,2025-12-18,3392813.0,Transferencia
PG-001870,FE-000799,2025-12-18,3020335.0,Transferencia
PG-001871,FE-000978,2025-12-18,3555143.0,PSE
PG-001872,FE-001011,2025-12-18,5720207.0,Cheque
PG-001873,FE-001018,2025-12-18,1462806.0,PSE
PG-001874,FE-001042,2025-12-18,261181.0,Cheque
PG-001875,FE-001054,2025-12-18,1954969.0,PSE
PG-001876,FE-001123,2025-12-18,419583.0,PSE
PG-001877,FE-001223,2025-12-18,1584148.0,Transferencia
PG-001878,FE-001234,2025-12-18,9765822.0,Transferencia
PG-001879,FE-001252,2025-12-18,144885.0,Transferencia
PG-001880,FE-001270,2025-12-18,839005.0,Cheque
PG-001881,FE-001272,2025-12-18,1350065.0,Transferencia
PG-001882,FE-001306,2025-12-18,2352180.0,PSE
PG-001883,FE-001446,2025-12-18,999214.0,Transferencia
PG-001884,FE-001532,2025-12-18,1015920.0,Transferencia
PG-001885,FE-001539,2025-12-18,829700.0,PSE
PG-001886,FE-001566,2025-12-18,2232592.0,Consignación
PG-001887,FE-001584,2025-12-18,999431.0,PSE
PG-001888,FE-001602,2025-12-18,1082537.0,Transferencia
PG-001889,FE-001625,2025-12-18,2113112.0,Consignación
PG-001890,FE-001689,2025-12-18,1197784.0,Transferencia
PG-001891,FE-001701,2025-12-18,151224.0,Transferencia
PG-001892,FE-001804,2025-12-18,581315.0,PSE
PG-001893,FE-001832,2025-12-18,1302902.0,Transferencia
PG-001894,FE-001851,2025-12-18,341158.0,Transferencia
PG-001895,FE-001869,2025-12-18,7074838.0,Transferencia
PG-001896,FE-001893,2025-12-18,3056378.0,Consignación
PG-001897,FE-001899,2025-12-18,749300.0,Transferencia
PG-001898,FE-001902,2025-12-18,3035467.0,PSE
PG-001899,FE-001910,2025-12-18,315204.0,Transferencia
PG-001900,FE-001933,2025-12-18,561340.0,PSE
PG-001901,FE-001934,2025-12-18,5273943.0,Transferencia
PG-001902,FE-001984,2025-12-18,194226.0,Cheque
PG-001903,FE-002037,2025-12-18,929585.0,Transferencia
PG-001904,FE-002052,2025-12-18,2384088.0,Cheque
PG-001905,FE-002124,2025-12-18,364171.0,Transferencia
PG-001906,FE-002174,2025-12-18,550742.0,Transferencia
PG-001907,FE-002260,2025-12-18,442774.0,PSE
PG-001908,FE-002272,2025-12-18,973507.0,Transferencia
PG-001909,FE-002292,2025-12-18,156522.0,PSE
PG-001910,FE-002295,2025-12-18,52530.0,Transferencia
PG-001911,FE-002360,2025-12-18,268374.0,Transferencia
PG-001912,FE-002442,2025-12-18,629431.0,Transferencia
PG-001913,FE-002452,2025-12-18,191504.0,Transferencia
PG-001914,FE-002531,2025-12-18,655497.0,PSE
PG-001915,FE-002538,2025-12-18,71767.0,Transferencia
PG-001916,FE-002539,2025-12-18,259232.0,Consignación
PG-001917,FE-002558,2025-12-18,6424627.0,PSE
PG-001918,FE-002585,2025-12-18,377310.0,PSE
PG-001919,FE-002595,2025-12-18,320186.0,PSE
PG-001920,FE-002614,2025-12-18,455739.0,Transferencia
PG-001921,FE-002691,2025-12-18,247045.0,PSE
PG-001922,FE-002704,2025-12-18,150207.0,Transferencia
PG-001923,FE-002720,2025-12-18,649423.0,Transferencia
PG-001924,FE-002738,2025-12-18,242812.0,Transferencia
PG-001925,FE-002834,2025-12-18,1149434.0,PSE
PG-001926,FE-002921,2025-12-18,1575097.0,Transferencia
PG-001927,FE-003033,2025-12-18,265760.0,Transferencia
PG-001928,FE-003142,2025-12-18,704390.0,Transferencia
PG-001929,FE-003230,2025-12-18,495453.0,Transferencia
PG-001930,FE-000646,2025-12-19,1624651.0,Transferencia
PG-001931,FE-000812,2025-12-19,1929267.0,Transferencia
PG-001932,FE-000945,2025-12-19,2885400.0,Consignación
PG-001933,FE-000951,2025-12-19,2055635.0,Transferencia
PG-001934,FE-001188,2025-12-19,880945.0,Consignación
PG-001935,FE-001225,2025-12-19,1958139.0,Transferencia
PG-001936,FE-001379,2025-12-19,2392080.0,Transferencia
PG-001937,FE-001500,2025-12-19,2346137.0,Cheque
PG-001938,FE-001503,2025-12-19,895678.0,Transferencia
PG-001939,FE-001626,2025-12-19,82830.0,Cheque
PG-001940,FE-001630,2025-12-19,177097.0,Transferencia
PG-001941,FE-001695,2025-12-19,4308792.0,Consignación
PG-001942,FE-001756,2025-12-19,2122558.0,Consignación
PG-001943,FE-001793,2025-12-19,1427511.0,Transferencia
PG-001944,FE-001796,2025-12-19,1244730.0,Transferencia
PG-001945,FE-001816,2025-12-19,111297.0,Consignación
PG-001946,FE-001820,2025-12-19,2549535.0,Transferencia
PG-001947,FE-001936,2025-12-19,545927.0,Consignación
PG-001948,FE-001952,2025-12-19,372497.0,PSE
PG-001949,FE-001975,2025-12-19,2398327.0,Transferencia
PG-001950,FE-001993,2025-12-19,1492569.0,Transferencia
PG-001951,FE-002014,2025-12-19,584347.0,PSE
PG-001952,FE-002015,2025-12-19,7219972.0,Transferencia
PG-001953,FE-002048,2025-12-19,340846.0,Transferencia
PG-001954,FE-002065,2025-12-19,236436.0,Transferencia
PG-001955,FE-002097,2025-12-19,292827.0,Transferencia
PG-001956,FE-002134,2025-12-19,569401.0,Consignación
PG-001957,FE-002193,2025-12-19,5790695.0,PSE
PG-001958,FE-002217,2025-12-19,735634.0,Transferencia
PG-001959,FE-002228,2025-12-19,478573.0,PSE
PG-001960,FE-002233,2025-12-19,881454.0,Transferencia
PG-001961,FE-002268,2025-12-19,174773.0,Consignación
PG-001962,FE-002290,2025-12-19,25374.0,Transferencia
PG-001963,FE-002306,2025-12-19,632934.0,PSE
PG-001964,FE-002308,2025-12-19,1020824.0,Transferencia
PG-001965,FE-002355,2025-12-19,790237.0,Transferencia
PG-001966,FE-002451,2025-12-19,1123273.0,Transferencia
PG-001967,FE-002494,2025-12-19,755626.0,Transferencia
PG-001968,FE-002564,2025-12-19,1273406.0,Transferencia
PG-001969,FE-002591,2025-12-19,1889137.0,Transferencia
PG-001970,FE-002618,2025-12-19,397717.0,Transferencia
PG-001971,FE-002632,2025-12-19,950964.0,Transferencia
PG-001972,FE-002655,2025-12-19,156744.0,Transferencia
PG-001973,FE-002693,2025-12-19,67077.0,Transferencia
PG-001974,FE-002708,2025-12-19,233219.0,Transferencia
PG-001975,FE-002742,2025-12-19,1045715.0,PSE
PG-001976,FE-002756,2025-12-19,161825.0,PSE
PG-001977,FE-002807,2025-12-19,220337.0,Transferencia
PG-001978,FE-002828,2025-12-19,273454.0,Transferencia
PG-001979,FE-002902,2025-12-19,1035765.0,PSE
PG-001980,FE-002964,2025-12-19,406891.0,Consignación
PG-001981,FE-002999,2025-12-19,308286.0,Transferencia
PG-001982,FE-003159,2025-12-19,748196.0,Cheque
PG-001983,FE-000560,2025-12-20,7103974.0,Transferencia
PG-001984,FE-000903,2025-12-20,246248.0,Transferencia
PG-001985,FE-000914,2025-12-20,5614001.0,Transferencia
PG-001986,FE-001113,2025-12-20,3360696.0,Transferencia
PG-001987,FE-001233,2025-12-20,2656056.0,PSE
PG-001988,FE-001242,2025-12-20,248148.0,PSE
PG-001989,FE-001283,2025-12-20,932259.0,Transferencia
PG-001990,FE-001402,2025-12-20,4271450.0,Transferencia
PG-001991,FE-001425,2025-12-20,267128.0,Cheque
PG-001992,FE-001449,2025-12-20,611570.0,Cheque
PG-001993,FE-001452,2025-12-20,535794.0,Transferencia
PG-001994,FE-001474,2025-12-20,4367896.0,PSE
PG-001995,FE-001498,2025-12-20,348591.0,PSE
PG-001996,FE-001580,2025-12-20,1608593.0,PSE
PG-001997,FE-001682,2025-12-20,365576.0,Transferencia
PG-001998,FE-001734,2025-12-20,1136667.0,Consignación
PG-001999,FE-001765,2025-12-20,2825394.0,Transferencia
PG-002000,FE-001788,2025-12-20,645733.0,Cheque
PG-002001,FE-001795,2025-12-20,1232836.0,Cheque
PG-002002,FE-001811,2025-12-20,3205679.0,Transferencia
PG-002003,FE-001884,2025-12-20,173958.0,Transferencia
PG-002004,FE-001918,2025-12-20,870713.0,PSE
PG-002005,FE-001958,2025-12-20,284941.0,Transferencia
PG-002006,FE-001961,2025-12-20,1631397.0,Transferencia
PG-002007,FE-002003,2025-12-20,1182355.0,Transferencia
PG-002008,FE-002064,2025-12-20,2012083.0,Consignación
PG-002009,FE-002177,2025-12-20,1335680.0,Cheque
PG-002010,FE-002192,2025-12-20,3386492.0,Transferencia
PG-002011,FE-002234,2025-12-20,1874060.0,PSE
PG-002012,FE-002235,2025-12-20,3025437.0,Transferencia
PG-002013,FE-002243,2025-12-20,2138297.0,Transferencia
PG-002014,FE-002263,2025-12-20,4436038.0,Transferencia
PG-002015,FE-002326,2025-12-20,412671.0,Transferencia
PG-002016,FE-002341,2025-12-20,37110.0,PSE
PG-002017,FE-002435,2025-12-20,1711949.0,PSE
PG-002018,FE-002467,2025-12-20,959445.0,Transferencia
PG-002019,FE-002477,2025-12-20,491438.0,Transferencia
PG-002020,FE-002505,2025-12-20,242127.0,Transferencia
PG-002021,FE-002514,2025-12-20,364760.0,Consignación
PG-002022,FE-002557,2025-12-20,135188.0,Transferencia
PG-002023,FE-002654,2025-12-20,225982.0,Transferencia
PG-002024,FE-002671,2025-12-20,1903573.0,PSE
PG-002025,FE-002677,2025-12-20,643692.0,PSE
PG-002026,FE-002709,2025-12-20,322590.0,Transferencia
PG-002027,FE-002718,2025-12-20,541220.0,Transferencia
PG-002028,FE-002770,2025-12-20,365821.0,Transferencia
PG-002029,FE-002893,2025-12-20,6577.0,Transferencia
PG-002030,FE-002895,2025-12-20,752793.0,Transferencia
PG-002031,FE-002915,2025-12-20,1065533.0,PSE
PG-002032,FE-002937,2025-12-20,171424.0,Consignación
PG-002033,FE-002947,2025-12-20,320333.0,Transferencia
PG-002034,FE-002971,2025-12-20,573882.0,PSE
PG-002035,FE-003022,2025-12-20,1317003.0,Transferencia
PG-002036,FE-003120,2025-12-20,274478.0,Transferencia
PG-002037,FE-003203,2025-12-20,818415.0,Cheque
PG-002038,FE-000433,2025-12-21,4118434.0,Transferencia
PG-002039,FE-000851,2025-12-21,1582094.0,Transferencia
PG-002040,FE-000937,2025-12-21,6170200.0,Transferencia
PG-002041,FE-000963,2025-12-21,7464914.0,Transferencia
PG-002042,FE-001036,2025-12-21,1737451.0,Transferencia
PG-002043,FE-001253,2025-12-21,5724042.0,Consignación
PG-002044,FE-001322,2025-12-21,433236.0,Transferencia
PG-002045,FE-001369,2025-12-21,937759.0,Consignación
PG-002046,FE-001456,2025-12-21,427874.0,Transferencia
PG-002047,FE-001569,2025-12-21,1692971.0,PSE
PG-002048,FE-001667,2025-12-21,7603944.0,Transferencia
PG-002049,FE-001678,2025-12-21,1031334.0,Cheque
PG-002050,FE-001679,2025-12-21,2946588.0,Transferencia
PG-002051,FE-001718,2025-12-21,1802625.0,Cheque
PG-002052,FE-001782,2025-12-21,1829576.0,Transferencia
PG-002053,FE-001803,2025-12-21,1640809.0,Transferencia
PG-002054,FE-001809,2025-12-21,3399679.0,Cheque
PG-002055,FE-001983,2025-12-21,4311451.0,Consignación
PG-002056,FE-001990,2025-12-21,239498.0,Transferencia
PG-002057,FE-002023,2025-12-21,1476608.0,PSE
PG-002058,FE-002102,2025-12-21,225338.0,Consignación
PG-002059,FE-002111,2025-12-21,1098976.0,Transferencia
PG-002060,FE-002114,2025-12-21,9213983.0,Transferencia
PG-002061,FE-002135,2025-12-21,1248888.0,Transferencia
PG-002062,FE-002163,2025-12-21,653711.0,Cheque
PG-002063,FE-002195,2025-12-21,250134.0,Transferencia
PG-002064,FE-002199,2025-12-21,229740.0,Transferencia
PG-002065,FE-002219,2025-12-21,664792.0,Transferencia
PG-002066,FE-002224,2025-12-21,1288437.0,Transferencia
PG-002067,FE-002262,2025-12-21,337370.0,Cheque
PG-002068,FE-002334,2025-12-21,1250538.0,Consignación
PG-002069,FE-002356,2025-12-21,682789.0,PSE
PG-002070,FE-002376,2025-12-21,1210429.0,PSE
PG-002071,FE-002424,2025-12-21,479679.0,Transferencia
PG-002072,FE-002464,2025-12-21,115995.0,Transferencia
PG-002073,FE-002469,2025-12-21,362963.0,Transferencia
PG-002074,FE-002475,2025-12-21,132280.0,Transferencia
PG-002075,FE-002525,2025-12-21,2275154.0,Transferencia
PG-002076,FE-002549,2025-12-21,333370.0,Transferencia
PG-002077,FE-002568,2025-12-21,307013.0,Transferencia
PG-002078,FE-002571,2025-12-21,717660.0,PSE
PG-002079,FE-002583,2025-12-21,1219292.0,Transferencia
PG-002080,FE-002684,2025-12-21,573610.0,Consignación
PG-002081,FE-002697,2025-12-21,60573.0,Consignación
PG-002082,FE-002761,2025-12-21,262894.0,Transferencia
PG-002083,FE-002823,2025-12-21,620327.0,Transferencia
PG-002084,FE-002912,2025-12-21,267357.0,Transferencia
PG-002085,FE-002985,2025-12-21,299998.0,Transferencia
PG-002086,FE-003326,2025-12-21,176869.0,PSE
PG-002087,FE-000854,2025-12-22,7160500.0,Consignación
PG-002088,FE-000899,2025-12-22,3527826.0,PSE
PG-002089,FE-000939,2025-12-22,4881479.0,PSE
PG-002090,FE-000942,2025-12-22,488821.0,Consignación
PG-002091,FE-001065,2025-12-22,899172.0,Transferencia
PG-002092,FE-001089,2025-12-22,2231300.0,PSE
PG-002093,FE-001103,2025-12-22,13479474.0,PSE
PG-002094,FE-001134,2025-12-22,1914540.0,Transferencia
PG-002095,FE-001245,2025-12-22,1103343.0,PSE
PG-002096,FE-001327,2025-12-22,343879.0,Transferencia
PG-002097,FE-001478,2025-12-22,2411642.0,PSE
PG-002098,FE-001483,2025-12-22,67792.0,Consignación
PG-002099,FE-001496,2025-12-22,1975419.0,Transferencia
PG-002100,FE-001557,2025-12-22,1665238.0,Transferencia
PG-002101,FE-001567,2025-12-22,53856.0,PSE
PG-002102,FE-001600,2025-12-22,5415487.0,Transferencia
PG-002103,FE-001632,2025-12-22,2163449.0,PSE
PG-002104,FE-001668,2025-12-22,2123856.0,Transferencia
PG-002105,FE-001694,2025-12-22,1330408.0,Transferencia
PG-002106,FE-001733,2025-12-22,18271327.0,Transferencia
PG-002107,FE-001748,2025-12-22,73842.0,Transferencia
PG-002108,FE-001773,2025-12-22,728006.0,Consignación
PG-002109,FE-001777,2025-12-22,800488.0,Transferencia
PG-002110,FE-001784,2025-12-22,556294.0,Transferencia
PG-002111,FE-001810,2025-12-22,3256874.0,Consignación
PG-002112,FE-001906,2025-12-22,1789202.0,Consignación
PG-002113,FE-001967,2025-12-22,3596457.0,PSE
PG-002114,FE-002229,2025-12-22,165611.0,PSE
PG-002115,FE-002408,2025-12-22,570936.0,Transferencia
PG-002116,FE-002423,2025-12-22,997756.0,Consignación
PG-002117,FE-002465,2025-12-22,2537763.0,Transferencia
PG-002118,FE-002479,2025-12-22,615240.0,Transferencia
PG-002119,FE-002480,2025-12-22,562882.0,PSE
PG-002120,FE-002541,2025-12-22,565457.0,Transferencia
PG-002121,FE-002959,2025-12-22,556288.0,PSE
PG-002122,FE-003009,2025-12-22,551592.0,Consignación
PG-002123,FE-003013,2025-12-22,1169232.0,PSE
PG-002124,FE-003019,2025-12-22,248333.0,PSE
PG-002125,FE-003054,2025-12-22,2323997.0,Transferencia
PG-002126,FE-003140,2025-12-22,1726401.0,PSE
PG-002127,FE-003391,2025-12-22,39133.0,Transferencia
PG-002128,FE-003493,2025-12-22,150485.0,Cheque
PG-002129,FE-003715,2025-12-22,72033.0,PSE
PG-002130,FE-001122,2025-12-23,831201.0,Cheque
PG-002131,FE-001161,2025-12-23,941201.0,Transferencia
PG-002132,FE-001296,2025-12-23,591466.0,Consignación
PG-002133,FE-001352,2025-12-23,241308.0,Transferencia
PG-002134,FE-001430,2025-12-23,216509.0,Cheque
PG-002135,FE-001594,2025-12-23,5402637.0,Transferencia
PG-002136,FE-001729,2025-12-23,1177069.0,Transferencia
PG-002137,FE-001753,2025-12-23,1627082.0,PSE
PG-002138,FE-001763,2025-12-23,3547789.0,Consignación
PG-002139,FE-001774,2025-12-23,1918464.0,PSE
PG-002140,FE-001835,2025-12-23,1102725.0,Cheque
PG-002141,FE-001887,2025-12-23,1764744.0,Transferencia
PG-002142,FE-001960,2025-12-23,609362.0,Transferencia
PG-002143,FE-001982,2025-12-23,907274.0,PSE
PG-002144,FE-002012,2025-12-23,2041152.0,Transferencia
PG-002145,FE-002018,2025-12-23,1119208.0,Transferencia
PG-002146,FE-002033,2025-12-23,623850.0,Transferencia
PG-002147,FE-002039,2025-12-23,4286397.0,Transferencia
PG-002148,FE-002074,2025-12-23,571824.0,Transferencia
PG-002149,FE-002116,2025-12-23,1094842.0,Transferencia
PG-002150,FE-002201,2025-12-23,18313.0,PSE
PG-002151,FE-002214,2025-12-23,1605017.0,PSE
PG-002152,FE-002299,2025-12-23,1261563.0,PSE
PG-002153,FE-002385,2025-12-23,3323144.0,Transferencia
PG-002154,FE-002449,2025-12-23,1513400.0,PSE
PG-002155,FE-002450,2025-12-23,386770.0,Transferencia
PG-002156,FE-002553,2025-12-23,3144759.0,Consignación
PG-002157,FE-002560,2025-12-23,1353994.0,PSE
PG-002158,FE-002587,2025-12-23,777638.0,Transferencia
PG-002159,FE-002625,2025-12-23,702174.0,Transferencia
PG-002160,FE-002645,2025-12-23,90367.0,Cheque
PG-002161,FE-002688,2025-12-23,1678493.0,PSE
PG-002162,FE-002699,2025-12-23,387804.0,Transferencia
PG-002163,FE-002716,2025-12-23,831918.0,PSE
PG-002164,FE-002753,2025-12-23,484649.0,Transferencia
PG-002165,FE-002778,2025-12-23,37916.0,Transferencia
PG-002166,FE-002819,2025-12-23,906204.0,PSE
PG-002167,FE-002830,2025-12-23,117872.0,Transferencia
PG-002168,FE-002831,2025-12-23,61854.0,PSE
PG-002169,FE-002924,2025-12-23,362612.0,Transferencia
PG-002170,FE-002957,2025-12-23,652533.0,Transferencia
PG-002171,FE-002978,2025-12-23,318877.0,Cheque
PG-002172,FE-003012,2025-12-23,96928.0,PSE
PG-002173,FE-003023,2025-12-23,389332.0,Transferencia
PG-002174,FE-003035,2025-12-23,727780.0,PSE
PG-002175,FE-003107,2025-12-23,258633.0,Transferencia
PG-002176,FE-003355,2025-12-23,1028931.0,Transferencia
PG-002177,FE-003546,2025-12-23,760286.0,Transferencia
PG-002178,FE-003548,2025-12-23,248646.0,Transferencia
PG-002179,FE-003663,2025-12-23,338110.0,Transferencia
PG-002180,FE-001027,2025-12-24,4281844.0,Transferencia
PG-002181,FE-001219,2025-12-24,2024410.0,Transferencia
PG-002182,FE-001230,2025-12-24,16004152.0,Transferencia
PG-002183,FE-001302,2025-12-24,1845419.0,Transferencia
PG-002184,FE-001363,2025-12-24,531054.0,PSE
PG-002185,FE-001475,2025-12-24,2812254.0,Transferencia
PG-002186,FE-001558,2025-12-24,3043019.0,PSE
PG-002187,FE-001563,2025-12-24,240789.0,Transferencia
PG-002188,FE-001577,2025-12-24,1432708.0,Consignación
PG-002189,FE-001579,2025-12-24,5801067.0,Transferencia
PG-002190,FE-001646,2025-12-24,473568.0,Transferencia
PG-002191,FE-001680,2025-12-24,864979.0,Consignación
PG-002192,FE-001706,2025-12-24,622985.0,Transferencia
PG-002193,FE-001814,2025-12-24,564806.0,PSE
PG-002194,FE-001850,2025-12-24,790718.0,Consignación
PG-002195,FE-001955,2025-12-24,861322.0,Transferencia
PG-002196,FE-002054,2025-12-24,790773.0,PSE
PG-002197,FE-002060,2025-12-24,1098307.0,PSE
PG-002198,FE-002070,2025-12-24,228098.0,Transferencia
PG-002199,FE-002119,2025-12-24,1779290.0,Transferencia
PG-002200,FE-002159,2025-12-24,1304003.0,Transferencia
PG-002201,FE-002188,2025-12-24,1926155.0,Consignación
PG-002202,FE-002241,2025-12-24,164538.0,Cheque
PG-002203,FE-002340,2025-12-24,1404095.0,Transferencia
PG-002204,FE-002383,2025-12-24,5649649.0,Consignación
PG-002205,FE-002400,2025-12-24,2946835.0,PSE
PG-002206,FE-002486,2025-12-24,50123.0,Transferencia
PG-002207,FE-002574,2025-12-24,49159.0,Transferencia
PG-002208,FE-002750,2025-12-24,184788.0,Consignación
PG-002209,FE-002784,2025-12-24,1215760.0,PSE
PG-002210,FE-002800,2025-12-24,51160.0,Transferencia
PG-002211,FE-002845,2025-12-24,584873.0,Transferencia
PG-002212,FE-002865,2025-12-24,344693.0,Transferencia
PG-002213,FE-002899,2025-12-24,1356946.0,Consignación
PG-002214,FE-002961,2025-12-24,405566.0,Transferencia
PG-002215,FE-002966,2025-12-24,696376.0,Transferencia
PG-002216,FE-003018,2025-12-24,3372222.0,Consignación
PG-002217,FE-003050,2025-12-24,330319.0,Transferencia
PG-002218,FE-003199,2025-12-24,317807.0,PSE
PG-002219,FE-003224,2025-12-24,496945.0,Transferencia
PG-002220,FE-003274,2025-12-24,1182612.0,Transferencia
PG-002221,FE-003324,2025-12-24,140620.0,Transferencia
PG-002222,FE-003413,2025-12-24,270671.0,PSE
PG-002223,FE-003432,2025-12-24,509802.0,Transferencia
PG-002224,FE-000919,2025-12-25,7865286.0,Transferencia
PG-002225,FE-001090,2025-12-25,2788058.0,Consignación
PG-002226,FE-001119,2025-12-25,1142908.0,PSE
PG-002227,FE-001254,2025-12-25,2248663.0,Transferencia
PG-002228,FE-001278,2025-12-25,1731312.0,Transferencia
PG-002229,FE-001309,2025-12-25,2383522.0,Consignación
PG-002230,FE-001412,2025-12-25,1241744.0,Consignación
PG-002231,FE-001461,2025-12-25,2155439.0,PSE
PG-002232,FE-001486,2025-12-25,1117960.0,Transferencia
PG-002233,FE-001515,2025-12-25,371024.0,Transferencia
PG-002234,FE-001519,2025-12-25,91216.0,PSE
PG-002235,FE-001599,2025-12-25,275483.0,Consignación
PG-002236,FE-001690,2025-12-25,1731045.0,Transferencia
PG-002237,FE-001721,2025-12-25,114166.0,Transferencia
PG-002238,FE-001797,2025-12-25,588661.0,Transferencia
PG-002239,FE-001808,2025-12-25,249387.0,Transferencia
PG-002240,FE-001932,2025-12-25,2106927.0,Transferencia
PG-002241,FE-001938,2025-12-25,3535332.0,Transferencia
PG-002242,FE-001987,2025-12-25,611032.0,Transferencia
PG-002243,FE-002020,2025-12-25,1323174.0,Transferencia
PG-002244,FE-002030,2025-12-25,873885.0,Cheque
PG-002245,FE-002032,2025-12-25,2451442.0,Transferencia
PG-002246,FE-002071,2025-12-25,1318452.0,PSE
PG-002247,FE-002080,2025-12-25,3260142.0,Transferencia
PG-002248,FE-002106,2025-12-25,1095226.0,Transferencia
PG-002249,FE-002126,2025-12-25,437724.0,Consignación
PG-002250,FE-002150,2025-12-25,674550.0,Transferencia
PG-002251,FE-002160,2025-12-25,1358443.0,Cheque
PG-002252,FE-002171,2025-12-25,910338.0,Transferencia
PG-002253,FE-002274,2025-12-25,2244421.0,Consignación
PG-002254,FE-002276,2025-12-25,828104.0,Consignación
PG-002255,FE-002279,2025-12-25,1082312.0,Cheque
PG-002256,FE-002313,2025-12-25,2751798.0,PSE
PG-002257,FE-002391,2025-12-25,682283.0,PSE
PG-002258,FE-002396,2025-12-25,2206622.0,PSE
PG-002259,FE-002406,2025-12-25,40663.0,Consignación
PG-002260,FE-002431,2025-12-25,883739.0,Transferencia
PG-002261,FE-002444,2025-12-25,121372.0,PSE
PG-002262,FE-002507,2025-12-25,1492258.0,Transferencia
PG-002263,FE-002526,2025-12-25,250582.0,Transferencia
PG-002264,FE-002622,2025-12-25,200396.0,Transferencia
PG-002265,FE-002638,2025-12-25,1272279.0,Transferencia
PG-002266,FE-002644,2025-12-25,1797444.0,Transferencia
PG-002267,FE-002674,2025-12-25,297063.0,Transferencia
PG-002268,FE-002744,2025-12-25,324661.0,Transferencia
PG-002269,FE-002769,2025-12-25,555555.0,Transferencia
PG-002270,FE-002774,2025-12-25,169325.0,PSE
PG-002271,FE-002789,2025-12-25,42525.0,Transferencia
PG-002272,FE-002792,2025-12-25,90621.0,Transferencia
PG-002273,FE-002841,2025-12-25,571671.0,PSE
PG-002274,FE-002862,2025-12-25,1497218.0,PSE
PG-002275,FE-002879,2025-12-25,832242.0,Transferencia
PG-002276,FE-002889,2025-12-25,4245439.0,Transferencia
PG-002277,FE-002890,2025-12-25,429256.0,Transferencia
PG-002278,FE-002965,2025-12-25,412425.0,PSE
PG-002279,FE-002980,2025-12-25,351719.0,Transferencia
PG-002280,FE-003015,2025-12-25,98513.0,Transferencia
PG-002281,FE-003028,2025-12-25,935912.0,Cheque
PG-002282,FE-003210,2025-12-25,29078.0,Cheque
PG-002283,FE-003260,2025-12-25,267345.0,Transferencia
PG-002284,FE-003494,2025-12-25,289566.0,Cheque
PG-002285,FE-003527,2025-12-25,390182.0,Consignación
PG-002286,FE-003547,2025-12-25,465693.0,Transferencia
PG-002287,FE-003584,2025-12-25,405945.0,PSE
PG-002288,FE-001071,2025-12-26,7549756.0,PSE
PG-002289,FE-001153,2025-12-26,3176177.0,Transferencia
PG-002290,FE-001168,2025-12-26,7104486.0,Transferencia
PG-002291,FE-001181,2025-12-26,1933159.0,Transferencia
PG-002292,FE-001345,2025-12-26,3481313.0,Transferencia
PG-002293,FE-001451,2025-12-26,1205746.0,Transferencia
PG-002294,FE-001490,2025-12-26,1222834.0,Transferencia
PG-002295,FE-001516,2025-12-26,172173.0,Transferencia
PG-002296,FE-001530,2025-12-26,426782.0,Transferencia
PG-002297,FE-001597,2025-12-26,1935736.0,Transferencia
PG-002298,FE-001608,2025-12-26,1355757.0,PSE
PG-002299,FE-001653,2025-12-26,2524508.0,Cheque
PG-002300,FE-001657,2025-12-26,1839322.0,Transferencia
PG-002301,FE-001743,2025-12-26,2863711.0,Transferencia
PG-002302,FE-001762,2025-12-26,803369.0,Consignación
PG-002303,FE-001787,2025-12-26,2444490.0,Transferencia
PG-002304,FE-001894,2025-12-26,1799200.0,PSE
PG-002305,FE-001905,2025-12-26,1533492.0,Cheque
PG-002306,FE-001925,2025-12-26,5165910.0,Consignación
PG-002307,FE-001931,2025-12-26,704706.0,Transferencia
PG-002308,FE-001951,2025-12-26,324379.0,Transferencia
PG-002309,FE-001970,2025-12-26,960172.0,Consignación
PG-002310,FE-001995,2025-12-26,1531925.0,PSE
PG-002311,FE-002013,2025-12-26,396431.0,Consignación
PG-002312,FE-002027,2025-12-26,724623.0,PSE
PG-002313,FE-002044,2025-12-26,3275442.0,Transferencia
PG-002314,FE-002166,2025-12-26,1817201.0,Transferencia
PG-002315,FE-002183,2025-12-26,315977.0,Cheque
PG-002316,FE-002205,2025-12-26,755467.0,Transferencia
PG-002317,FE-002242,2025-12-26,647591.0,Transferencia
PG-002318,FE-002265,2025-12-26,112657.0,Transferencia
PG-002319,FE-002284,2025-12-26,3300114.0,Transferencia
PG-002320,FE-002297,2025-12-26,538884.0,Transferencia
PG-002321,FE-002328,2025-12-26,1346694.0,Transferencia
PG-002322,FE-002337,2025-12-26,822319.0,PSE
PG-002323,FE-002409,2025-12-26,2372664.0,PSE
PG-002324,FE-002491,2025-12-26,2699896.0,PSE
PG-002325,FE-002555,2025-12-26,972989.0,Transferencia
PG-002326,FE-002646,2025-12-26,597866.0,Transferencia
PG-002327,FE-002717,2025-12-26,703133.0,Transferencia
PG-002328,FE-002719,2025-12-26,2382945.0,PSE
PG-002329,FE-002736,2025-12-26,280676.0,Transferencia
PG-002330,FE-002765,2025-12-26,1118016.0,Transferencia
PG-002331,FE-002854,2025-12-26,634493.0,PSE
PG-002332,FE-002856,2025-12-26,231449.0,Transferencia
PG-002333,FE-002869,2025-12-26,435338.0,Transferencia
PG-002334,FE-002886,2025-12-26,298872.0,Transferencia
PG-002335,FE-002910,2025-12-26,143165.0,Transferencia
PG-002336,FE-003017,2025-12-26,474334.0,Transferencia
PG-002337,FE-003030,2025-12-26,288946.0,Transferencia
PG-002338,FE-003036,2025-12-26,535614.0,Transferencia
PG-002339,FE-003188,2025-12-26,240943.0,Transferencia
PG-002340,FE-003207,2025-12-26,562489.0,Transferencia
PG-002341,FE-003323,2025-12-26,375416.0,Transferencia
PG-002342,FE-003333,2025-12-26,1060660.0,Transferencia
PG-002343,FE-003378,2025-12-26,921211.0,PSE
PG-002344,FE-003602,2025-12-26,1182120.0,Transferencia
PG-002345,FE-003672,2025-12-26,297788.0,Cheque
PG-002346,FE-003780,2025-12-26,175815.0,Transferencia
PG-002347,FE-004376,2025-12-26,365725.0,Transferencia
PG-002348,FE-001204,2025-12-27,3001801.0,Consignación
PG-002349,FE-001316,2025-12-27,1499339.0,Transferencia
PG-002350,FE-001328,2025-12-27,2208576.0,Transferencia
PG-002351,FE-001435,2025-12-27,904458.0,PSE
PG-002352,FE-001545,2025-12-27,1354604.0,PSE
PG-002353,FE-001604,2025-12-27,4065063.0,Transferencia
PG-002354,FE-001943,2025-12-27,1674229.0,Transferencia
PG-002355,FE-001949,2025-12-27,1417427.0,Transferencia
PG-002356,FE-001953,2025-12-27,1766664.0,Cheque
PG-002357,FE-001972,2025-12-27,447075.0,Consignación
PG-002358,FE-002103,2025-12-27,1483103.0,Transferencia
PG-002359,FE-002161,2025-12-27,421216.0,Transferencia
PG-002360,FE-002184,2025-12-27,729070.0,Transferencia
PG-002361,FE-002191,2025-12-27,5237254.0,PSE
PG-002362,FE-002208,2025-12-27,2015447.0,Cheque
PG-002363,FE-002266,2025-12-27,84820.0,Cheque
PG-002364,FE-002285,2025-12-27,112306.0,Transferencia
PG-002365,FE-002329,2025-12-27,1070267.0,PSE
PG-002366,FE-002399,2025-12-27,795118.0,Transferencia
PG-002367,FE-002434,2025-12-27,1412041.0,Transferencia
PG-002368,FE-002500,2025-12-27,2936705.0,Cheque
PG-002369,FE-002504,2025-12-27,342401.0,Transferencia
PG-002370,FE-002510,2025-12-27,120108.0,Transferencia
PG-002371,FE-002516,2025-12-27,2710119.0,Transferencia
PG-002372,FE-002518,2025-12-27,198844.0,Consignación
PG-002373,FE-002554,2025-12-27,255016.0,Transferencia
PG-002374,FE-002642,2025-12-27,668284.0,Transferencia
PG-002375,FE-002647,2025-12-27,1730043.0,Transferencia
PG-002376,FE-002721,2025-12-27,1083105.0,PSE
PG-002377,FE-002729,2025-12-27,258579.0,Cheque
PG-002378,FE-002740,2025-12-27,2287563.0,Transferencia
PG-002379,FE-002747,2025-12-27,609311.0,Consignación
PG-002380,FE-002752,2025-12-27,1562363.0,Consignación
PG-002381,FE-002762,2025-12-27,523940.0,Consignación
PG-002382,FE-002779,2025-12-27,561193.0,Transferencia
PG-002383,FE-002780,2025-12-27,187783.0,Cheque
PG-002384,FE-002782,2025-12-27,520213.0,Transferencia
PG-002385,FE-002821,2025-12-27,708821.0,Transferencia
PG-002386,FE-002835,2025-12-27,483653.0,PSE
PG-002387,FE-002851,2025-12-27,249714.0,Cheque
PG-002388,FE-002880,2025-12-27,139288.0,Transferencia
PG-002389,FE-002904,2025-12-27,1077597.0,Transferencia
PG-002390,FE-002911,2025-12-27,170609.0,Transferencia
PG-002391,FE-002975,2025-12-27,469555.0,PSE
PG-002392,FE-002981,2025-12-27,56839.0,PSE
PG-002393,FE-003044,2025-12-27,906774.0,Transferencia
PG-002394,FE-003056,2025-12-27,609288.0,Cheque
PG-002395,FE-003057,2025-12-27,339696.0,Transferencia
PG-002396,FE-003063,2025-12-27,165997.0,Transferencia
PG-002397,FE-003105,2025-12-27,197010.0,Transferencia
PG-002398,FE-003184,2025-12-27,175145.0,Transferencia
PG-002399,FE-003193,2025-12-27,322459.0,Transferencia
PG-002400,FE-003214,2025-12-27,316580.0,Cheque
PG-002401,FE-003267,2025-12-27,667923.0,Transferencia
PG-002402,FE-003273,2025-12-27,998471.0,PSE
PG-002403,FE-003379,2025-12-27,513445.0,PSE
PG-002404,FE-003427,2025-12-27,142046.0,PSE
PG-002405,FE-003435,2025-12-27,909745.0,Transferencia
PG-002406,FE-003606,2025-12-27,185034.0,Transferencia
PG-002407,FE-003620,2025-12-27,540642.0,Transferencia
PG-002408,FE-003864,2025-12-27,257020.0,Cheque
PG-002409,FE-004043,2025-12-27,34529.0,Transferencia
PG-002410,FE-001377,2025-12-28,3327214.0,Transferencia
PG-002411,FE-001457,2025-12-28,7487048.0,Consignación
PG-002412,FE-001458,2025-12-28,4932711.0,Transferencia
PG-002413,FE-001531,2025-12-28,6922322.0,Transferencia
PG-002414,FE-001551,2025-12-28,275277.0,PSE
PG-002415,FE-001564,2025-12-28,2153675.0,Transferencia
PG-002416,FE-001613,2025-12-28,2984475.0,Transferencia
PG-002417,FE-001686,2025-12-28,5018192.0,Transferencia
PG-002418,FE-001741,2025-12-28,724834.0,Transferencia
PG-002419,FE-001801,2025-12-28,3492385.0,Transferencia
PG-002420,FE-001813,2025-12-28,4852941.0,Transferencia
PG-002421,FE-001919,2025-12-28,373917.0,Transferencia
PG-002422,FE-001959,2025-12-28,174608.0,PSE
PG-002423,FE-001985,2025-12-28,634489.0,PSE
PG-002424,FE-002007,2025-12-28,307822.0,Transferencia
PG-002425,FE-002021,2025-12-28,2374327.0,Consignación
PG-002426,FE-002061,2025-12-28,2758992.0,Transferencia
PG-002427,FE-002122,2025-12-28,3065016.0,Transferencia
PG-002428,FE-002136,2025-12-28,1008354.0,Consignación
PG-002429,FE-002249,2025-12-28,2614850.0,Cheque
PG-002430,FE-002283,2025-12-28,2350377.0,Transferencia
PG-002431,FE-002294,2025-12-28,440470.0,PSE
PG-002432,FE-002350,2025-12-28,955484.0,Transferencia
PG-002433,FE-002366,2025-12-28,1380263.0,Transferencia
PG-002434,FE-002374,2025-12-28,4323310.0,PSE
PG-002435,FE-002388,2025-12-28,500659.0,Transferencia
PG-002436,FE-002407,2025-12-28,1463450.0,Consignación
PG-002437,FE-002462,2025-12-28,444939.0,Transferencia
PG-002438,FE-002470,2025-12-28,3056326.0,Transferencia
PG-002439,FE-002484,2025-12-28,1107602.0,Transferencia
PG-002440,FE-002511,2025-12-28,168440.0,Consignación
PG-002441,FE-002517,2025-12-28,2241141.0,Transferencia
PG-002442,FE-002530,2025-12-28,528687.0,Transferencia
PG-002443,FE-002575,2025-12-28,173259.0,Cheque
PG-002444,FE-002580,2025-12-28,491230.0,Consignación
PG-002445,FE-002582,2025-12-28,1034359.0,Transferencia
PG-002446,FE-002685,2025-12-28,332720.0,Transferencia
PG-002447,FE-002701,2025-12-28,234785.0,Transferencia
PG-002448,FE-002806,2025-12-28,3022079.0,PSE
PG-002449,FE-002809,2025-12-28,656575.0,Transferencia
PG-002450,FE-002861,2025-12-28,1007735.0,Transferencia
PG-002451,FE-002922,2025-12-28,250740.0,Transferencia
PG-002452,FE-002952,2025-12-28,667785.0,PSE
PG-002453,FE-003059,2025-12-28,1050232.0,Consignación
PG-002454,FE-003079,2025-12-28,31740.0,Transferencia
PG-002455,FE-003225,2025-12-28,247406.0,Transferencia
PG-002456,FE-003227,2025-12-28,640738.0,Consignación
PG-002457,FE-003261,2025-12-28,1287328.0,Consignación
PG-002458,FE-003268,2025-12-28,238443.0,Transferencia
PG-002459,FE-003320,2025-12-28,469222.0,Transferencia
PG-002460,FE-003364,2025-12-28,493607.0,Transferencia
PG-002461,FE-003474,2025-12-28,519987.0,Transferencia
PG-002462,FE-003579,2025-12-28,494618.0,Transferencia
PG-002463,FE-003637,2025-12-28,292917.0,Transferencia
PG-002464,FE-003651,2025-12-28,163217.0,PSE
PG-002465,FE-004215,2025-12-28,593414.0,Transferencia
PG-002466,FE-000845,2025-12-29,5357448.0,Transferencia
PG-002467,FE-001002,2025-12-29,3560754.0,PSE
PG-002468,FE-001041,2025-12-29,1924993.0,Consignación
PG-002469,FE-001070,2025-12-29,543192.0,Transferencia
PG-002470,FE-001151,2025-12-29,9186074.0,Transferencia
PG-002471,FE-001162,2025-12-29,2646821.0,Cheque
PG-002472,FE-001273,2025-12-29,5963445.0,PSE
PG-002473,FE-001362,2025-12-29,3331047.0,PSE
PG-002474,FE-001389,2025-12-29,4955454.0,Transferencia
PG-002475,FE-001476,2025-12-29,688624.0,Transferencia
PG-002476,FE-001509,2025-12-29,3034527.0,Transferencia
PG-002477,FE-001546,2025-12-29,412416.0,Transferencia
PG-002478,FE-001663,2025-12-29,1383711.0,Transferencia
PG-002479,FE-001716,2025-12-29,1846615.0,Transferencia
PG-002480,FE-001799,2025-12-29,2115233.0,Transferencia
PG-002481,FE-001818,2025-12-29,324978.0,PSE
PG-002482,FE-001853,2025-12-29,791593.0,Transferencia
PG-002483,FE-001868,2025-12-29,1870869.0,PSE
PG-002484,FE-001882,2025-12-29,1223032.0,Transferencia
PG-002485,FE-001897,2025-12-29,5235858.0,Transferencia
PG-002486,FE-001915,2025-12-29,171474.0,PSE
PG-002487,FE-001929,2025-12-29,921925.0,Transferencia
PG-002488,FE-001944,2025-12-29,2347827.0,Transferencia
PG-002489,FE-001981,2025-12-29,1227705.0,Transferencia
PG-002490,FE-002058,2025-12-29,1207730.0,Transferencia
PG-002491,FE-002109,2025-12-29,1370861.0,Transferencia
PG-002492,FE-002156,2025-12-29,2059917.0,Transferencia
PG-002493,FE-002158,2025-12-29,2603851.0,Transferencia
PG-002494,FE-002230,2025-12-29,3115759.0,Transferencia
PG-002495,FE-002270,2025-12-29,1076675.0,Consignación
PG-002496,FE-002300,2025-12-29,1533482.0,PSE
PG-002497,FE-002312,2025-12-29,3089484.0,Consignación
PG-002498,FE-002314,2025-12-29,707479.0,Transferencia
PG-002499,FE-002319,2025-12-29,3975622.0,Transferencia
PG-002500,FE-002386,2025-12-29,637828.0,Consignación
PG-002501,FE-002405,2025-12-29,1289498.0,Transferencia
PG-002502,FE-002559,2025-12-29,1588505.0,Transferencia
PG-002503,FE-002588,2025-12-29,2779138.0,Transferencia
PG-002504,FE-002602,2025-12-29,138850.0,Cheque
PG-002505,FE-002613,2025-12-29,120289.0,Consignación
PG-002506,FE-002615,2025-12-29,2329111.0,Consignación
PG-002507,FE-002629,2025-12-29,1120259.0,Transferencia
PG-002508,FE-002781,2025-12-29,525677.0,Transferencia
PG-002509,FE-002883,2025-12-29,4581000.0,Transferencia
PG-002510,FE-002908,2025-12-29,313582.0,PSE
PG-002511,FE-002958,2025-12-29,739947.0,Transferencia
PG-002512,FE-003077,2025-12-29,392932.0,PSE
PG-002513,FE-003097,2025-12-29,320868.0,Transferencia
PG-002514,FE-003143,2025-12-29,1313451.0,Transferencia
PG-002515,FE-003161,2025-12-29,587555.0,PSE
PG-002516,FE-003190,2025-12-29,363306.0,Transferencia
PG-002517,FE-003244,2025-12-29,1180492.0,Transferencia
PG-002518,FE-003256,2025-12-29,443690.0,Transferencia
PG-002519,FE-003285,2025-12-29,935191.0,Consignación
PG-002520,FE-003289,2025-12-29,689216.0,Transferencia
PG-002521,FE-003307,2025-12-29,754085.0,Transferencia
PG-002522,FE-003341,2025-12-29,408733.0,Consignación
PG-002523,FE-003412,2025-12-29,410705.0,Cheque
PG-002524,FE-003419,2025-12-29,919957.0,Cheque
PG-002525,FE-003470,2025-12-29,146225.0,Transferencia
PG-002526,FE-003555,2025-12-29,169210.0,PSE
PG-002527,FE-003609,2025-12-29,138611.0,Transferencia
PG-002528,FE-003680,2025-12-29,220068.0,Transferencia
PG-002529,FE-003698,2025-12-29,104799.0,PSE
PG-002530,FE-004050,2025-12-29,459712.0,Transferencia
PG-002531,FE-001226,2025-12-30,1582169.0,Transferencia
PG-002532,FE-001267,2025-12-30,1768516.0,Transferencia
PG-002533,FE-001274,2025-12-30,1369633.0,Transferencia
PG-002534,FE-001426,2025-12-30,3357315.0,Cheque
PG-002535,FE-001487,2025-12-30,1980606.0,PSE
PG-002536,FE-001544,2025-12-30,1773634.0,Transferencia
PG-002537,FE-001640,2025-12-30,5234035.0,PSE
PG-002538,FE-001699,2025-12-30,716082.0,Transferencia
PG-002539,FE-001717,2025-12-30,2972862.0,PSE
PG-002540,FE-001740,2025-12-30,572342.0,Consignación
PG-002541,FE-002041,2025-12-30,233334.0,Transferencia
PG-002542,FE-002112,2025-12-30,534962.0,PSE
PG-002543,FE-002172,2025-12-30,2430075.0,Transferencia
PG-002544,FE-002182,2025-12-30,3261132.0,Cheque
PG-002545,FE-002196,2025-12-30,427235.0,Transferencia
PG-002546,FE-002335,2025-12-30,11974852.0,Transferencia
PG-002547,FE-002336,2025-12-30,1079789.0,Transferencia
PG-002548,FE-002417,2025-12-30,1281117.0,Transferencia
PG-002549,FE-002421,2025-12-30,562368.0,Cheque
PG-002550,FE-002456,2025-12-30,2333590.0,Cheque
PG-002551,FE-002527,2025-12-30,814138.0,PSE
PG-002552,FE-002565,2025-12-30,94522.0,Transferencia
PG-002553,FE-002610,2025-12-30,1445441.0,Cheque
PG-002554,FE-002634,2025-12-30,1439857.0,PSE
PG-002555,FE-002643,2025-12-30,4484278.0,Transferencia
PG-002556,FE-002672,2025-12-30,4452429.0,Cheque
PG-002557,FE-002675,2025-12-30,267541.0,Transferencia
PG-002558,FE-002676,2025-12-30,1608618.0,PSE
PG-002559,FE-002714,2025-12-30,231143.0,Transferencia
PG-002560,FE-002723,2025-12-30,2316748.0,Transferencia
PG-002561,FE-002731,2025-12-30,453466.0,Transferencia
PG-002562,FE-002797,2025-12-30,2524693.0,PSE
PG-002563,FE-002799,2025-12-30,53322.0,Consignación
PG-002564,FE-002844,2025-12-30,107691.0,Transferencia
PG-002565,FE-002852,2025-12-30,1942765.0,Transferencia
PG-002566,FE-002866,2025-12-30,545108.0,Transferencia
PG-002567,FE-002870,2025-12-30,211023.0,PSE
PG-002568,FE-002897,2025-12-30,338587.0,Consignación
PG-002569,FE-002917,2025-12-30,700139.0,Transferencia
PG-002570,FE-002960,2025-12-30,757182.0,Consignación
PG-002571,FE-002970,2025-12-30,114574.0,Transferencia
PG-002572,FE-003066,2025-12-30,141214.0,PSE
PG-002573,FE-003070,2025-12-30,341047.0,Transferencia
PG-002574,FE-003115,2025-12-30,288117.0,Transferencia
PG-002575,FE-003148,2025-12-30,203551.0,Transferencia
PG-002576,FE-003177,2025-12-30,193390.0,PSE
PG-002577,FE-003181,2025-12-30,630438.0,Consignación
PG-002578,FE-003198,2025-12-30,937889.0,Transferencia
PG-002579,FE-003286,2025-12-30,402751.0,Transferencia
PG-002580,FE-003433,2025-12-30,391265.0,Transferencia
PG-002581,FE-003565,2025-12-30,465070.0,Cheque
PG-002582,FE-003578,2025-12-30,369531.0,Transferencia
PG-002583,FE-003695,2025-12-30,341763.0,Transferencia
PG-002584,FE-003789,2025-12-30,71874.0,Transferencia
PG-002585,FE-003875,2025-12-30,270757.0,Transferencia
PG-002586,FE-001436,2025-12-31,1736115.0,Transferencia
PG-002587,FE-001638,2025-12-31,1965582.0,PSE
PG-002588,FE-001658,2025-12-31,1915094.0,Transferencia
PG-002589,FE-001746,2025-12-31,2138219.0,Transferencia
PG-002590,FE-001759,2025-12-31,7579575.0,Transferencia
PG-002591,FE-001770,2025-12-31,2012223.0,PSE
PG-002592,FE-001945,2025-12-31,4060444.0,Transferencia
PG-002593,FE-001956,2025-12-31,921271.0,PSE
PG-002594,FE-001986,2025-12-31,1600339.0,Transferencia
PG-002595,FE-001989,2025-12-31,936296.0,PSE
PG-002596,FE-002113,2025-12-31,1507867.0,PSE
PG-002597,FE-002115,2025-12-31,877042.0,Consignación
PG-002598,FE-002289,2025-12-31,1041736.0,Cheque
PG-002599,FE-002304,2025-12-31,900550.0,Transferencia
PG-002600,FE-002401,2025-12-31,2140674.0,Transferencia
PG-002601,FE-002440,2025-12-31,1138011.0,Transferencia
PG-002602,FE-002461,2025-12-31,171260.0,Transferencia
PG-002603,FE-002474,2025-12-31,157614.0,Transferencia
PG-002604,FE-002502,2025-12-31,2216102.0,Transferencia
PG-002605,FE-002570,2025-12-31,621875.0,Transferencia
PG-002606,FE-002631,2025-12-31,1609226.0,Transferencia
PG-002607,FE-002670,2025-12-31,1288314.0,Consignación
PG-002608,FE-002698,2025-12-31,280521.0,Transferencia
PG-002609,FE-002748,2025-12-31,632406.0,Transferencia
PG-002610,FE-002768,2025-12-31,232881.0,Transferencia
PG-002611,FE-002796,2025-12-31,1650604.0,Transferencia
PG-002612,FE-002803,2025-12-31,684393.0,Consignación
PG-002613,FE-002822,2025-12-31,3790997.0,Cheque
PG-002614,FE-002836,2025-12-31,3400593.0,PSE
PG-002615,FE-002849,2025-12-31,1577414.0,PSE
PG-002616,FE-002884,2025-12-31,501384.0,Consignación
PG-002617,FE-002953,2025-12-31,499860.0,Transferencia
PG-002618,FE-002984,2025-12-31,89342.0,PSE
PG-002619,FE-003006,2025-12-31,382110.0,Transferencia
PG-002620,FE-003042,2025-12-31,415036.0,Consignación
PG-002621,FE-003093,2025-12-31,516254.0,PSE
PG-002622,FE-003095,2025-12-31,63147.0,Transferencia
PG-002623,FE-003102,2025-12-31,3169692.0,Transferencia
PG-002624,FE-003302,2025-12-31,846855.0,Cheque
PG-002625,FE-003309,2025-12-31,226390.0,Cheque
PG-002626,FE-003318,2025-12-31,447395.0,Consignación
PG-002627,FE-003351,2025-12-31,323058.0,Consignación
PG-002628,FE-003399,2025-12-31,68865.0,Transferencia
PG-002629,FE-003436,2025-12-31,2046336.0,PSE
PG-002630,FE-003461,2025-12-31,60220.0,Transferencia
PG-002631,FE-003614,2025-12-31,840054.0,Transferencia
PG-002632,FE-003618,2025-12-31,349711.0,PSE
PG-002633,FE-001450,2026-01-01,4030297.0,Consignación
PG-002634,FE-001560,2026-01-01,731059.0,Transferencia
PG-002635,FE-001639,2026-01-01,7423709.0,Transferencia
PG-002636,FE-001698,2026-01-01,2115480.0,PSE
PG-002637,FE-001703,2026-01-01,1797596.0,Transferencia
PG-002638,FE-001760,2026-01-01,1977857.0,PSE
PG-002639,FE-001830,2026-01-01,2948068.0,PSE
PG-002640,FE-001939,2026-01-01,1633981.0,Transferencia
PG-002641,FE-001988,2026-01-01,2205739.0,Consignación
PG-002642,FE-002001,2026-01-01,2070116.0,Transferencia
PG-002643,FE-002073,2026-01-01,913690.0,Transferencia
PG-002644,FE-002083,2026-01-01,1483522.0,Transferencia
PG-002645,FE-002091,2026-01-01,4131315.0,PSE
PG-002646,FE-002123,2026-01-01,1800620.0,Consignación
PG-002647,FE-002255,2026-01-01,2135369.0,Transferencia
PG-002648,FE-002256,2026-01-01,2263562.0,Transferencia
PG-002649,FE-002298,2026-01-01,119574.0,Transferencia
PG-002650,FE-002309,2026-01-01,1122127.0,Transferencia
PG-002651,FE-002320,2026-01-01,1810977.0,Consignación
PG-002652,FE-002325,2026-01-01,679459.0,Transferencia
PG-002653,FE-002343,2026-01-01,7178552.0,PSE
PG-002654,FE-002362,2026-01-01,639306.0,Transferencia
PG-002655,FE-002368,2026-01-01,751924.0,Transferencia
PG-002656,FE-002402,2026-01-01,559461.0,Transferencia
PG-002657,FE-002419,2026-01-01,1781544.0,Cheque
PG-002658,FE-002482,2026-01-01,368921.0,Transferencia
PG-002659,FE-002509,2026-01-01,727708.0,Transferencia
PG-002660,FE-002519,2026-01-01,894602.0,Transferencia
PG-002661,FE-002542,2026-01-01,1684364.0,Cheque
PG-002662,FE-002620,2026-01-01,1656960.0,PSE
PG-002663,FE-002678,2026-01-01,2054070.0,Transferencia
PG-002664,FE-002679,2026-01-01,1652861.0,Transferencia
PG-002665,FE-002702,2026-01-01,531588.0,Transferencia
PG-002666,FE-002746,2026-01-01,1922889.0,Transferencia
PG-002667,FE-002853,2026-01-01,7781330.0,Transferencia
PG-002668,FE-002874,2026-01-01,727132.0,Transferencia
PG-002669,FE-002888,2026-01-01,16330.0,Transferencia
PG-002670,FE-002923,2026-01-01,90114.0,Transferencia
PG-002671,FE-002930,2026-01-01,390293.0,PSE
PG-002672,FE-002941,2026-01-01,377167.0,Transferencia
PG-002673,FE-003071,2026-01-01,2684284.0,Cheque
PG-002674,FE-003088,2026-01-01,1346011.0,PSE
PG-002675,FE-003122,2026-01-01,44566.0,Transferencia
PG-002676,FE-003139,2026-01-01,295473.0,Transferencia
PG-002677,FE-003141,2026-01-01,233234.0,PSE
PG-002678,FE-003201,2026-01-01,470463.0,Consignación
PG-002679,FE-003243,2026-01-01,122927.0,Transferencia
PG-002680,FE-003276,2026-01-01,505646.0,Transferencia
PG-002681,FE-003294,2026-01-01,319627.0,Transferencia
PG-002682,FE-003315,2026-01-01,121128.0,Transferencia
PG-002683,FE-003329,2026-01-01,1191411.0,PSE
PG-002684,FE-003388,2026-01-01,496936.0,Transferencia
PG-002685,FE-003420,2026-01-01,439455.0,Transferencia
PG-002686,FE-003630,2026-01-01,835667.0,Transferencia
PG-002687,FE-003689,2026-01-01,794337.0,PSE
PG-002688,FE-003717,2026-01-01,386073.0,PSE
PG-002689,FE-003753,2026-01-01,80683.0,Transferencia
PG-002690,FE-003795,2026-01-01,1314305.0,PSE
PG-002691,FE-003829,2026-01-01,151535.0,Cheque
PG-002692,FE-003891,2026-01-01,241274.0,Consignación
PG-002693,FE-003905,2026-01-01,338380.0,Transferencia
PG-002694,FE-004080,2026-01-01,379847.0,Consignación
PG-002695,FE-004094,2026-01-01,1448159.0,Transferencia
PG-002696,FE-004119,2026-01-01,411022.0,PSE
PG-002697,FE-004120,2026-01-01,35441.0,PSE
PG-002698,FE-001335,2026-01-02,2429406.0,PSE
PG-002699,FE-001467,2026-01-02,14912460.0,PSE
PG-002700,FE-001609,2026-01-02,3342549.0,Transferencia
PG-002701,FE-001693,2026-01-02,2556863.0,Transferencia
PG-002702,FE-001725,2026-01-02,2998676.0,PSE
PG-002703,FE-001780,2026-01-02,3336332.0,Transferencia
PG-002704,FE-001812,2026-01-02,834748.0,Transferencia
PG-002705,FE-001909,2026-01-02,678379.0,Transferencia
PG-002706,FE-001947,2026-01-02,4749442.0,Transferencia
PG-002707,FE-002017,2026-01-02,1110208.0,Consignación
PG-002708,FE-002089,2026-01-02,390074.0,Transferencia
PG-002709,FE-002167,2026-01-02,4532366.0,Transferencia
PG-002710,FE-002186,2026-01-02,591130.0,Transferencia
PG-002711,FE-002206,2026-01-02,1719141.0,Cheque
PG-002712,FE-002251,2026-01-02,4278751.0,PSE
PG-002713,FE-002280,2026-01-02,1693344.0,PSE
PG-002714,FE-002348,2026-01-02,2856757.0,PSE
PG-002715,FE-002410,2026-01-02,7996435.0,PSE
PG-002716,FE-002433,2026-01-02,163927.0,PSE
PG-002717,FE-002611,2026-01-02,1434621.0,Transferencia
PG-002718,FE-002628,2026-01-02,2430548.0,PSE
PG-002719,FE-002640,2026-01-02,6398641.0,PSE
PG-002720,FE-002641,2026-01-02,6824562.0,Transferencia
PG-002721,FE-002754,2026-01-02,71517.0,PSE
PG-002722,FE-002813,2026-01-02,139207.0,PSE
PG-002723,FE-002826,2026-01-02,177598.0,PSE
PG-002724,FE-002900,2026-01-02,3127670.0,PSE
PG-002725,FE-002951,2026-01-02,356970.0,Transferencia
PG-002726,FE-003027,2026-01-02,292213.0,Consignación
PG-002727,FE-003060,2026-01-02,419147.0,PSE
PG-002728,FE-003206,2026-01-02,65682.0,PSE
PG-002729,FE-003312,2026-01-02,1210924.0,Transferencia
PG-002730,FE-003317,2026-01-02,696198.0,Transferencia
PG-002731,FE-003319,2026-01-02,2890937.0,Transferencia
PG-002732,FE-003321,2026-01-02,186275.0,Transferencia
PG-002733,FE-003365,2026-01-02,296562.0,Consignación
PG-002734,FE-003437,2026-01-02,274283.0,Transferencia
PG-002735,FE-003490,2026-01-02,420270.0,Transferencia
PG-002736,FE-003501,2026-01-02,267216.0,Transferencia
PG-002737,FE-003515,2026-01-02,1853744.0,PSE
PG-002738,FE-003517,2026-01-02,227441.0,Transferencia
PG-002739,FE-003544,2026-01-02,420820.0,PSE
PG-002740,FE-003587,2026-01-02,323417.0,Cheque
PG-002741,FE-003771,2026-01-02,268212.0,Transferencia
PG-002742,FE-003803,2026-01-02,99417.0,PSE
PG-002743,FE-003970,2026-01-02,227865.0,Transferencia
PG-002744,FE-003998,2026-01-02,522197.0,Transferencia
PG-002745,FE-003999,2026-01-02,309060.0,PSE
PG-002746,FE-004028,2026-01-02,135217.0,Consignación
PG-002747,FE-004158,2026-01-02,277067.0,Transferencia
PG-002748,FE-004175,2026-01-02,132159.0,Transferencia
PG-002749,FE-001305,2026-01-03,1298158.0,PSE
PG-002750,FE-001871,2026-01-03,1751223.0,Transferencia
PG-002751,FE-001872,2026-01-03,759393.0,Transferencia
PG-002752,FE-001875,2026-01-03,2739300.0,Consignación
PG-002753,FE-001946,2026-01-03,737244.0,PSE
PG-002754,FE-001979,2026-01-03,4813504.0,Transferencia
PG-002755,FE-002142,2026-01-03,1857790.0,Transferencia
PG-002756,FE-002170,2026-01-03,384979.0,Transferencia
PG-002757,FE-002220,2026-01-03,1890736.0,Transferencia
PG-002758,FE-002259,2026-01-03,1676130.0,Transferencia
PG-002759,FE-002332,2026-01-03,268149.0,PSE
PG-002760,FE-002352,2026-01-03,1946924.0,PSE
PG-002761,FE-002427,2026-01-03,210632.0,PSE
PG-002762,FE-002438,2026-01-03,1804013.0,PSE
PG-002763,FE-002481,2026-01-03,646401.0,Cheque
PG-002764,FE-002495,2026-01-03,1730007.0,Transferencia
PG-002765,FE-002496,2026-01-03,2237087.0,Transferencia
PG-002766,FE-002548,2026-01-03,1021179.0,PSE
PG-002767,FE-002594,2026-01-03,1338701.0,Transferencia
PG-002768,FE-002617,2026-01-03,1156208.0,Transferencia
PG-002769,FE-002627,2026-01-03,462047.0,Consignación
PG-002770,FE-002653,2026-01-03,1185554.0,PSE
PG-002771,FE-002727,2026-01-03,1281690.0,Transferencia
PG-002772,FE-002763,2026-01-03,1433366.0,Transferencia
PG-002773,FE-002847,2026-01-03,1651348.0,Cheque
PG-002774,FE-002868,2026-01-03,1933167.0,Consignación
PG-002775,FE-002871,2026-01-03,260314.0,Cheque
PG-002776,FE-002894,2026-01-03,229337.0,PSE
PG-002777,FE-002928,2026-01-03,730506.0,Transferencia
PG-002778,FE-002950,2026-01-03,533563.0,PSE
PG-002779,FE-003090,2026-01-03,164477.0,Transferencia
PG-002780,FE-003100,2026-01-03,804630.0,PSE
PG-002781,FE-003103,2026-01-03,256684.0,Transferencia
PG-002782,FE-003164,2026-01-03,83370.0,Transferencia
PG-002783,FE-003187,2026-01-03,518321.0,PSE
PG-002784,FE-003222,2026-01-03,315420.0,Cheque
PG-002785,FE-003241,2026-01-03,801175.0,Transferencia
PG-002786,FE-003254,2026-01-03,1694583.0,Transferencia
PG-002787,FE-003265,2026-01-03,507633.0,Transferencia
PG-002788,FE-003311,2026-01-03,2580741.0,Transferencia
PG-002789,FE-003384,2026-01-03,415974.0,PSE
PG-002790,FE-003532,2026-01-03,376029.0,Transferencia
PG-002791,FE-003549,2026-01-03,177706.0,Transferencia
PG-002792,FE-003607,2026-01-03,628213.0,PSE
PG-002793,FE-003631,2026-01-03,735421.0,Transferencia
PG-002794,FE-003636,2026-01-03,769241.0,Consignación
PG-002795,FE-003685,2026-01-03,513597.0,Transferencia
PG-002796,FE-003700,2026-01-03,2263816.0,Consignación
PG-002797,FE-003725,2026-01-03,247863.0,PSE
PG-002798,FE-003730,2026-01-03,143156.0,Transferencia
PG-002799,FE-003773,2026-01-03,672445.0,Transferencia
PG-002800,FE-003808,2026-01-03,629498.0,PSE
PG-002801,FE-004046,2026-01-03,844543.0,Transferencia
PG-002802,FE-004134,2026-01-03,459009.0,Transferencia
PG-002803,FE-001786,2026-01-04,8557158.0,Transferencia
PG-002804,FE-001954,2026-01-04,498342.0,PSE
PG-002805,FE-002148,2026-01-04,2378376.0,PSE
PG-002806,FE-002200,2026-01-04,5065497.0,PSE
PG-002807,FE-002281,2026-01-04,1035558.0,Transferencia
PG-002808,FE-002286,2026-01-04,3083190.0,Consignación
PG-002809,FE-002307,2026-01-04,1920399.0,Transferencia
PG-002810,FE-002331,2026-01-04,2967097.0,Transferencia
PG-002811,FE-002359,2026-01-04,3490019.0,Transferencia
PG-002812,FE-002364,2026-01-04,31140.0,Transferencia
PG-002813,FE-002370,2026-01-04,4225736.0,Transferencia
PG-002814,FE-002463,2026-01-04,2491046.0,Transferencia
PG-002815,FE-002488,2026-01-04,1275417.0,Transferencia
PG-002816,FE-002497,2026-01-04,898117.0,Transferencia
PG-002817,FE-002503,2026-01-04,1590934.0,Transferencia
PG-002818,FE-002529,2026-01-04,1699087.0,Transferencia
PG-002819,FE-002601,2026-01-04,3716192.0,PSE
PG-002820,FE-002603,2026-01-04,675158.0,PSE
PG-002821,FE-002630,2026-01-04,459098.0,Consignación
PG-002822,FE-002696,2026-01-04,1898359.0,PSE
PG-002823,FE-002725,2026-01-04,1736347.0,Cheque
PG-002824,FE-002728,2026-01-04,3389554.0,PSE
PG-002825,FE-002737,2026-01-04,1116930.0,Transferencia
PG-002826,FE-002751,2026-01-04,437117.0,Transferencia
PG-002827,FE-002757,2026-01-04,280683.0,Consignación
PG-002828,FE-002811,2026-01-04,348452.0,Transferencia
PG-002829,FE-002812,2026-01-04,554185.0,Transferencia
PG-002830,FE-002838,2026-01-04,3388174.0,Transferencia
PG-002831,FE-002858,2026-01-04,2478831.0,Transferencia
PG-002832,FE-002872,2026-01-04,84242.0,Transferencia
PG-002833,FE-002929,2026-01-04,3185208.0,Transferencia
PG-002834,FE-002982,2026-01-04,1555281.0,Transferencia
PG-002835,FE-003002,2026-01-04,4130679.0,Consignación
PG-002836,FE-003083,2026-01-04,255142.0,Transferencia
PG-002837,FE-003096,2026-01-04,802235.0,Consignación
PG-002838,FE-003099,2026-01-04,1135164.0,Transferencia
PG-002839,FE-003109,2026-01-04,1425068.0,Consignación
PG-002840,FE-003212,2026-01-04,617668.0,PSE
PG-002841,FE-003215,2026-01-04,2808648.0,Transferencia
PG-002842,FE-003220,2026-01-04,365892.0,Transferencia
PG-002843,FE-003236,2026-01-04,157413.0,Transferencia
PG-002844,FE-003293,2026-01-04,612266.0,Transferencia
PG-002845,FE-003415,2026-01-04,202195.0,Transferencia
PG-002846,FE-003455,2026-01-04,496666.0,Transferencia
PG-002847,FE-003534,2026-01-04,1199056.0,Cheque
PG-002848,FE-003718,2026-01-04,282236.0,Consignación
PG-002849,FE-003739,2026-01-04,758932.0,Transferencia
PG-002850,FE-003849,2026-01-04,291000.0,Transferencia
PG-002851,FE-003889,2026-01-04,750401.0,PSE
PG-002852,FE-003927,2026-01-04,138076.0,Transferencia
PG-002853,FE-003960,2026-01-04,781256.0,Transferencia
PG-002854,FE-003992,2026-01-04,46489.0,Transferencia
PG-002855,FE-004126,2026-01-04,484168.0,Transferencia
PG-002856,FE-004311,2026-01-04,651201.0,Transferencia
PG-002857,FE-004362,2026-01-04,200602.0,Transferencia
PG-002858,FE-001374,2026-01-05,3782100.0,Transferencia
PG-002859,FE-001628,2026-01-05,832868.0,PSE
PG-002860,FE-001675,2026-01-05,1382879.0,Cheque
PG-002861,FE-001766,2026-01-05,6480464.0,Transferencia
PG-002862,FE-001839,2026-01-05,3989872.0,Transferencia
PG-002863,FE-001844,2026-01-05,2209424.0,Transferencia
PG-002864,FE-001895,2026-01-05,686630.0,PSE
PG-002865,FE-002072,2026-01-05,4445255.0,PSE
PG-002866,FE-002084,2026-01-05,1627907.0,PSE
PG-002867,FE-002087,2026-01-05,3031357.0,Transferencia
PG-002868,FE-002131,2026-01-05,1484776.0,Cheque
PG-002869,FE-002162,2026-01-05,303431.0,Consignación
PG-002870,FE-002267,2026-01-05,313896.0,Transferencia
PG-002871,FE-002271,2026-01-05,1186388.0,PSE
PG-002872,FE-002315,2026-01-05,1284384.0,Transferencia
PG-002873,FE-002345,2026-01-05,3506097.0,PSE
PG-002874,FE-002347,2026-01-05,8374391.0,Transferencia
PG-002875,FE-002358,2026-01-05,2323511.0,Transferencia
PG-002876,FE-002395,2026-01-05,2776723.0,Transferencia
PG-002877,FE-002428,2026-01-05,73168.0,Transferencia
PG-002878,FE-002545,2026-01-05,454977.0,Transferencia
PG-002879,FE-002612,2026-01-05,460744.0,Consignación
PG-002880,FE-002666,2026-01-05,2276386.0,Transferencia
PG-002881,FE-002710,2026-01-05,1226788.0,PSE
PG-002882,FE-002715,2026-01-05,1152623.0,Transferencia
PG-002883,FE-002794,2026-01-05,847276.0,Transferencia
PG-002884,FE-002815,2026-01-05,1801880.0,Transferencia
PG-002885,FE-002817,2026-01-05,67944.0,Consignación
PG-002886,FE-002820,2026-01-05,3309441.0,Transferencia
PG-002887,FE-002825,2026-01-05,2592364.0,Cheque
PG-002888,FE-002848,2026-01-05,293529.0,Consignación
PG-002889,FE-002896,2026-01-05,347384.0,Transferencia
PG-002890,FE-002948,2026-01-05,119444.0,PSE
PG-002891,FE-002992,2026-01-05,1651979.0,Consignación
PG-002892,FE-003016,2026-01-05,34180.0,PSE
PG-002893,FE-003021,2026-01-05,759008.0,Consignación
PG-002894,FE-003114,2026-01-05,218217.0,Transferencia
PG-002895,FE-003179,2026-01-05,1342595.0,Transferencia
PG-002896,FE-003182,2026-01-05,365362.0,Transferencia
PG-002897,FE-003183,2026-01-05,128945.0,Transferencia
PG-002898,FE-003192,2026-01-05,2833341.0,PSE
PG-002899,FE-003200,2026-01-05,449587.0,Transferencia
PG-002900,FE-003242,2026-01-05,585094.0,PSE
PG-002901,FE-003258,2026-01-05,4618555.0,Transferencia
PG-002902,FE-003271,2026-01-05,557937.0,Transferencia
PG-002903,FE-003418,2026-01-05,53580.0,Transferencia
PG-002904,FE-003447,2026-01-05,405011.0,Transferencia
PG-002905,FE-003469,2026-01-05,1312167.0,Cheque
PG-002906,FE-003475,2026-01-05,1043911.0,PSE
PG-002907,FE-003478,2026-01-05,178918.0,PSE
PG-002908,FE-003538,2026-01-05,77318.0,PSE
PG-002909,FE-003594,2026-01-05,363912.0,Transferencia
PG-002910,FE-003613,2026-01-05,505003.0,PSE
PG-002911,FE-003615,2026-01-05,161053.0,Transferencia
PG-002912,FE-003617,2026-01-05,400573.0,PSE
PG-002913,FE-003703,2026-01-05,2680900.0,PSE
PG-002914,FE-003734,2026-01-05,749523.0,Transferencia
PG-002915,FE-003796,2026-01-05,753564.0,Transferencia
PG-002916,FE-003810,2026-01-05,260109.0,PSE
PG-002917,FE-003903,2026-01-05,456787.0,PSE
PG-002918,FE-004040,2026-01-05,389101.0,Transferencia
PG-002919,FE-004142,2026-01-05,1065136.0,Consignación
PG-002920,FE-004284,2026-01-05,302672.0,Transferencia
PG-002921,FE-001610,2026-01-06,1046816.0,Transferencia
PG-002922,FE-001794,2026-01-06,3880178.0,Transferencia
PG-002923,FE-001800,2026-01-06,1675482.0,Transferencia
PG-002924,FE-001856,2026-01-06,2306472.0,Transferencia
PG-002925,FE-002247,2026-01-06,799598.0,PSE
PG-002926,FE-002342,2026-01-06,227251.0,Transferencia
PG-002927,FE-002371,2026-01-06,4883436.0,Transferencia
PG-002928,FE-002378,2026-01-06,5270203.0,Transferencia
PG-002929,FE-002380,2026-01-06,6896174.0,Cheque
PG-002930,FE-002436,2026-01-06,561243.0,Transferencia
PG-002931,FE-002446,2026-01-06,154184.0,Transferencia
PG-002932,FE-002522,2026-01-06,1026539.0,Consignación
PG-002933,FE-002536,2026-01-06,507220.0,Transferencia
PG-002934,FE-002566,2026-01-06,5565136.0,Transferencia
PG-002935,FE-002599,2026-01-06,1683299.0,PSE
PG-002936,FE-002606,2026-01-06,669258.0,Transferencia
PG-002937,FE-002661,2026-01-06,4820250.0,Cheque
PG-002938,FE-002713,2026-01-06,2224045.0,Transferencia
PG-002939,FE-002816,2026-01-06,2131239.0,Transferencia
PG-002940,FE-002818,2026-01-06,99386.0,Consignación
PG-002941,FE-002827,2026-01-06,3287828.0,Cheque
PG-002942,FE-002850,2026-01-06,2350876.0,Consignación
PG-002943,FE-002875,2026-01-06,854203.0,Transferencia
PG-002944,FE-002926,2026-01-06,513539.0,Transferencia
PG-002945,FE-002927,2026-01-06,1371351.0,Transferencia
PG-002946,FE-002972,2026-01-06,1315208.0,Consignación
PG-002947,FE-003020,2026-01-06,556005.0,PSE
PG-002948,FE-003024,2026-01-06,1421988.0,Transferencia
PG-002949,FE-003031,2026-01-06,3413059.0,Transferencia
PG-002950,FE-003053,2026-01-06,2600425.0,Transferencia
PG-002951,FE-003121,2026-01-06,1278651.0,Transferencia
PG-002952,FE-003125,2026-01-06,2090585.0,Transferencia
PG-002953,FE-003137,2026-01-06,5849626.0,Transferencia
PG-002954,FE-003163,2026-01-06,2687526.0,PSE
PG-002955,FE-003245,2026-01-06,312993.0,PSE
PG-002956,FE-003249,2026-01-06,1303180.0,Transferencia
PG-002957,FE-003281,2026-01-06,641008.0,PSE
PG-002958,FE-003282,2026-01-06,79277.0,PSE
PG-002959,FE-003306,2026-01-06,2442906.0,Transferencia
PG-002960,FE-003332,2026-01-06,1058199.0,Consignación
PG-002961,FE-003338,2026-01-06,1804304.0,Transferencia
PG-002962,FE-003380,2026-01-06,653853.0,PSE
PG-002963,FE-003414,2026-01-06,212943.0,Transferencia
PG-002964,FE-003499,2026-01-06,213462.0,PSE
PG-002965,FE-003567,2026-01-06,214503.0,Transferencia
PG-002966,FE-003786,2026-01-06,726406.0,Cheque
PG-002967,FE-003847,2026-01-06,1143653.0,Transferencia
PG-002968,FE-003874,2026-01-06,1826713.0,Transferencia
PG-002969,FE-003936,2026-01-06,432089.0,PSE
PG-002970,FE-003946,2026-01-06,4047443.0,Transferencia
PG-002971,FE-004006,2026-01-06,566576.0,Transferencia
PG-002972,FE-004051,2026-01-06,445571.0,Transferencia
PG-002973,FE-004060,2026-01-06,125712.0,Transferencia
PG-002974,FE-004079,2026-01-06,133969.0,PSE
PG-002975,FE-004190,2026-01-06,165352.0,Transferencia
PG-002976,FE-004218,2026-01-06,249455.0,Consignación
PG-002977,FE-004222,2026-01-06,450729.0,PSE
PG-002978,FE-004347,2026-01-06,691376.0,Consignación
PG-002979,FE-004465,2026-01-06,247972.0,PSE
PG-002980,FE-004808,2026-01-06,345795.0,Transferencia
PG-002981,FE-001565,2026-01-07,2212955.0,Transferencia
PG-002982,FE-001849,2026-01-07,461211.0,PSE
PG-002983,FE-001852,2026-01-07,1640492.0,Transferencia
PG-002984,FE-002076,2026-01-07,5859779.0,Transferencia
PG-002985,FE-002125,2026-01-07,3090668.0,Transferencia
PG-002986,FE-002143,2026-01-07,1307817.0,Transferencia
PG-002987,FE-002225,2026-01-07,6537540.0,Transferencia
PG-002988,FE-002501,2026-01-07,2552325.0,Transferencia
PG-002989,FE-002547,2026-01-07,949308.0,Transferencia
PG-002990,FE-002556,2026-01-07,1977112.0,Transferencia
PG-002991,FE-002589,2026-01-07,469720.0,Transferencia
PG-002992,FE-002626,2026-01-07,375007.0,Cheque
PG-002993,FE-002657,2026-01-07,5501312.0,Transferencia
PG-002994,FE-002664,2026-01-07,3673434.0,Transferencia
PG-002995,FE-002668,2026-01-07,331071.0,Consignación
PG-002996,FE-002694,2026-01-07,1045639.0,Transferencia
PG-002997,FE-002726,2026-01-07,308435.0,Transferencia
PG-002998,FE-002749,2026-01-07,6828320.0,Transferencia
PG-002999,FE-002773,2026-01-07,3163757.0,PSE
PG-003000,FE-002801,2026-01-07,1364778.0,PSE
PG-003001,FE-002829,2026-01-07,92038.0,Transferencia
PG-003002,FE-002846,2026-01-07,4320721.0,Transferencia
PG-003003,FE-002867,2026-01-07,2545117.0,Cheque
PG-003004,FE-002933,2026-01-07,192159.0,Consignación
PG-003005,FE-002973,2026-01-07,1330589.0,Transferencia
PG-003006,FE-003001,2026-01-07,197941.0,PSE
PG-003007,FE-003038,2026-01-07,1056933.0,Cheque
PG-003008,FE-003076,2026-01-07,2463005.0,Transferencia
PG-003009,FE-003086,2026-01-07,270031.0,PSE
PG-003010,FE-003092,2026-01-07,2654419.0,Consignación
PG-003011,FE-003106,2026-01-07,2750580.0,PSE
PG-003012,FE-003146,2026-01-07,5512948.0,Transferencia
PG-003013,FE-003156,2026-01-07,294721.0,Transferencia
PG-003014,FE-003168,2026-01-07,2210871.0,Consignación
PG-003015,FE-003231,2026-01-07,443073.0,Transferencia
PG-003016,FE-003233,2026-01-07,1438568.0,Transferencia
PG-003017,FE-003313,2026-01-07,240637.0,Cheque
PG-003018,FE-003335,2026-01-07,61884.0,Transferencia
PG-003019,FE-003402,2026-01-07,23839.0,Transferencia
PG-003020,FE-003457,2026-01-07,1975601.0,Consignación
PG-003021,FE-003496,2026-01-07,646231.0,Transferencia
PG-003022,FE-003519,2026-01-07,12045.0,Transferencia
PG-003023,FE-003571,2026-01-07,529425.0,Consignación
PG-003024,FE-003585,2026-01-07,758194.0,Transferencia
PG-003025,FE-003616,2026-01-07,1034597.0,Transferencia
PG-003026,FE-003639,2026-01-07,71795.0,Transferencia
PG-003027,FE-003648,2026-01-07,2920816.0,PSE
PG-003028,FE-003687,2026-01-07,179519.0,Transferencia
PG-003029,FE-003701,2026-01-07,1591566.0,Transferencia
PG-003030,FE-003726,2026-01-07,756149.0,PSE
PG-003031,FE-003728,2026-01-07,639675.0,Transferencia
PG-003032,FE-003749,2026-01-07,219679.0,Transferencia
PG-003033,FE-003755,2026-01-07,573056.0,Transferencia
PG-003034,FE-003971,2026-01-07,152726.0,Transferencia
PG-003035,FE-003982,2026-01-07,482944.0,Transferencia
PG-003036,FE-004022,2026-01-07,413933.0,PSE
PG-003037,FE-004092,2026-01-07,104287.0,PSE
PG-003038,FE-004223,2026-01-07,69390.0,Consignación
PG-003039,FE-004401,2026-01-07,486972.0,PSE
PG-003040,FE-004626,2026-01-07,157098.0,Transferencia
PG-003041,FE-004711,2026-01-07,330519.0,PSE
PG-003042,FE-001728,2026-01-08,3391678.0,Transferencia
PG-003043,FE-001880,2026-01-08,927841.0,Consignación
PG-003044,FE-002029,2026-01-08,2086379.0,Transferencia
PG-003045,FE-002053,2026-01-08,8048513.0,Transferencia
PG-003046,FE-002075,2026-01-08,7599966.0,Transferencia
PG-003047,FE-002099,2026-01-08,3926430.0,PSE
PG-003048,FE-002120,2026-01-08,1500232.0,Transferencia
PG-003049,FE-002245,2026-01-08,1460917.0,Consignación
PG-003050,FE-002248,2026-01-08,1192917.0,Transferencia
PG-003051,FE-002258,2026-01-08,1926888.0,Transferencia
PG-003052,FE-002277,2026-01-08,1929858.0,Cheque
PG-003053,FE-002287,2026-01-08,874542.0,Transferencia
PG-003054,FE-002291,2026-01-08,2093117.0,Cheque
PG-003055,FE-002411,2026-01-08,1081821.0,PSE
PG-003056,FE-002445,2026-01-08,1324059.0,Transferencia
PG-003057,FE-002537,2026-01-08,1116343.0,Transferencia
PG-003058,FE-002567,2026-01-08,230992.0,Transferencia
PG-003059,FE-002660,2026-01-08,1193888.0,Transferencia
PG-003060,FE-002690,2026-01-08,346307.0,Transferencia
PG-003061,FE-002700,2026-01-08,2007733.0,PSE
PG-003062,FE-002705,2026-01-08,2040757.0,Transferencia
PG-003063,FE-002787,2026-01-08,1440075.0,Cheque
PG-003064,FE-002795,2026-01-08,2161318.0,Transferencia
PG-003065,FE-002824,2026-01-08,148968.0,Transferencia
PG-003066,FE-002840,2026-01-08,6348433.0,Transferencia
PG-003067,FE-002859,2026-01-08,1834705.0,Cheque
PG-003068,FE-002892,2026-01-08,2824179.0,Transferencia
PG-003069,FE-002909,2026-01-08,618627.0,Transferencia
PG-003070,FE-002945,2026-01-08,3213645.0,Transferencia
PG-003071,FE-002949,2026-01-08,520544.0,PSE
PG-003072,FE-002963,2026-01-08,456977.0,Cheque
PG-003073,FE-002968,2026-01-08,1367095.0,Transferencia
PG-003074,FE-002994,2026-01-08,2331277.0,Transferencia
PG-003075,FE-003004,2026-01-08,605800.0,Transferencia
PG-003076,FE-003005,2026-01-08,776930.0,Consignación
PG-003077,FE-003067,2026-01-08,722216.0,Transferencia
PG-003078,FE-003068,2026-01-08,489856.0,Transferencia
PG-003079,FE-003113,2026-01-08,386749.0,Transferencia
PG-003080,FE-003166,2026-01-08,442291.0,Transferencia
PG-003081,FE-003186,2026-01-08,4150343.0,Transferencia
PG-003082,FE-003228,2026-01-08,761023.0,PSE
PG-003083,FE-003297,2026-01-08,263511.0,Transferencia
PG-003084,FE-003347,2026-01-08,3094355.0,Transferencia
PG-003085,FE-003394,2026-01-08,202650.0,Transferencia
PG-003086,FE-003440,2026-01-08,1192957.0,Transferencia
PG-003087,FE-003476,2026-01-08,52915.0,Consignación
PG-003088,FE-003480,2026-01-08,309665.0,Transferencia
PG-003089,FE-003654,2026-01-08,589032.0,Transferencia
PG-003090,FE-003692,2026-01-08,568273.0,Transferencia
PG-003091,FE-003802,2026-01-08,398637.0,Consignación
PG-003092,FE-003804,2026-01-08,292055.0,Transferencia
PG-003093,FE-003858,2026-01-08,57391.0,Transferencia
PG-003094,FE-003885,2026-01-08,203673.0,Transferencia
PG-003095,FE-003964,2026-01-08,1170171.0,PSE
PG-003096,FE-003988,2026-01-08,347100.0,Consignación
PG-003097,FE-004005,2026-01-08,86880.0,Consignación
PG-003098,FE-004015,2026-01-08,221485.0,Transferencia
PG-003099,FE-004095,2026-01-08,530462.0,Transferencia
PG-003100,FE-004148,2026-01-08,734505.0,Transferencia
PG-003101,FE-004157,2026-01-08,2998974.0,Transferencia
PG-003102,FE-004210,2026-01-08,3225958.0,Cheque
PG-003103,FE-004244,2026-01-08,500633.0,PSE
PG-003104,FE-004417,2026-01-08,595183.0,Transferencia
PG-003105,FE-004422,2026-01-08,630255.0,Transferencia
PG-003106,FE-004523,2026-01-08,1797308.0,Transferencia
PG-003107,FE-004643,2026-01-08,297535.0,Transferencia
PG-003108,FE-004762,2026-01-08,99294.0,PSE
PG-003109,FE-001847,2026-01-09,1091087.0,Consignación
PG-003110,FE-001891,2026-01-09,766920.0,PSE
PG-003111,FE-001892,2026-01-09,593817.0,PSE
PG-003112,FE-001913,2026-01-09,8099408.0,Transferencia
PG-003113,FE-002063,2026-01-09,332931.0,PSE
PG-003114,FE-002117,2026-01-09,1328969.0,PSE
PG-003115,FE-002129,2026-01-09,410268.0,Transferencia
PG-003116,FE-002132,2026-01-09,2050182.0,Transferencia
PG-003117,FE-002137,2026-01-09,3995759.0,Transferencia
PG-003118,FE-002212,2026-01-09,284400.0,Cheque
PG-003119,FE-002246,2026-01-09,1226190.0,Cheque
PG-003120,FE-002357,2026-01-09,749369.0,Transferencia
PG-003121,FE-002369,2026-01-09,301387.0,PSE
PG-003122,FE-002379,2026-01-09,14849715.0,PSE
PG-003123,FE-002390,2026-01-09,5346920.0,PSE
PG-003124,FE-002392,2026-01-09,2607332.0,PSE
PG-003125,FE-002397,2026-01-09,1520027.0,PSE
PG-003126,FE-002412,2026-01-09,433828.0,Transferencia
PG-003127,FE-002506,2026-01-09,76870.0,Transferencia
PG-003128,FE-002508,2026-01-09,1468746.0,Transferencia
PG-003129,FE-002573,2026-01-09,2190269.0,PSE
PG-003130,FE-002590,2026-01-09,2458353.0,Transferencia
PG-003131,FE-002604,2026-01-09,1468212.0,Transferencia
PG-003132,FE-002607,2026-01-09,157846.0,PSE
PG-003133,FE-002639,2026-01-09,3249853.0,PSE
PG-003134,FE-002663,2026-01-09,2056698.0,Cheque
PG-003135,FE-002711,2026-01-09,2439723.0,PSE
PG-003136,FE-002739,2026-01-09,1630519.0,Cheque
PG-003137,FE-002775,2026-01-09,401812.0,PSE
PG-003138,FE-002885,2026-01-09,57134.0,Consignación
PG-003139,FE-002943,2026-01-09,4236925.0,Transferencia
PG-003140,FE-002990,2026-01-09,175883.0,Cheque
PG-003141,FE-002995,2026-01-09,251276.0,Consignación
PG-003142,FE-002997,2026-01-09,167402.0,Consignación
PG-003143,FE-003000,2026-01-09,2976021.0,Transferencia
PG-003144,FE-003037,2026-01-09,265220.0,Transferencia
PG-003145,FE-003061,2026-01-09,4536143.0,Consignación
PG-003146,FE-003133,2026-01-09,829147.0,PSE
PG-003147,FE-003144,2026-01-09,1567706.0,Transferencia
PG-003148,FE-003145,2026-01-09,2431440.0,Transferencia
PG-003149,FE-003147,2026-01-09,753854.0,Transferencia
PG-003150,FE-003334,2026-01-09,1950364.0,Consignación
PG-003151,FE-003340,2026-01-09,545617.0,PSE
PG-003152,FE-003342,2026-01-09,252100.0,PSE
PG-003153,FE-003368,2026-01-09,25647.0,Transferencia
PG-003154,FE-003371,2026-01-09,156160.0,PSE
PG-003155,FE-003383,2026-01-09,4772171.0,Transferencia
PG-003156,FE-003425,2026-01-09,1173285.0,Transferencia
PG-003157,FE-003444,2026-01-09,668635.0,Transferencia
PG-003158,FE-003445,2026-01-09,692838.0,PSE
PG-003159,FE-003514,2026-01-09,113997.0,Transferencia
PG-003160,FE-003541,2026-01-09,514602.0,Consignación
PG-003161,FE-003558,2026-01-09,194068.0,PSE
PG-003162,FE-003645,2026-01-09,215052.0,Transferencia
PG-003163,FE-003653,2026-01-09,253973.0,Transferencia
PG-003164,FE-003688,2026-01-09,1052466.0,PSE
PG-003165,FE-003691,2026-01-09,133554.0,Transferencia
PG-003166,FE-003712,2026-01-09,425976.0,Consignación
PG-003167,FE-003721,2026-01-09,408761.0,PSE
PG-003168,FE-003731,2026-01-09,284468.0,PSE
PG-003169,FE-003766,2026-01-09,45983.0,PSE
PG-003170,FE-003768,2026-01-09,303905.0,Transferencia
PG-003171,FE-003805,2026-01-09,417717.0,Transferencia
PG-003172,FE-003806,2026-01-09,3421283.0,PSE
PG-003173,FE-003869,2026-01-09,86736.0,Transferencia
PG-003174,FE-003893,2026-01-09,468795.0,PSE
PG-003175,FE-003900,2026-01-09,373214.0,Cheque
PG-003176,FE-003913,2026-01-09,615426.0,Transferencia
PG-003177,FE-003922,2026-01-09,584309.0,Transferencia
PG-003178,FE-003974,2026-01-09,216776.0,Transferencia
PG-003179,FE-004017,2026-01-09,418523.0,Transferencia
PG-003180,FE-004199,2026-01-09,269550.0,Consignación
PG-003181,FE-004206,2026-01-09,235430.0,Transferencia
PG-003182,FE-004324,2026-01-09,260705.0,Consignación
PG-003183,FE-004369,2026-01-09,1117471.0,Transferencia
PG-003184,FE-004404,2026-01-09,614240.0,Cheque
PG-003185,FE-004527,2026-01-09,17512.0,Transferencia
PG-003186,FE-004564,2026-01-09,352918.0,Transferencia
PG-003187,FE-004672,2026-01-09,114875.0,Transferencia
PG-003188,FE-001572,2026-01-10,2023098.0,Transferencia
PG-003189,FE-001863,2026-01-10,2380675.0,PSE
PG-003190,FE-002130,2026-01-10,9290229.0,Transferencia
PG-003191,FE-002318,2026-01-10,3952015.0,PSE
PG-003192,FE-002413,2026-01-10,7653793.0,Transferencia
PG-003193,FE-002430,2026-01-10,480583.0,Consignación
PG-003194,FE-002476,2026-01-10,1796781.0,PSE
PG-003195,FE-002584,2026-01-10,1972858.0,Transferencia
PG-003196,FE-002695,2026-01-10,767109.0,Transferencia
PG-003197,FE-002839,2026-01-10,477994.0,Transferencia
PG-003198,FE-002842,2026-01-10,2417005.0,Transferencia
PG-003199,FE-002863,2026-01-10,139677.0,PSE
PG-003200,FE-002920,2026-01-10,438182.0,Cheque
PG-003201,FE-002931,2026-01-10,627448.0,Transferencia
PG-003202,FE-002946,2026-01-10,5179719.0,Transferencia
PG-003203,FE-002987,2026-01-10,2934016.0,Transferencia
PG-003204,FE-002996,2026-01-10,2468417.0,Transferencia
PG-003205,FE-003014,2026-01-10,2595316.0,Consignación
PG-003206,FE-003041,2026-01-10,3243822.0,Consignación
PG-003207,FE-003047,2026-01-10,4125083.0,Transferencia
PG-003208,FE-003049,2026-01-10,3583535.0,Transferencia
PG-003209,FE-003101,2026-01-10,1862668.0,Transferencia
PG-003210,FE-003128,2026-01-10,465877.0,Cheque
PG-003211,FE-003152,2026-01-10,1365398.0,Transferencia
PG-003212,FE-003232,2026-01-10,245660.0,Transferencia
PG-003213,FE-003255,2026-01-10,137499.0,Cheque
PG-003214,FE-003358,2026-01-10,265493.0,PSE
PG-003215,FE-003403,2026-01-10,2382174.0,Consignación
PG-003216,FE-003426,2026-01-10,55060.0,Transferencia
PG-003217,FE-003451,2026-01-10,742474.0,Consignación
PG-003218,FE-003473,2026-01-10,1040726.0,Transferencia
PG-003219,FE-003477,2026-01-10,204316.0,PSE
PG-003220,FE-003507,2026-01-10,1393016.0,Consignación
PG-003221,FE-003529,2026-01-10,200232.0,Consignación
PG-003222,FE-003537,2026-01-10,2585627.0,PSE
PG-003223,FE-003660,2026-01-10,355841.0,Consignación
PG-003224,FE-003661,2026-01-10,175192.0,PSE
PG-003225,FE-003665,2026-01-10,539522.0,PSE
PG-003226,FE-003667,2026-01-10,190004.0,Transferencia
PG-003227,FE-003668,2026-01-10,702348.0,PSE
PG-003228,FE-003670,2026-01-10,80412.0,Consignación
PG-003229,FE-003709,2026-01-10,1628334.0,PSE
PG-003230,FE-003719,2026-01-10,552473.0,Transferencia
PG-003231,FE-003724,2026-01-10,193279.0,PSE
PG-003232,FE-003770,2026-01-10,313188.0,Cheque
PG-003233,FE-003791,2026-01-10,4294628.0,Cheque
PG-003234,FE-003932,2026-01-10,287992.0,Consignación
PG-003235,FE-003945,2026-01-10,192402.0,Transferencia
PG-003236,FE-003966,2026-01-10,233077.0,Transferencia
PG-003237,FE-004033,2026-01-10,211038.0,PSE
PG-003238,FE-004038,2026-01-10,680543.0,Transferencia
PG-003239,FE-004049,2026-01-10,434575.0,Cheque
PG-003240,FE-004059,2026-01-10,452720.0,Cheque
PG-003241,FE-004162,2026-01-10,297545.0,Transferencia
PG-003242,FE-004214,2026-01-10,294048.0,Transferencia
PG-003243,FE-004219,2026-01-10,107442.0,PSE
PG-003244,FE-004274,2026-01-10,826681.0,Transferencia
PG-003245,FE-004340,2026-01-10,756735.0,Transferencia
PG-003246,FE-004451,2026-01-10,58203.0,Cheque
PG-003247,FE-004676,2026-01-10,199858.0,Transferencia
PG-003248,FE-004704,2026-01-10,221510.0,Transferencia
PG-003249,FE-005114,2026-01-10,455102.0,Transferencia
PG-003250,FE-005288,2026-01-10,349236.0,Transferencia
PG-003251,FE-001583,2026-01-11,5120826.0,PSE
PG-003252,FE-001649,2026-01-11,921645.0,Cheque
PG-003253,FE-002079,2026-01-11,1758055.0,Cheque
PG-003254,FE-002085,2026-01-11,2537065.0,Transferencia
PG-003255,FE-002302,2026-01-11,1256685.0,Transferencia
PG-003256,FE-002621,2026-01-11,456767.0,PSE
PG-003257,FE-002636,2026-01-11,1346809.0,Transferencia
PG-003258,FE-002651,2026-01-11,3356167.0,Transferencia
PG-003259,FE-002652,2026-01-11,681098.0,Transferencia
PG-003260,FE-002659,2026-01-11,584746.0,PSE
PG-003261,FE-002760,2026-01-11,675139.0,Consignación
PG-003262,FE-002771,2026-01-11,3636035.0,Transferencia
PG-003263,FE-002833,2026-01-11,2132781.0,Transferencia
PG-003264,FE-002882,2026-01-11,580838.0,Cheque
PG-003265,FE-003032,2026-01-11,1114816.0,Transferencia
PG-003266,FE-003039,2026-01-11,293981.0,Transferencia
PG-003267,FE-003055,2026-01-11,485487.0,Transferencia
PG-003268,FE-003064,2026-01-11,288675.0,Transferencia
PG-003269,FE-003089,2026-01-11,139702.0,Transferencia
PG-003270,FE-003118,2026-01-11,1764418.0,Consignación
PG-003271,FE-003155,2026-01-11,1292377.0,PSE
PG-003272,FE-003174,2026-01-11,1095302.0,Cheque
PG-003273,FE-003248,2026-01-11,1943839.0,PSE
PG-003274,FE-003259,2026-01-11,1409446.0,Transferencia
PG-003275,FE-003269,2026-01-11,1586577.0,Transferencia
PG-003276,FE-003284,2026-01-11,166097.0,Consignación
PG-003277,FE-003303,2026-01-11,905028.0,Transferencia
PG-003278,FE-003343,2026-01-11,1275881.0,Transferencia
PG-003279,FE-003367,2026-01-11,1075282.0,Transferencia
PG-003280,FE-003381,2026-01-11,429125.0,Transferencia
PG-003281,FE-003396,2026-01-11,502713.0,Transferencia
PG-003282,FE-003404,2026-01-11,1561850.0,Cheque
PG-003283,FE-003421,2026-01-11,767348.0,Transferencia
PG-003284,FE-003439,2026-01-11,388058.0,Transferencia
PG-003285,FE-003460,2026-01-11,2352418.0,PSE
PG-003286,FE-003512,2026-01-11,235779.0,PSE
PG-003287,FE-003516,2026-01-11,1136277.0,Transferencia
PG-003288,FE-003556,2026-01-11,1644027.0,PSE
PG-003289,FE-003568,2026-01-11,22834.0,Transferencia
PG-003290,FE-003595,2026-01-11,526907.0,PSE
PG-003291,FE-003656,2026-01-11,509270.0,Consignación
PG-003292,FE-003684,2026-01-11,1730437.0,PSE
PG-003293,FE-003738,2026-01-11,174397.0,Transferencia
PG-003294,FE-003744,2026-01-11,158945.0,Transferencia
PG-003295,FE-003751,2026-01-11,51016.0,Transferencia
PG-003296,FE-003757,2026-01-11,253763.0,Transferencia
PG-003297,FE-003828,2026-01-11,625891.0,Transferencia
PG-003298,FE-003865,2026-01-11,41109.0,Consignación
PG-003299,FE-003879,2026-01-11,309944.0,Transferencia
PG-003300,FE-003897,2026-01-11,35594.0,PSE
PG-003301,FE-003901,2026-01-11,409993.0,Transferencia
PG-003302,FE-003920,2026-01-11,9100.0,Transferencia
PG-003303,FE-003921,2026-01-11,499755.0,Transferencia
PG-003304,FE-004001,2026-01-11,459507.0,Transferencia
PG-003305,FE-004020,2026-01-11,165270.0,Transferencia
PG-003306,FE-004032,2026-01-11,344943.0,PSE
PG-003307,FE-004045,2026-01-11,767767.0,Transferencia
PG-003308,FE-004087,2026-01-11,191131.0,Transferencia
PG-003309,FE-004102,2026-01-11,959874.0,Transferencia
PG-003310,FE-004129,2026-01-11,542406.0,PSE
PG-003311,FE-004164,2026-01-11,405326.0,PSE
PG-003312,FE-004165,2026-01-11,1906670.0,PSE
PG-003313,FE-004170,2026-01-11,557151.0,Transferencia
PG-003314,FE-004193,2026-01-11,1181029.0,Transferencia
PG-003315,FE-004196,2026-01-11,386472.0,PSE
PG-003316,FE-004249,2026-01-11,223486.0,Transferencia
PG-003317,FE-004250,2026-01-11,268859.0,Transferencia
PG-003318,FE-004277,2026-01-11,237584.0,PSE
PG-003319,FE-004358,2026-01-11,515642.0,Transferencia
PG-003320,FE-004403,2026-01-11,232494.0,Transferencia
PG-003321,FE-004549,2026-01-11,39640.0,Transferencia
PG-003322,FE-004568,2026-01-11,182670.0,PSE
PG-003323,FE-004580,2026-01-11,263333.0,PSE
PG-003324,FE-004611,2026-01-11,256251.0,Transferencia
PG-003325,FE-004612,2026-01-11,363490.0,Cheque
PG-003326,FE-001598,2026-01-12,3575024.0,PSE
PG-003327,FE-001737,2026-01-12,1643893.0,PSE
PG-003328,FE-001785,2026-01-12,7628995.0,Transferencia
PG-003329,FE-001864,2026-01-12,1380365.0,Consignación
PG-003330,FE-002203,2026-01-12,3803357.0,Transferencia
PG-003331,FE-002381,2026-01-12,2417729.0,PSE
PG-003332,FE-002422,2026-01-12,2233806.0,Transferencia
PG-003333,FE-002432,2026-01-12,3471989.0,Transferencia
PG-003334,FE-002454,2026-01-12,2128784.0,Transferencia
PG-003335,FE-002489,2026-01-12,5861925.0,Transferencia
PG-003336,FE-002521,2026-01-12,1975068.0,Transferencia
PG-003337,FE-002540,2026-01-12,45422.0,Consignación
PG-003338,FE-002551,2026-01-12,799573.0,Transferencia
PG-003339,FE-002745,2026-01-12,500869.0,PSE
PG-003340,FE-002759,2026-01-12,2627675.0,Transferencia
PG-003341,FE-002766,2026-01-12,612623.0,Transferencia
PG-003342,FE-002772,2026-01-12,1167909.0,Transferencia
PG-003343,FE-002898,2026-01-12,3596894.0,Transferencia
PG-003344,FE-002907,2026-01-12,782550.0,Transferencia
PG-003345,FE-002939,2026-01-12,2220263.0,Transferencia
PG-003346,FE-003048,2026-01-12,1701091.0,Transferencia
PG-003347,FE-003216,2026-01-12,4658146.0,Transferencia
PG-003348,FE-003247,2026-01-12,2178825.0,Consignación
PG-003349,FE-003252,2026-01-12,4452381.0,Transferencia
PG-003350,FE-003292,2026-01-12,901343.0,Transferencia
PG-003351,FE-003345,2026-01-12,514201.0,Consignación
PG-003352,FE-003346,2026-01-12,1813903.0,Transferencia
PG-003353,FE-003392,2026-01-12,344543.0,Transferencia
PG-003354,FE-003448,2026-01-12,2578035.0,Transferencia
PG-003355,FE-003450,2026-01-12,1424888.0,Transferencia
PG-003356,FE-003487,2026-01-12,650849.0,Transferencia
PG-003357,FE-003523,2026-01-12,1675424.0,Transferencia
PG-003358,FE-003535,2026-01-12,594373.0,Transferencia
PG-003359,FE-003574,2026-01-12,165155.0,PSE
PG-003360,FE-003592,2026-01-12,373417.0,Transferencia
PG-003361,FE-003605,2026-01-12,33796.0,Transferencia
PG-003362,FE-003612,2026-01-12,191924.0,PSE
PG-003363,FE-003743,2026-01-12,328553.0,PSE
PG-003364,FE-003784,2026-01-12,673095.0,Transferencia
PG-003365,FE-003824,2026-01-12,239051.0,Transferencia
PG-003366,FE-003860,2026-01-12,661990.0,Transferencia
PG-003367,FE-003878,2026-01-12,786014.0,Transferencia
PG-003368,FE-003914,2026-01-12,757738.0,Transferencia
PG-003369,FE-003967,2026-01-12,251083.0,Transferencia
PG-003370,FE-004106,2026-01-12,467010.0,PSE
PG-003371,FE-004111,2026-01-12,539247.0,Transferencia
PG-003372,FE-004113,2026-01-12,112307.0,Transferencia
PG-003373,FE-004115,2026-01-12,1070215.0,PSE
PG-003374,FE-004137,2026-01-12,672118.0,PSE
PG-003375,FE-004146,2026-01-12,288996.0,Consignación
PG-003376,FE-004171,2026-01-12,259753.0,Transferencia
PG-003377,FE-004181,2026-01-12,237168.0,PSE
PG-003378,FE-004232,2026-01-12,579266.0,Transferencia
PG-003379,FE-004233,2026-01-12,338576.0,PSE
PG-003380,FE-004279,2026-01-12,93432.0,Cheque
PG-003381,FE-004287,2026-01-12,452449.0,Consignación
PG-003382,FE-004352,2026-01-12,107994.0,Transferencia
PG-003383,FE-004361,2026-01-12,320679.0,Transferencia
PG-003384,FE-004380,2026-01-12,277579.0,Transferencia
PG-003385,FE-004471,2026-01-12,350418.0,Consignación
PG-003386,FE-004906,2026-01-12,120483.0,Transferencia
PG-003387,FE-004935,2026-01-12,332009.0,PSE
PG-003388,FE-005119,2026-01-12,479368.0,PSE
PG-003389,FE-005506,2026-01-12,446117.0,Transferencia
PG-003390,FE-001889,2026-01-13,9497703.0,PSE
PG-003391,FE-001998,2026-01-13,2789665.0,Transferencia
PG-003392,FE-002144,2026-01-13,6451882.0,Transferencia
PG-003393,FE-002145,2026-01-13,132874.0,Transferencia
PG-003394,FE-002252,2026-01-13,10069585.0,Transferencia
PG-003395,FE-002354,2026-01-13,5001039.0,PSE
PG-003396,FE-002382,2026-01-13,4436131.0,Transferencia
PG-003397,FE-002387,2026-01-13,1023730.0,PSE
PG-003398,FE-002415,2026-01-13,1069579.0,Transferencia
PG-003399,FE-002426,2026-01-13,316954.0,Transferencia
PG-003400,FE-002515,2026-01-13,548008.0,Cheque
PG-003401,FE-002533,2026-01-13,1046716.0,Transferencia
PG-003402,FE-002635,2026-01-13,2658678.0,Transferencia
PG-003403,FE-002669,2026-01-13,1723496.0,PSE
PG-003404,FE-002735,2026-01-13,1777081.0,Transferencia
PG-003405,FE-002755,2026-01-13,197974.0,Transferencia
PG-003406,FE-002877,2026-01-13,835052.0,Transferencia
PG-003407,FE-002903,2026-01-13,131469.0,Consignación
PG-003408,FE-002916,2026-01-13,177894.0,PSE
PG-003409,FE-002967,2026-01-13,2805112.0,Transferencia
PG-003410,FE-003029,2026-01-13,1164275.0,Transferencia
PG-003411,FE-003065,2026-01-13,2876927.0,Transferencia
PG-003412,FE-003123,2026-01-13,83112.0,Transferencia
PG-003413,FE-003194,2026-01-13,552375.0,Transferencia
PG-003414,FE-003263,2026-01-13,785548.0,Transferencia
PG-003415,FE-003279,2026-01-13,1287729.0,Cheque
PG-003416,FE-003296,2026-01-13,3092893.0,Transferencia
PG-003417,FE-003354,2026-01-13,1049221.0,Transferencia
PG-003418,FE-003395,2026-01-13,180836.0,Cheque
PG-003419,FE-003424,2026-01-13,126495.0,Transferencia
PG-003420,FE-003430,2026-01-13,386606.0,Consignación
PG-003421,FE-003456,2026-01-13,124855.0,Transferencia
PG-003422,FE-003583,2026-01-13,6133273.0,Consignación
PG-003423,FE-003589,2026-01-13,460429.0,Transferencia
PG-003424,FE-003641,2026-01-13,290053.0,Transferencia
PG-003425,FE-003652,2026-01-13,1556626.0,PSE
PG-003426,FE-003690,2026-01-13,151976.0,Transferencia
PG-003427,FE-003696,2026-01-13,3588438.0,Consignación
PG-003428,FE-003699,2026-01-13,98493.0,Transferencia
PG-003429,FE-003741,2026-01-13,3512869.0,Transferencia
PG-003430,FE-003880,2026-01-13,318044.0,Transferencia
PG-003431,FE-003892,2026-01-13,415290.0,Cheque
PG-003432,FE-003977,2026-01-13,228814.0,PSE
PG-003433,FE-003987,2026-01-13,27345.0,Transferencia
PG-003434,FE-003995,2026-01-13,1027547.0,Consignación
PG-003435,FE-004053,2026-01-13,212664.0,Consignación
PG-003436,FE-004055,2026-01-13,308177.0,Transferencia
PG-003437,FE-004090,2026-01-13,311987.0,Transferencia
PG-003438,FE-004091,2026-01-13,670014.0,Transferencia
PG-003439,FE-004099,2026-01-13,222215.0,Transferencia
PG-003440,FE-004161,2026-01-13,1298706.0,Consignación
PG-003441,FE-004253,2026-01-13,17610.0,Transferencia
PG-003442,FE-004254,2026-01-13,1136307.0,Cheque
PG-003443,FE-004364,2026-01-13,581397.0,Transferencia
PG-003444,FE-004387,2026-01-13,248499.0,Transferencia
PG-003445,FE-004474,2026-01-13,1440080.0,Consignación
PG-003446,FE-004484,2026-01-13,590792.0,Transferencia
PG-003447,FE-004594,2026-01-13,81753.0,Transferencia
PG-003448,FE-004890,2026-01-13,97562.0,Transferencia
PG-003449,FE-001878,2026-01-14,2111762.0,Transferencia
PG-003450,FE-002069,2026-01-14,1609155.0,Transferencia
PG-003451,FE-002204,2026-01-14,1058224.0,Transferencia
PG-003452,FE-002389,2026-01-14,5258090.0,Transferencia
PG-003453,FE-002460,2026-01-14,487204.0,Transferencia
PG-003454,FE-002472,2026-01-14,2995265.0,Transferencia
PG-003455,FE-002534,2026-01-14,1111191.0,Transferencia
PG-003456,FE-002562,2026-01-14,1451685.0,Consignación
PG-003457,FE-002572,2026-01-14,512000.0,Transferencia
PG-003458,FE-002680,2026-01-14,4380682.0,PSE
PG-003459,FE-002703,2026-01-14,1317591.0,PSE
PG-003460,FE-002741,2026-01-14,702445.0,Transferencia
PG-003461,FE-002743,2026-01-14,1630192.0,Transferencia
PG-003462,FE-002776,2026-01-14,4793621.0,Cheque
PG-003463,FE-002804,2026-01-14,548716.0,Transferencia
PG-003464,FE-002878,2026-01-14,656973.0,Transferencia
PG-003465,FE-002956,2026-01-14,2180950.0,Transferencia
PG-003466,FE-002988,2026-01-14,4141885.0,Transferencia
PG-003467,FE-003052,2026-01-14,774040.0,Transferencia
PG-003468,FE-003080,2026-01-14,1131846.0,Transferencia
PG-003469,FE-003119,2026-01-14,2181866.0,Transferencia
PG-003470,FE-003124,2026-01-14,1978007.0,PSE
PG-003471,FE-003149,2026-01-14,554683.0,Transferencia
PG-003472,FE-003240,2026-01-14,897490.0,PSE
PG-003473,FE-003339,2026-01-14,593508.0,Transferencia
PG-003474,FE-003373,2026-01-14,3354568.0,Transferencia
PG-003475,FE-003389,2026-01-14,955904.0,PSE
PG-003476,FE-003408,2026-01-14,177295.0,Cheque
PG-003477,FE-003422,2026-01-14,1740381.0,PSE
PG-003478,FE-003528,2026-01-14,643889.0,Transferencia
PG-003479,FE-003540,2026-01-14,2629983.0,Transferencia
PG-003480,FE-003550,2026-01-14,246156.0,Transferencia
PG-003481,FE-003562,2026-01-14,1895252.0,Transferencia
PG-003482,FE-003570,2026-01-14,638078.0,Transferencia
PG-003483,FE-003601,2026-01-14,1774457.0,Transferencia
PG-003484,FE-003693,2026-01-14,6405697.0,Transferencia
PG-003485,FE-003763,2026-01-14,1121504.0,PSE
PG-003486,FE-003775,2026-01-14,2752758.0,PSE
PG-003487,FE-003785,2026-01-14,129379.0,Cheque
PG-003488,FE-003850,2026-01-14,434612.0,PSE
PG-003489,FE-003931,2026-01-14,251737.0,Transferencia
PG-003490,FE-003965,2026-01-14,392023.0,Transferencia
PG-003491,FE-003973,2026-01-14,162202.0,Transferencia
PG-003492,FE-004000,2026-01-14,215811.0,Transferencia
PG-003493,FE-004035,2026-01-14,376863.0,Cheque
PG-003494,FE-004075,2026-01-14,328876.0,Transferencia
PG-003495,FE-004224,2026-01-14,924994.0,PSE
PG-003496,FE-004226,2026-01-14,276294.0,PSE
PG-003497,FE-004237,2026-01-14,727711.0,PSE
PG-003498,FE-004276,2026-01-14,529349.0,Transferencia
PG-003499,FE-004293,2026-01-14,123341.0,Transferencia
PG-003500,FE-004316,2026-01-14,728721.0,Transferencia
PG-003501,FE-004445,2026-01-14,584523.0,Transferencia
PG-003502,FE-004472,2026-01-14,221046.0,Consignación
PG-003503,FE-004473,2026-01-14,641285.0,Transferencia
PG-003504,FE-004540,2026-01-14,226694.0,Transferencia
PG-003505,FE-004584,2026-01-14,1956774.0,PSE
PG-003506,FE-004605,2026-01-14,401839.0,Transferencia
PG-003507,FE-004667,2026-01-14,712927.0,Cheque
PG-003508,FE-004771,2026-01-14,396759.0,Transferencia
PG-003509,FE-004785,2026-01-14,559325.0,Cheque
PG-003510,FE-004883,2026-01-14,411407.0,Transferencia
PG-003511,FE-004911,2026-01-14,2324100.0,Transferencia
PG-003512,FE-004918,2026-01-14,140925.0,Cheque
PG-003513,FE-004977,2026-01-14,583179.0,Consignación
PG-003514,FE-005043,2026-01-14,242759.0,Transferencia
PG-003515,FE-005064,2026-01-14,54476.0,Transferencia
PG-003516,FE-005147,2026-01-14,264165.0,Cheque
PG-003517,FE-005203,2026-01-14,307608.0,Transferencia
PG-003518,FE-005328,2026-01-14,323886.0,PSE
PG-003519,FE-002009,2026-01-15,3468182.0,Transferencia
PG-003520,FE-002095,2026-01-15,5329351.0,Transferencia
PG-003521,FE-002226,2026-01-15,1659166.0,Transferencia
PG-003522,FE-002227,2026-01-15,6433843.0,Transferencia
PG-003523,FE-002237,2026-01-15,4306378.0,Cheque
PG-003524,FE-002273,2026-01-15,773285.0,Transferencia
PG-003525,FE-002282,2026-01-15,529555.0,Transferencia
PG-003526,FE-002333,2026-01-15,2875634.0,Transferencia
PG-003527,FE-002535,2026-01-15,2389059.0,Transferencia
PG-003528,FE-002561,2026-01-15,4146127.0,Transferencia
PG-003529,FE-002578,2026-01-15,1176472.0,Transferencia
PG-003530,FE-002600,2026-01-15,3678939.0,PSE
PG-003531,FE-002637,2026-01-15,425725.0,Transferencia
PG-003532,FE-002706,2026-01-15,1155502.0,Consignación
PG-003533,FE-002808,2026-01-15,1688609.0,Cheque
PG-003534,FE-002913,2026-01-15,807125.0,Transferencia
PG-003535,FE-002918,2026-01-15,796792.0,Consignación
PG-003536,FE-002932,2026-01-15,696833.0,Transferencia
PG-003537,FE-002934,2026-01-15,1002571.0,Transferencia
PG-003538,FE-003007,2026-01-15,1718835.0,Cheque
PG-003539,FE-003112,2026-01-15,1704852.0,Transferencia
PG-003540,FE-003172,2026-01-15,1903788.0,Transferencia
PG-003541,FE-003219,2026-01-15,1705529.0,PSE
PG-003542,FE-003283,2026-01-15,1277127.0,Transferencia
PG-003543,FE-003409,2026-01-15,321953.0,Transferencia
PG-003544,FE-003429,2026-01-15,3300784.0,Transferencia
PG-003545,FE-003539,2026-01-15,323346.0,Cheque
PG-003546,FE-003566,2026-01-15,492453.0,PSE
PG-003547,FE-003577,2026-01-15,129000.0,Transferencia
PG-003548,FE-003603,2026-01-15,2322208.0,PSE
PG-003549,FE-003604,2026-01-15,3103978.0,Cheque
PG-003550,FE-003619,2026-01-15,267418.0,Transferencia
PG-003551,FE-003635,2026-01-15,88416.0,Cheque
PG-003552,FE-003644,2026-01-15,4929224.0,Transferencia
PG-003553,FE-003707,2026-01-15,460828.0,Cheque
PG-003554,FE-003774,2026-01-15,1192381.0,Transferencia
PG-003555,FE-003814,2026-01-15,808153.0,Transferencia
PG-003556,FE-003818,2026-01-15,559430.0,Consignación
PG-003557,FE-003868,2026-01-15,151569.0,PSE
PG-003558,FE-003986,2026-01-15,263623.0,Transferencia
PG-003559,FE-003991,2026-01-15,538682.0,Transferencia
PG-003560,FE-004036,2026-01-15,1899007.0,PSE
PG-003561,FE-004071,2026-01-15,1065555.0,Transferencia
PG-003562,FE-004076,2026-01-15,12978.0,Transferencia
PG-003563,FE-004084,2026-01-15,880794.0,Transferencia
PG-003564,FE-004112,2026-01-15,1589548.0,Consignación
PG-003565,FE-004118,2026-01-15,930601.0,PSE
PG-003566,FE-004131,2026-01-15,53537.0,Transferencia
PG-003567,FE-004155,2026-01-15,242066.0,Consignación
PG-003568,FE-004167,2026-01-15,1974511.0,Transferencia
PG-003569,FE-004204,2026-01-15,196444.0,PSE
PG-003570,FE-004245,2026-01-15,459886.0,PSE
PG-003571,FE-004282,2026-01-15,89286.0,PSE
PG-003572,FE-004355,2026-01-15,392470.0,PSE
PG-003573,FE-004384,2026-01-15,361154.0,Transferencia
PG-003574,FE-004386,2026-01-15,178638.0,PSE
PG-003575,FE-004492,2026-01-15,1534191.0,Transferencia
PG-003576,FE-004596,2026-01-15,267687.0,PSE
PG-003577,FE-004660,2026-01-15,404749.0,Cheque
PG-003578,FE-004702,2026-01-15,188893.0,PSE
PG-003579,FE-004854,2026-01-15,369199.0,Transferencia
PG-003580,FE-004856,2026-01-15,698837.0,Transferencia
PG-003581,FE-005059,2026-01-15,507385.0,Transferencia
PG-003582,FE-005103,2026-01-15,262067.0,Transferencia
PG-003583,FE-005110,2026-01-15,36926.0,Transferencia
PG-003584,FE-005290,2026-01-15,506958.0,Transferencia
PG-003585,FE-002301,2026-01-16,2171101.0,Transferencia
PG-003586,FE-002317,2026-01-16,2560966.0,Transferencia
PG-003587,FE-002375,2026-01-16,4299011.0,Transferencia
PG-003588,FE-002429,2026-01-16,2423633.0,Consignación
PG-003589,FE-002447,2026-01-16,1438255.0,Transferencia
PG-003590,FE-002523,2026-01-16,1385774.0,Transferencia
PG-003591,FE-002528,2026-01-16,4270296.0,Transferencia
PG-003592,FE-002550,2026-01-16,6843456.0,Transferencia
PG-003593,FE-002683,2026-01-16,2474149.0,Transferencia
PG-003594,FE-002686,2026-01-16,428980.0,PSE
PG-003595,FE-002692,2026-01-16,1580502.0,Transferencia
PG-003596,FE-002733,2026-01-16,1054342.0,Transferencia
PG-003597,FE-002764,2026-01-16,1243110.0,Transferencia
PG-003598,FE-002969,2026-01-16,3627980.0,Consignación
PG-003599,FE-002993,2026-01-16,264326.0,PSE
PG-003600,FE-003003,2026-01-16,1552065.0,Transferencia
PG-003601,FE-003008,2026-01-16,645167.0,Transferencia
PG-003602,FE-003026,2026-01-16,1883774.0,Transferencia
PG-003603,FE-003043,2026-01-16,387829.0,Transferencia
PG-003604,FE-003078,2026-01-16,1951432.0,Transferencia
PG-003605,FE-003087,2026-01-16,831177.0,PSE
PG-003606,FE-003138,2026-01-16,1694266.0,Transferencia
PG-003607,FE-003175,2026-01-16,991751.0,PSE
PG-003608,FE-003217,2026-01-16,1391336.0,Consignación
PG-003609,FE-003272,2026-01-16,3306565.0,Consignación
PG-003610,FE-003310,2026-01-16,2251158.0,Transferencia
PG-003611,FE-003325,2026-01-16,843009.0,Transferencia
PG-003612,FE-003330,2026-01-16,1267155.0,Transferencia
PG-003613,FE-003372,2026-01-16,121879.0,Transferencia
PG-003614,FE-003385,2026-01-16,4524529.0,PSE
PG-003615,FE-003443,2026-01-16,1804541.0,Transferencia
PG-003616,FE-003471,2026-01-16,80828.0,Consignación
PG-003617,FE-003482,2026-01-16,313987.0,Transferencia
PG-003618,FE-003502,2026-01-16,1510724.0,Cheque
PG-003619,FE-003509,2026-01-16,449056.0,Transferencia
PG-003620,FE-003513,2026-01-16,492040.0,PSE
PG-003621,FE-003564,2026-01-16,1426752.0,Transferencia
PG-003622,FE-003569,2026-01-16,2043363.0,PSE
PG-003623,FE-003573,2026-01-16,288577.0,Transferencia
PG-003624,FE-003708,2026-01-16,1684839.0,Transferencia
PG-003625,FE-003727,2026-01-16,1144058.0,Transferencia
PG-003626,FE-003756,2026-01-16,665811.0,Transferencia
PG-003627,FE-003826,2026-01-16,223866.0,Transferencia
PG-003628,FE-003943,2026-01-16,526360.0,Transferencia
PG-003629,FE-003944,2026-01-16,774008.0,Transferencia
PG-003630,FE-003993,2026-01-16,779847.0,PSE
PG-003631,FE-004030,2026-01-16,288360.0,Transferencia
PG-003632,FE-004039,2026-01-16,227499.0,Transferencia
PG-003633,FE-004062,2026-01-16,2360577.0,Cheque
PG-003634,FE-004338,2026-01-16,448131.0,Cheque
PG-003635,FE-004479,2026-01-16,455231.0,Transferencia
PG-003636,FE-004555,2026-01-16,737551.0,Transferencia
PG-003637,FE-004556,2026-01-16,474786.0,PSE
PG-003638,FE-004779,2026-01-16,4545576.0,Consignación
PG-003639,FE-004898,2026-01-16,523438.0,Consignación
PG-003640,FE-005036,2026-01-16,232583.0,Transferencia
PG-003641,FE-005063,2026-01-16,267989.0,Transferencia
PG-003642,FE-005070,2026-01-16,417396.0,Transferencia
PG-003643,FE-005169,2026-01-16,471397.0,PSE
PG-003644,FE-005238,2026-01-16,212858.0,Transferencia
PG-003645,FE-005414,2026-01-16,424675.0,Transferencia
PG-003646,FE-005499,2026-01-16,441404.0,Transferencia
PG-003647,FE-002011,2026-01-17,6032872.0,Cheque
PG-003648,FE-002101,2026-01-17,1207316.0,Transferencia
PG-003649,FE-002141,2026-01-17,5508956.0,Consignación
PG-003650,FE-002316,2026-01-17,3121043.0,Transferencia
PG-003651,FE-002353,2026-01-17,3097986.0,Transferencia
PG-003652,FE-002367,2026-01-17,2598223.0,Transferencia
PG-003653,FE-002586,2026-01-17,3371568.0,PSE
PG-003654,FE-002593,2026-01-17,503209.0,Transferencia
PG-003655,FE-002662,2026-01-17,4541422.0,PSE
PG-003656,FE-002730,2026-01-17,1415173.0,Transferencia
PG-003657,FE-002732,2026-01-17,1165767.0,Cheque
PG-003658,FE-002734,2026-01-17,2271998.0,Transferencia
PG-003659,FE-002837,2026-01-17,1702033.0,Transferencia
PG-003660,FE-002873,2026-01-17,2615613.0,PSE
PG-003661,FE-002919,2026-01-17,1091983.0,Transferencia
PG-003662,FE-002936,2026-01-17,1786990.0,Transferencia
PG-003663,FE-002986,2026-01-17,1632396.0,Transferencia
PG-003664,FE-003058,2026-01-17,705464.0,Transferencia
PG-003665,FE-003108,2026-01-17,897590.0,Transferencia
PG-003666,FE-003127,2026-01-17,1712320.0,Transferencia
PG-003667,FE-003129,2026-01-17,1304745.0,Transferencia
PG-003668,FE-003151,2026-01-17,1516106.0,Transferencia
PG-003669,FE-003226,2026-01-17,5389942.0,Transferencia
PG-003670,FE-003253,2026-01-17,592956.0,Cheque
PG-003671,FE-003300,2026-01-17,1938426.0,Cheque
PG-003672,FE-003308,2026-01-17,462173.0,Transferencia
PG-003673,FE-003327,2026-01-17,5602739.0,Transferencia
PG-003674,FE-003344,2026-01-17,287148.0,PSE
PG-003675,FE-003375,2026-01-17,395796.0,Transferencia
PG-003676,FE-003377,2026-01-17,1235957.0,Transferencia
PG-003677,FE-003390,2026-01-17,566250.0,Transferencia
PG-003678,FE-003416,2026-01-17,2822995.0,Transferencia
PG-003679,FE-003428,2026-01-17,3172445.0,Transferencia
PG-003680,FE-003453,2026-01-17,137092.0,PSE
PG-003681,FE-003458,2026-01-17,209740.0,Transferencia
PG-003682,FE-003485,2026-01-17,512052.0,Transferencia
PG-003683,FE-003491,2026-01-17,4246669.0,Transferencia
PG-003684,FE-003498,2026-01-17,1120715.0,Transferencia
PG-003685,FE-003526,2026-01-17,1525525.0,Transferencia
PG-003686,FE-003533,2026-01-17,256909.0,Transferencia
PG-003687,FE-003586,2026-01-17,121334.0,Cheque
PG-003688,FE-003591,2026-01-17,581777.0,PSE
PG-003689,FE-003736,2026-01-17,862676.0,Transferencia
PG-003690,FE-003817,2026-01-17,394409.0,Transferencia
PG-003691,FE-003833,2026-01-17,2429317.0,Transferencia
PG-003692,FE-003842,2026-01-17,2387392.0,Transferencia
PG-003693,FE-003952,2026-01-17,449831.0,Transferencia
PG-003694,FE-003962,2026-01-17,127017.0,PSE
PG-003695,FE-003963,2026-01-17,428955.0,Transferencia
PG-003696,FE-003997,2026-01-17,203296.0,Transferencia
PG-003697,FE-004012,2026-01-17,1261460.0,Consignación
PG-003698,FE-004064,2026-01-17,137200.0,Transferencia
PG-003699,FE-004067,2026-01-17,2212928.0,PSE
PG-003700,FE-004128,2026-01-17,397998.0,Transferencia
PG-003701,FE-004143,2026-01-17,210071.0,PSE
PG-003702,FE-004209,2026-01-17,2719069.0,PSE
PG-003703,FE-004211,2026-01-17,1953978.0,Cheque
PG-003704,FE-004275,2026-01-17,290233.0,Transferencia
PG-003705,FE-004288,2026-01-17,993310.0,Transferencia
PG-003706,FE-004318,2026-01-17,276486.0,Consignación
PG-003707,FE-004320,2026-01-17,107027.0,PSE
PG-003708,FE-004351,2026-01-17,597378.0,Transferencia
PG-003709,FE-004360,2026-01-17,1580190.0,Transferencia
PG-003710,FE-004399,2026-01-17,869111.0,PSE
PG-003711,FE-004457,2026-01-17,111430.0,Cheque
PG-003712,FE-004502,2026-01-17,154850.0,Transferencia
PG-003713,FE-004519,2026-01-17,696289.0,Consignación
PG-003714,FE-004560,2026-01-17,116438.0,Transferencia
PG-003715,FE-004600,2026-01-17,525121.0,Transferencia
PG-003716,FE-004642,2026-01-17,147404.0,Transferencia
PG-003717,FE-004750,2026-01-17,165640.0,Transferencia
PG-003718,FE-004777,2026-01-17,30557.0,Cheque
PG-003719,FE-004780,2026-01-17,1271995.0,PSE
PG-003720,FE-004812,2026-01-17,137250.0,Transferencia
PG-003721,FE-004824,2026-01-17,922816.0,Transferencia
PG-003722,FE-004847,2026-01-17,794133.0,Transferencia
PG-003723,FE-004887,2026-01-17,114503.0,Cheque
PG-003724,FE-004937,2026-01-17,357757.0,PSE
PG-003725,FE-004971,2026-01-17,507077.0,Transferencia
PG-003726,FE-004993,2026-01-17,237641.0,Consignación
PG-003727,FE-005095,2026-01-17,97338.0,PSE
PG-003728,FE-005139,2026-01-17,182739.0,PSE
PG-003729,FE-005191,2026-01-17,277026.0,Transferencia
PG-003730,FE-005204,2026-01-17,108110.0,Transferencia
PG-003731,FE-005264,2026-01-17,815997.0,Transferencia
PG-003732,FE-005587,2026-01-17,362672.0,Consignación
PG-003733,FE-002077,2026-01-18,9720891.0,PSE
PG-003734,FE-002082,2026-01-18,4341863.0,PSE
PG-003735,FE-002414,2026-01-18,3862152.0,Transferencia
PG-003736,FE-002598,2026-01-18,721910.0,PSE
PG-003737,FE-002633,2026-01-18,741908.0,Transferencia
PG-003738,FE-002687,2026-01-18,1292723.0,Transferencia
PG-003739,FE-002767,2026-01-18,3073833.0,Cheque
PG-003740,FE-002791,2026-01-18,3054380.0,Transferencia
PG-003741,FE-002810,2026-01-18,2438600.0,Consignación
PG-003742,FE-002977,2026-01-18,594482.0,Consignación
PG-003743,FE-002983,2026-01-18,130982.0,PSE
PG-003744,FE-003075,2026-01-18,573524.0,PSE
PG-003745,FE-003081,2026-01-18,3006564.0,PSE
PG-003746,FE-003126,2026-01-18,1399667.0,Cheque
PG-003747,FE-003130,2026-01-18,2553219.0,Transferencia
PG-003748,FE-003134,2026-01-18,1606235.0,Transferencia
PG-003749,FE-003160,2026-01-18,1582557.0,Transferencia
PG-003750,FE-003176,2026-01-18,375307.0,PSE
PG-003751,FE-003218,2026-01-18,4951356.0,Cheque
PG-003752,FE-003246,2026-01-18,1958044.0,Transferencia
PG-003753,FE-003363,2026-01-18,13461.0,PSE
PG-003754,FE-003376,2026-01-18,433532.0,PSE
PG-003755,FE-003400,2026-01-18,2157391.0,Transferencia
PG-003756,FE-003446,2026-01-18,496426.0,Transferencia
PG-003757,FE-003559,2026-01-18,3989852.0,Consignación
PG-003758,FE-003560,2026-01-18,2063832.0,Transferencia
PG-003759,FE-003634,2026-01-18,1388829.0,PSE
PG-003760,FE-003638,2026-01-18,2714423.0,PSE
PG-003761,FE-003729,2026-01-18,1558493.0,PSE
PG-003762,FE-003742,2026-01-18,2435900.0,Transferencia
PG-003763,FE-003745,2026-01-18,544455.0,Transferencia
PG-003764,FE-003811,2026-01-18,81072.0,Consignación
PG-003765,FE-003834,2026-01-18,1135885.0,PSE
PG-003766,FE-003851,2026-01-18,234804.0,Transferencia
PG-003767,FE-003935,2026-01-18,383043.0,Cheque
PG-003768,FE-003975,2026-01-18,912591.0,Transferencia
PG-003769,FE-003980,2026-01-18,722761.0,Transferencia
PG-003770,FE-004093,2026-01-18,1281910.0,Transferencia
PG-003771,FE-004144,2026-01-18,3879833.0,Cheque
PG-003772,FE-004147,2026-01-18,1137391.0,Transferencia
PG-003773,FE-004192,2026-01-18,153009.0,Transferencia
PG-003774,FE-004194,2026-01-18,23074.0,PSE
PG-003775,FE-004201,2026-01-18,1868743.0,Consignación
PG-003776,FE-004207,2026-01-18,441667.0,Transferencia
PG-003777,FE-004213,2026-01-18,234617.0,Transferencia
PG-003778,FE-004234,2026-01-18,919920.0,Transferencia
PG-003779,FE-004290,2026-01-18,234252.0,Transferencia
PG-003780,FE-004322,2026-01-18,290712.0,Consignación
PG-003781,FE-004330,2026-01-18,284884.0,Transferencia
PG-003782,FE-004333,2026-01-18,809751.0,Transferencia
PG-003783,FE-004334,2026-01-18,375976.0,PSE
PG-003784,FE-004389,2026-01-18,165672.0,Transferencia
PG-003785,FE-004493,2026-01-18,600633.0,Consignación
PG-003786,FE-004682,2026-01-18,1856827.0,Transferencia
PG-003787,FE-004683,2026-01-18,863975.0,PSE
PG-003788,FE-004690,2026-01-18,161103.0,Consignación
PG-003789,FE-004713,2026-01-18,437275.0,Transferencia
PG-003790,FE-004747,2026-01-18,1046628.0,Transferencia
PG-003791,FE-004752,2026-01-18,876083.0,PSE
PG-003792,FE-004766,2026-01-18,160299.0,Transferencia
PG-003793,FE-004767,2026-01-18,564093.0,PSE
PG-003794,FE-004819,2026-01-18,861138.0,Transferencia
PG-003795,FE-004934,2026-01-18,261956.0,Transferencia
PG-003796,FE-005012,2026-01-18,2946898.0,Transferencia
PG-003797,FE-005024,2026-01-18,403876.0,Transferencia
PG-003798,FE-005087,2026-01-18,659875.0,Transferencia
PG-003799,FE-005133,2026-01-18,195323.0,Transferencia
PG-003800,FE-005180,2026-01-18,187117.0,Transferencia
PG-003801,FE-005308,2026-01-18,370403.0,Cheque
PG-003802,FE-005365,2026-01-18,96071.0,Transferencia
PG-003803,FE-002215,2026-01-19,4717156.0,Transferencia
PG-003804,FE-002453,2026-01-19,717970.0,PSE
PG-003805,FE-002552,2026-01-19,5629735.0,Cheque
PG-003806,FE-002616,2026-01-19,2183095.0,Transferencia
PG-003807,FE-002798,2026-01-19,1389728.0,Transferencia
PG-003808,FE-002843,2026-01-19,2172900.0,PSE
PG-003809,FE-002876,2026-01-19,2860252.0,Transferencia
PG-003810,FE-002905,2026-01-19,757904.0,Consignación
PG-003811,FE-002940,2026-01-19,10817364.0,Transferencia
PG-003812,FE-003116,2026-01-19,1405176.0,Transferencia
PG-003813,FE-003135,2026-01-19,1562043.0,Consignación
PG-003814,FE-003167,2026-01-19,5387414.0,Transferencia
PG-003815,FE-003170,2026-01-19,3041410.0,Transferencia
PG-003816,FE-003191,2026-01-19,737199.0,Consignación
PG-003817,FE-003251,2026-01-19,843558.0,Transferencia
PG-003818,FE-003314,2026-01-19,146664.0,Consignación
PG-003819,FE-003386,2026-01-19,673068.0,Transferencia
PG-003820,FE-003454,2026-01-19,1285843.0,PSE
PG-003821,FE-003464,2026-01-19,1635397.0,Transferencia
PG-003822,FE-003479,2026-01-19,4069015.0,PSE
PG-003823,FE-003500,2026-01-19,774090.0,Consignación
PG-003824,FE-003561,2026-01-19,3223392.0,PSE
PG-003825,FE-003576,2026-01-19,472424.0,Consignación
PG-003826,FE-003581,2026-01-19,593691.0,Transferencia
PG-003827,FE-003610,2026-01-19,4411746.0,PSE
PG-003828,FE-003628,2026-01-19,1564907.0,Transferencia
PG-003829,FE-003686,2026-01-19,277964.0,PSE
PG-003830,FE-003697,2026-01-19,2813585.0,Transferencia
PG-003831,FE-003706,2026-01-19,2133493.0,Transferencia
PG-003832,FE-003720,2026-01-19,255836.0,Transferencia
PG-003833,FE-003857,2026-01-19,1067200.0,Consignación
PG-003834,FE-003877,2026-01-19,1667150.0,Transferencia
PG-003835,FE-003894,2026-01-19,1439141.0,Transferencia
PG-003836,FE-004048,2026-01-19,2302871.0,Transferencia
PG-003837,FE-004052,2026-01-19,453716.0,Transferencia
PG-003838,FE-004100,2026-01-19,1121030.0,Transferencia
PG-003839,FE-004163,2026-01-19,130032.0,Transferencia
PG-003840,FE-004166,2026-01-19,147054.0,Transferencia
PG-003841,FE-004200,2026-01-19,1138805.0,PSE
PG-003842,FE-004216,2026-01-19,301659.0,Transferencia
PG-003843,FE-004217,2026-01-19,449143.0,Transferencia
PG-003844,FE-004267,2026-01-19,272717.0,PSE
PG-003845,FE-004321,2026-01-19,425640.0,Transferencia
PG-003846,FE-004323,2026-01-19,269096.0,Consignación
PG-003847,FE-004343,2026-01-19,260022.0,Transferencia
PG-003848,FE-004366,2026-01-19,1102418.0,Transferencia
PG-003849,FE-004405,2026-01-19,33377.0,Cheque
PG-003850,FE-004456,2026-01-19,173089.0,Transferencia
PG-003851,FE-004499,2026-01-19,336931.0,Transferencia
PG-003852,FE-004505,2026-01-19,178950.0,Transferencia
PG-003853,FE-004526,2026-01-19,357038.0,Cheque
PG-003854,FE-004554,2026-01-19,793183.0,Transferencia
PG-003855,FE-004565,2026-01-19,2485025.0,PSE
PG-003856,FE-004572,2026-01-19,57283.0,PSE
PG-003857,FE-004582,2026-01-19,599390.0,Transferencia
PG-003858,FE-004654,2026-01-19,309108.0,PSE
PG-003859,FE-004662,2026-01-19,225598.0,Transferencia
PG-003860,FE-004727,2026-01-19,552888.0,Transferencia
PG-003861,FE-004734,2026-01-19,443171.0,PSE
PG-003862,FE-004742,2026-01-19,120612.0,Consignación
PG-003863,FE-004803,2026-01-19,25154.0,PSE
PG-003864,FE-004873,2026-01-19,767679.0,Transferencia
PG-003865,FE-004889,2026-01-19,612667.0,Transferencia
PG-003866,FE-004903,2026-01-19,672480.0,Consignación
PG-003867,FE-004997,2026-01-19,222635.0,Transferencia
PG-003868,FE-005066,2026-01-19,365996.0,Transferencia
PG-003869,FE-002031,2026-01-20,2408435.0,Transferencia
PG-003870,FE-002605,2026-01-20,3859200.0,Transferencia
PG-003871,FE-002855,2026-01-20,3742302.0,Transferencia
PG-003872,FE-002962,2026-01-20,272149.0,Consignación
PG-003873,FE-003069,2026-01-20,2105722.0,Transferencia
PG-003874,FE-003074,2026-01-20,623775.0,Transferencia
PG-003875,FE-003136,2026-01-20,383476.0,Transferencia
PG-003876,FE-003171,2026-01-20,2656940.0,Transferencia
PG-003877,FE-003209,2026-01-20,1178418.0,Transferencia
PG-003878,FE-003250,2026-01-20,186657.0,Transferencia
PG-003879,FE-003262,2026-01-20,898586.0,Transferencia
PG-003880,FE-003275,2026-01-20,2214848.0,Transferencia
PG-003881,FE-003280,2026-01-20,1891548.0,Transferencia
PG-003882,FE-003290,2026-01-20,2914447.0,Transferencia
PG-003883,FE-003295,2026-01-20,1915723.0,Transferencia
PG-003884,FE-003348,2026-01-20,3380011.0,Transferencia
PG-003885,FE-003397,2026-01-20,695496.0,Consignación
PG-003886,FE-003423,2026-01-20,2286791.0,PSE
PG-003887,FE-003434,2026-01-20,2116364.0,Transferencia
PG-003888,FE-003463,2026-01-20,1815612.0,Consignación
PG-003889,FE-003525,2026-01-20,594688.0,Transferencia
PG-003890,FE-003557,2026-01-20,1144966.0,Transferencia
PG-003891,FE-003642,2026-01-20,2935744.0,PSE
PG-003892,FE-003643,2026-01-20,1066119.0,Transferencia
PG-003893,FE-003657,2026-01-20,2412316.0,Consignación
PG-003894,FE-003669,2026-01-20,1776105.0,Consignación
PG-003895,FE-003679,2026-01-20,818157.0,Cheque
PG-003896,FE-003682,2026-01-20,2116400.0,Consignación
PG-003897,FE-003746,2026-01-20,555543.0,Transferencia
PG-003898,FE-003764,2026-01-20,785167.0,Consignación
PG-003899,FE-003816,2026-01-20,7157449.0,Consignación
PG-003900,FE-003835,2026-01-20,135683.0,Transferencia
PG-003901,FE-003837,2026-01-20,501584.0,Transferencia
PG-003902,FE-003854,2026-01-20,974912.0,Consignación
PG-003903,FE-003904,2026-01-20,120257.0,Cheque
PG-003904,FE-003958,2026-01-20,1468161.0,Transferencia
PG-003905,FE-004140,2026-01-20,1468673.0,PSE
PG-003906,FE-004149,2026-01-20,1338952.0,Transferencia
PG-003907,FE-004150,2026-01-20,2632799.0,Transferencia
PG-003908,FE-004168,2026-01-20,121916.0,Transferencia
PG-003909,FE-004174,2026-01-20,1883164.0,Transferencia
PG-003910,FE-004251,2026-01-20,1162141.0,Transferencia
PG-003911,FE-004261,2026-01-20,291794.0,PSE
PG-003912,FE-004262,2026-01-20,117194.0,PSE
PG-003913,FE-004265,2026-01-20,456718.0,PSE
PG-003914,FE-004344,2026-01-20,160356.0,Transferencia
PG-003915,FE-004353,2026-01-20,1191655.0,PSE
PG-003916,FE-004356,2026-01-20,924398.0,Transferencia
PG-003917,FE-004363,2026-01-20,233098.0,Transferencia
PG-003918,FE-004385,2026-01-20,2585674.0,Transferencia
PG-003919,FE-004425,2026-01-20,244416.0,Transferencia
PG-003920,FE-004432,2026-01-20,234617.0,Transferencia
PG-003921,FE-004469,2026-01-20,290180.0,PSE
PG-003922,FE-004486,2026-01-20,75791.0,Transferencia
PG-003923,FE-004571,2026-01-20,247377.0,Transferencia
PG-003924,FE-004583,2026-01-20,624595.0,Transferencia
PG-003925,FE-004652,2026-01-20,362739.0,Consignación
PG-003926,FE-004653,2026-01-20,248749.0,PSE
PG-003927,FE-004717,2026-01-20,181107.0,Transferencia
PG-003928,FE-004741,2026-01-20,255612.0,Transferencia
PG-003929,FE-004759,2026-01-20,264973.0,Transferencia
PG-003930,FE-004786,2026-01-20,916563.0,Transferencia
PG-003931,FE-004796,2026-01-20,478086.0,PSE
PG-003932,FE-004813,2026-01-20,68681.0,Transferencia
PG-003933,FE-004837,2026-01-20,527854.0,PSE
PG-003934,FE-004853,2026-01-20,139431.0,Transferencia
PG-003935,FE-004888,2026-01-20,265028.0,Transferencia
PG-003936,FE-004914,2026-01-20,477085.0,Transferencia
PG-003937,FE-004963,2026-01-20,430713.0,Transferencia
PG-003938,FE-005046,2026-01-20,91254.0,PSE
PG-003939,FE-005127,2026-01-20,1410500.0,Transferencia
PG-003940,FE-005146,2026-01-20,109059.0,Transferencia
PG-003941,FE-005219,2026-01-20,312976.0,PSE
PG-003942,FE-005296,2026-01-20,80825.0,PSE
PG-003943,FE-005402,2026-01-20,145332.0,PSE
PG-003944,FE-005461,2026-01-20,642952.0,Transferencia
PG-003945,FE-002351,2026-01-21,14148213.0,Transferencia
PG-003946,FE-002976,2026-01-21,4388906.0,PSE
PG-003947,FE-003011,2026-01-21,1116002.0,Consignación
PG-003948,FE-003185,2026-01-21,756608.0,PSE
PG-003949,FE-003197,2026-01-21,2537056.0,Transferencia
PG-003950,FE-003234,2026-01-21,2720529.0,Transferencia
PG-003951,FE-003407,2026-01-21,1810604.0,PSE
PG-003952,FE-003410,2026-01-21,1817383.0,Consignación
PG-003953,FE-003411,2026-01-21,374265.0,Consignación
PG-003954,FE-003431,2026-01-21,415204.0,Transferencia
PG-003955,FE-003452,2026-01-21,1234341.0,Transferencia
PG-003956,FE-003466,2026-01-21,324970.0,Transferencia
PG-003957,FE-003545,2026-01-21,1121173.0,PSE
PG-003958,FE-003681,2026-01-21,466149.0,Transferencia
PG-003959,FE-003702,2026-01-21,2947155.0,Transferencia
PG-003960,FE-003758,2026-01-21,1946590.0,Transferencia
PG-003961,FE-003776,2026-01-21,134308.0,Cheque
PG-003962,FE-003793,2026-01-21,1452170.0,Cheque
PG-003963,FE-003823,2026-01-21,553145.0,Transferencia
PG-003964,FE-003859,2026-01-21,5988667.0,Transferencia
PG-003965,FE-003876,2026-01-21,1363810.0,Transferencia
PG-003966,FE-003926,2026-01-21,3394618.0,PSE
PG-003967,FE-003949,2026-01-21,690108.0,Cheque
PG-003968,FE-004027,2026-01-21,3460415.0,Transferencia
PG-003969,FE-004065,2026-01-21,3044254.0,Transferencia
PG-003970,FE-004077,2026-01-21,343378.0,PSE
PG-003971,FE-004176,2026-01-21,562306.0,Transferencia
PG-003972,FE-004188,2026-01-21,197821.0,Transferencia
PG-003973,FE-004294,2026-01-21,3729359.0,Transferencia
PG-003974,FE-004301,2026-01-21,664920.0,Transferencia
PG-003975,FE-004409,2026-01-21,2763358.0,Transferencia
PG-003976,FE-004420,2026-01-21,576255.0,Transferencia
PG-003977,FE-004424,2026-01-21,628998.0,Transferencia
PG-003978,FE-004522,2026-01-21,413129.0,Transferencia
PG-003979,FE-004537,2026-01-21,943332.0,Transferencia
PG-003980,FE-004561,2026-01-21,275654.0,Transferencia
PG-003981,FE-004566,2026-01-21,540951.0,PSE
PG-003982,FE-004581,2026-01-21,447598.0,PSE
PG-003983,FE-004598,2026-01-21,43591.0,PSE
PG-003984,FE-004614,2026-01-21,146852.0,PSE
PG-003985,FE-004671,2026-01-21,65074.0,PSE
PG-003986,FE-004718,2026-01-21,413882.0,Transferencia
PG-003987,FE-004726,2026-01-21,630558.0,Transferencia
PG-003988,FE-004867,2026-01-21,107739.0,Transferencia
PG-003989,FE-004880,2026-01-21,247008.0,Transferencia
PG-003990,FE-004916,2026-01-21,921143.0,Cheque
PG-003991,FE-004920,2026-01-21,215545.0,Transferencia
PG-003992,FE-004983,2026-01-21,702074.0,Transferencia
PG-003993,FE-005029,2026-01-21,26614.0,Transferencia
PG-003994,FE-005159,2026-01-21,126204.0,Consignación
PG-003995,FE-005254,2026-01-21,36619.0,Transferencia
PG-003996,FE-005275,2026-01-21,893247.0,PSE
PG-003997,FE-005294,2026-01-21,139975.0,Transferencia
PG-003998,FE-005298,2026-01-21,502433.0,Consignación
PG-003999,FE-005333,2026-01-21,302888.0,Transferencia
PG-004000,FE-005440,2026-01-21,262172.0,Transferencia
PG-004001,FE-002303,2026-01-22,2036346.0,Transferencia
PG-004002,FE-002473,2026-01-22,1443234.0,Cheque
PG-004003,FE-002648,2026-01-22,16401242.0,Transferencia
PG-004004,FE-002658,2026-01-22,4421321.0,Consignación
PG-004005,FE-002673,2026-01-22,2704722.0,Transferencia
PG-004006,FE-002682,2026-01-22,3120467.0,PSE
PG-004007,FE-002707,2026-01-22,963305.0,Cheque
PG-004008,FE-002785,2026-01-22,891924.0,Cheque
PG-004009,FE-003072,2026-01-22,3196204.0,Transferencia
PG-004010,FE-003117,2026-01-22,6123769.0,Transferencia
PG-004011,FE-003195,2026-01-22,1264612.0,Transferencia
PG-004012,FE-003208,2026-01-22,5227492.0,Transferencia
PG-004013,FE-003235,2026-01-22,1551809.0,Transferencia
PG-004014,FE-003278,2026-01-22,639018.0,PSE
PG-004015,FE-003336,2026-01-22,254712.0,Transferencia
PG-004016,FE-003353,2026-01-22,833892.0,Transferencia
PG-004017,FE-003359,2026-01-22,1457657.0,Transferencia
PG-004018,FE-003393,2026-01-22,1992083.0,Cheque
PG-004019,FE-003563,2026-01-22,2717196.0,Transferencia
PG-004020,FE-003593,2026-01-22,676208.0,PSE
PG-004021,FE-003626,2026-01-22,1814902.0,Cheque
PG-004022,FE-003655,2026-01-22,751107.0,Transferencia
PG-004023,FE-003705,2026-01-22,1597350.0,Transferencia
PG-004024,FE-003737,2026-01-22,401295.0,Transferencia
PG-004025,FE-003748,2026-01-22,569905.0,Transferencia
PG-004026,FE-003788,2026-01-22,2533784.0,Transferencia
PG-004027,FE-003836,2026-01-22,56148.0,Transferencia
PG-004028,FE-003861,2026-01-22,5816780.0,Transferencia
PG-004029,FE-003863,2026-01-22,110534.0,PSE
PG-004030,FE-003866,2026-01-22,1100420.0,Transferencia
PG-004031,FE-003867,2026-01-22,2327040.0,PSE
PG-004032,FE-003873,2026-01-22,249875.0,Transferencia
PG-004033,FE-003883,2026-01-22,1045764.0,Transferencia
PG-004034,FE-003896,2026-01-22,1659196.0,PSE
PG-004035,FE-003942,2026-01-22,1363202.0,PSE
PG-004036,FE-003954,2026-01-22,7467638.0,PSE
PG-004037,FE-003959,2026-01-22,248931.0,Transferencia
PG-004038,FE-004009,2026-01-22,1493770.0,Transferencia
PG-004039,FE-004010,2026-01-22,48363.0,Transferencia
PG-004040,FE-004019,2026-01-22,3205208.0,Consignación
PG-004041,FE-004073,2026-01-22,454743.0,PSE
PG-004042,FE-004078,2026-01-22,139525.0,Transferencia
PG-004043,FE-004186,2026-01-22,1308300.0,Cheque
PG-004044,FE-004229,2026-01-22,3901521.0,Transferencia
PG-004045,FE-004285,2026-01-22,244823.0,Transferencia
PG-004046,FE-004289,2026-01-22,2819705.0,Transferencia
PG-004047,FE-004306,2026-01-22,2775111.0,PSE
PG-004048,FE-004314,2026-01-22,3357659.0,Transferencia
PG-004049,FE-004331,2026-01-22,319898.0,Transferencia
PG-004050,FE-004357,2026-01-22,558601.0,PSE
PG-004051,FE-004379,2026-01-22,187338.0,Transferencia
PG-004052,FE-004391,2026-01-22,279949.0,PSE
PG-004053,FE-004395,2026-01-22,472340.0,PSE
PG-004054,FE-004423,2026-01-22,87583.0,Transferencia
PG-004055,FE-004428,2026-01-22,101451.0,Transferencia
PG-004056,FE-004477,2026-01-22,761516.0,Transferencia
PG-004057,FE-004490,2026-01-22,2282408.0,Transferencia
PG-004058,FE-004512,2026-01-22,557690.0,Cheque
PG-004059,FE-004525,2026-01-22,751634.0,Transferencia
PG-004060,FE-004592,2026-01-22,487276.0,Transferencia
PG-004061,FE-004700,2026-01-22,387063.0,Transferencia
PG-004062,FE-004756,2026-01-22,3583808.0,Transferencia
PG-004063,FE-004792,2026-01-22,1271284.0,PSE
PG-004064,FE-004802,2026-01-22,209360.0,Transferencia
PG-004065,FE-004822,2026-01-22,489911.0,PSE
PG-004066,FE-004858,2026-01-22,435896.0,PSE
PG-004067,FE-004859,2026-01-22,272521.0,Transferencia
PG-004068,FE-004891,2026-01-22,544396.0,Consignación
PG-004069,FE-004947,2026-01-22,497932.0,Cheque
PG-004070,FE-005013,2026-01-22,1205324.0,Transferencia
PG-004071,FE-005132,2026-01-22,410164.0,PSE
PG-004072,FE-005305,2026-01-22,215514.0,PSE
PG-004073,FE-005322,2026-01-22,606930.0,Cheque
PG-004074,FE-005392,2026-01-22,125768.0,Transferencia
PG-004075,FE-005478,2026-01-22,779595.0,Transferencia
PG-004076,FE-005542,2026-01-22,199146.0,Transferencia
PG-004077,FE-005671,2026-01-22,460576.0,Consignación
PG-004078,FE-002437,2026-01-23,2065484.0,Cheque
PG-004079,FE-002524,2026-01-23,4751765.0,Transferencia
PG-004080,FE-002596,2026-01-23,3475489.0,Transferencia
PG-004081,FE-002597,2026-01-23,3183527.0,Transferencia
PG-004082,FE-002608,2026-01-23,2360283.0,Transferencia
PG-004083,FE-002649,2026-01-23,3208463.0,Transferencia
PG-004084,FE-002656,2026-01-23,2272417.0,Cheque
PG-004085,FE-002938,2026-01-23,6851010.0,PSE
PG-004086,FE-002998,2026-01-23,3679088.0,Transferencia
PG-004087,FE-003025,2026-01-23,2645384.0,Transferencia
PG-004088,FE-003051,2026-01-23,2135048.0,PSE
PG-004089,FE-003157,2026-01-23,5667840.0,Transferencia
PG-004090,FE-003211,2026-01-23,1607652.0,Transferencia
PG-004091,FE-003223,2026-01-23,777226.0,Transferencia
PG-004092,FE-003229,2026-01-23,1695394.0,Cheque
PG-004093,FE-003239,2026-01-23,871542.0,Transferencia
PG-004094,FE-003277,2026-01-23,1742573.0,PSE
PG-004095,FE-003304,2026-01-23,2593141.0,Consignación
PG-004096,FE-003337,2026-01-23,69188.0,PSE
PG-004097,FE-003441,2026-01-23,1607602.0,Transferencia
PG-004098,FE-003497,2026-01-23,246330.0,Transferencia
PG-004099,FE-003518,2026-01-23,1262021.0,PSE
PG-004100,FE-003524,2026-01-23,1826650.0,Transferencia
PG-004101,FE-003572,2026-01-23,4115301.0,PSE
PG-004102,FE-003575,2026-01-23,1208092.0,PSE
PG-004103,FE-003621,2026-01-23,3109582.0,Consignación
PG-004104,FE-003633,2026-01-23,867505.0,PSE
PG-004105,FE-003678,2026-01-23,1849942.0,Transferencia
PG-004106,FE-003710,2026-01-23,1183091.0,Consignación
PG-004107,FE-003713,2026-01-23,554291.0,Transferencia
PG-004108,FE-003760,2026-01-23,523187.0,Transferencia
PG-004109,FE-003762,2026-01-23,517322.0,PSE
PG-004110,FE-003862,2026-01-23,1195487.0,Transferencia
PG-004111,FE-003923,2026-01-23,1841696.0,Cheque
PG-004112,FE-003925,2026-01-23,2471379.0,Transferencia
PG-004113,FE-003939,2026-01-23,3358844.0,PSE
PG-004114,FE-003972,2026-01-23,844091.0,Transferencia
PG-004115,FE-004072,2026-01-23,638126.0,Transferencia
PG-004116,FE-004096,2026-01-23,1230201.0,Consignación
PG-004117,FE-004122,2026-01-23,2470571.0,Cheque
PG-004118,FE-004132,2026-01-23,728029.0,Transferencia
PG-004119,FE-004317,2026-01-23,4238832.0,Consignación
PG-004120,FE-004346,2026-01-23,273715.0,Transferencia
PG-004121,FE-004372,2026-01-23,116662.0,Consignación
PG-004122,FE-004377,2026-01-23,216160.0,Transferencia
PG-004123,FE-004429,2026-01-23,339650.0,PSE
PG-004124,FE-004454,2026-01-23,1307955.0,PSE
PG-004125,FE-004483,2026-01-23,137415.0,Transferencia
PG-004126,FE-004489,2026-01-23,1086247.0,Transferencia
PG-004127,FE-004535,2026-01-23,93245.0,Transferencia
PG-004128,FE-004562,2026-01-23,2141407.0,Transferencia
PG-004129,FE-004588,2026-01-23,444810.0,Transferencia
PG-004130,FE-004595,2026-01-23,365530.0,Transferencia
PG-004131,FE-004615,2026-01-23,272290.0,Transferencia
PG-004132,FE-004696,2026-01-23,2139027.0,Transferencia
PG-004133,FE-004701,2026-01-23,603391.0,Transferencia
PG-004134,FE-004709,2026-01-23,16274.0,Cheque
PG-004135,FE-004745,2026-01-23,3510323.0,Transferencia
PG-004136,FE-004757,2026-01-23,529103.0,Cheque
PG-004137,FE-004769,2026-01-23,821685.0,PSE
PG-004138,FE-004776,2026-01-23,410518.0,Transferencia
PG-004139,FE-004870,2026-01-23,344634.0,Consignación
PG-004140,FE-004881,2026-01-23,140790.0,Consignación
PG-004141,FE-005011,2026-01-23,3611574.0,PSE
PG-004142,FE-005030,2026-01-23,831735.0,Transferencia
PG-004143,FE-005101,2026-01-23,125770.0,PSE
PG-004144,FE-005182,2026-01-23,262764.0,Transferencia
PG-004145,FE-005201,2026-01-23,690908.0,Transferencia
PG-004146,FE-005332,2026-01-23,410452.0,Transferencia
PG-004147,FE-005352,2026-01-23,789730.0,PSE
PG-004148,FE-005364,2026-01-23,87598.0,Transferencia
PG-004149,FE-005396,2026-01-23,1899827.0,Cheque
PG-004150,FE-005448,2026-01-23,329037.0,Consignación
PG-004151,FE-005497,2026-01-23,188769.0,Transferencia
PG-004152,FE-005536,2026-01-23,303151.0,Transferencia
PG-004153,FE-005554,2026-01-23,1096069.0,Consignación
PG-004154,FE-005610,2026-01-23,731344.0,Cheque
PG-004155,FE-005686,2026-01-23,20855.0,Transferencia
PG-004156,FE-005724,2026-01-23,417114.0,PSE
PG-004157,FE-002832,2026-01-24,1908998.0,PSE
PG-004158,FE-003010,2026-01-24,3154437.0,Cheque
PG-004159,FE-003040,2026-01-24,3562987.0,Transferencia
PG-004160,FE-003110,2026-01-24,1187330.0,Transferencia
PG-004161,FE-003328,2026-01-24,731591.0,PSE
PG-004162,FE-003349,2026-01-24,1149929.0,Transferencia
PG-004163,FE-003401,2026-01-24,4339221.0,Transferencia
PG-004164,FE-003417,2026-01-24,440089.0,Transferencia
PG-004165,FE-003462,2026-01-24,497969.0,Transferencia
PG-004166,FE-003503,2026-01-24,177406.0,Transferencia
PG-004167,FE-003521,2026-01-24,2074908.0,Transferencia
PG-004168,FE-003624,2026-01-24,3548550.0,Transferencia
PG-004169,FE-003649,2026-01-24,1537536.0,Transferencia
PG-004170,FE-003664,2026-01-24,3496354.0,Transferencia
PG-004171,FE-003714,2026-01-24,1235525.0,Transferencia
PG-004172,FE-003732,2026-01-24,519197.0,Transferencia
PG-004173,FE-003769,2026-01-24,1356807.0,PSE
PG-004174,FE-003777,2026-01-24,2812148.0,Transferencia
PG-004175,FE-003798,2026-01-24,1361913.0,PSE
PG-004176,FE-003843,2026-01-24,623286.0,Transferencia
PG-004177,FE-003872,2026-01-24,1583108.0,Transferencia
PG-004178,FE-003882,2026-01-24,56018.0,Transferencia
PG-004179,FE-003895,2026-01-24,3163185.0,Transferencia
PG-004180,FE-003929,2026-01-24,421066.0,Transferencia
PG-004181,FE-003938,2026-01-24,561648.0,Cheque
PG-004182,FE-004021,2026-01-24,1689848.0,PSE
PG-004183,FE-004098,2026-01-24,5206818.0,PSE
PG-004184,FE-004110,2026-01-24,299136.0,Transferencia
PG-004185,FE-004127,2026-01-24,1033765.0,Transferencia
PG-004186,FE-004169,2026-01-24,1332304.0,Transferencia
PG-004187,FE-004173,2026-01-24,1155870.0,Transferencia
PG-004188,FE-004240,2026-01-24,572087.0,Consignación
PG-004189,FE-004247,2026-01-24,1086881.0,Consignación
PG-004190,FE-004259,2026-01-24,395283.0,Transferencia
PG-004191,FE-004295,2026-01-24,152105.0,PSE
PG-004192,FE-004325,2026-01-24,900309.0,PSE
PG-004193,FE-004350,2026-01-24,215991.0,Cheque
PG-004194,FE-004382,2026-01-24,123548.0,Transferencia
PG-004195,FE-004444,2026-01-24,330974.0,Transferencia
PG-004196,FE-004475,2026-01-24,15672.0,Transferencia
PG-004197,FE-004501,2026-01-24,176438.0,Transferencia
PG-004198,FE-004533,2026-01-24,764928.0,PSE
PG-004199,FE-004557,2026-01-24,506965.0,PSE
PG-004200,FE-004579,2026-01-24,84776.0,Cheque
PG-004201,FE-004585,2026-01-24,3228136.0,PSE
PG-004202,FE-004593,2026-01-24,178379.0,Transferencia
PG-004203,FE-004623,2026-01-24,613378.0,Transferencia
PG-004204,FE-004655,2026-01-24,280903.0,Transferencia
PG-004205,FE-004828,2026-01-24,100488.0,Cheque
PG-004206,FE-004862,2026-01-24,1068487.0,Cheque
PG-004207,FE-004907,2026-01-24,404195.0,Cheque
PG-004208,FE-004927,2026-01-24,1814405.0,Transferencia
PG-004209,FE-004955,2026-01-24,502570.0,PSE
PG-004210,FE-004982,2026-01-24,779487.0,Consignación
PG-004211,FE-005037,2026-01-24,1138105.0,Consignación
PG-004212,FE-005041,2026-01-24,481751.0,Transferencia
PG-004213,FE-005042,2026-01-24,583425.0,Cheque
PG-004214,FE-005051,2026-01-24,922453.0,Transferencia
PG-004215,FE-005144,2026-01-24,49816.0,PSE
PG-004216,FE-005158,2026-01-24,450102.0,Transferencia
PG-004217,FE-005168,2026-01-24,143381.0,Transferencia
PG-004218,FE-005184,2026-01-24,90203.0,Transferencia
PG-004219,FE-005200,2026-01-24,909071.0,PSE
PG-004220,FE-005212,2026-01-24,151461.0,Consignación
PG-004221,FE-005245,2026-01-24,613397.0,PSE
PG-004222,FE-005260,2026-01-24,173382.0,Transferencia
PG-004223,FE-005289,2026-01-24,159164.0,PSE
PG-004224,FE-005324,2026-01-24,464393.0,Transferencia
PG-004225,FE-005444,2026-01-24,209987.0,Transferencia
PG-004226,FE-005541,2026-01-24,757687.0,Transferencia
PG-004227,FE-005630,2026-01-24,287747.0,PSE
PG-004228,FE-005640,2026-01-24,1061898.0,Transferencia
PG-004229,FE-005658,2026-01-24,1093483.0,PSE
PG-004230,FE-005755,2026-01-24,114654.0,Transferencia
PG-004231,FE-005797,2026-01-24,212141.0,Transferencia
PG-004232,FE-002623,2026-01-25,4653779.0,Transferencia
PG-004233,FE-002777,2026-01-25,1457651.0,Transferencia
PG-004234,FE-002942,2026-01-25,4515607.0,PSE
PG-004235,FE-003045,2026-01-25,1455103.0,Transferencia
PG-004236,FE-003062,2026-01-25,238870.0,Transferencia
PG-004237,FE-003111,2026-01-25,1104322.0,Transferencia
PG-004238,FE-003132,2026-01-25,3960601.0,Transferencia
PG-004239,FE-003150,2026-01-25,3271239.0,Cheque
PG-004240,FE-003202,2026-01-25,5286667.0,Cheque
PG-004241,FE-003238,2026-01-25,156536.0,Transferencia
PG-004242,FE-003266,2026-01-25,3616322.0,Transferencia
PG-004243,FE-003406,2026-01-25,380786.0,PSE
PG-004244,FE-003442,2026-01-25,2841832.0,Transferencia
PG-004245,FE-003459,2026-01-25,1803189.0,Transferencia
PG-004246,FE-003510,2026-01-25,2224682.0,Transferencia
PG-004247,FE-003531,2026-01-25,1030555.0,Transferencia
PG-004248,FE-003551,2026-01-25,2079865.0,Transferencia
PG-004249,FE-003608,2026-01-25,1007161.0,Transferencia
PG-004250,FE-003632,2026-01-25,801535.0,Transferencia
PG-004251,FE-003658,2026-01-25,498560.0,Transferencia
PG-004252,FE-003666,2026-01-25,1919847.0,PSE
PG-004253,FE-003677,2026-01-25,48991.0,Transferencia
PG-004254,FE-003694,2026-01-25,866548.0,Transferencia
PG-004255,FE-003787,2026-01-25,1057386.0,Transferencia
PG-004256,FE-003792,2026-01-25,1109144.0,PSE
PG-004257,FE-003906,2026-01-25,2061319.0,Consignación
PG-004258,FE-003916,2026-01-25,371407.0,Transferencia
PG-004259,FE-003937,2026-01-25,1492799.0,Cheque
PG-004260,FE-003941,2026-01-25,3014521.0,Consignación
PG-004261,FE-003948,2026-01-25,2777390.0,PSE
PG-004262,FE-003990,2026-01-25,2620187.0,Transferencia
PG-004263,FE-004008,2026-01-25,808724.0,PSE
PG-004264,FE-004054,2026-01-25,436450.0,Transferencia
PG-004265,FE-004074,2026-01-25,1894349.0,Transferencia
PG-004266,FE-004108,2026-01-25,3566511.0,Transferencia
PG-004267,FE-004114,2026-01-25,2034290.0,Transferencia
PG-004268,FE-004116,2026-01-25,1390808.0,Transferencia
PG-004269,FE-004117,2026-01-25,145320.0,Transferencia
PG-004270,FE-004130,2026-01-25,296375.0,Transferencia
PG-004271,FE-004172,2026-01-25,940782.0,PSE
PG-004272,FE-004256,2026-01-25,149277.0,Consignación
PG-004273,FE-004278,2026-01-25,1229290.0,Cheque
PG-004274,FE-004297,2026-01-25,3982368.0,Transferencia
PG-004275,FE-004313,2026-01-25,992617.0,Transferencia
PG-004276,FE-004373,2026-01-25,411252.0,Transferencia
PG-004277,FE-004407,2026-01-25,128395.0,Cheque
PG-004278,FE-004435,2026-01-25,740950.0,PSE
PG-004279,FE-004506,2026-01-25,655130.0,Cheque
PG-004280,FE-004524,2026-01-25,999191.0,Transferencia
PG-004281,FE-004573,2026-01-25,4855847.0,Consignación
PG-004282,FE-004586,2026-01-25,128243.0,Transferencia
PG-004283,FE-004678,2026-01-25,276984.0,Transferencia
PG-004284,FE-004731,2026-01-25,276644.0,Transferencia
PG-004285,FE-004740,2026-01-25,325283.0,Cheque
PG-004286,FE-004775,2026-01-25,749934.0,Transferencia
PG-004287,FE-005006,2026-01-25,326184.0,Transferencia
PG-004288,FE-005054,2026-01-25,823354.0,Transferencia
PG-004289,FE-005072,2026-01-25,288097.0,Cheque
PG-004290,FE-005171,2026-01-25,854989.0,Transferencia
PG-004291,FE-005222,2026-01-25,24907.0,PSE
PG-004292,FE-005307,2026-01-25,448294.0,Transferencia
PG-004293,FE-005315,2026-01-25,275412.0,Transferencia
PG-004294,FE-005319,2026-01-25,286669.0,Cheque
PG-004295,FE-005348,2026-01-25,199903.0,Transferencia
PG-004296,FE-005363,2026-01-25,652371.0,PSE
PG-004297,FE-005389,2026-01-25,650274.0,Transferencia
PG-004298,FE-005474,2026-01-25,247453.0,Transferencia
PG-004299,FE-005521,2026-01-25,51168.0,Transferencia
PG-004300,FE-005567,2026-01-25,198552.0,Transferencia
PG-004301,FE-005760,2026-01-25,142821.0,Transferencia
PG-004302,FE-005798,2026-01-25,335093.0,Transferencia
PG-004303,FE-005847,2026-01-25,531696.0,PSE
PG-004304,FE-005971,2026-01-25,115739.0,PSE
PG-004305,FE-002197,2026-01-26,1441426.0,Transferencia
PG-004306,FE-002579,2026-01-26,716110.0,Transferencia
PG-004307,FE-002901,2026-01-26,6676015.0,Cheque
PG-004308,FE-002914,2026-01-26,1457996.0,Transferencia
PG-004309,FE-002944,2026-01-26,637634.0,Cheque
PG-004310,FE-002955,2026-01-26,3294401.0,Transferencia
PG-004311,FE-002974,2026-01-26,1268031.0,Consignación
PG-004312,FE-002991,2026-01-26,2570175.0,Transferencia
PG-004313,FE-003154,2026-01-26,109964.0,Transferencia
PG-004314,FE-003158,2026-01-26,1515860.0,Transferencia
PG-004315,FE-003287,2026-01-26,813848.0,Transferencia
PG-004316,FE-003382,2026-01-26,2385322.0,Transferencia
PG-004317,FE-003398,2026-01-26,1182265.0,PSE
PG-004318,FE-003438,2026-01-26,656171.0,Transferencia
PG-004319,FE-003483,2026-01-26,1949991.0,Transferencia
PG-004320,FE-003505,2026-01-26,467872.0,PSE
PG-004321,FE-003508,2026-01-26,672072.0,Transferencia
PG-004322,FE-003542,2026-01-26,4925015.0,Cheque
PG-004323,FE-003659,2026-01-26,225786.0,Transferencia
PG-004324,FE-003675,2026-01-26,816156.0,PSE
PG-004325,FE-003740,2026-01-26,2385971.0,Transferencia
PG-004326,FE-003782,2026-01-26,1975509.0,Transferencia
PG-004327,FE-003801,2026-01-26,1771123.0,Transferencia
PG-004328,FE-003809,2026-01-26,1056436.0,Transferencia
PG-004329,FE-003815,2026-01-26,1067699.0,Transferencia
PG-004330,FE-003838,2026-01-26,2032416.0,Transferencia
PG-004331,FE-003881,2026-01-26,1504018.0,Consignación
PG-004332,FE-003915,2026-01-26,2836577.0,Transferencia
PG-004333,FE-003930,2026-01-26,1248164.0,Transferencia
PG-004334,FE-003953,2026-01-26,2055282.0,Transferencia
PG-004335,FE-003968,2026-01-26,1488791.0,Consignación
PG-004336,FE-003976,2026-01-26,118341.0,Transferencia
PG-004337,FE-003996,2026-01-26,3176759.0,PSE
PG-004338,FE-004013,2026-01-26,1548559.0,Cheque
PG-004339,FE-004026,2026-01-26,3595952.0,PSE
PG-004340,FE-004058,2026-01-26,4292488.0,PSE
PG-004341,FE-004139,2026-01-26,192466.0,Transferencia
PG-004342,FE-004183,2026-01-26,1144224.0,Transferencia
PG-004343,FE-004198,2026-01-26,584716.0,Transferencia
PG-004344,FE-004230,2026-01-26,709849.0,Transferencia
PG-004345,FE-004243,2026-01-26,111639.0,Transferencia
PG-004346,FE-004248,2026-01-26,609833.0,Transferencia
PG-004347,FE-004258,2026-01-26,2257079.0,Transferencia
PG-004348,FE-004266,2026-01-26,859551.0,PSE
PG-004349,FE-004273,2026-01-26,750923.0,Transferencia
PG-004350,FE-004283,2026-01-26,72133.0,PSE
PG-004351,FE-004359,2026-01-26,1364749.0,PSE
PG-004352,FE-004496,2026-01-26,6121101.0,Cheque
PG-004353,FE-004591,2026-01-26,833557.0,Cheque
PG-004354,FE-004601,2026-01-26,663129.0,Consignación
PG-004355,FE-004618,2026-01-26,540675.0,Transferencia
PG-004356,FE-004634,2026-01-26,1001481.0,PSE
PG-004357,FE-004648,2026-01-26,934659.0,PSE
PG-004358,FE-004649,2026-01-26,2722691.0,Transferencia
PG-004359,FE-004673,2026-01-26,1446269.0,Cheque
PG-004360,FE-004687,2026-01-26,541643.0,Transferencia
PG-004361,FE-004691,2026-01-26,29873.0,PSE
PG-004362,FE-004695,2026-01-26,1074437.0,Transferencia
PG-004363,FE-004719,2026-01-26,1631734.0,PSE
PG-004364,FE-004725,2026-01-26,1424086.0,Transferencia
PG-004365,FE-004730,2026-01-26,1368219.0,Cheque
PG-004366,FE-004748,2026-01-26,549680.0,Transferencia
PG-004367,FE-004764,2026-01-26,622891.0,PSE
PG-004368,FE-004795,2026-01-26,1782812.0,PSE
PG-004369,FE-004833,2026-01-26,850140.0,Transferencia
PG-004370,FE-004843,2026-01-26,311437.0,Transferencia
PG-004371,FE-004938,2026-01-26,801173.0,Transferencia
PG-004372,FE-004967,2026-01-26,153076.0,Transferencia
PG-004373,FE-005034,2026-01-26,331104.0,Consignación
PG-004374,FE-005058,2026-01-26,562017.0,Transferencia
PG-004375,FE-005086,2026-01-26,1738777.0,Transferencia
PG-004376,FE-005090,2026-01-26,643131.0,Transferencia
PG-004377,FE-005122,2026-01-26,226318.0,Transferencia
PG-004378,FE-005125,2026-01-26,1551748.0,PSE
PG-004379,FE-005156,2026-01-26,827776.0,Transferencia
PG-004380,FE-005160,2026-01-26,183295.0,Transferencia
PG-004381,FE-005206,2026-01-26,252907.0,PSE
PG-004382,FE-005210,2026-01-26,417608.0,Consignación
PG-004383,FE-005248,2026-01-26,593859.0,Transferencia
PG-004384,FE-005329,2026-01-26,924944.0,Transferencia
PG-004385,FE-005359,2026-01-26,33966.0,Transferencia
PG-004386,FE-005486,2026-01-26,706992.0,Transferencia
PG-004387,FE-005487,2026-01-26,302654.0,Transferencia
PG-004388,FE-005831,2026-01-26,582603.0,Transferencia
PG-004389,FE-005858,2026-01-26,128220.0,Transferencia
PG-004390,FE-005998,2026-01-26,760089.0,Transferencia
PG-004391,FE-002346,2026-01-27,4025458.0,PSE
PG-004392,FE-003082,2026-01-27,5933971.0,PSE
PG-004393,FE-003094,2026-01-27,3565514.0,PSE
PG-004394,FE-003189,2026-01-27,1663447.0,Consignación
PG-004395,FE-003204,2026-01-27,1505413.0,Transferencia
PG-004396,FE-003237,2026-01-27,1596581.0,Transferencia
PG-004397,FE-003288,2026-01-27,5250013.0,Consignación
PG-004398,FE-003291,2026-01-27,621354.0,PSE
PG-004399,FE-003352,2026-01-27,740795.0,Cheque
PG-004400,FE-003492,2026-01-27,366691.0,Transferencia
PG-004401,FE-003543,2026-01-27,1047377.0,Transferencia
PG-004402,FE-003683,2026-01-27,1143426.0,Transferencia
PG-004403,FE-003830,2026-01-27,5446644.0,Transferencia
PG-004404,FE-003884,2026-01-27,697383.0,Transferencia
PG-004405,FE-003899,2026-01-27,2005637.0,Transferencia
PG-004406,FE-004025,2026-01-27,1028171.0,Transferencia
PG-004407,FE-004044,2026-01-27,1994887.0,PSE
PG-004408,FE-004083,2026-01-27,1091713.0,Transferencia
PG-004409,FE-004124,2026-01-27,4604592.0,PSE
PG-004410,FE-004184,2026-01-27,725726.0,Transferencia
PG-004411,FE-004228,2026-01-27,2596004.0,Consignación
PG-004412,FE-004310,2026-01-27,443692.0,Transferencia
PG-004413,FE-004327,2026-01-27,1160357.0,Transferencia
PG-004414,FE-004411,2026-01-27,672570.0,Cheque
PG-004415,FE-004430,2026-01-27,3581879.0,Cheque
PG-004416,FE-004452,2026-01-27,940891.0,Consignación
PG-004417,FE-004459,2026-01-27,527515.0,Transferencia
PG-004418,FE-004491,2026-01-27,224355.0,Transferencia
PG-004419,FE-004545,2026-01-27,790361.0,PSE
PG-004420,FE-004559,2026-01-27,3463540.0,Transferencia
PG-004421,FE-004576,2026-01-27,81834.0,Transferencia
PG-004422,FE-004630,2026-01-27,3636619.0,Transferencia
PG-004423,FE-004631,2026-01-27,4117995.0,Transferencia
PG-004424,FE-004659,2026-01-27,1529985.0,Transferencia
PG-004425,FE-004664,2026-01-27,14131.0,Consignación
PG-004426,FE-004674,2026-01-27,3604017.0,Transferencia
PG-004427,FE-004679,2026-01-27,1288809.0,Transferencia
PG-004428,FE-004712,2026-01-27,317679.0,Transferencia
PG-004429,FE-004791,2026-01-27,741744.0,Transferencia
PG-004430,FE-004929,2026-01-27,276817.0,PSE
PG-004431,FE-005015,2026-01-27,666186.0,PSE
PG-004432,FE-005027,2026-01-27,258589.0,Consignación
PG-004433,FE-005078,2026-01-27,708065.0,Transferencia
PG-004434,FE-005094,2026-01-27,664063.0,PSE
PG-004435,FE-005215,2026-01-27,1834709.0,PSE
PG-004436,FE-005220,2026-01-27,1647813.0,PSE
PG-004437,FE-005231,2026-01-27,2129668.0,PSE
PG-004438,FE-005417,2026-01-27,422727.0,Transferencia
PG-004439,FE-005496,2026-01-27,27353.0,Transferencia
PG-004440,FE-005523,2026-01-27,315956.0,Transferencia
PG-004441,FE-005558,2026-01-27,201075.0,PSE
PG-004442,FE-005564,2026-01-27,518720.0,Transferencia
PG-004443,FE-005591,2026-01-27,1003494.0,Transferencia
PG-004444,FE-005594,2026-01-27,829469.0,Transferencia
PG-004445,FE-005662,2026-01-27,935707.0,Transferencia
PG-004446,FE-005679,2026-01-27,277913.0,Transferencia
PG-004447,FE-005742,2026-01-27,477796.0,Transferencia
PG-004448,FE-005978,2026-01-27,90886.0,Transferencia
PG-004449,FE-003131,2026-01-28,6168759.0,Transferencia
PG-004450,FE-003165,2026-01-28,3919156.0,Transferencia
PG-004451,FE-003173,2026-01-28,7801917.0,Transferencia
PG-004452,FE-003322,2026-01-28,10119602.0,Transferencia
PG-004453,FE-003331,2026-01-28,876787.0,Transferencia
PG-004454,FE-003676,2026-01-28,1446278.0,Cheque
PG-004455,FE-003778,2026-01-28,1151573.0,Transferencia
PG-004456,FE-003813,2026-01-28,2187892.0,Transferencia
PG-004457,FE-003827,2026-01-28,2720446.0,PSE
PG-004458,FE-003848,2026-01-28,145163.0,PSE
PG-004459,FE-003886,2026-01-28,53738.0,Transferencia
PG-004460,FE-003902,2026-01-28,654388.0,Cheque
PG-004461,FE-003907,2026-01-28,2389783.0,Cheque
PG-004462,FE-003919,2026-01-28,477874.0,Transferencia
PG-004463,FE-003928,2026-01-28,838034.0,Cheque
PG-004464,FE-003957,2026-01-28,978489.0,Transferencia
PG-004465,FE-004018,2026-01-28,1521755.0,PSE
PG-004466,FE-004069,2026-01-28,2035152.0,Consignación
PG-004467,FE-004097,2026-01-28,1313348.0,Transferencia
PG-004468,FE-004103,2026-01-28,2445784.0,Transferencia
PG-004469,FE-004145,2026-01-28,285011.0,Transferencia
PG-004470,FE-004191,2026-01-28,45523.0,Cheque
PG-004471,FE-004236,2026-01-28,664539.0,Cheque
PG-004472,FE-004270,2026-01-28,176109.0,PSE
PG-004473,FE-004303,2026-01-28,1016183.0,PSE
PG-004474,FE-004336,2026-01-28,1254249.0,Transferencia
PG-004475,FE-004345,2026-01-28,541749.0,PSE
PG-004476,FE-004354,2026-01-28,394310.0,Consignación
PG-004477,FE-004392,2026-01-28,98314.0,Transferencia
PG-004478,FE-004393,2026-01-28,454908.0,Transferencia
PG-004479,FE-004413,2026-01-28,1620616.0,Cheque
PG-004480,FE-004427,2026-01-28,1324374.0,Transferencia
PG-004481,FE-004447,2026-01-28,2634214.0,Transferencia
PG-004482,FE-004476,2026-01-28,501051.0,Consignación
PG-004483,FE-004480,2026-01-28,892976.0,Transferencia
PG-004484,FE-004482,2026-01-28,1331337.0,Consignación
PG-004485,FE-004497,2026-01-28,1029548.0,PSE
PG-004486,FE-004507,2026-01-28,165135.0,Transferencia
PG-004487,FE-004548,2026-01-28,1979503.0,Transferencia
PG-004488,FE-004590,2026-01-28,1321368.0,Transferencia
PG-004489,FE-004629,2026-01-28,2738777.0,Cheque
PG-004490,FE-004732,2026-01-28,182360.0,Transferencia
PG-004491,FE-004743,2026-01-28,1804705.0,PSE
PG-004492,FE-004788,2026-01-28,1681148.0,Transferencia
PG-004493,FE-004817,2026-01-28,477912.0,Transferencia
PG-004494,FE-004838,2026-01-28,3079144.0,Transferencia
PG-004495,FE-004872,2026-01-28,4178639.0,Transferencia
PG-004496,FE-004896,2026-01-28,440945.0,PSE
PG-004497,FE-004986,2026-01-28,1106642.0,Transferencia
PG-004498,FE-005004,2026-01-28,957875.0,Transferencia
PG-004499,FE-005025,2026-01-28,488253.0,Transferencia
PG-004500,FE-005028,2026-01-28,303531.0,Cheque
PG-004501,FE-005044,2026-01-28,3032792.0,Transferencia
PG-004502,FE-005062,2026-01-28,387358.0,PSE
PG-004503,FE-005105,2026-01-28,483853.0,PSE
PG-004504,FE-005138,2026-01-28,554876.0,Cheque
PG-004505,FE-005151,2026-01-28,162428.0,Transferencia
PG-004506,FE-005152,2026-01-28,83799.0,Cheque
PG-004507,FE-005178,2026-01-28,369522.0,Transferencia
PG-004508,FE-005196,2026-01-28,1501071.0,Transferencia
PG-004509,FE-005199,2026-01-28,390049.0,Consignación
PG-004510,FE-005213,2026-01-28,1785564.0,Consignación
PG-004511,FE-005234,2026-01-28,584282.0,Transferencia
PG-004512,FE-005235,2026-01-28,77138.0,Consignación
PG-004513,FE-005276,2026-01-28,387390.0,PSE
PG-004514,FE-005301,2026-01-28,1049349.0,Cheque
PG-004515,FE-005303,2026-01-28,522172.0,PSE
PG-004516,FE-005356,2026-01-28,556589.0,Transferencia
PG-004517,FE-005362,2026-01-28,216758.0,PSE
PG-004518,FE-005391,2026-01-28,1321211.0,Transferencia
PG-004519,FE-005468,2026-01-28,379310.0,Transferencia
PG-004520,FE-005481,2026-01-28,637572.0,Transferencia
PG-004521,FE-005565,2026-01-28,468690.0,PSE
PG-004522,FE-005647,2026-01-28,105435.0,Transferencia
PG-004523,FE-005689,2026-01-28,332853.0,Transferencia
PG-004524,FE-005731,2026-01-28,94355.0,Transferencia
PG-004525,FE-005785,2026-01-28,385940.0,Transferencia
PG-004526,FE-005861,2026-01-28,191940.0,Transferencia
PG-004527,FE-005944,2026-01-28,122224.0,Cheque
PG-004528,FE-006090,2026-01-28,289948.0,PSE
PG-004529,FE-002681,2026-01-29,869357.0,Transferencia
PG-004530,FE-002935,2026-01-29,2502794.0,Consignación
PG-004531,FE-003085,2026-01-29,5396231.0,Transferencia
PG-004532,FE-003153,2026-01-29,3457537.0,Cheque
PG-004533,FE-003299,2026-01-29,7346761.0,Transferencia
PG-004534,FE-003366,2026-01-29,5356473.0,Transferencia
PG-004535,FE-003449,2026-01-29,2039689.0,Transferencia
PG-004536,FE-003465,2026-01-29,277460.0,Transferencia
PG-004537,FE-003472,2026-01-29,302900.0,PSE
PG-004538,FE-003481,2026-01-29,428568.0,PSE
PG-004539,FE-003495,2026-01-29,5117703.0,Transferencia
PG-004540,FE-003504,2026-01-29,5319680.0,PSE
PG-004541,FE-003580,2026-01-29,517780.0,Consignación
PG-004542,FE-003588,2026-01-29,253810.0,Consignación
PG-004543,FE-003662,2026-01-29,2036823.0,Transferencia
PG-004544,FE-003772,2026-01-29,1307161.0,PSE
PG-004545,FE-003790,2026-01-29,520258.0,PSE
PG-004546,FE-003856,2026-01-29,2273383.0,PSE
PG-004547,FE-003888,2026-01-29,9200628.0,PSE
PG-004548,FE-003890,2026-01-29,1038694.0,Transferencia
PG-004549,FE-003911,2026-01-29,633974.0,Transferencia
PG-004550,FE-003978,2026-01-29,2058322.0,Transferencia
PG-004551,FE-003985,2026-01-29,18669378.0,Consignación
PG-004552,FE-004004,2026-01-29,2034488.0,Transferencia
PG-004553,FE-004007,2026-01-29,793278.0,PSE
PG-004554,FE-004031,2026-01-29,3662852.0,Transferencia
PG-004555,FE-004037,2026-01-29,3233413.0,Transferencia
PG-004556,FE-004057,2026-01-29,2672102.0,Transferencia
PG-004557,FE-004082,2026-01-29,4932875.0,Transferencia
PG-004558,FE-004088,2026-01-29,1898212.0,Cheque
PG-004559,FE-004104,2026-01-29,579755.0,PSE
PG-004560,FE-004109,2026-01-29,1630436.0,Consignación
PG-004561,FE-004125,2026-01-29,1145694.0,Transferencia
PG-004562,FE-004178,2026-01-29,828565.0,Transferencia
PG-004563,FE-004197,2026-01-29,1916027.0,Transferencia
PG-004564,FE-004202,2026-01-29,4701431.0,Transferencia
PG-004565,FE-004328,2026-01-29,846436.0,Transferencia
PG-004566,FE-004329,2026-01-29,89688.0,Transferencia
PG-004567,FE-004349,2026-01-29,909801.0,Transferencia
PG-004568,FE-004412,2026-01-29,553419.0,Cheque
PG-004569,FE-004441,2026-01-29,2218249.0,Transferencia
PG-004570,FE-004455,2026-01-29,986899.0,Transferencia
PG-004571,FE-004466,2026-01-29,649974.0,Transferencia
PG-004572,FE-004481,2026-01-29,3782602.0,Transferencia
PG-004573,FE-004517,2026-01-29,645558.0,Transferencia
PG-004574,FE-004538,2026-01-29,352300.0,Transferencia
PG-004575,FE-004541,2026-01-29,2843739.0,Cheque
PG-004576,FE-004597,2026-01-29,619187.0,Transferencia
PG-004577,FE-004616,2026-01-29,1393344.0,Cheque
PG-004578,FE-004650,2026-01-29,973122.0,PSE
PG-004579,FE-004669,2026-01-29,50869.0,Consignación
PG-004580,FE-004699,2026-01-29,319757.0,Transferencia
PG-004581,FE-004721,2026-01-29,249110.0,Transferencia
PG-004582,FE-004751,2026-01-29,55533.0,Transferencia
PG-004583,FE-004754,2026-01-29,2735411.0,Transferencia
PG-004584,FE-004765,2026-01-29,1417984.0,Transferencia
PG-004585,FE-004770,2026-01-29,1027010.0,PSE
PG-004586,FE-004781,2026-01-29,1927920.0,Consignación
PG-004587,FE-004798,2026-01-29,862048.0,Consignación
PG-004588,FE-004839,2026-01-29,383270.0,Transferencia
PG-004589,FE-004861,2026-01-29,615749.0,PSE
PG-004590,FE-004871,2026-01-29,1509421.0,PSE
PG-004591,FE-004884,2026-01-29,486761.0,Consignación
PG-004592,FE-004912,2026-01-29,611524.0,Transferencia
PG-004593,FE-004954,2026-01-29,1183108.0,PSE
PG-004594,FE-004965,2026-01-29,283884.0,Transferencia
PG-004595,FE-005008,2026-01-29,325185.0,Transferencia
PG-004596,FE-005022,2026-01-29,3388651.0,Transferencia
PG-004597,FE-005047,2026-01-29,137494.0,Cheque
PG-004598,FE-005067,2026-01-29,784108.0,Transferencia
PG-004599,FE-005104,2026-01-29,64352.0,PSE
PG-004600,FE-005162,2026-01-29,2794127.0,Transferencia
PG-004601,FE-005172,2026-01-29,761179.0,Transferencia
PG-004602,FE-005202,2026-01-29,169965.0,PSE
PG-004603,FE-005217,2026-01-29,1287741.0,Transferencia
PG-004604,FE-005300,2026-01-29,202882.0,PSE
PG-004605,FE-005336,2026-01-29,378922.0,Cheque
PG-004606,FE-005347,2026-01-29,368375.0,PSE
PG-004607,FE-005379,2026-01-29,2116668.0,Transferencia
PG-004608,FE-005411,2026-01-29,397677.0,Consignación
PG-004609,FE-005433,2026-01-29,1403743.0,Transferencia
PG-004610,FE-005509,2026-01-29,365453.0,PSE
PG-004611,FE-005537,2026-01-29,436769.0,Transferencia
PG-004612,FE-005566,2026-01-29,1274563.0,Transferencia
PG-004613,FE-005592,2026-01-29,304732.0,Transferencia
PG-004614,FE-005643,2026-01-29,1155812.0,PSE
PG-004615,FE-005736,2026-01-29,117850.0,PSE
PG-004616,FE-005743,2026-01-29,504965.0,Cheque
PG-004617,FE-005826,2026-01-29,260778.0,Transferencia
PG-004618,FE-005876,2026-01-29,265733.0,Transferencia
PG-004619,FE-005962,2026-01-29,354074.0,Transferencia
PG-004620,FE-005980,2026-01-29,132103.0,PSE
PG-004621,FE-006165,2026-01-29,116199.0,Transferencia
PG-004622,FE-002891,2026-01-30,215298.0,Cheque
PG-004623,FE-003046,2026-01-30,781949.0,Transferencia
PG-004624,FE-003196,2026-01-30,7438475.0,Transferencia
PG-004625,FE-003264,2026-01-30,2449733.0,Transferencia
PG-004626,FE-003270,2026-01-30,3490425.0,Transferencia
PG-004627,FE-003370,2026-01-30,1360163.0,PSE
PG-004628,FE-003374,2026-01-30,1442773.0,Transferencia
PG-004629,FE-003405,2026-01-30,3856654.0,Cheque
PG-004630,FE-003598,2026-01-30,2790179.0,Consignación
PG-004631,FE-003629,2026-01-30,741383.0,Transferencia
PG-004632,FE-003640,2026-01-30,4117840.0,Transferencia
PG-004633,FE-003754,2026-01-30,5971524.0,Transferencia
PG-004634,FE-003797,2026-01-30,562987.0,PSE
PG-004635,FE-003831,2026-01-30,313711.0,Transferencia
PG-004636,FE-003908,2026-01-30,4153349.0,Transferencia
PG-004637,FE-003912,2026-01-30,773379.0,Cheque
PG-004638,FE-003924,2026-01-30,2236554.0,Cheque
PG-004639,FE-003969,2026-01-30,490003.0,Transferencia
PG-004640,FE-003979,2026-01-30,311956.0,Consignación
PG-004641,FE-003981,2026-01-30,11943142.0,Transferencia
PG-004642,FE-004003,2026-01-30,397017.0,Cheque
PG-004643,FE-004016,2026-01-30,122082.0,Cheque
PG-004644,FE-004066,2026-01-30,411090.0,Transferencia
PG-004645,FE-004105,2026-01-30,1801805.0,Transferencia
PG-004646,FE-004107,2026-01-30,2894454.0,Transferencia
PG-004647,FE-004133,2026-01-30,2052124.0,Transferencia
PG-004648,FE-004189,2026-01-30,365393.0,Consignación
PG-004649,FE-004212,2026-01-30,905169.0,Transferencia
PG-004650,FE-004309,2026-01-30,1080256.0,Transferencia
PG-004651,FE-004315,2026-01-30,1057373.0,Transferencia
PG-004652,FE-004348,2026-01-30,1472593.0,Consignación
PG-004653,FE-004390,2026-01-30,1177211.0,Cheque
PG-004654,FE-004410,2026-01-30,844434.0,Transferencia
PG-004655,FE-004488,2026-01-30,514858.0,Transferencia
PG-004656,FE-004622,2026-01-30,4387989.0,Transferencia
PG-004657,FE-004720,2026-01-30,299812.0,Transferencia
PG-004658,FE-004735,2026-01-30,1195700.0,PSE
PG-004659,FE-004738,2026-01-30,149412.0,Consignación
PG-004660,FE-004797,2026-01-30,722539.0,Consignación
PG-004661,FE-004815,2026-01-30,221253.0,Cheque
PG-004662,FE-004942,2026-01-30,819219.0,Transferencia
PG-004663,FE-004956,2026-01-30,171842.0,Transferencia
PG-004664,FE-005002,2026-01-30,1791826.0,Transferencia
PG-004665,FE-005038,2026-01-30,458271.0,Transferencia
PG-004666,FE-005071,2026-01-30,395698.0,PSE
PG-004667,FE-005075,2026-01-30,616125.0,Transferencia
PG-004668,FE-005088,2026-01-30,1631377.0,Cheque
PG-004669,FE-005097,2026-01-30,141144.0,PSE
PG-004670,FE-005102,2026-01-30,430299.0,Transferencia
PG-004671,FE-005173,2026-01-30,946482.0,Transferencia
PG-004672,FE-005195,2026-01-30,2652216.0,Cheque
PG-004673,FE-005228,2026-01-30,30750.0,Transferencia
PG-004674,FE-005233,2026-01-30,451375.0,Transferencia
PG-004675,FE-005258,2026-01-30,124712.0,PSE
PG-004676,FE-005287,2026-01-30,267644.0,Cheque
PG-004677,FE-005291,2026-01-30,798310.0,Transferencia
PG-004678,FE-005321,2026-01-30,837079.0,Transferencia
PG-004679,FE-005412,2026-01-30,98482.0,Transferencia
PG-004680,FE-005428,2026-01-30,637240.0,PSE
PG-004681,FE-005473,2026-01-30,592514.0,Consignación
PG-004682,FE-005483,2026-01-30,554783.0,Consignación
PG-004683,FE-005532,2026-01-30,231405.0,Cheque
PG-004684,FE-005539,2026-01-30,113215.0,Transferencia
PG-004685,FE-005562,2026-01-30,587065.0,Transferencia
PG-004686,FE-005585,2026-01-30,152735.0,PSE
PG-004687,FE-005619,2026-01-30,1800330.0,PSE
PG-004688,FE-005799,2026-01-30,361396.0,Transferencia
PG-004689,FE-005801,2026-01-30,389564.0,PSE
PG-004690,FE-005867,2026-01-30,541881.0,Consignación
PG-004691,FE-005875,2026-01-30,1866539.0,PSE
PG-004692,FE-005897,2026-01-30,125770.0,Transferencia
PG-004693,FE-005985,2026-01-30,460085.0,Transferencia
PG-004694,FE-005995,2026-01-30,407658.0,Transferencia
PG-004695,FE-006031,2026-01-30,396892.0,Consignación
PG-004696,FE-006055,2026-01-30,533099.0,Transferencia
PG-004697,FE-002783,2026-01-31,981129.0,PSE
PG-004698,FE-003180,2026-01-31,1889181.0,PSE
PG-004699,FE-003205,2026-01-31,1775286.0,PSE
PG-004700,FE-003305,2026-01-31,2379499.0,Consignación
PG-004701,FE-003361,2026-01-31,1663978.0,PSE
PG-004702,FE-003387,2026-01-31,1712141.0,Transferencia
PG-004703,FE-003488,2026-01-31,1753379.0,Cheque
PG-004704,FE-003553,2026-01-31,4186226.0,Transferencia
PG-004705,FE-003582,2026-01-31,2733449.0,PSE
PG-004706,FE-003671,2026-01-31,751512.0,PSE
PG-004707,FE-003723,2026-01-31,2867660.0,Transferencia
PG-004708,FE-003759,2026-01-31,541166.0,Transferencia
PG-004709,FE-003822,2026-01-31,1144613.0,Consignación
PG-004710,FE-003852,2026-01-31,964428.0,Transferencia
PG-004711,FE-003855,2026-01-31,209183.0,Transferencia
PG-004712,FE-003918,2026-01-31,935522.0,Consignación
PG-004713,FE-003947,2026-01-31,731660.0,Cheque
PG-004714,FE-003994,2026-01-31,1676029.0,Consignación
PG-004715,FE-004070,2026-01-31,1349678.0,PSE
PG-004716,FE-004208,2026-01-31,6209415.0,Transferencia
PG-004717,FE-004302,2026-01-31,3006597.0,PSE
PG-004718,FE-004365,2026-01-31,1336551.0,Transferencia
PG-004719,FE-004367,2026-01-31,445805.0,Transferencia
PG-004720,FE-004398,2026-01-31,446921.0,Cheque
PG-004721,FE-004453,2026-01-31,1635736.0,Cheque
PG-004722,FE-004494,2026-01-31,685392.0,Transferencia
PG-004723,FE-004514,2026-01-31,1473682.0,Transferencia
PG-004724,FE-004520,2026-01-31,802738.0,PSE
PG-004725,FE-004529,2026-01-31,1347657.0,PSE
PG-004726,FE-004550,2026-01-31,601532.0,Transferencia
PG-004727,FE-004569,2026-01-31,7149262.0,Transferencia
PG-004728,FE-004570,2026-01-31,2784417.0,Transferencia
PG-004729,FE-004577,2026-01-31,2776401.0,Consignación
PG-004730,FE-004636,2026-01-31,299868.0,Transferencia
PG-004731,FE-004657,2026-01-31,744113.0,Consignación
PG-004732,FE-004665,2026-01-31,1239035.0,Transferencia
PG-004733,FE-004677,2026-01-31,715868.0,PSE
PG-004734,FE-004680,2026-01-31,4951699.0,Transferencia
PG-004735,FE-004729,2026-01-31,380086.0,Consignación
PG-004736,FE-004768,2026-01-31,1846865.0,Transferencia
PG-004737,FE-004806,2026-01-31,3596856.0,Transferencia
PG-004738,FE-004902,2026-01-31,848978.0,Transferencia
PG-004739,FE-004940,2026-01-31,260508.0,Transferencia
PG-004740,FE-004945,2026-01-31,490017.0,PSE
PG-004741,FE-004948,2026-01-31,214046.0,Transferencia
PG-004742,FE-005021,2026-01-31,145022.0,Transferencia
PG-004743,FE-005083,2026-01-31,468898.0,PSE
PG-004744,FE-005134,2026-01-31,400547.0,Transferencia
PG-004745,FE-005142,2026-01-31,1803664.0,Transferencia
PG-004746,FE-005166,2026-01-31,352264.0,Transferencia
PG-004747,FE-005177,2026-01-31,2284757.0,Transferencia
PG-004748,FE-005207,2026-01-31,113750.0,Consignación
PG-004749,FE-005310,2026-01-31,193076.0,Transferencia
PG-004750,FE-005406,2026-01-31,558261.0,Cheque
PG-004751,FE-005520,2026-01-31,186190.0,PSE
PG-004752,FE-005543,2026-01-31,1201231.0,Transferencia
PG-004753,FE-005608,2026-01-31,324333.0,Consignación
PG-004754,FE-005672,2026-01-31,293638.0,Transferencia
PG-004755,FE-005696,2026-01-31,162765.0,Transferencia
PG-004756,FE-005700,2026-01-31,446237.0,Transferencia
PG-004757,FE-005837,2026-01-31,1015657.0,PSE
PG-004758,FE-005841,2026-01-31,150015.0,PSE
PG-004759,FE-005856,2026-01-31,221864.0,Transferencia
PG-004760,FE-005892,2026-01-31,443894.0,Transferencia
PG-004761,FE-006101,2026-01-31,848554.0,Transferencia
PG-004762,FE-006215,2026-01-31,577918.0,Transferencia
PG-004763,FE-006242,2026-01-31,422996.0,Transferencia
PG-004764,FE-006259,2026-01-31,144693.0,Transferencia
PG-004765,FE-003301,2026-02-01,855606.0,Consignación
PG-004766,FE-003484,2026-02-01,5889349.0,Transferencia
PG-004767,FE-003552,2026-02-01,5356492.0,PSE
PG-004768,FE-003554,2026-02-01,6400729.0,Transferencia
PG-004769,FE-003597,2026-02-01,725428.0,Transferencia
PG-004770,FE-003611,2026-02-01,3126098.0,Transferencia
PG-004771,FE-003752,2026-02-01,1160903.0,Transferencia
PG-004772,FE-003767,2026-02-01,4602752.0,Transferencia
PG-004773,FE-003821,2026-02-01,1624186.0,PSE
PG-004774,FE-003840,2026-02-01,7739366.0,PSE
PG-004775,FE-003870,2026-02-01,1437378.0,Cheque
PG-004776,FE-003917,2026-02-01,568445.0,Transferencia
PG-004777,FE-003951,2026-02-01,2933468.0,Consignación
PG-004778,FE-003956,2026-02-01,5448929.0,Transferencia
PG-004779,FE-004023,2026-02-01,2820154.0,Cheque
PG-004780,FE-004135,2026-02-01,1434599.0,Transferencia
PG-004781,FE-004138,2026-02-01,2336926.0,Transferencia
PG-004782,FE-004156,2026-02-01,446114.0,Cheque
PG-004783,FE-004242,2026-02-01,329293.0,Transferencia
PG-004784,FE-004264,2026-02-01,2516210.0,Cheque
PG-004785,FE-004269,2026-02-01,1263592.0,PSE
PG-004786,FE-004286,2026-02-01,213547.0,Transferencia
PG-004787,FE-004296,2026-02-01,494656.0,Transferencia
PG-004788,FE-004396,2026-02-01,1167804.0,Transferencia
PG-004789,FE-004416,2026-02-01,7173236.0,Transferencia
PG-004790,FE-004431,2026-02-01,337798.0,Transferencia
PG-004791,FE-004446,2026-02-01,2233555.0,Cheque
PG-004792,FE-004470,2026-02-01,5316722.0,PSE
PG-004793,FE-004536,2026-02-01,4101540.0,Transferencia
PG-004794,FE-004604,2026-02-01,2803946.0,Consignación
PG-004795,FE-004633,2026-02-01,3147383.0,Transferencia
PG-004796,FE-004639,2026-02-01,671979.0,Transferencia
PG-004797,FE-004670,2026-02-01,2194779.0,Consignación
PG-004798,FE-004681,2026-02-01,847010.0,Consignación
PG-004799,FE-004686,2026-02-01,2971667.0,Consignación
PG-004800,FE-004689,2026-02-01,2181998.0,Consignación
PG-004801,FE-004710,2026-02-01,644744.0,PSE
PG-004802,FE-004722,2026-02-01,2113785.0,PSE
PG-004803,FE-004739,2026-02-01,3259198.0,PSE
PG-004804,FE-004758,2026-02-01,1097411.0,Transferencia
PG-004805,FE-004787,2026-02-01,660256.0,Transferencia
PG-004806,FE-004800,2026-02-01,75087.0,Transferencia
PG-004807,FE-004823,2026-02-01,291909.0,Transferencia
PG-004808,FE-004846,2026-02-01,391608.0,PSE
PG-004809,FE-004894,2026-02-01,4059756.0,Transferencia
PG-004810,FE-004973,2026-02-01,87237.0,Transferencia
PG-004811,FE-004978,2026-02-01,2130467.0,Transferencia
PG-004812,FE-005007,2026-02-01,586976.0,Cheque
PG-004813,FE-005033,2026-02-01,160755.0,Transferencia
PG-004814,FE-005049,2026-02-01,1429389.0,Consignación
PG-004815,FE-005098,2026-02-01,404347.0,Transferencia
PG-004816,FE-005136,2026-02-01,243002.0,PSE
PG-004817,FE-005143,2026-02-01,420769.0,Transferencia
PG-004818,FE-005251,2026-02-01,342827.0,Transferencia
PG-004819,FE-005253,2026-02-01,615883.0,Cheque
PG-004820,FE-005256,2026-02-01,62111.0,Transferencia
PG-004821,FE-005320,2026-02-01,65694.0,PSE
PG-004822,FE-005427,2026-02-01,125394.0,Transferencia
PG-004823,FE-005470,2026-02-01,254092.0,Transferencia
PG-004824,FE-005488,2026-02-01,406880.0,PSE
PG-004825,FE-005589,2026-02-01,278923.0,Transferencia
PG-004826,FE-005644,2026-02-01,27836.0,PSE
PG-004827,FE-005646,2026-02-01,1057213.0,Transferencia
PG-004828,FE-005664,2026-02-01,3109651.0,Consignación
PG-004829,FE-005665,2026-02-01,1893095.0,Transferencia
PG-004830,FE-005669,2026-02-01,440376.0,Transferencia
PG-004831,FE-005681,2026-02-01,169131.0,PSE
PG-004832,FE-005698,2026-02-01,56108.0,Transferencia
PG-004833,FE-005805,2026-02-01,233054.0,PSE
PG-004834,FE-005812,2026-02-01,32047.0,Transferencia
PG-004835,FE-005820,2026-02-01,181549.0,Transferencia
PG-004836,FE-005846,2026-02-01,1158238.0,PSE
PG-004837,FE-005890,2026-02-01,522779.0,PSE
PG-004838,FE-005984,2026-02-01,179849.0,Transferencia
PG-004839,FE-006108,2026-02-01,94431.0,Transferencia
PG-004840,FE-002788,2026-02-02,2611260.0,PSE
PG-004841,FE-003073,2026-02-02,2761268.0,Transferencia
PG-004842,FE-003098,2026-02-02,269186.0,Transferencia
PG-004843,FE-003104,2026-02-02,5368229.0,Transferencia
PG-004844,FE-003298,2026-02-02,3535917.0,PSE
PG-004845,FE-003356,2026-02-02,2288256.0,PSE
PG-004846,FE-003486,2026-02-02,639625.0,Consignación
PG-004847,FE-003489,2026-02-02,4170795.0,PSE
PG-004848,FE-003522,2026-02-02,1937935.0,Transferencia
PG-004849,FE-003625,2026-02-02,714568.0,Cheque
PG-004850,FE-003627,2026-02-02,3407158.0,Transferencia
PG-004851,FE-003673,2026-02-02,3071417.0,Transferencia
PG-004852,FE-003825,2026-02-02,1736829.0,Transferencia
PG-004853,FE-003839,2026-02-02,894480.0,PSE
PG-004854,FE-003950,2026-02-02,2515148.0,Transferencia
PG-004855,FE-004042,2026-02-02,251069.0,Transferencia
PG-004856,FE-004153,2026-02-02,2980743.0,Cheque
PG-004857,FE-004180,2026-02-02,2537356.0,PSE
PG-004858,FE-004203,2026-02-02,447641.0,Transferencia
PG-004859,FE-004300,2026-02-02,1243479.0,Consignación
PG-004860,FE-004307,2026-02-02,776474.0,PSE
PG-004861,FE-004312,2026-02-02,2068978.0,Transferencia
PG-004862,FE-004394,2026-02-02,632911.0,PSE
PG-004863,FE-004406,2026-02-02,1699114.0,Consignación
PG-004864,FE-004408,2026-02-02,2340906.0,Transferencia
PG-004865,FE-004510,2026-02-02,2037423.0,Transferencia
PG-004866,FE-004546,2026-02-02,219403.0,PSE
PG-004867,FE-004553,2026-02-02,642069.0,Transferencia
PG-004868,FE-004589,2026-02-02,1588604.0,Transferencia
PG-004869,FE-004602,2026-02-02,1120960.0,Transferencia
PG-004870,FE-004617,2026-02-02,2345292.0,PSE
PG-004871,FE-004620,2026-02-02,2005694.0,Transferencia
PG-004872,FE-004621,2026-02-02,581802.0,PSE
PG-004873,FE-004625,2026-02-02,2715065.0,Consignación
PG-004874,FE-004638,2026-02-02,3379073.0,Consignación
PG-004875,FE-004640,2026-02-02,190828.0,Transferencia
PG-004876,FE-004661,2026-02-02,3692510.0,Transferencia
PG-004877,FE-004753,2026-02-02,318007.0,PSE
PG-004878,FE-004834,2026-02-02,357607.0,PSE
PG-004879,FE-004924,2026-02-02,6563213.0,Consignación
PG-004880,FE-004928,2026-02-02,2269268.0,Cheque
PG-004881,FE-004932,2026-02-02,1482694.0,Cheque
PG-004882,FE-004960,2026-02-02,340839.0,Transferencia
PG-004883,FE-004964,2026-02-02,1532459.0,Transferencia
PG-004884,FE-005079,2026-02-02,370685.0,Consignación
PG-004885,FE-005089,2026-02-02,52027.0,Transferencia
PG-004886,FE-005092,2026-02-02,4715577.0,PSE
PG-004887,FE-005145,2026-02-02,537959.0,Transferencia
PG-004888,FE-005167,2026-02-02,525115.0,Transferencia
PG-004889,FE-005179,2026-02-02,350742.0,Transferencia
PG-004890,FE-005183,2026-02-02,300640.0,PSE
PG-004891,FE-005185,2026-02-02,338755.0,Transferencia
PG-004892,FE-005187,2026-02-02,162786.0,Transferencia
PG-004893,FE-005216,2026-02-02,337369.0,Transferencia
PG-004894,FE-005226,2026-02-02,879205.0,Transferencia
PG-004895,FE-005268,2026-02-02,1082894.0,PSE
PG-004896,FE-005345,2026-02-02,463657.0,Transferencia
PG-004897,FE-005393,2026-02-02,78690.0,Transferencia
PG-004898,FE-005466,2026-02-02,667730.0,Transferencia
PG-004899,FE-005482,2026-02-02,176020.0,Transferencia
PG-004900,FE-005495,2026-02-02,52443.0,Transferencia
PG-004901,FE-005533,2026-02-02,85148.0,Transferencia
PG-004902,FE-005535,2026-02-02,315978.0,Transferencia
PG-004903,FE-005555,2026-02-02,374681.0,Transferencia
PG-004904,FE-005624,2026-02-02,217432.0,Transferencia
PG-004905,FE-005740,2026-02-02,701766.0,Transferencia
PG-004906,FE-005746,2026-02-02,560774.0,Transferencia
PG-004907,FE-005974,2026-02-02,65543.0,Transferencia
PG-004908,FE-006006,2026-02-02,652077.0,Transferencia
PG-004909,FE-006057,2026-02-02,211279.0,Consignación
PG-004910,FE-006070,2026-02-02,494856.0,Transferencia
PG-004911,FE-006076,2026-02-02,629877.0,Transferencia
PG-004912,FE-003084,2026-02-03,2477585.0,Transferencia
PG-004913,FE-003221,2026-02-03,1263566.0,Transferencia
PG-004914,FE-003360,2026-02-03,1016560.0,Consignación
PG-004915,FE-003362,2026-02-03,4498746.0,Consignación
PG-004916,FE-003369,2026-02-03,6260096.0,PSE
PG-004917,FE-003536,2026-02-03,11116653.0,Transferencia
PG-004918,FE-003747,2026-02-03,9129409.0,Transferencia
PG-004919,FE-003761,2026-02-03,4059714.0,PSE
PG-004920,FE-003819,2026-02-03,1805254.0,Transferencia
PG-004921,FE-003832,2026-02-03,1490726.0,Transferencia
PG-004922,FE-004014,2026-02-03,2358015.0,Cheque
PG-004923,FE-004041,2026-02-03,1126747.0,Consignación
PG-004924,FE-004056,2026-02-03,554526.0,Transferencia
PG-004925,FE-004141,2026-02-03,4864126.0,Transferencia
PG-004926,FE-004152,2026-02-03,1384847.0,PSE
PG-004927,FE-004177,2026-02-03,1440782.0,Transferencia
PG-004928,FE-004220,2026-02-03,678311.0,Transferencia
PG-004929,FE-004246,2026-02-03,2058274.0,Cheque
PG-004930,FE-004257,2026-02-03,75461.0,Transferencia
PG-004931,FE-004281,2026-02-03,763303.0,Transferencia
PG-004932,FE-004335,2026-02-03,242728.0,Transferencia
PG-004933,FE-004449,2026-02-03,3337566.0,Consignación
PG-004934,FE-004462,2026-02-03,1389281.0,PSE
PG-004935,FE-004485,2026-02-03,1143077.0,Transferencia
PG-004936,FE-004500,2026-02-03,725475.0,Consignación
PG-004937,FE-004509,2026-02-03,1337245.0,Consignación
PG-004938,FE-004518,2026-02-03,184354.0,Consignación
PG-004939,FE-004528,2026-02-03,752073.0,Transferencia
PG-004940,FE-004530,2026-02-03,569170.0,Transferencia
PG-004941,FE-004558,2026-02-03,900216.0,Cheque
PG-004942,FE-004697,2026-02-03,3323348.0,Transferencia
PG-004943,FE-004749,2026-02-03,930723.0,Transferencia
PG-004944,FE-004760,2026-02-03,642976.0,Transferencia
PG-004945,FE-004794,2026-02-03,239828.0,Transferencia
PG-004946,FE-004850,2026-02-03,5809424.0,PSE
PG-004947,FE-004899,2026-02-03,2726189.0,PSE
PG-004948,FE-004988,2026-02-03,359844.0,PSE
PG-004949,FE-004992,2026-02-03,3410611.0,Transferencia
PG-004950,FE-005018,2026-02-03,903270.0,Transferencia
PG-004951,FE-005020,2026-02-03,3440157.0,Consignación
PG-004952,FE-005073,2026-02-03,441701.0,Transferencia
PG-004953,FE-005128,2026-02-03,92477.0,PSE
PG-004954,FE-005170,2026-02-03,206166.0,Transferencia
PG-004955,FE-005198,2026-02-03,50642.0,Transferencia
PG-004956,FE-005244,2026-02-03,1647423.0,Transferencia
PG-004957,FE-005271,2026-02-03,459843.0,Cheque
PG-004958,FE-005272,2026-02-03,1399146.0,Transferencia
PG-004959,FE-005273,2026-02-03,466207.0,Transferencia
PG-004960,FE-005340,2026-02-03,239672.0,Consignación
PG-004961,FE-005454,2026-02-03,1349541.0,Consignación
PG-004962,FE-005505,2026-02-03,1463506.0,Transferencia
PG-004963,FE-005531,2026-02-03,2322223.0,Transferencia
PG-004964,FE-005582,2026-02-03,144844.0,Transferencia
PG-004965,FE-005639,2026-02-03,1894506.0,Transferencia
PG-004966,FE-005745,2026-02-03,330885.0,Consignación
PG-004967,FE-005833,2026-02-03,162464.0,Transferencia
PG-004968,FE-005845,2026-02-03,870590.0,PSE
PG-004969,FE-005885,2026-02-03,658617.0,Transferencia
PG-004970,FE-005887,2026-02-03,319588.0,Consignación
PG-004971,FE-005935,2026-02-03,94951.0,Transferencia
PG-004972,FE-003350,2026-02-04,5249125.0,Transferencia
PG-004973,FE-003511,2026-02-04,1415115.0,Consignación
PG-004974,FE-003530,2026-02-04,2177422.0,Transferencia
PG-004975,FE-003590,2026-02-04,801466.0,Transferencia
PG-004976,FE-003733,2026-02-04,3325530.0,Transferencia
PG-004977,FE-003783,2026-02-04,4546106.0,Transferencia
PG-004978,FE-003820,2026-02-04,1491381.0,Transferencia
PG-004979,FE-003898,2026-02-04,1037060.0,Transferencia
PG-004980,FE-004121,2026-02-04,3278009.0,Transferencia
PG-004981,FE-004154,2026-02-04,1920838.0,Cheque
PG-004982,FE-004160,2026-02-04,7594863.0,PSE
PG-004983,FE-004225,2026-02-04,432416.0,Cheque
PG-004984,FE-004337,2026-02-04,1797156.0,PSE
PG-004985,FE-004378,2026-02-04,308096.0,Consignación
PG-004986,FE-004381,2026-02-04,393207.0,Transferencia
PG-004987,FE-004402,2026-02-04,1488714.0,Transferencia
PG-004988,FE-004426,2026-02-04,1766341.0,Cheque
PG-004989,FE-004434,2026-02-04,526276.0,Transferencia
PG-004990,FE-004436,2026-02-04,2841606.0,PSE
PG-004991,FE-004442,2026-02-04,3253743.0,Transferencia
PG-004992,FE-004458,2026-02-04,4034881.0,Consignación
PG-004993,FE-004609,2026-02-04,1933023.0,Cheque
PG-004994,FE-004610,2026-02-04,1502049.0,PSE
PG-004995,FE-004619,2026-02-04,2141004.0,Transferencia
PG-004996,FE-004656,2026-02-04,1208195.0,Transferencia
PG-004997,FE-004698,2026-02-04,4004401.0,Transferencia
PG-004998,FE-004814,2026-02-04,1646986.0,Transferencia
PG-004999,FE-004936,2026-02-04,3423841.0,Transferencia
PG-005000,FE-004953,2026-02-04,575129.0,Transferencia
PG-005001,FE-004987,2026-02-04,1575804.0,Transferencia
PG-005002,FE-005076,2026-02-04,294569.0,Cheque
PG-005003,FE-005123,2026-02-04,992516.0,Transferencia
PG-005004,FE-005135,2026-02-04,1225754.0,Transferencia
PG-005005,FE-005208,2026-02-04,59101.0,Transferencia
PG-005006,FE-005267,2026-02-04,896614.0,Transferencia
PG-005007,FE-005327,2026-02-04,473409.0,Transferencia
PG-005008,FE-005441,2026-02-04,414705.0,Cheque
PG-005009,FE-005476,2026-02-04,321507.0,Transferencia
PG-005010,FE-005498,2026-02-04,235608.0,Transferencia
PG-005011,FE-005500,2026-02-04,575203.0,PSE
PG-005012,FE-005507,2026-02-04,271966.0,Cheque
PG-005013,FE-005511,2026-02-04,1152739.0,PSE
PG-005014,FE-005522,2026-02-04,1660474.0,Transferencia
PG-005015,FE-005545,2026-02-04,259287.0,Consignación
PG-005016,FE-005563,2026-02-04,204782.0,Transferencia
PG-005017,FE-005618,2026-02-04,74169.0,Transferencia
PG-005018,FE-005697,2026-02-04,267444.0,Transferencia
PG-005019,FE-005782,2026-02-04,31594.0,Transferencia
PG-005020,FE-005829,2026-02-04,571279.0,PSE
PG-005021,FE-005969,2026-02-04,207460.0,PSE
PG-005022,FE-006026,2026-02-04,692893.0,Transferencia
PG-005023,FE-006061,2026-02-04,336334.0,Transferencia
PG-005024,FE-003467,2026-02-05,2053478.0,Transferencia
PG-005025,FE-003599,2026-02-05,846903.0,Transferencia
PG-005026,FE-003622,2026-02-05,1423428.0,Transferencia
PG-005027,FE-003623,2026-02-05,1116707.0,Transferencia
PG-005028,FE-003765,2026-02-05,6399670.0,Consignación
PG-005029,FE-003812,2026-02-05,982478.0,Transferencia
PG-005030,FE-003844,2026-02-05,2982561.0,PSE
PG-005031,FE-003853,2026-02-05,1148627.0,Transferencia
PG-005032,FE-003909,2026-02-05,1241488.0,Consignación
PG-005033,FE-004024,2026-02-05,809352.0,Transferencia
PG-005034,FE-004034,2026-02-05,2256321.0,Transferencia
PG-005035,FE-004227,2026-02-05,2945442.0,Transferencia
PG-005036,FE-004397,2026-02-05,1660640.0,Consignación
PG-005037,FE-004418,2026-02-05,1806344.0,Consignación
PG-005038,FE-004503,2026-02-05,1576135.0,Transferencia
PG-005039,FE-004567,2026-02-05,2708401.0,Consignación
PG-005040,FE-004635,2026-02-05,2653059.0,Consignación
PG-005041,FE-004644,2026-02-05,1778141.0,Cheque
PG-005042,FE-004675,2026-02-05,4084349.0,Transferencia
PG-005043,FE-004694,2026-02-05,295745.0,Transferencia
PG-005044,FE-004707,2026-02-05,998312.0,Transferencia
PG-005045,FE-004818,2026-02-05,1579541.0,Consignación
PG-005046,FE-004836,2026-02-05,3854220.0,Transferencia
PG-005047,FE-004863,2026-02-05,1194310.0,Transferencia
PG-005048,FE-004949,2026-02-05,78915.0,PSE
PG-005049,FE-004950,2026-02-05,5136247.0,Cheque
PG-005050,FE-004951,2026-02-05,2413163.0,Transferencia
PG-005051,FE-004996,2026-02-05,197333.0,Consignación
PG-005052,FE-005032,2026-02-05,481236.0,Transferencia
PG-005053,FE-005093,2026-02-05,3385994.0,Transferencia
PG-005054,FE-005148,2026-02-05,4118378.0,Transferencia
PG-005055,FE-005197,2026-02-05,2721165.0,PSE
PG-005056,FE-005255,2026-02-05,341312.0,Transferencia
PG-005057,FE-005270,2026-02-05,414905.0,Transferencia
PG-005058,FE-005297,2026-02-05,1206483.0,Transferencia
PG-005059,FE-005316,2026-02-05,742069.0,Transferencia
PG-005060,FE-005354,2026-02-05,59034.0,Transferencia
PG-005061,FE-005373,2026-02-05,286156.0,Transferencia
PG-005062,FE-005416,2026-02-05,567973.0,Consignación
PG-005063,FE-005467,2026-02-05,640850.0,Transferencia
PG-005064,FE-005472,2026-02-05,1735883.0,Transferencia
PG-005065,FE-005502,2026-02-05,1211694.0,Transferencia
PG-005066,FE-005530,2026-02-05,1191618.0,Transferencia
PG-005067,FE-005547,2026-02-05,953885.0,PSE
PG-005068,FE-005550,2026-02-05,256882.0,PSE
PG-005069,FE-005572,2026-02-05,1386984.0,Consignación
PG-005070,FE-005583,2026-02-05,132246.0,PSE
PG-005071,FE-005600,2026-02-05,4079399.0,Transferencia
PG-005072,FE-005628,2026-02-05,1030680.0,Consignación
PG-005073,FE-005642,2026-02-05,743061.0,Consignación
PG-005074,FE-005668,2026-02-05,430713.0,Cheque
PG-005075,FE-005768,2026-02-05,150900.0,Transferencia
PG-005076,FE-005815,2026-02-05,232386.0,Cheque
PG-005077,FE-005816,2026-02-05,522211.0,Transferencia
PG-005078,FE-005842,2026-02-05,287402.0,PSE
PG-005079,FE-005843,2026-02-05,304821.0,Transferencia
PG-005080,FE-005902,2026-02-05,179747.0,PSE
PG-005081,FE-006022,2026-02-05,453013.0,Transferencia
PG-005082,FE-006137,2026-02-05,189170.0,Transferencia
PG-005083,FE-006282,2026-02-05,26263.0,Consignación
PG-005084,FE-006420,2026-02-05,543945.0,Transferencia
PG-005085,FE-006498,2026-02-05,1002861.0,Transferencia
PG-005086,FE-003468,2026-02-06,3256812.0,Transferencia
PG-005087,FE-003646,2026-02-06,3639547.0,Transferencia
PG-005088,FE-003779,2026-02-06,2111498.0,Transferencia
PG-005089,FE-003841,2026-02-06,2231706.0,Transferencia
PG-005090,FE-003955,2026-02-06,1740051.0,Transferencia
PG-005091,FE-004002,2026-02-06,2468206.0,Transferencia
PG-005092,FE-004011,2026-02-06,7634522.0,Transferencia
PG-005093,FE-004063,2026-02-06,3161643.0,Transferencia
PG-005094,FE-004089,2026-02-06,449646.0,Transferencia
PG-005095,FE-004187,2026-02-06,8288534.0,PSE
PG-005096,FE-004221,2026-02-06,105141.0,Transferencia
PG-005097,FE-004231,2026-02-06,3358226.0,Transferencia
PG-005098,FE-004241,2026-02-06,1077243.0,Transferencia
PG-005099,FE-004319,2026-02-06,2561369.0,PSE
PG-005100,FE-004464,2026-02-06,2952711.0,Transferencia
PG-005101,FE-004544,2026-02-06,2135958.0,Transferencia
PG-005102,FE-004547,2026-02-06,896857.0,PSE
PG-005103,FE-004645,2026-02-06,230557.0,Transferencia
PG-005104,FE-004658,2026-02-06,616665.0,PSE
PG-005105,FE-004668,2026-02-06,2871111.0,PSE
PG-005106,FE-004693,2026-02-06,883521.0,Transferencia
PG-005107,FE-004774,2026-02-06,3207336.0,Transferencia
PG-005108,FE-004811,2026-02-06,6191195.0,Transferencia
PG-005109,FE-004844,2026-02-06,952165.0,Transferencia
PG-005110,FE-004866,2026-02-06,3712607.0,Consignación
PG-005111,FE-004886,2026-02-06,737990.0,Consignación
PG-005112,FE-004895,2026-02-06,2600401.0,Transferencia
PG-005113,FE-004909,2026-02-06,1408154.0,Transferencia
PG-005114,FE-004910,2026-02-06,1704034.0,Transferencia
PG-005115,FE-004915,2026-02-06,2048902.0,Cheque
PG-005116,FE-004933,2026-02-06,851588.0,PSE
PG-005117,FE-004959,2026-02-06,824326.0,Transferencia
PG-005118,FE-005001,2026-02-06,1313784.0,Cheque
PG-005119,FE-005009,2026-02-06,705950.0,Transferencia
PG-005120,FE-005023,2026-02-06,667655.0,Transferencia
PG-005121,FE-005031,2026-02-06,1237984.0,Transferencia
PG-005122,FE-005069,2026-02-06,327838.0,Transferencia
PG-005123,FE-005077,2026-02-06,250351.0,Transferencia
PG-005124,FE-005109,2026-02-06,1211369.0,Transferencia
PG-005125,FE-005163,2026-02-06,75003.0,Cheque
PG-005126,FE-005174,2026-02-06,2139808.0,Cheque
PG-005127,FE-005335,2026-02-06,576969.0,Transferencia
PG-005128,FE-005346,2026-02-06,1217507.0,Transferencia
PG-005129,FE-005376,2026-02-06,833550.0,Transferencia
PG-005130,FE-005383,2026-02-06,708785.0,PSE
PG-005131,FE-005409,2026-02-06,1869246.0,Transferencia
PG-005132,FE-005419,2026-02-06,222518.0,Transferencia
PG-005133,FE-005425,2026-02-06,646095.0,Transferencia
PG-005134,FE-005464,2026-02-06,2604252.0,Consignación
PG-005135,FE-005471,2026-02-06,194843.0,Transferencia
PG-005136,FE-005493,2026-02-06,2568529.0,Transferencia
PG-005137,FE-005512,2026-02-06,168742.0,Cheque
PG-005138,FE-005553,2026-02-06,1641868.0,Transferencia
PG-005139,FE-005577,2026-02-06,312351.0,PSE
PG-005140,FE-005588,2026-02-06,3221260.0,Transferencia
PG-005141,FE-005599,2026-02-06,1442683.0,Transferencia
PG-005142,FE-005651,2026-02-06,411527.0,Transferencia
PG-005143,FE-005670,2026-02-06,389646.0,Transferencia
PG-005144,FE-005717,2026-02-06,205620.0,PSE
PG-005145,FE-005718,2026-02-06,345619.0,Transferencia
PG-005146,FE-005732,2026-02-06,512318.0,Transferencia
PG-005147,FE-005758,2026-02-06,178110.0,Transferencia
PG-005148,FE-005898,2026-02-06,231568.0,Transferencia
PG-005149,FE-005928,2026-02-06,1136524.0,PSE
PG-005150,FE-005959,2026-02-06,693024.0,Transferencia
PG-005151,FE-006018,2026-02-06,2259247.0,Transferencia
PG-005152,FE-006037,2026-02-06,726591.0,PSE
PG-005153,FE-006109,2026-02-06,506145.0,Transferencia
PG-005154,FE-006113,2026-02-06,541492.0,Transferencia
PG-005155,FE-006199,2026-02-06,1814918.0,PSE
PG-005156,FE-006210,2026-02-06,165174.0,Transferencia
PG-005157,FE-006233,2026-02-06,523473.0,Cheque
PG-005158,FE-006251,2026-02-06,908573.0,PSE
PG-005159,FE-006708,2026-02-06,379791.0,Consignación
PG-005160,FE-003257,2026-02-07,159059.0,Transferencia
PG-005161,FE-003674,2026-02-07,1511382.0,Consignación
PG-005162,FE-003716,2026-02-07,2423525.0,Consignación
PG-005163,FE-003846,2026-02-07,895448.0,Transferencia
PG-005164,FE-003940,2026-02-07,309025.0,PSE
PG-005165,FE-003984,2026-02-07,2620711.0,Transferencia
PG-005166,FE-004159,2026-02-07,957251.0,Transferencia
PG-005167,FE-004341,2026-02-07,1967614.0,Transferencia
PG-005168,FE-004419,2026-02-07,517779.0,PSE
PG-005169,FE-004450,2026-02-07,223080.0,Transferencia
PG-005170,FE-004763,2026-02-07,2665263.0,PSE
PG-005171,FE-004825,2026-02-07,1028197.0,Consignación
PG-005172,FE-004869,2026-02-07,2629738.0,PSE
PG-005173,FE-004892,2026-02-07,5045711.0,PSE
PG-005174,FE-004893,2026-02-07,426671.0,Transferencia
PG-005175,FE-004900,2026-02-07,2393978.0,Cheque
PG-005176,FE-004925,2026-02-07,1740080.0,Transferencia
PG-005177,FE-004926,2026-02-07,6000450.0,Transferencia
PG-005178,FE-004962,2026-02-07,182151.0,Transferencia
PG-005179,FE-004979,2026-02-07,437734.0,Transferencia
PG-005180,FE-004981,2026-02-07,280451.0,Transferencia
PG-005181,FE-004989,2026-02-07,101314.0,Transferencia
PG-005182,FE-005039,2026-02-07,2661929.0,Transferencia
PG-005183,FE-005045,2026-02-07,1836040.0,Transferencia
PG-005184,FE-005060,2026-02-07,3791994.0,PSE
PG-005185,FE-005084,2026-02-07,431401.0,PSE
PG-005186,FE-005100,2026-02-07,517054.0,Transferencia
PG-005187,FE-005117,2026-02-07,1667228.0,Transferencia
PG-005188,FE-005126,2026-02-07,765306.0,Transferencia
PG-005189,FE-005137,2026-02-07,604645.0,Transferencia
PG-005190,FE-005149,2026-02-07,2080795.0,Transferencia
PG-005191,FE-005157,2026-02-07,399706.0,Cheque
PG-005192,FE-005175,2026-02-07,951744.0,Transferencia
PG-005193,FE-005214,2026-02-07,56872.0,Transferencia
PG-005194,FE-005284,2026-02-07,710304.0,Transferencia
PG-005195,FE-005382,2026-02-07,210487.0,Transferencia
PG-005196,FE-005435,2026-02-07,193739.0,Transferencia
PG-005197,FE-005485,2026-02-07,428314.0,Transferencia
PG-005198,FE-005513,2026-02-07,426980.0,PSE
PG-005199,FE-005519,2026-02-07,660975.0,Transferencia
PG-005200,FE-005540,2026-02-07,203655.0,Cheque
PG-005201,FE-005626,2026-02-07,1208464.0,Transferencia
PG-005202,FE-005659,2026-02-07,872257.0,Transferencia
PG-005203,FE-005663,2026-02-07,254360.0,Consignación
PG-005204,FE-005714,2026-02-07,1470424.0,Consignación
PG-005205,FE-005784,2026-02-07,148452.0,Transferencia
PG-005206,FE-005958,2026-02-07,76972.0,PSE
PG-005207,FE-006019,2026-02-07,339782.0,Transferencia
PG-005208,FE-006091,2026-02-07,326844.0,Transferencia
PG-005209,FE-006147,2026-02-07,245001.0,Transferencia
PG-005210,FE-006235,2026-02-07,711580.0,Cheque
PG-005211,FE-006319,2026-02-07,395585.0,Transferencia
PG-005212,FE-006415,2026-02-07,217543.0,Consignación
PG-005213,FE-006574,2026-02-07,959013.0,Transferencia
PG-005214,FE-003520,2026-02-08,3339366.0,Transferencia
PG-005215,FE-003722,2026-02-08,1700167.0,Transferencia
PG-005216,FE-003887,2026-02-08,1128127.0,Transferencia
PG-005217,FE-003961,2026-02-08,408232.0,PSE
PG-005218,FE-003983,2026-02-08,144385.0,PSE
PG-005219,FE-004029,2026-02-08,4542066.0,Transferencia
PG-005220,FE-004061,2026-02-08,156292.0,Transferencia
PG-005221,FE-004195,2026-02-08,20419.0,Transferencia
PG-005222,FE-004280,2026-02-08,1517249.0,PSE
PG-005223,FE-004299,2026-02-08,5119697.0,Transferencia
PG-005224,FE-004332,2026-02-08,2886875.0,Transferencia
PG-005225,FE-004421,2026-02-08,597407.0,Consignación
PG-005226,FE-004448,2026-02-08,4543023.0,Transferencia
PG-005227,FE-004508,2026-02-08,798640.0,Transferencia
PG-005228,FE-004521,2026-02-08,73308.0,Transferencia
PG-005229,FE-004603,2026-02-08,2403762.0,PSE
PG-005230,FE-004624,2026-02-08,726225.0,Transferencia
PG-005231,FE-004646,2026-02-08,2943892.0,Consignación
PG-005232,FE-004733,2026-02-08,1322154.0,Transferencia
PG-005233,FE-004860,2026-02-08,623499.0,Transferencia
PG-005234,FE-004939,2026-02-08,3267283.0,Transferencia
PG-005235,FE-004990,2026-02-08,1449328.0,Transferencia
PG-005236,FE-005129,2026-02-08,999028.0,Transferencia
PG-005237,FE-005154,2026-02-08,1342971.0,Transferencia
PG-005238,FE-005155,2026-02-08,1743757.0,Transferencia
PG-005239,FE-005181,2026-02-08,320337.0,Consignación
PG-005240,FE-005279,2026-02-08,629867.0,Transferencia
PG-005241,FE-005280,2026-02-08,740854.0,Transferencia
PG-005242,FE-005293,2026-02-08,2009360.0,Transferencia
PG-005243,FE-005358,2026-02-08,206804.0,Transferencia
PG-005244,FE-005360,2026-02-08,2460085.0,Consignación
PG-005245,FE-005369,2026-02-08,866191.0,Transferencia
PG-005246,FE-005375,2026-02-08,422786.0,Cheque
PG-005247,FE-005422,2026-02-08,234664.0,Consignación
PG-005248,FE-005518,2026-02-08,5985876.0,Cheque
PG-005249,FE-005593,2026-02-08,2900942.0,PSE
PG-005250,FE-005621,2026-02-08,1542161.0,PSE
PG-005251,FE-005636,2026-02-08,598458.0,PSE
PG-005252,FE-005655,2026-02-08,565540.0,Consignación
PG-005253,FE-005660,2026-02-08,260492.0,Transferencia
PG-005254,FE-005764,2026-02-08,1653488.0,Transferencia
PG-005255,FE-005770,2026-02-08,466806.0,Transferencia
PG-005256,FE-005844,2026-02-08,3237596.0,Transferencia
PG-005257,FE-005911,2026-02-08,565031.0,Transferencia
PG-005258,FE-005915,2026-02-08,281072.0,PSE
PG-005259,FE-005942,2026-02-08,988005.0,Transferencia
PG-005260,FE-005945,2026-02-08,558523.0,PSE
PG-005261,FE-005973,2026-02-08,425820.0,Transferencia
PG-005262,FE-005990,2026-02-08,501406.0,Transferencia
PG-005263,FE-006048,2026-02-08,886017.0,Consignación
PG-005264,FE-006142,2026-02-08,286999.0,Consignación
PG-005265,FE-006205,2026-02-08,255508.0,PSE
PG-005266,FE-006222,2026-02-08,216137.0,PSE
PG-005267,FE-006240,2026-02-08,167789.0,Transferencia
PG-005268,FE-006390,2026-02-08,289013.0,Transferencia
PG-005269,FE-006468,2026-02-08,988349.0,PSE
PG-005270,FE-003506,2026-02-09,4514156.0,Transferencia
PG-005271,FE-003600,2026-02-09,1916797.0,Transferencia
PG-005272,FE-003711,2026-02-09,812488.0,Transferencia
PG-005273,FE-003735,2026-02-09,2510688.0,Transferencia
PG-005274,FE-003871,2026-02-09,1364923.0,Transferencia
PG-005275,FE-004047,2026-02-09,3542857.0,Consignación
PG-005276,FE-004068,2026-02-09,394577.0,Transferencia
PG-005277,FE-004085,2026-02-09,698250.0,PSE
PG-005278,FE-004239,2026-02-09,1122953.0,Consignación
PG-005279,FE-004375,2026-02-09,334680.0,PSE
PG-005280,FE-004437,2026-02-09,1586011.0,PSE
PG-005281,FE-004439,2026-02-09,7113256.0,Transferencia
PG-005282,FE-004498,2026-02-09,2161659.0,Transferencia
PG-005283,FE-004531,2026-02-09,7664130.0,Transferencia
PG-005284,FE-004552,2026-02-09,846805.0,Transferencia
PG-005285,FE-004607,2026-02-09,1143510.0,Cheque
PG-005286,FE-004666,2026-02-09,1683144.0,Transferencia
PG-005287,FE-004724,2026-02-09,1643125.0,Transferencia
PG-005288,FE-004746,2026-02-09,658151.0,Transferencia
PG-005289,FE-004782,2026-02-09,246685.0,Consignación
PG-005290,FE-004845,2026-02-09,32838.0,Cheque
PG-005291,FE-004864,2026-02-09,1178947.0,Transferencia
PG-005292,FE-004917,2026-02-09,3119736.0,Transferencia
PG-005293,FE-004946,2026-02-09,681500.0,Transferencia
PG-005294,FE-004998,2026-02-09,2453299.0,PSE
PG-005295,FE-005003,2026-02-09,1226889.0,PSE
PG-005296,FE-005057,2026-02-09,2780843.0,Transferencia
PG-005297,FE-005074,2026-02-09,1169117.0,Transferencia
PG-005298,FE-005082,2026-02-09,4856103.0,Transferencia
PG-005299,FE-005118,2026-02-09,1148073.0,Cheque
PG-005300,FE-005237,2026-02-09,225704.0,Transferencia
PG-005301,FE-005269,2026-02-09,15359130.0,PSE
PG-005302,FE-005274,2026-02-09,512731.0,Transferencia
PG-005303,FE-005370,2026-02-09,311631.0,Consignación
PG-005304,FE-005371,2026-02-09,8369049.0,Transferencia
PG-005305,FE-005388,2026-02-09,165767.0,Transferencia
PG-005306,FE-005413,2026-02-09,175410.0,Consignación
PG-005307,FE-005458,2026-02-09,2458461.0,Transferencia
PG-005308,FE-005475,2026-02-09,3590802.0,Transferencia
PG-005309,FE-005595,2026-02-09,3889070.0,Consignación
PG-005310,FE-005648,2026-02-09,80706.0,Consignación
PG-005311,FE-005657,2026-02-09,308638.0,Transferencia
PG-005312,FE-005691,2026-02-09,778129.0,PSE
PG-005313,FE-005711,2026-02-09,2067738.0,Transferencia
PG-005314,FE-005728,2026-02-09,1424573.0,PSE
PG-005315,FE-005735,2026-02-09,333689.0,Transferencia
PG-005316,FE-005763,2026-02-09,400422.0,Transferencia
PG-005317,FE-005814,2026-02-09,765144.0,Transferencia
PG-005318,FE-005884,2026-02-09,490538.0,Transferencia
PG-005319,FE-005896,2026-02-09,2668531.0,Transferencia
PG-005320,FE-005920,2026-02-09,734506.0,Transferencia
PG-005321,FE-006002,2026-02-09,608236.0,Cheque
PG-005322,FE-006008,2026-02-09,1552493.0,Consignación
PG-005323,FE-006121,2026-02-09,443576.0,Transferencia
PG-005324,FE-006146,2026-02-09,784994.0,Consignación
PG-005325,FE-006154,2026-02-09,663796.0,Transferencia
PG-005326,FE-006238,2026-02-09,324518.0,Transferencia
PG-005327,FE-006248,2026-02-09,409484.0,PSE
PG-005328,FE-006275,2026-02-09,1075048.0,Transferencia
PG-005329,FE-006554,2026-02-09,448158.0,Transferencia
PG-005330,FE-006610,2026-02-09,527400.0,Transferencia
PG-005331,FE-003316,2026-02-10,850156.0,Transferencia
PG-005332,FE-003934,2026-02-10,3602131.0,Transferencia
PG-005333,FE-004123,2026-02-10,4932298.0,Transferencia
PG-005334,FE-004136,2026-02-10,1817454.0,Transferencia
PG-005335,FE-004205,2026-02-10,692626.0,PSE
PG-005336,FE-004342,2026-02-10,5216642.0,PSE
PG-005337,FE-004414,2026-02-10,2288590.0,PSE
PG-005338,FE-004438,2026-02-10,9419527.0,Transferencia
PG-005339,FE-004478,2026-02-10,1367054.0,Transferencia
PG-005340,FE-004504,2026-02-10,3803503.0,PSE
PG-005341,FE-004578,2026-02-10,1677679.0,Transferencia
PG-005342,FE-004608,2026-02-10,2209615.0,Transferencia
PG-005343,FE-004632,2026-02-10,1192679.0,Transferencia
PG-005344,FE-004637,2026-02-10,1841095.0,Consignación
PG-005345,FE-004728,2026-02-10,2304937.0,Transferencia
PG-005346,FE-004736,2026-02-10,711208.0,Transferencia
PG-005347,FE-004783,2026-02-10,1209134.0,Transferencia
PG-005348,FE-004901,2026-02-10,4304588.0,Transferencia
PG-005349,FE-004957,2026-02-10,2508344.0,Transferencia
PG-005350,FE-004991,2026-02-10,1039159.0,PSE
PG-005351,FE-005081,2026-02-10,1204579.0,PSE
PG-005352,FE-005186,2026-02-10,1938822.0,Transferencia
PG-005353,FE-005240,2026-02-10,1801251.0,Transferencia
PG-005354,FE-005339,2026-02-10,5658162.0,Transferencia
PG-005355,FE-005431,2026-02-10,892349.0,PSE
PG-005356,FE-005439,2026-02-10,1296046.0,PSE
PG-005357,FE-005480,2026-02-10,2077390.0,Transferencia
PG-005358,FE-005504,2026-02-10,644286.0,Transferencia
PG-005359,FE-005516,2026-02-10,329186.0,Cheque
PG-005360,FE-005529,2026-02-10,3012278.0,Cheque
PG-005361,FE-005570,2026-02-10,2196470.0,Transferencia
PG-005362,FE-005716,2026-02-10,594065.0,Transferencia
PG-005363,FE-005738,2026-02-10,447672.0,PSE
PG-005364,FE-005781,2026-02-10,107633.0,Cheque
PG-005365,FE-005807,2026-02-10,400456.0,Transferencia
PG-005366,FE-005818,2026-02-10,1038383.0,Transferencia
PG-005367,FE-005857,2026-02-10,1015984.0,PSE
PG-005368,FE-005879,2026-02-10,2515423.0,PSE
PG-005369,FE-005954,2026-02-10,405183.0,PSE
PG-005370,FE-005988,2026-02-10,189768.0,Transferencia
PG-005371,FE-006252,2026-02-10,110214.0,Transferencia
PG-005372,FE-006349,2026-02-10,277506.0,Transferencia
PG-005373,FE-006360,2026-02-10,247629.0,PSE
PG-005374,FE-006526,2026-02-10,83151.0,Transferencia
PG-005375,FE-003781,2026-02-11,2451381.0,PSE
PG-005376,FE-003910,2026-02-11,4652053.0,Transferencia
PG-005377,FE-003933,2026-02-11,1140584.0,Transferencia
PG-005378,FE-004268,2026-02-11,1364959.0,Cheque
PG-005379,FE-004415,2026-02-11,2753928.0,PSE
PG-005380,FE-004461,2026-02-11,5374706.0,Transferencia
PG-005381,FE-004613,2026-02-11,145646.0,Cheque
PG-005382,FE-004663,2026-02-11,563083.0,Transferencia
PG-005383,FE-004723,2026-02-11,1015777.0,PSE
PG-005384,FE-004761,2026-02-11,762319.0,Transferencia
PG-005385,FE-004772,2026-02-11,804558.0,Transferencia
PG-005386,FE-004908,2026-02-11,5788158.0,Cheque
PG-005387,FE-004944,2026-02-11,639496.0,Transferencia
PG-005388,FE-004999,2026-02-11,2070248.0,Cheque
PG-005389,FE-005050,2026-02-11,5475434.0,Transferencia
PG-005390,FE-005091,2026-02-11,1255433.0,Consignación
PG-005391,FE-005121,2026-02-11,1731703.0,Transferencia
PG-005392,FE-005153,2026-02-11,1105737.0,Transferencia
PG-005393,FE-005165,2026-02-11,5695370.0,Cheque
PG-005394,FE-005176,2026-02-11,821482.0,Consignación
PG-005395,FE-005292,2026-02-11,946259.0,Transferencia
PG-005396,FE-005309,2026-02-11,3190117.0,Transferencia
PG-005397,FE-005341,2026-02-11,1481519.0,Cheque
PG-005398,FE-005344,2026-02-11,74430.0,Transferencia
PG-005399,FE-005386,2026-02-11,2206223.0,Cheque
PG-005400,FE-005390,2026-02-11,3030531.0,Cheque
PG-005401,FE-005421,2026-02-11,3379188.0,PSE
PG-005402,FE-005436,2026-02-11,3730326.0,Transferencia
PG-005403,FE-005446,2026-02-11,349161.0,Transferencia
PG-005404,FE-005510,2026-02-11,597410.0,Consignación
PG-005405,FE-005534,2026-02-11,2976449.0,Transferencia
PG-005406,FE-005549,2026-02-11,2129399.0,Consignación
PG-005407,FE-005556,2026-02-11,206252.0,PSE
PG-005408,FE-005557,2026-02-11,3793851.0,PSE
PG-005409,FE-005601,2026-02-11,616985.0,Transferencia
PG-005410,FE-005614,2026-02-11,215632.0,Transferencia
PG-005411,FE-005627,2026-02-11,253480.0,PSE
PG-005412,FE-005653,2026-02-11,453602.0,Transferencia
PG-005413,FE-005692,2026-02-11,674723.0,Consignación
PG-005414,FE-005699,2026-02-11,463819.0,Transferencia
PG-005415,FE-005715,2026-02-11,1587035.0,Transferencia
PG-005416,FE-005725,2026-02-11,288147.0,Transferencia
PG-005417,FE-005766,2026-02-11,474806.0,Transferencia
PG-005418,FE-005788,2026-02-11,204310.0,PSE
PG-005419,FE-005800,2026-02-11,4087577.0,Consignación
PG-005420,FE-005868,2026-02-11,669156.0,Consignación
PG-005421,FE-005919,2026-02-11,820064.0,Transferencia
PG-005422,FE-005953,2026-02-11,170352.0,PSE
PG-005423,FE-006020,2026-02-11,458735.0,Transferencia
PG-005424,FE-006049,2026-02-11,1809963.0,Transferencia
PG-005425,FE-006120,2026-02-11,450649.0,PSE
PG-005426,FE-006132,2026-02-11,275639.0,Transferencia
PG-005427,FE-006149,2026-02-11,881807.0,PSE
PG-005428,FE-006159,2026-02-11,986976.0,Transferencia
PG-005429,FE-006163,2026-02-11,599760.0,Cheque
PG-005430,FE-006188,2026-02-11,126358.0,Transferencia
PG-005431,FE-006197,2026-02-11,265888.0,Transferencia
PG-005432,FE-006203,2026-02-11,352640.0,Transferencia
PG-005433,FE-006283,2026-02-11,168141.0,PSE
PG-005434,FE-006418,2026-02-11,200151.0,Consignación
PG-005435,FE-006500,2026-02-11,81031.0,Transferencia
PG-005436,FE-006744,2026-02-11,24144.0,Transferencia
PG-005437,FE-003807,2026-02-12,4639509.0,Consignación
PG-005438,FE-004081,2026-02-12,1893008.0,PSE
PG-005439,FE-004101,2026-02-12,4318967.0,Transferencia
PG-005440,FE-004179,2026-02-12,1694642.0,Transferencia
PG-005441,FE-004235,2026-02-12,282458.0,PSE
PG-005442,FE-004263,2026-02-12,2456293.0,Transferencia
PG-005443,FE-004271,2026-02-12,1188662.0,Transferencia
PG-005444,FE-004304,2026-02-12,167940.0,Transferencia
PG-005445,FE-004339,2026-02-12,1931847.0,PSE
PG-005446,FE-004374,2026-02-12,37960.0,Cheque
PG-005447,FE-004443,2026-02-12,767322.0,Transferencia
PG-005448,FE-004515,2026-02-12,160432.0,Consignación
PG-005449,FE-004651,2026-02-12,1406329.0,Transferencia
PG-005450,FE-004706,2026-02-12,771554.0,Transferencia
PG-005451,FE-004778,2026-02-12,4125467.0,PSE
PG-005452,FE-004789,2026-02-12,628419.0,Transferencia
PG-005453,FE-004793,2026-02-12,1244434.0,PSE
PG-005454,FE-004826,2026-02-12,301429.0,Transferencia
PG-005455,FE-004848,2026-02-12,393371.0,Transferencia
PG-005456,FE-004852,2026-02-12,155819.0,Consignación
PG-005457,FE-004855,2026-02-12,2925684.0,Transferencia
PG-005458,FE-004877,2026-02-12,1880062.0,Transferencia
PG-005459,FE-004897,2026-02-12,745608.0,Cheque
PG-005460,FE-004913,2026-02-12,6660122.0,PSE
PG-005461,FE-004958,2026-02-12,545940.0,Transferencia
PG-005462,FE-005065,2026-02-12,2698438.0,Transferencia
PG-005463,FE-005141,2026-02-12,2457765.0,Cheque
PG-005464,FE-005150,2026-02-12,1350366.0,Consignación
PG-005465,FE-005282,2026-02-12,3679783.0,Transferencia
PG-005466,FE-005330,2026-02-12,4928540.0,Transferencia
PG-005467,FE-005355,2026-02-12,165848.0,Transferencia
PG-005468,FE-005380,2026-02-12,1110473.0,PSE
PG-005469,FE-005434,2026-02-12,27922.0,Transferencia
PG-005470,FE-005442,2026-02-12,756963.0,PSE
PG-005471,FE-005443,2026-02-12,2369455.0,Transferencia
PG-005472,FE-005455,2026-02-12,930417.0,Transferencia
PG-005473,FE-005503,2026-02-12,761962.0,Transferencia
PG-005474,FE-005527,2026-02-12,723108.0,Transferencia
PG-005475,FE-005571,2026-02-12,2826618.0,Transferencia
PG-005476,FE-005603,2026-02-12,1723039.0,PSE
PG-005477,FE-005623,2026-02-12,179847.0,Transferencia
PG-005478,FE-005629,2026-02-12,614658.0,Transferencia
PG-005479,FE-005680,2026-02-12,799995.0,Transferencia
PG-005480,FE-005684,2026-02-12,41774.0,Transferencia
PG-005481,FE-005706,2026-02-12,960969.0,PSE
PG-005482,FE-005708,2026-02-12,2486628.0,PSE
PG-005483,FE-005811,2026-02-12,874780.0,Cheque
PG-005484,FE-005891,2026-02-12,257019.0,Cheque
PG-005485,FE-005913,2026-02-12,232298.0,Consignación
PG-005486,FE-005925,2026-02-12,1510512.0,Transferencia
PG-005487,FE-005931,2026-02-12,416482.0,Transferencia
PG-005488,FE-005951,2026-02-12,102156.0,Consignación
PG-005489,FE-005964,2026-02-12,648154.0,Transferencia
PG-005490,FE-005992,2026-02-12,242623.0,PSE
PG-005491,FE-006000,2026-02-12,174145.0,Transferencia
PG-005492,FE-006107,2026-02-12,3588372.0,Transferencia
PG-005493,FE-006136,2026-02-12,70091.0,Transferencia
PG-005494,FE-006160,2026-02-12,143353.0,Consignación
PG-005495,FE-006209,2026-02-12,1474573.0,Transferencia
PG-005496,FE-006227,2026-02-12,391055.0,Transferencia
PG-005497,FE-006241,2026-02-12,337190.0,Transferencia
PG-005498,FE-006324,2026-02-12,395650.0,PSE
PG-005499,FE-006382,2026-02-12,168824.0,Transferencia
PG-005500,FE-006396,2026-02-12,920402.0,Consignación
PG-005501,FE-006412,2026-02-12,395085.0,Cheque
PG-005502,FE-006458,2026-02-12,247942.0,Transferencia
PG-005503,FE-006472,2026-02-12,767918.0,Consignación
PG-005504,FE-006621,2026-02-12,971765.0,Cheque
PG-005505,FE-006714,2026-02-12,562556.0,Transferencia
PG-005506,FE-003799,2026-02-13,1543480.0,Transferencia
PG-005507,FE-004151,2026-02-13,2952229.0,Transferencia
PG-005508,FE-004255,2026-02-13,1454739.0,Consignación
PG-005509,FE-004308,2026-02-13,1228205.0,Consignación
PG-005510,FE-004400,2026-02-13,4734432.0,PSE
PG-005511,FE-004440,2026-02-13,2527962.0,PSE
PG-005512,FE-004534,2026-02-13,321957.0,PSE
PG-005513,FE-004542,2026-02-13,3258408.0,Consignación
PG-005514,FE-004807,2026-02-13,1068019.0,Transferencia
PG-005515,FE-004810,2026-02-13,1695674.0,Consignación
PG-005516,FE-004874,2026-02-13,1561599.0,Transferencia
PG-005517,FE-004930,2026-02-13,973941.0,Transferencia
PG-005518,FE-004941,2026-02-13,413518.0,PSE
PG-005519,FE-004943,2026-02-13,1448100.0,Consignación
PG-005520,FE-004968,2026-02-13,3232711.0,Transferencia
PG-005521,FE-004974,2026-02-13,3878723.0,Cheque
PG-005522,FE-005000,2026-02-13,1415716.0,Consignación
PG-005523,FE-005010,2026-02-13,1099161.0,Transferencia
PG-005524,FE-005016,2026-02-13,1955370.0,PSE
PG-005525,FE-005209,2026-02-13,2488877.0,Transferencia
PG-005526,FE-005242,2026-02-13,3163213.0,Transferencia
PG-005527,FE-005262,2026-02-13,458399.0,Transferencia
PG-005528,FE-005311,2026-02-13,1997363.0,Transferencia
PG-005529,FE-005338,2026-02-13,1664346.0,PSE
PG-005530,FE-005357,2026-02-13,4135589.0,Transferencia
PG-005531,FE-005399,2026-02-13,1951793.0,PSE
PG-005532,FE-005426,2026-02-13,833512.0,Consignación
PG-005533,FE-005429,2026-02-13,1421187.0,Transferencia
PG-005534,FE-005430,2026-02-13,452775.0,Transferencia
PG-005535,FE-005453,2026-02-13,239342.0,Transferencia
PG-005536,FE-005462,2026-02-13,875094.0,PSE
PG-005537,FE-005469,2026-02-13,5439688.0,Transferencia
PG-005538,FE-005573,2026-02-13,3024236.0,Cheque
PG-005539,FE-005586,2026-02-13,274145.0,Transferencia
PG-005540,FE-005674,2026-02-13,3022363.0,PSE
PG-005541,FE-005744,2026-02-13,324357.0,Transferencia
PG-005542,FE-005869,2026-02-13,281151.0,Transferencia
PG-005543,FE-006058,2026-02-13,387211.0,PSE
PG-005544,FE-006077,2026-02-13,4239432.0,PSE
PG-005545,FE-006089,2026-02-13,811162.0,PSE
PG-005546,FE-006133,2026-02-13,79121.0,Transferencia
PG-005547,FE-006178,2026-02-13,1025475.0,PSE
PG-005548,FE-006218,2026-02-13,281649.0,PSE
PG-005549,FE-006258,2026-02-13,430582.0,Transferencia
PG-005550,FE-006270,2026-02-13,102890.0,Consignación
PG-005551,FE-006286,2026-02-13,264978.0,PSE
PG-005552,FE-006307,2026-02-13,487443.0,Cheque
PG-005553,FE-006403,2026-02-13,402621.0,PSE
PG-005554,FE-006441,2026-02-13,140400.0,Transferencia
PG-005555,FE-006534,2026-02-13,119150.0,Transferencia
PG-005556,FE-006606,2026-02-13,550601.0,Consignación
PG-005557,FE-006628,2026-02-13,217076.0,Consignación
PG-005558,FE-003596,2026-02-14,723227.0,Cheque
PG-005559,FE-003845,2026-02-14,2362528.0,Transferencia
PG-005560,FE-003989,2026-02-14,476203.0,Transferencia
PG-005561,FE-004370,2026-02-14,1480184.0,Consignación
PG-005562,FE-004487,2026-02-14,1277426.0,Transferencia
PG-005563,FE-004539,2026-02-14,2663063.0,Transferencia
PG-005564,FE-004551,2026-02-14,3653033.0,PSE
PG-005565,FE-004599,2026-02-14,4220709.0,Consignación
PG-005566,FE-004606,2026-02-14,2616835.0,PSE
PG-005567,FE-004641,2026-02-14,963683.0,Consignación
PG-005568,FE-004647,2026-02-14,3446570.0,Cheque
PG-005569,FE-004703,2026-02-14,4986536.0,Transferencia
PG-005570,FE-004755,2026-02-14,474802.0,Transferencia
PG-005571,FE-004809,2026-02-14,2963190.0,Transferencia
PG-005572,FE-004827,2026-02-14,459277.0,Transferencia
PG-005573,FE-004832,2026-02-14,348750.0,Transferencia
PG-005574,FE-004879,2026-02-14,900980.0,Consignación
PG-005575,FE-004966,2026-02-14,2080371.0,PSE
PG-005576,FE-005017,2026-02-14,1006592.0,Transferencia
PG-005577,FE-005080,2026-02-14,803816.0,Transferencia
PG-005578,FE-005124,2026-02-14,288881.0,Transferencia
PG-005579,FE-005130,2026-02-14,2172092.0,PSE
PG-005580,FE-005131,2026-02-14,1408471.0,Cheque
PG-005581,FE-005227,2026-02-14,2021520.0,Transferencia
PG-005582,FE-005252,2026-02-14,1508118.0,Transferencia
PG-005583,FE-005277,2026-02-14,976420.0,Transferencia
PG-005584,FE-005343,2026-02-14,952688.0,Consignación
PG-005585,FE-005366,2026-02-14,1767663.0,Transferencia
PG-005586,FE-005400,2026-02-14,2656493.0,Transferencia
PG-005587,FE-005401,2026-02-14,2604471.0,Transferencia
PG-005588,FE-005403,2026-02-14,326049.0,Transferencia
PG-005589,FE-005407,2026-02-14,556620.0,Transferencia
PG-005590,FE-005489,2026-02-14,1742655.0,Consignación
PG-005591,FE-005491,2026-02-14,214702.0,Transferencia
PG-005592,FE-005605,2026-02-14,386309.0,PSE
PG-005593,FE-005701,2026-02-14,4103764.0,Transferencia
PG-005594,FE-005719,2026-02-14,3582594.0,Transferencia
PG-005595,FE-005754,2026-02-14,1376985.0,Transferencia
PG-005596,FE-005765,2026-02-14,493361.0,PSE
PG-005597,FE-005810,2026-02-14,419512.0,PSE
PG-005598,FE-005819,2026-02-14,418962.0,Cheque
PG-005599,FE-005822,2026-02-14,828065.0,Consignación
PG-005600,FE-005855,2026-02-14,58161.0,Transferencia
PG-005601,FE-005960,2026-02-14,399855.0,Transferencia
PG-005602,FE-005975,2026-02-14,1801423.0,PSE
PG-005603,FE-006097,2026-02-14,521294.0,Cheque
PG-005604,FE-006112,2026-02-14,323941.0,PSE
PG-005605,FE-006161,2026-02-14,719130.0,Transferencia
PG-005606,FE-006243,2026-02-14,468161.0,Transferencia
PG-005607,FE-006267,2026-02-14,580888.0,Transferencia
PG-005608,FE-006291,2026-02-14,120311.0,Transferencia
PG-005609,FE-006317,2026-02-14,796851.0,Transferencia
PG-005610,FE-006397,2026-02-14,325231.0,Transferencia
PG-005611,FE-006436,2026-02-14,148148.0,Transferencia
PG-005612,FE-006445,2026-02-14,528337.0,Transferencia
PG-005613,FE-006804,2026-02-14,477985.0,Transferencia
PG-005614,FE-004495,2026-02-15,927606.0,Cheque
PG-005615,FE-004516,2026-02-15,1928940.0,Transferencia
PG-005616,FE-004688,2026-02-15,1659830.0,PSE
PG-005617,FE-004773,2026-02-15,1175710.0,Transferencia
PG-005618,FE-004831,2026-02-15,2491576.0,Transferencia
PG-005619,FE-004841,2026-02-15,8174231.0,Transferencia
PG-005620,FE-004882,2026-02-15,1215516.0,Transferencia
PG-005621,FE-004921,2026-02-15,206006.0,PSE
PG-005622,FE-004931,2026-02-15,1089854.0,PSE
PG-005623,FE-004961,2026-02-15,1430638.0,Consignación
PG-005624,FE-004985,2026-02-15,1517127.0,PSE
PG-005625,FE-005005,2026-02-15,4103423.0,Transferencia
PG-005626,FE-005120,2026-02-15,1637110.0,PSE
PG-005627,FE-005236,2026-02-15,1323143.0,Transferencia
PG-005628,FE-005265,2026-02-15,558637.0,Cheque
PG-005629,FE-005317,2026-02-15,1938655.0,Transferencia
PG-005630,FE-005397,2026-02-15,4823041.0,Transferencia
PG-005631,FE-005437,2026-02-15,534850.0,Transferencia
PG-005632,FE-005438,2026-02-15,843565.0,Cheque
PG-005633,FE-005477,2026-02-15,1588097.0,Consignación
PG-005634,FE-005544,2026-02-15,1604357.0,Transferencia
PG-005635,FE-005576,2026-02-15,1767139.0,Transferencia
PG-005636,FE-005606,2026-02-15,3251160.0,Transferencia
PG-005637,FE-005632,2026-02-15,305841.0,Transferencia
PG-005638,FE-005645,2026-02-15,730955.0,Transferencia
PG-005639,FE-005673,2026-02-15,1289495.0,Consignación
PG-005640,FE-005687,2026-02-15,264717.0,Cheque
PG-005641,FE-005723,2026-02-15,1194374.0,Transferencia
PG-005642,FE-005840,2026-02-15,711325.0,Transferencia
PG-005643,FE-005848,2026-02-15,1853809.0,Transferencia
PG-005644,FE-005865,2026-02-15,18783.0,Transferencia
PG-005645,FE-005899,2026-02-15,490789.0,Cheque
PG-005646,FE-005946,2026-02-15,715971.0,PSE
PG-005647,FE-005970,2026-02-15,2608048.0,PSE
PG-005648,FE-006004,2026-02-15,415164.0,Transferencia
PG-005649,FE-006056,2026-02-15,1068021.0,Transferencia
PG-005650,FE-006066,2026-02-15,1891208.0,Consignación
PG-005651,FE-006119,2026-02-15,1039661.0,Transferencia
PG-005652,FE-006122,2026-02-15,103409.0,Cheque
PG-005653,FE-006126,2026-02-15,356424.0,PSE
PG-005654,FE-006144,2026-02-15,563602.0,Transferencia
PG-005655,FE-006152,2026-02-15,90464.0,Consignación
PG-005656,FE-006186,2026-02-15,188916.0,Transferencia
PG-005657,FE-006232,2026-02-15,715778.0,PSE
PG-005658,FE-006239,2026-02-15,367170.0,Transferencia
PG-005659,FE-006246,2026-02-15,2111928.0,Transferencia
PG-005660,FE-006331,2026-02-15,284786.0,Transferencia
PG-005661,FE-006333,2026-02-15,423979.0,Transferencia
PG-005662,FE-006376,2026-02-15,1789114.0,Cheque
PG-005663,FE-006523,2026-02-15,404372.0,Transferencia
PG-005664,FE-006583,2026-02-15,544132.0,Transferencia
PG-005665,FE-006662,2026-02-15,153386.0,Cheque
PG-005666,FE-003647,2026-02-16,10020434.0,Transferencia
PG-005667,FE-003650,2026-02-16,990949.0,Consignación
PG-005668,FE-003794,2026-02-16,767736.0,Transferencia
PG-005669,FE-004238,2026-02-16,7926257.0,Transferencia
PG-005670,FE-004371,2026-02-16,288783.0,Transferencia
PG-005671,FE-004383,2026-02-16,589212.0,Cheque
PG-005672,FE-004463,2026-02-16,1823917.0,PSE
PG-005673,FE-004563,2026-02-16,458384.0,Cheque
PG-005674,FE-004692,2026-02-16,8922130.0,PSE
PG-005675,FE-004716,2026-02-16,2218888.0,PSE
PG-005676,FE-004799,2026-02-16,6657837.0,Transferencia
PG-005677,FE-004816,2026-02-16,1380589.0,Transferencia
PG-005678,FE-004865,2026-02-16,2442214.0,Transferencia
PG-005679,FE-004876,2026-02-16,2142261.0,PSE
PG-005680,FE-004904,2026-02-16,2137354.0,Consignación
PG-005681,FE-004984,2026-02-16,1107358.0,Transferencia
PG-005682,FE-005099,2026-02-16,150026.0,Transferencia
PG-005683,FE-005111,2026-02-16,2208753.0,PSE
PG-005684,FE-005116,2026-02-16,1563251.0,Transferencia
PG-005685,FE-005140,2026-02-16,3684463.0,Transferencia
PG-005686,FE-005221,2026-02-16,6691781.0,Transferencia
PG-005687,FE-005239,2026-02-16,406925.0,Transferencia
PG-005688,FE-005257,2026-02-16,3036400.0,Transferencia
PG-005689,FE-005342,2026-02-16,4245896.0,Transferencia
PG-005690,FE-005385,2026-02-16,324381.0,Transferencia
PG-005691,FE-005410,2026-02-16,578979.0,PSE
PG-005692,FE-005415,2026-02-16,2510525.0,Transferencia
PG-005693,FE-005447,2026-02-16,466159.0,Transferencia
PG-005694,FE-005465,2026-02-16,686342.0,Transferencia
PG-005695,FE-005514,2026-02-16,1215360.0,PSE
PG-005696,FE-005561,2026-02-16,1639263.0,PSE
PG-005697,FE-005590,2026-02-16,226265.0,PSE
PG-005698,FE-005597,2026-02-16,6524544.0,PSE
PG-005699,FE-005751,2026-02-16,223753.0,Transferencia
PG-005700,FE-005774,2026-02-16,2264939.0,Transferencia
PG-005701,FE-005780,2026-02-16,132596.0,Transferencia
PG-005702,FE-005806,2026-02-16,1577095.0,PSE
PG-005703,FE-005808,2026-02-16,3163363.0,Transferencia
PG-005704,FE-005835,2026-02-16,2417606.0,Transferencia
PG-005705,FE-005851,2026-02-16,4502113.0,PSE
PG-005706,FE-005864,2026-02-16,328200.0,Transferencia
PG-005707,FE-005866,2026-02-16,1108683.0,Transferencia
PG-005708,FE-005895,2026-02-16,2213540.0,Transferencia
PG-005709,FE-005912,2026-02-16,2930235.0,Consignación
PG-005710,FE-005937,2026-02-16,54575.0,Cheque
PG-005711,FE-006012,2026-02-16,886078.0,Transferencia
PG-005712,FE-006016,2026-02-16,1220026.0,Transferencia
PG-005713,FE-006029,2026-02-16,333031.0,Transferencia
PG-005714,FE-006105,2026-02-16,277882.0,Transferencia
PG-005715,FE-006139,2026-02-16,1989148.0,Transferencia
PG-005716,FE-006141,2026-02-16,483038.0,Transferencia
PG-005717,FE-006166,2026-02-16,28847.0,Consignación
PG-005718,FE-006173,2026-02-16,913258.0,Transferencia
PG-005719,FE-006211,2026-02-16,506790.0,Transferencia
PG-005720,FE-006213,2026-02-16,1799850.0,PSE
PG-005721,FE-006343,2026-02-16,309945.0,Transferencia
PG-005722,FE-006385,2026-02-16,692216.0,Transferencia
PG-005723,FE-006446,2026-02-16,486140.0,Transferencia
PG-005724,FE-006448,2026-02-16,40758.0,Transferencia
PG-005725,FE-006495,2026-02-16,155078.0,Transferencia
PG-005726,FE-006532,2026-02-16,145464.0,Transferencia
PG-005727,FE-006536,2026-02-16,2049799.0,PSE
PG-005728,FE-006891,2026-02-16,319241.0,Transferencia
PG-005729,FE-003704,2026-02-17,3521161.0,Transferencia
PG-005730,FE-004182,2026-02-17,3799550.0,PSE
PG-005731,FE-004185,2026-02-17,567119.0,Transferencia
PG-005732,FE-004298,2026-02-17,700629.0,Transferencia
PG-005733,FE-004511,2026-02-17,298677.0,PSE
PG-005734,FE-004513,2026-02-17,3816473.0,Consignación
PG-005735,FE-004574,2026-02-17,1727713.0,Transferencia
PG-005736,FE-004784,2026-02-17,2331684.0,Transferencia
PG-005737,FE-004790,2026-02-17,3689465.0,Transferencia
PG-005738,FE-004801,2026-02-17,2696714.0,Consignación
PG-005739,FE-004821,2026-02-17,361165.0,Consignación
PG-005740,FE-004842,2026-02-17,2820074.0,Transferencia
PG-005741,FE-004849,2026-02-17,2951682.0,Transferencia
PG-005742,FE-004857,2026-02-17,12101185.0,Transferencia
PG-005743,FE-004868,2026-02-17,1462404.0,Consignación
PG-005744,FE-004905,2026-02-17,1789792.0,PSE
PG-005745,FE-005052,2026-02-17,2167373.0,PSE
PG-005746,FE-005055,2026-02-17,5403428.0,Transferencia
PG-005747,FE-005108,2026-02-17,1944794.0,PSE
PG-005748,FE-005112,2026-02-17,3833797.0,Transferencia
PG-005749,FE-005232,2026-02-17,777364.0,Transferencia
PG-005750,FE-005243,2026-02-17,2008826.0,Cheque
PG-005751,FE-005304,2026-02-17,551339.0,PSE
PG-005752,FE-005368,2026-02-17,2130419.0,Transferencia
PG-005753,FE-005418,2026-02-17,2439471.0,Transferencia
PG-005754,FE-005420,2026-02-17,1296075.0,Transferencia
PG-005755,FE-005484,2026-02-17,2604234.0,Transferencia
PG-005756,FE-005538,2026-02-17,6367434.0,PSE
PG-005757,FE-005575,2026-02-17,147633.0,Transferencia
PG-005758,FE-005609,2026-02-17,1771977.0,PSE
PG-005759,FE-005649,2026-02-17,379166.0,PSE
PG-005760,FE-005675,2026-02-17,2477468.0,Transferencia
PG-005761,FE-005726,2026-02-17,169915.0,PSE
PG-005762,FE-005741,2026-02-17,1046781.0,PSE
PG-005763,FE-005762,2026-02-17,756978.0,Transferencia
PG-005764,FE-005772,2026-02-17,366346.0,Transferencia
PG-005765,FE-005777,2026-02-17,1887447.0,PSE
PG-005766,FE-005802,2026-02-17,221319.0,PSE
PG-005767,FE-005893,2026-02-17,231288.0,Transferencia
PG-005768,FE-005904,2026-02-17,4350106.0,Transferencia
PG-005769,FE-005926,2026-02-17,1902394.0,Transferencia
PG-005770,FE-005977,2026-02-17,785156.0,Transferencia
PG-005771,FE-005982,2026-02-17,1552040.0,Transferencia
PG-005772,FE-006021,2026-02-17,706917.0,Transferencia
PG-005773,FE-006040,2026-02-17,2521387.0,Consignación
PG-005774,FE-006063,2026-02-17,741902.0,Transferencia
PG-005775,FE-006153,2026-02-17,680735.0,Cheque
PG-005776,FE-006195,2026-02-17,311443.0,Transferencia
PG-005777,FE-006234,2026-02-17,407520.0,PSE
PG-005778,FE-006364,2026-02-17,440250.0,Consignación
PG-005779,FE-006451,2026-02-17,5581990.0,PSE
PG-005780,FE-006464,2026-02-17,259294.0,Transferencia
PG-005781,FE-006645,2026-02-17,388365.0,PSE
PG-005782,FE-006769,2026-02-17,1087260.0,Transferencia
PG-005783,FE-006840,2026-02-17,1667640.0,Consignación
PG-005784,FE-003800,2026-02-18,3681640.0,Consignación
PG-005785,FE-004086,2026-02-18,1155433.0,PSE
PG-005786,FE-004460,2026-02-18,2182364.0,Transferencia
PG-005787,FE-004575,2026-02-18,13259073.0,Transferencia
PG-005788,FE-004714,2026-02-18,858047.0,Transferencia
PG-005789,FE-004829,2026-02-18,4779698.0,Transferencia
PG-005790,FE-004878,2026-02-18,1691490.0,Cheque
PG-005791,FE-005014,2026-02-18,949422.0,Transferencia
PG-005792,FE-005040,2026-02-18,1982411.0,Consignación
PG-005793,FE-005205,2026-02-18,1673430.0,Transferencia
PG-005794,FE-005266,2026-02-18,371303.0,Transferencia
PG-005795,FE-005314,2026-02-18,548245.0,PSE
PG-005796,FE-005323,2026-02-18,1293037.0,Cheque
PG-005797,FE-005331,2026-02-18,492172.0,Transferencia
PG-005798,FE-005381,2026-02-18,298688.0,Transferencia
PG-005799,FE-005445,2026-02-18,225525.0,PSE
PG-005800,FE-005479,2026-02-18,8036445.0,Transferencia
PG-005801,FE-005526,2026-02-18,1064682.0,PSE
PG-005802,FE-005569,2026-02-18,1718186.0,Transferencia
PG-005803,FE-005580,2026-02-18,1466975.0,Cheque
PG-005804,FE-005598,2026-02-18,508028.0,Consignación
PG-005805,FE-005617,2026-02-18,396797.0,Transferencia
PG-005806,FE-005633,2026-02-18,3987761.0,Cheque
PG-005807,FE-005707,2026-02-18,99971.0,Consignación
PG-005808,FE-005737,2026-02-18,1433831.0,PSE
PG-005809,FE-005761,2026-02-18,336687.0,Consignación
PG-005810,FE-005794,2026-02-18,1736123.0,Transferencia
PG-005811,FE-005849,2026-02-18,214074.0,Consignación
PG-005812,FE-005870,2026-02-18,1802531.0,Consignación
PG-005813,FE-005873,2026-02-18,2831009.0,PSE
PG-005814,FE-005874,2026-02-18,4353204.0,Transferencia
PG-005815,FE-005916,2026-02-18,2900370.0,Transferencia
PG-005816,FE-005936,2026-02-18,1294689.0,Transferencia
PG-005817,FE-005940,2026-02-18,479888.0,Transferencia
PG-005818,FE-006032,2026-02-18,58540.0,Consignación
PG-005819,FE-006062,2026-02-18,175103.0,PSE
PG-005820,FE-006168,2026-02-18,248846.0,Transferencia
PG-005821,FE-006207,2026-02-18,430264.0,Cheque
PG-005822,FE-006249,2026-02-18,1994516.0,Transferencia
PG-005823,FE-006266,2026-02-18,228468.0,PSE
PG-005824,FE-006293,2026-02-18,159684.0,Consignación
PG-005825,FE-006297,2026-02-18,375926.0,Transferencia
PG-005826,FE-006344,2026-02-18,100850.0,Transferencia
PG-005827,FE-006353,2026-02-18,198616.0,PSE
PG-005828,FE-006410,2026-02-18,33748.0,Transferencia
PG-005829,FE-006475,2026-02-18,493382.0,Cheque
PG-005830,FE-006528,2026-02-18,77570.0,Transferencia
PG-005831,FE-006592,2026-02-18,111324.0,Transferencia
PG-005832,FE-006676,2026-02-18,1060873.0,Transferencia
PG-005833,FE-004260,2026-02-19,2559310.0,Transferencia
PG-005834,FE-004326,2026-02-19,1435954.0,PSE
PG-005835,FE-004388,2026-02-19,2463025.0,PSE
PG-005836,FE-004715,2026-02-19,652204.0,Transferencia
PG-005837,FE-004804,2026-02-19,2917740.0,Transferencia
PG-005838,FE-004830,2026-02-19,951412.0,Transferencia
PG-005839,FE-004922,2026-02-19,501592.0,Transferencia
PG-005840,FE-004969,2026-02-19,4187066.0,Consignación
PG-005841,FE-004980,2026-02-19,3987422.0,Transferencia
PG-005842,FE-005068,2026-02-19,643600.0,Transferencia
PG-005843,FE-005085,2026-02-19,1585926.0,Transferencia
PG-005844,FE-005229,2026-02-19,1098093.0,Transferencia
PG-005845,FE-005241,2026-02-19,760286.0,Transferencia
PG-005846,FE-005261,2026-02-19,1267721.0,Cheque
PG-005847,FE-005449,2026-02-19,5189275.0,Transferencia
PG-005848,FE-005450,2026-02-19,225317.0,Transferencia
PG-005849,FE-005524,2026-02-19,667642.0,PSE
PG-005850,FE-005552,2026-02-19,2710576.0,Cheque
PG-005851,FE-005581,2026-02-19,1881824.0,Consignación
PG-005852,FE-005613,2026-02-19,902504.0,Transferencia
PG-005853,FE-005704,2026-02-19,579687.0,PSE
PG-005854,FE-005720,2026-02-19,2953543.0,PSE
PG-005855,FE-005721,2026-02-19,1969327.0,Transferencia
PG-005856,FE-005792,2026-02-19,2266925.0,Transferencia
PG-005857,FE-005795,2026-02-19,833011.0,PSE
PG-005858,FE-005796,2026-02-19,5867364.0,PSE
PG-005859,FE-005832,2026-02-19,146928.0,Transferencia
PG-005860,FE-005900,2026-02-19,318532.0,Cheque
PG-005861,FE-005907,2026-02-19,3922283.0,Transferencia
PG-005862,FE-005922,2026-02-19,308490.0,Cheque
PG-005863,FE-005948,2026-02-19,947455.0,Transferencia
PG-005864,FE-006041,2026-02-19,554617.0,PSE
PG-005865,FE-006082,2026-02-19,1707105.0,PSE
PG-005866,FE-006104,2026-02-19,1899399.0,Cheque
PG-005867,FE-006176,2026-02-19,1228990.0,Transferencia
PG-005868,FE-006181,2026-02-19,395470.0,Transferencia
PG-005869,FE-006225,2026-02-19,184957.0,Transferencia
PG-005870,FE-006245,2026-02-19,222551.0,Cheque
PG-005871,FE-006262,2026-02-19,340855.0,Transferencia
PG-005872,FE-006308,2026-02-19,375512.0,PSE
PG-005873,FE-006347,2026-02-19,674219.0,Transferencia
PG-005874,FE-006413,2026-02-19,2861489.0,Transferencia
PG-005875,FE-006489,2026-02-19,1049169.0,Transferencia
PG-005876,FE-006521,2026-02-19,633498.0,Consignación
PG-005877,FE-006563,2026-02-19,262169.0,Transferencia
PG-005878,FE-006651,2026-02-19,1594267.0,Transferencia
PG-005879,FE-006657,2026-02-19,1211588.0,Transferencia
PG-005880,FE-006754,2026-02-19,99931.0,Transferencia
PG-005881,FE-006848,2026-02-19,428487.0,Transferencia
PG-005882,FE-007186,2026-02-19,601818.0,Cheque
PG-005883,FE-004252,2026-02-20,12389224.0,Transferencia
PG-005884,FE-004433,2026-02-20,2613591.0,Consignación
PG-005885,FE-004708,2026-02-20,2387987.0,PSE
PG-005886,FE-004835,2026-02-20,782267.0,Transferencia
PG-005887,FE-004851,2026-02-20,842238.0,Transferencia
PG-005888,FE-004885,2026-02-20,450126.0,Transferencia
PG-005889,FE-004976,2026-02-20,2707519.0,Transferencia
PG-005890,FE-005019,2026-02-20,11468842.0,Transferencia
PG-005891,FE-005259,2026-02-20,338694.0,PSE
PG-005892,FE-005283,2026-02-20,503748.0,Cheque
PG-005893,FE-005306,2026-02-20,503381.0,Transferencia
PG-005894,FE-005326,2026-02-20,1377301.0,PSE
PG-005895,FE-005460,2026-02-20,997153.0,PSE
PG-005896,FE-005568,2026-02-20,1867591.0,Transferencia
PG-005897,FE-005574,2026-02-20,3748419.0,PSE
PG-005898,FE-005654,2026-02-20,531436.0,PSE
PG-005899,FE-005783,2026-02-20,3346645.0,Cheque
PG-005900,FE-005809,2026-02-20,2477908.0,PSE
PG-005901,FE-005860,2026-02-20,2919101.0,Transferencia
PG-005902,FE-005880,2026-02-20,964289.0,Consignación
PG-005903,FE-005917,2026-02-20,412975.0,Transferencia
PG-005904,FE-005989,2026-02-20,370674.0,Transferencia
PG-005905,FE-006033,2026-02-20,360440.0,Transferencia
PG-005906,FE-006118,2026-02-20,3211081.0,Transferencia
PG-005907,FE-006129,2026-02-20,2320602.0,PSE
PG-005908,FE-006143,2026-02-20,431792.0,Consignación
PG-005909,FE-006196,2026-02-20,739804.0,Transferencia
PG-005910,FE-006277,2026-02-20,1100957.0,Transferencia
PG-005911,FE-006284,2026-02-20,982470.0,Consignación
PG-005912,FE-006285,2026-02-20,1188605.0,Transferencia
PG-005913,FE-006469,2026-02-20,453658.0,Transferencia
PG-005914,FE-006471,2026-02-20,516485.0,Transferencia
PG-005915,FE-006502,2026-02-20,192461.0,Transferencia
PG-005916,FE-006505,2026-02-20,342665.0,PSE
PG-005917,FE-006524,2026-02-20,404161.0,Cheque
PG-005918,FE-006580,2026-02-20,223622.0,PSE
PG-005919,FE-006588,2026-02-20,474905.0,PSE
PG-005920,FE-006667,2026-02-20,108588.0,Transferencia
PG-005921,FE-006670,2026-02-20,536630.0,Consignación
PG-005922,FE-006696,2026-02-20,437220.0,Transferencia
PG-005923,FE-006710,2026-02-20,242585.0,Transferencia
PG-005924,FE-006735,2026-02-20,399880.0,Cheque
PG-005925,FE-006813,2026-02-20,68074.0,Transferencia
PG-005926,FE-007002,2026-02-20,163833.0,Transferencia
PG-005927,FE-004468,2026-02-21,1447490.0,Transferencia
PG-005928,FE-004627,2026-02-21,6138288.0,PSE
PG-005929,FE-004684,2026-02-21,6041506.0,Transferencia
PG-005930,FE-004805,2026-02-21,471919.0,Cheque
PG-005931,FE-004972,2026-02-21,5130805.0,Cheque
PG-005932,FE-005115,2026-02-21,9672660.0,Transferencia
PG-005933,FE-005164,2026-02-21,138830.0,PSE
PG-005934,FE-005247,2026-02-21,5311571.0,PSE
PG-005935,FE-005278,2026-02-21,1521881.0,Transferencia
PG-005936,FE-005281,2026-02-21,1309668.0,Transferencia
PG-005937,FE-005285,2026-02-21,235171.0,PSE
PG-005938,FE-005351,2026-02-21,1835098.0,Cheque
PG-005939,FE-005384,2026-02-21,5256210.0,Consignación
PG-005940,FE-005394,2026-02-21,2732297.0,Transferencia
PG-005941,FE-005492,2026-02-21,1102210.0,PSE
PG-005942,FE-005560,2026-02-21,1285052.0,PSE
PG-005943,FE-005635,2026-02-21,2417994.0,Transferencia
PG-005944,FE-005688,2026-02-21,1859784.0,Transferencia
PG-005945,FE-005757,2026-02-21,560282.0,PSE
PG-005946,FE-005786,2026-02-21,1219713.0,Transferencia
PG-005947,FE-005834,2026-02-21,891137.0,Transferencia
PG-005948,FE-005882,2026-02-21,645586.0,PSE
PG-005949,FE-005883,2026-02-21,4337011.0,Transferencia
PG-005950,FE-005947,2026-02-21,1837975.0,Transferencia
PG-005951,FE-005963,2026-02-21,619046.0,Transferencia
PG-005952,FE-005987,2026-02-21,572153.0,Transferencia
PG-005953,FE-006015,2026-02-21,608818.0,Transferencia
PG-005954,FE-006023,2026-02-21,1716101.0,PSE
PG-005955,FE-006025,2026-02-21,1441467.0,Cheque
PG-005956,FE-006027,2026-02-21,3055890.0,Consignación
PG-005957,FE-006042,2026-02-21,2316209.0,PSE
PG-005958,FE-006047,2026-02-21,326517.0,Consignación
PG-005959,FE-006127,2026-02-21,1985277.0,PSE
PG-005960,FE-006174,2026-02-21,414226.0,PSE
PG-005961,FE-006179,2026-02-21,4676175.0,Transferencia
PG-005962,FE-006208,2026-02-21,1518604.0,Transferencia
PG-005963,FE-006212,2026-02-21,84152.0,Transferencia
PG-005964,FE-006214,2026-02-21,339794.0,Transferencia
PG-005965,FE-006250,2026-02-21,298679.0,Transferencia
PG-005966,FE-006296,2026-02-21,147900.0,Transferencia
PG-005967,FE-006444,2026-02-21,276448.0,Transferencia
PG-005968,FE-006547,2026-02-21,438071.0,PSE
PG-005969,FE-006758,2026-02-21,397440.0,Transferencia
PG-005970,FE-006830,2026-02-21,100638.0,Transferencia
PG-005971,FE-006860,2026-02-21,473738.0,Transferencia
PG-005972,FE-006865,2026-02-21,596054.0,Consignación
PG-005973,FE-006876,2026-02-21,327277.0,PSE
PG-005974,FE-006880,2026-02-21,330255.0,Cheque
PG-005975,FE-004292,2026-02-22,5754177.0,Transferencia
PG-005976,FE-004737,2026-02-22,3326506.0,Transferencia
PG-005977,FE-004975,2026-02-22,1389374.0,Transferencia
PG-005978,FE-004994,2026-02-22,3451853.0,Transferencia
PG-005979,FE-004995,2026-02-22,332493.0,PSE
PG-005980,FE-005056,2026-02-22,2260952.0,Transferencia
PG-005981,FE-005061,2026-02-22,1807979.0,Cheque
PG-005982,FE-005286,2026-02-22,2708697.0,Transferencia
PG-005983,FE-005318,2026-02-22,136268.0,Transferencia
PG-005984,FE-005353,2026-02-22,509109.0,Transferencia
PG-005985,FE-005395,2026-02-22,5459849.0,Cheque
PG-005986,FE-005451,2026-02-22,1973973.0,Consignación
PG-005987,FE-005463,2026-02-22,2291731.0,PSE
PG-005988,FE-005525,2026-02-22,420809.0,Transferencia
PG-005989,FE-005551,2026-02-22,2990178.0,Transferencia
PG-005990,FE-005559,2026-02-22,2922868.0,PSE
PG-005991,FE-005584,2026-02-22,913578.0,Transferencia
PG-005992,FE-005596,2026-02-22,720118.0,PSE
PG-005993,FE-005607,2026-02-22,2337778.0,Consignación
PG-005994,FE-005622,2026-02-22,918844.0,PSE
PG-005995,FE-005631,2026-02-22,1591943.0,Transferencia
PG-005996,FE-005661,2026-02-22,4467592.0,Transferencia
PG-005997,FE-005683,2026-02-22,2201207.0,Cheque
PG-005998,FE-005710,2026-02-22,4597001.0,Transferencia
PG-005999,FE-005733,2026-02-22,215206.0,Transferencia
PG-006000,FE-005771,2026-02-22,1826614.0,Transferencia
PG-006001,FE-005889,2026-02-22,1910840.0,Transferencia
PG-006002,FE-005950,2026-02-22,992058.0,PSE
PG-006003,FE-005981,2026-02-22,873133.0,Transferencia
PG-006004,FE-006009,2026-02-22,1511887.0,Consignación
PG-006005,FE-006046,2026-02-22,873558.0,Transferencia
PG-006006,FE-006125,2026-02-22,398344.0,PSE
PG-006007,FE-006182,2026-02-22,553869.0,Transferencia
PG-006008,FE-006183,2026-02-22,5376452.0,Transferencia
PG-006009,FE-006189,2026-02-22,1508114.0,Transferencia
PG-006010,FE-006226,2026-02-22,768133.0,Transferencia
PG-006011,FE-006280,2026-02-22,2329252.0,Cheque
PG-006012,FE-006295,2026-02-22,526859.0,Transferencia
PG-006013,FE-006299,2026-02-22,757038.0,Transferencia
PG-006014,FE-006338,2026-02-22,336265.0,Cheque
PG-006015,FE-006346,2026-02-22,519079.0,Transferencia
PG-006016,FE-006477,2026-02-22,148398.0,Transferencia
PG-006017,FE-006488,2026-02-22,1150079.0,Transferencia
PG-006018,FE-006503,2026-02-22,830771.0,PSE
PG-006019,FE-006504,2026-02-22,456391.0,PSE
PG-006020,FE-006533,2026-02-22,236949.0,Transferencia
PG-006021,FE-006575,2026-02-22,906140.0,PSE
PG-006022,FE-006599,2026-02-22,432898.0,Transferencia
PG-006023,FE-006646,2026-02-22,242839.0,PSE
PG-006024,FE-006658,2026-02-22,163104.0,Transferencia
PG-006025,FE-006700,2026-02-22,870479.0,Transferencia
PG-006026,FE-006738,2026-02-22,464186.0,Cheque
PG-006027,FE-006828,2026-02-22,224671.0,Transferencia
PG-006028,FE-006834,2026-02-22,159956.0,PSE
PG-006029,FE-006861,2026-02-22,933692.0,Transferencia
PG-006030,FE-007161,2026-02-22,994087.0,PSE
PG-006031,FE-004628,2026-02-23,1346414.0,Transferencia
PG-006032,FE-004685,2026-02-23,11405163.0,Transferencia
PG-006033,FE-004919,2026-02-23,2875272.0,Transferencia
PG-006034,FE-004970,2026-02-23,1923228.0,Transferencia
PG-006035,FE-005048,2026-02-23,7109164.0,Transferencia
PG-006036,FE-005107,2026-02-23,707819.0,Transferencia
PG-006037,FE-005192,2026-02-23,2392608.0,Transferencia
PG-006038,FE-005193,2026-02-23,774504.0,PSE
PG-006039,FE-005194,2026-02-23,1740279.0,Consignación
PG-006040,FE-005246,2026-02-23,1722858.0,Transferencia
PG-006041,FE-005334,2026-02-23,752999.0,Transferencia
PG-006042,FE-005620,2026-02-23,787416.0,Consignación
PG-006043,FE-005625,2026-02-23,3148860.0,Consignación
PG-006044,FE-005695,2026-02-23,125813.0,Cheque
PG-006045,FE-005713,2026-02-23,240752.0,Transferencia
PG-006046,FE-005727,2026-02-23,1150992.0,Transferencia
PG-006047,FE-005734,2026-02-23,8594141.0,Transferencia
PG-006048,FE-005752,2026-02-23,367447.0,Consignación
PG-006049,FE-005830,2026-02-23,1877584.0,Transferencia
PG-006050,FE-005862,2026-02-23,2536659.0,Transferencia
PG-006051,FE-005909,2026-02-23,952105.0,Transferencia
PG-006052,FE-005941,2026-02-23,1539937.0,Transferencia
PG-006053,FE-005943,2026-02-23,578463.0,PSE
PG-006054,FE-006028,2026-02-23,1374863.0,Transferencia
PG-006055,FE-006036,2026-02-23,1889615.0,PSE
PG-006056,FE-006044,2026-02-23,1463456.0,Cheque
PG-006057,FE-006053,2026-02-23,2888930.0,Transferencia
PG-006058,FE-006081,2026-02-23,965217.0,Transferencia
PG-006059,FE-006092,2026-02-23,677769.0,Transferencia
PG-006060,FE-006095,2026-02-23,1212205.0,Transferencia
PG-006061,FE-006135,2026-02-23,3127983.0,Cheque
PG-006062,FE-006180,2026-02-23,63855.0,Transferencia
PG-006063,FE-006253,2026-02-23,4981072.0,PSE
PG-006064,FE-006304,2026-02-23,247309.0,Transferencia
PG-006065,FE-006332,2026-02-23,6984499.0,Transferencia
PG-006066,FE-006362,2026-02-23,264508.0,Consignación
PG-006067,FE-006391,2026-02-23,51953.0,Consignación
PG-006068,FE-006447,2026-02-23,385076.0,Consignación
PG-006069,FE-006457,2026-02-23,415888.0,Consignación
PG-006070,FE-006473,2026-02-23,391886.0,Transferencia
PG-006071,FE-006491,2026-02-23,42074.0,Transferencia
PG-006072,FE-006555,2026-02-23,36964.0,Transferencia
PG-006073,FE-006591,2026-02-23,285406.0,Transferencia
PG-006074,FE-006650,2026-02-23,766489.0,Transferencia
PG-006075,FE-006711,2026-02-23,387955.0,Consignación
PG-006076,FE-006798,2026-02-23,873437.0,Transferencia
PG-006077,FE-006855,2026-02-23,160942.0,Transferencia
PG-006078,FE-006937,2026-02-23,352833.0,Cheque
PG-006079,FE-006943,2026-02-23,241996.0,Transferencia
PG-006080,FE-004291,2026-02-24,580534.0,PSE
PG-006081,FE-004543,2026-02-24,7785823.0,Cheque
PG-006082,FE-004875,2026-02-24,3392373.0,Consignación
PG-006083,FE-005026,2026-02-24,2450206.0,Transferencia
PG-006084,FE-005035,2026-02-24,2202650.0,PSE
PG-006085,FE-005106,2026-02-24,594148.0,Cheque
PG-006086,FE-005189,2026-02-24,545433.0,Transferencia
PG-006087,FE-005224,2026-02-24,1665468.0,Transferencia
PG-006088,FE-005249,2026-02-24,779454.0,Transferencia
PG-006089,FE-005263,2026-02-24,1713267.0,Transferencia
PG-006090,FE-005349,2026-02-24,4860017.0,Cheque
PG-006091,FE-005387,2026-02-24,3476974.0,Cheque
PG-006092,FE-005405,2026-02-24,1500807.0,Transferencia
PG-006093,FE-005459,2026-02-24,1481613.0,PSE
PG-006094,FE-005615,2026-02-24,1031463.0,Transferencia
PG-006095,FE-005705,2026-02-24,502867.0,Cheque
PG-006096,FE-005729,2026-02-24,1617737.0,PSE
PG-006097,FE-005730,2026-02-24,2000899.0,PSE
PG-006098,FE-005739,2026-02-24,1956732.0,PSE
PG-006099,FE-005789,2026-02-24,2076911.0,Transferencia
PG-006100,FE-005852,2026-02-24,1373817.0,Transferencia
PG-006101,FE-005976,2026-02-24,799885.0,Cheque
PG-006102,FE-006001,2026-02-24,452753.0,Transferencia
PG-006103,FE-006011,2026-02-24,1490799.0,Transferencia
PG-006104,FE-006060,2026-02-24,657702.0,Consignación
PG-006105,FE-006072,2026-02-24,1178668.0,Transferencia
PG-006106,FE-006087,2026-02-24,4297473.0,Transferencia
PG-006107,FE-006103,2026-02-24,1038027.0,Cheque
PG-006108,FE-006114,2026-02-24,1239521.0,Consignación
PG-006109,FE-006115,2026-02-24,9653111.0,Cheque
PG-006110,FE-006128,2026-02-24,2749071.0,Transferencia
PG-006111,FE-006134,2026-02-24,1630080.0,Transferencia
PG-006112,FE-006145,2026-02-24,2540543.0,Transferencia
PG-006113,FE-006150,2026-02-24,736752.0,PSE
PG-006114,FE-006228,2026-02-24,441970.0,PSE
PG-006115,FE-006263,2026-02-24,3144949.0,PSE
PG-006116,FE-006306,2026-02-24,300105.0,PSE
PG-006117,FE-006326,2026-02-24,28949.0,Transferencia
PG-006118,FE-006348,2026-02-24,1059852.0,Transferencia
PG-006119,FE-006375,2026-02-24,589468.0,PSE
PG-006120,FE-006569,2026-02-24,482726.0,Consignación
PG-006121,FE-006593,2026-02-24,308923.0,Consignación
PG-006122,FE-006725,2026-02-24,988144.0,PSE
PG-006123,FE-006799,2026-02-24,119831.0,Transferencia
PG-006124,FE-006894,2026-02-24,352922.0,Transferencia
PG-006125,FE-006925,2026-02-24,822314.0,Cheque
PG-006126,FE-007078,2026-02-24,243325.0,Transferencia
PG-006127,FE-007113,2026-02-24,536163.0,Transferencia
PG-006128,FE-007358,2026-02-24,398274.0,Transferencia
PG-006129,FE-004467,2026-02-25,2109305.0,Transferencia
PG-006130,FE-004923,2026-02-25,1893466.0,Cheque
PG-006131,FE-004952,2026-02-25,2865202.0,Transferencia
PG-006132,FE-005190,2026-02-25,4426955.0,Transferencia
PG-006133,FE-005211,2026-02-25,1455955.0,Transferencia
PG-006134,FE-005302,2026-02-25,2971808.0,Cheque
PG-006135,FE-005408,2026-02-25,2574458.0,Transferencia
PG-006136,FE-005602,2026-02-25,1572633.0,PSE
PG-006137,FE-005611,2026-02-25,1615839.0,Transferencia
PG-006138,FE-005612,2026-02-25,497526.0,Transferencia
PG-006139,FE-005641,2026-02-25,3269119.0,Transferencia
PG-006140,FE-005656,2026-02-25,321343.0,PSE
PG-006141,FE-005682,2026-02-25,3381042.0,Transferencia
PG-006142,FE-005694,2026-02-25,1605205.0,Transferencia
PG-006143,FE-005756,2026-02-25,816329.0,Transferencia
PG-006144,FE-005759,2026-02-25,2772044.0,Transferencia
PG-006145,FE-005773,2026-02-25,193340.0,PSE
PG-006146,FE-005838,2026-02-25,923765.0,Transferencia
PG-006147,FE-005863,2026-02-25,2181986.0,Consignación
PG-006148,FE-005894,2026-02-25,1082340.0,Transferencia
PG-006149,FE-005903,2026-02-25,3851214.0,Consignación
PG-006150,FE-005908,2026-02-25,372301.0,Transferencia
PG-006151,FE-005910,2026-02-25,184653.0,PSE
PG-006152,FE-005924,2026-02-25,2876299.0,PSE
PG-006153,FE-005932,2026-02-25,3627836.0,PSE
PG-006154,FE-005952,2026-02-25,2964780.0,PSE
PG-006155,FE-005957,2026-02-25,1375976.0,Transferencia
PG-006156,FE-005967,2026-02-25,3027434.0,Cheque
PG-006157,FE-005991,2026-02-25,1965136.0,Transferencia
PG-006158,FE-005993,2026-02-25,546373.0,Consignación
PG-006159,FE-006017,2026-02-25,684676.0,Transferencia
PG-006160,FE-006038,2026-02-25,501367.0,Transferencia
PG-006161,FE-006079,2026-02-25,5049834.0,PSE
PG-006162,FE-006140,2026-02-25,273226.0,Transferencia
PG-006163,FE-006155,2026-02-25,2421285.0,Transferencia
PG-006164,FE-006217,2026-02-25,4287129.0,Transferencia
PG-006165,FE-006224,2026-02-25,913402.0,Transferencia
PG-006166,FE-006261,2026-02-25,266735.0,Transferencia
PG-006167,FE-006273,2026-02-25,1670986.0,Transferencia
PG-006168,FE-006301,2026-02-25,1016197.0,PSE
PG-006169,FE-006355,2026-02-25,2192400.0,PSE
PG-006170,FE-006384,2026-02-25,217113.0,Transferencia
PG-006171,FE-006392,2026-02-25,2483557.0,Consignación
PG-006172,FE-006460,2026-02-25,1114788.0,Transferencia
PG-006173,FE-006487,2026-02-25,1458149.0,Consignación
PG-006174,FE-006492,2026-02-25,292603.0,Transferencia
PG-006175,FE-006513,2026-02-25,754268.0,Transferencia
PG-006176,FE-006581,2026-02-25,268228.0,Cheque
PG-006177,FE-006596,2026-02-25,2973693.0,Consignación
PG-006178,FE-006601,2026-02-25,765055.0,Consignación
PG-006179,FE-006613,2026-02-25,2080880.0,Consignación
PG-006180,FE-006616,2026-02-25,1037779.0,Transferencia
PG-006181,FE-006623,2026-02-25,443542.0,Transferencia
PG-006182,FE-006631,2026-02-25,164829.0,PSE
PG-006183,FE-006686,2026-02-25,51180.0,Transferencia
PG-006184,FE-006688,2026-02-25,278692.0,Transferencia
PG-006185,FE-006697,2026-02-25,229533.0,Transferencia
PG-006186,FE-006717,2026-02-25,142717.0,Consignación
PG-006187,FE-006845,2026-02-25,742070.0,Transferencia
PG-006188,FE-006870,2026-02-25,706835.0,Consignación
PG-006189,FE-006936,2026-02-25,340427.0,Consignación
PG-006190,FE-006984,2026-02-25,187843.0,Transferencia
PG-006191,FE-007135,2026-02-25,520131.0,PSE
PG-006192,FE-007165,2026-02-25,1308349.0,Transferencia
PG-006193,FE-007193,2026-02-25,131496.0,Consignación
PG-006194,FE-007478,2026-02-25,731417.0,PSE
PG-006195,FE-004820,2026-02-26,14506102.0,Transferencia
PG-006196,FE-004840,2026-02-26,4025258.0,Cheque
PG-006197,FE-005053,2026-02-26,3442223.0,Transferencia
PG-006198,FE-005096,2026-02-26,2817208.0,Transferencia
PG-006199,FE-005250,2026-02-26,1270670.0,PSE
PG-006200,FE-005313,2026-02-26,4970456.0,Transferencia
PG-006201,FE-005361,2026-02-26,1996193.0,Consignación
PG-006202,FE-005377,2026-02-26,1525036.0,Cheque
PG-006203,FE-005650,2026-02-26,3276396.0,PSE
PG-006204,FE-005748,2026-02-26,415835.0,Transferencia
PG-006205,FE-005778,2026-02-26,4823579.0,Transferencia
PG-006206,FE-005793,2026-02-26,1028487.0,Consignación
PG-006207,FE-005927,2026-02-26,794360.0,Transferencia
PG-006208,FE-005986,2026-02-26,3091952.0,Transferencia
PG-006209,FE-006071,2026-02-26,3915433.0,Consignación
PG-006210,FE-006110,2026-02-26,1651486.0,Transferencia
PG-006211,FE-006184,2026-02-26,1308867.0,Transferencia
PG-006212,FE-006185,2026-02-26,123635.0,Consignación
PG-006213,FE-006206,2026-02-26,765698.0,Transferencia
PG-006214,FE-006247,2026-02-26,1698111.0,PSE
PG-006215,FE-006254,2026-02-26,1890588.0,Transferencia
PG-006216,FE-006323,2026-02-26,2028240.0,Consignación
PG-006217,FE-006363,2026-02-26,445842.0,Transferencia
PG-006218,FE-006493,2026-02-26,254561.0,Transferencia
PG-006219,FE-006515,2026-02-26,1279563.0,Transferencia
PG-006220,FE-006595,2026-02-26,980195.0,Transferencia
PG-006221,FE-006641,2026-02-26,1910374.0,Transferencia
PG-006222,FE-006649,2026-02-26,1076681.0,Transferencia
PG-006223,FE-006753,2026-02-26,181875.0,Transferencia
PG-006224,FE-006760,2026-02-26,876540.0,Transferencia
PG-006225,FE-006772,2026-02-26,235263.0,Transferencia
PG-006226,FE-006783,2026-02-26,1826650.0,PSE
PG-006227,FE-006814,2026-02-26,247901.0,PSE
PG-006228,FE-006843,2026-02-26,124543.0,Transferencia
PG-006229,FE-006847,2026-02-26,907721.0,Cheque
PG-006230,FE-006867,2026-02-26,744300.0,Transferencia
PG-006231,FE-006883,2026-02-26,580455.0,Consignación
PG-006232,FE-006884,2026-02-26,24243.0,Cheque
PG-006233,FE-006902,2026-02-26,1433437.0,Transferencia
PG-006234,FE-006915,2026-02-26,704733.0,Transferencia
PG-006235,FE-006923,2026-02-26,725288.0,Consignación
PG-006236,FE-006938,2026-02-26,373971.0,Transferencia
PG-006237,FE-006972,2026-02-26,707197.0,Transferencia
PG-006238,FE-007043,2026-02-26,165107.0,PSE
PG-006239,FE-007264,2026-02-26,232997.0,Transferencia
PG-006240,FE-007499,2026-02-26,1420861.0,Transferencia
PG-006241,FE-004272,2026-02-27,4795652.0,Transferencia
PG-006242,FE-004532,2026-02-27,2334567.0,Consignación
PG-006243,FE-005161,2026-02-27,3209127.0,Cheque
PG-006244,FE-005378,2026-02-27,7101186.0,Consignación
PG-006245,FE-005490,2026-02-27,126554.0,Consignación
PG-006246,FE-005578,2026-02-27,631372.0,Transferencia
PG-006247,FE-005677,2026-02-27,4635503.0,PSE
PG-006248,FE-005823,2026-02-27,2838495.0,Transferencia
PG-006249,FE-005836,2026-02-27,1347601.0,Transferencia
PG-006250,FE-005955,2026-02-27,2824313.0,Transferencia
PG-006251,FE-005956,2026-02-27,4198795.0,Transferencia
PG-006252,FE-006005,2026-02-27,261636.0,Transferencia
PG-006253,FE-006054,2026-02-27,903159.0,Consignación
PG-006254,FE-006080,2026-02-27,1609371.0,Transferencia
PG-006255,FE-006088,2026-02-27,4591030.0,PSE
PG-006256,FE-006100,2026-02-27,223209.0,Consignación
PG-006257,FE-006117,2026-02-27,2131041.0,Consignación
PG-006258,FE-006156,2026-02-27,1904231.0,PSE
PG-006259,FE-006192,2026-02-27,1364490.0,Consignación
PG-006260,FE-006229,2026-02-27,2387568.0,PSE
PG-006261,FE-006244,2026-02-27,790958.0,Transferencia
PG-006262,FE-006264,2026-02-27,804926.0,Transferencia
PG-006263,FE-006265,2026-02-27,4554511.0,PSE
PG-006264,FE-006334,2026-02-27,3531807.0,Transferencia
PG-006265,FE-006372,2026-02-27,122809.0,Transferencia
PG-006266,FE-006386,2026-02-27,628682.0,Transferencia
PG-006267,FE-006407,2026-02-27,2347339.0,Consignación
PG-006268,FE-006462,2026-02-27,253296.0,PSE
PG-006269,FE-006499,2026-02-27,1311795.0,Transferencia
PG-006270,FE-006508,2026-02-27,2095772.0,PSE
PG-006271,FE-006542,2026-02-27,349596.0,Transferencia
PG-006272,FE-006567,2026-02-27,2440958.0,Transferencia
PG-006273,FE-006586,2026-02-27,1537424.0,Transferencia
PG-006274,FE-006590,2026-02-27,60463.0,PSE
PG-006275,FE-006638,2026-02-27,207629.0,Transferencia
PG-006276,FE-006695,2026-02-27,623878.0,PSE
PG-006277,FE-006829,2026-02-27,777165.0,Transferencia
PG-006278,FE-006890,2026-02-27,149214.0,PSE
PG-006279,FE-007019,2026-02-27,692492.0,Cheque
PG-006280,FE-007110,2026-02-27,700486.0,Transferencia
PG-006281,FE-007384,2026-02-27,690306.0,Transferencia
PG-006282,FE-004705,2026-02-28,3008114.0,Transferencia
PG-006283,FE-005398,2026-02-28,491997.0,Transferencia
PG-006284,FE-005404,2026-02-28,4181036.0,Transferencia
PG-006285,FE-005424,2026-02-28,1467800.0,Transferencia
PG-006286,FE-005494,2026-02-28,1913701.0,Consignación
PG-006287,FE-005546,2026-02-28,3747749.0,PSE
PG-006288,FE-005678,2026-02-28,1024633.0,Transferencia
PG-006289,FE-005702,2026-02-28,2504464.0,Consignación
PG-006290,FE-005703,2026-02-28,2982649.0,Transferencia
PG-006291,FE-005750,2026-02-28,2531467.0,Transferencia
PG-006292,FE-005753,2026-02-28,1458901.0,Consignación
PG-006293,FE-005769,2026-02-28,4861380.0,Consignación
PG-006294,FE-005871,2026-02-28,4218345.0,Transferencia
PG-006295,FE-006024,2026-02-28,483211.0,Transferencia
PG-006296,FE-006051,2026-02-28,1194365.0,Transferencia
PG-006297,FE-006064,2026-02-28,69295.0,PSE
PG-006298,FE-006065,2026-02-28,2491752.0,Transferencia
PG-006299,FE-006068,2026-02-28,830071.0,Transferencia
PG-006300,FE-006078,2026-02-28,878119.0,PSE
PG-006301,FE-006194,2026-02-28,454591.0,Cheque
PG-006302,FE-006200,2026-02-28,2536302.0,PSE
PG-006303,FE-006220,2026-02-28,1030239.0,PSE
PG-006304,FE-006236,2026-02-28,2689694.0,Transferencia
PG-006305,FE-006260,2026-02-28,2160384.0,PSE
PG-006306,FE-006269,2026-02-28,402797.0,Consignación
PG-006307,FE-006303,2026-02-28,196055.0,PSE
PG-006308,FE-006313,2026-02-28,1710316.0,Cheque
PG-006309,FE-006388,2026-02-28,658442.0,PSE
PG-006310,FE-006435,2026-02-28,149408.0,Consignación
PG-006311,FE-006463,2026-02-28,1222745.0,Transferencia
PG-006312,FE-006556,2026-02-28,1092403.0,Consignación
PG-006313,FE-006579,2026-02-28,2751574.0,Transferencia
PG-006314,FE-006608,2026-02-28,121768.0,Transferencia
PG-006315,FE-006612,2026-02-28,1122231.0,Transferencia
PG-006316,FE-006618,2026-02-28,305455.0,Transferencia
PG-006317,FE-006636,2026-02-28,2189223.0,Transferencia
PG-006318,FE-006684,2026-02-28,3646205.0,Transferencia
PG-006319,FE-006731,2026-02-28,594638.0,Consignación
PG-006320,FE-006756,2026-02-28,564976.0,Transferencia
PG-006321,FE-006773,2026-02-28,1251666.0,Transferencia
PG-006322,FE-006782,2026-02-28,393657.0,Transferencia
PG-006323,FE-006797,2026-02-28,152409.0,PSE
PG-006324,FE-006852,2026-02-28,347778.0,Transferencia
PG-006325,FE-006895,2026-02-28,319834.0,Transferencia
PG-006326,FE-006929,2026-02-28,388433.0,Transferencia
PG-006327,FE-006964,2026-02-28,561322.0,PSE
PG-006328,FE-006965,2026-02-28,352984.0,Transferencia
PG-006329,FE-007080,2026-02-28,212917.0,Cheque
PG-006330,FE-007131,2026-02-28,314392.0,PSE
PG-006331,FE-007251,2026-02-28,15149.0,Transferencia
PG-006332,FE-007318,2026-02-28,177471.0,Transferencia
PG-006333,FE-007435,2026-02-28,337022.0,Transferencia
PG-006334,FE-005223,2026-03-01,1019602.0,Transferencia
PG-006335,FE-005225,2026-03-01,2192074.0,Cheque
PG-006336,FE-005325,2026-03-01,2896780.0,Transferencia
PG-006337,FE-005337,2026-03-01,5183703.0,Consignación
PG-006338,FE-005367,2026-03-01,702027.0,Cheque
PG-006339,FE-005372,2026-03-01,1758944.0,Transferencia
PG-006340,FE-005374,2026-03-01,7218492.0,Transferencia
PG-006341,FE-005452,2026-03-01,7474342.0,Transferencia
PG-006342,FE-005456,2026-03-01,3877151.0,Consignación
PG-006343,FE-005517,2026-03-01,889001.0,Transferencia
PG-006344,FE-005528,2026-03-01,3269035.0,Transferencia
PG-006345,FE-005722,2026-03-01,3906542.0,PSE
PG-006346,FE-005787,2026-03-01,260320.0,Transferencia
PG-006347,FE-005827,2026-03-01,798954.0,Transferencia
PG-006348,FE-005839,2026-03-01,4799766.0,PSE
PG-006349,FE-005859,2026-03-01,2129917.0,Consignación
PG-006350,FE-005918,2026-03-01,1436650.0,Consignación
PG-006351,FE-005949,2026-03-01,645160.0,PSE
PG-006352,FE-006013,2026-03-01,1564781.0,Transferencia
PG-006353,FE-006014,2026-03-01,551252.0,PSE
PG-006354,FE-006045,2026-03-01,1100931.0,PSE
PG-006355,FE-006067,2026-03-01,1246023.0,Transferencia
PG-006356,FE-006116,2026-03-01,2814110.0,PSE
PG-006357,FE-006157,2026-03-01,75176.0,Consignación
PG-006358,FE-006167,2026-03-01,5771674.0,Transferencia
PG-006359,FE-006171,2026-03-01,3712649.0,Transferencia
PG-006360,FE-006177,2026-03-01,1018943.0,PSE
PG-006361,FE-006292,2026-03-01,2390482.0,Transferencia
PG-006362,FE-006298,2026-03-01,1069504.0,PSE
PG-006363,FE-006330,2026-03-01,1029306.0,PSE
PG-006364,FE-006356,2026-03-01,1146841.0,PSE
PG-006365,FE-006399,2026-03-01,389305.0,Transferencia
PG-006366,FE-006408,2026-03-01,1569978.0,Transferencia
PG-006367,FE-006416,2026-03-01,4580849.0,Cheque
PG-006368,FE-006431,2026-03-01,529598.0,Transferencia
PG-006369,FE-006470,2026-03-01,131167.0,PSE
PG-006370,FE-006501,2026-03-01,2409441.0,Consignación
PG-006371,FE-006527,2026-03-01,1626092.0,PSE
PG-006372,FE-006537,2026-03-01,180460.0,PSE
PG-006373,FE-006543,2026-03-01,698443.0,Cheque
PG-006374,FE-006551,2026-03-01,1711682.0,Transferencia
PG-006375,FE-006570,2026-03-01,450724.0,PSE
PG-006376,FE-006577,2026-03-01,993971.0,Transferencia
PG-006377,FE-006633,2026-03-01,1446637.0,Transferencia
PG-006378,FE-006642,2026-03-01,491177.0,Transferencia
PG-006379,FE-006652,2026-03-01,1848584.0,Transferencia
PG-006380,FE-006687,2026-03-01,312325.0,Transferencia
PG-006381,FE-006698,2026-03-01,1916127.0,Transferencia
PG-006382,FE-006715,2026-03-01,60930.0,Transferencia
PG-006383,FE-006824,2026-03-01,694039.0,PSE
PG-006384,FE-006881,2026-03-01,627798.0,Transferencia
PG-006385,FE-006900,2026-03-01,1286682.0,Transferencia
PG-006386,FE-006928,2026-03-01,153922.0,Transferencia
PG-006387,FE-006931,2026-03-01,150202.0,Transferencia
PG-006388,FE-006979,2026-03-01,200342.0,Transferencia
PG-006389,FE-007029,2026-03-01,394080.0,Cheque
PG-006390,FE-007038,2026-03-01,38662.0,Transferencia
PG-006391,FE-007048,2026-03-01,265121.0,Consignación
PG-006392,FE-007083,2026-03-01,198324.0,Transferencia
PG-006393,FE-007313,2026-03-01,81115.0,Cheque
PG-006394,FE-007707,2026-03-01,158259.0,Consignación
PG-006395,FE-004587,2026-03-02,2539972.0,Cheque
PG-006396,FE-005295,2026-03-02,2810536.0,Transferencia
PG-006397,FE-005515,2026-03-02,2556903.0,Consignación
PG-006398,FE-005579,2026-03-02,3176215.0,Transferencia
PG-006399,FE-005634,2026-03-02,5848185.0,PSE
PG-006400,FE-005652,2026-03-02,6184035.0,Transferencia
PG-006401,FE-005712,2026-03-02,669495.0,Transferencia
PG-006402,FE-005803,2026-03-02,686436.0,Transferencia
PG-006403,FE-005824,2026-03-02,569285.0,Transferencia
PG-006404,FE-005878,2026-03-02,2479335.0,Transferencia
PG-006405,FE-005914,2026-03-02,4049339.0,Transferencia
PG-006406,FE-005921,2026-03-02,1475677.0,PSE
PG-006407,FE-006035,2026-03-02,2503651.0,Transferencia
PG-006408,FE-006039,2026-03-02,2357490.0,Consignación
PG-006409,FE-006093,2026-03-02,349407.0,Transferencia
PG-006410,FE-006131,2026-03-02,196651.0,Transferencia
PG-006411,FE-006164,2026-03-02,1262174.0,Transferencia
PG-006412,FE-006204,2026-03-02,1265485.0,Transferencia
PG-006413,FE-006288,2026-03-02,1320643.0,PSE
PG-006414,FE-006341,2026-03-02,331463.0,Transferencia
PG-006415,FE-006370,2026-03-02,6375913.0,Transferencia
PG-006416,FE-006377,2026-03-02,5041370.0,PSE
PG-006417,FE-006398,2026-03-02,170739.0,Transferencia
PG-006418,FE-006409,2026-03-02,1771451.0,Transferencia
PG-006419,FE-006450,2026-03-02,4050817.0,PSE
PG-006420,FE-006452,2026-03-02,562314.0,Transferencia
PG-006421,FE-006482,2026-03-02,4964046.0,PSE
PG-006422,FE-006490,2026-03-02,796770.0,PSE
PG-006423,FE-006525,2026-03-02,2522527.0,Consignación
PG-006424,FE-006552,2026-03-02,206699.0,Transferencia
PG-006425,FE-006553,2026-03-02,578616.0,Transferencia
PG-006426,FE-006576,2026-03-02,1984262.0,Cheque
PG-006427,FE-006614,2026-03-02,220117.0,PSE
PG-006428,FE-006746,2026-03-02,986748.0,PSE
PG-006429,FE-006788,2026-03-02,411410.0,Cheque
PG-006430,FE-006805,2026-03-02,153930.0,Transferencia
PG-006431,FE-006817,2026-03-02,143405.0,Transferencia
PG-006432,FE-006857,2026-03-02,275666.0,Transferencia
PG-006433,FE-006898,2026-03-02,237505.0,PSE
PG-006434,FE-006947,2026-03-02,183700.0,Transferencia
PG-006435,FE-006970,2026-03-02,923614.0,Transferencia
PG-006436,FE-006971,2026-03-02,219848.0,Transferencia
PG-006437,FE-007056,2026-03-02,540597.0,Transferencia
PG-006438,FE-007082,2026-03-02,2264263.0,Transferencia
PG-006439,FE-007085,2026-03-02,2313581.0,Transferencia
PG-006440,FE-007088,2026-03-02,698197.0,Transferencia
PG-006441,FE-007090,2026-03-02,252243.0,Transferencia
PG-006442,FE-007123,2026-03-02,191691.0,Transferencia
PG-006443,FE-007213,2026-03-02,45938.0,PSE
PG-006444,FE-007303,2026-03-02,90684.0,Consignación
PG-006445,FE-007821,2026-03-02,438927.0,Transferencia
PG-006446,FE-005230,2026-03-03,3572914.0,Transferencia
PG-006447,FE-005457,2026-03-03,1359386.0,Transferencia
PG-006448,FE-005685,2026-03-03,653766.0,Transferencia
PG-006449,FE-005853,2026-03-03,2065272.0,PSE
PG-006450,FE-005872,2026-03-03,2201451.0,Transferencia
PG-006451,FE-005881,2026-03-03,1203398.0,Transferencia
PG-006452,FE-005901,2026-03-03,1353956.0,Cheque
PG-006453,FE-005930,2026-03-03,1222928.0,Transferencia
PG-006454,FE-006099,2026-03-03,1356646.0,Transferencia
PG-006455,FE-006106,2026-03-03,1840757.0,Consignación
PG-006456,FE-006256,2026-03-03,1288013.0,Transferencia
PG-006457,FE-006281,2026-03-03,2317225.0,Cheque
PG-006458,FE-006316,2026-03-03,1732660.0,Transferencia
PG-006459,FE-006393,2026-03-03,491324.0,Transferencia
PG-006460,FE-006516,2026-03-03,481441.0,Transferencia
PG-006461,FE-006544,2026-03-03,1030108.0,Consignación
PG-006462,FE-006607,2026-03-03,675994.0,Transferencia
PG-006463,FE-006647,2026-03-03,276438.0,Cheque
PG-006464,FE-006666,2026-03-03,3075453.0,Consignación
PG-006465,FE-006673,2026-03-03,3316631.0,PSE
PG-006466,FE-006730,2026-03-03,151782.0,Transferencia
PG-006467,FE-006766,2026-03-03,109112.0,Cheque
PG-006468,FE-006775,2026-03-03,245349.0,Transferencia
PG-006469,FE-006800,2026-03-03,745174.0,Transferencia
PG-006470,FE-006933,2026-03-03,754015.0,Transferencia
PG-006471,FE-006961,2026-03-03,2484325.0,PSE
PG-006472,FE-006987,2026-03-03,3985538.0,PSE
PG-006473,FE-007025,2026-03-03,101382.0,Transferencia
PG-006474,FE-007046,2026-03-03,1027989.0,Transferencia
PG-006475,FE-007047,2026-03-03,160472.0,Transferencia
PG-006476,FE-007057,2026-03-03,231152.0,Consignación
PG-006477,FE-007124,2026-03-03,741157.0,Transferencia
PG-006478,FE-007178,2026-03-03,404481.0,PSE
PG-006479,FE-007487,2026-03-03,260540.0,PSE
PG-006480,FE-005113,2026-03-04,1907866.0,Consignación
PG-006481,FE-005423,2026-03-04,2800607.0,Transferencia
PG-006482,FE-005604,2026-03-04,206665.0,Cheque
PG-006483,FE-005637,2026-03-04,819073.0,PSE
PG-006484,FE-005667,2026-03-04,6506595.0,Consignación
PG-006485,FE-005693,2026-03-04,3261952.0,Transferencia
PG-006486,FE-005775,2026-03-04,654153.0,Transferencia
PG-006487,FE-005825,2026-03-04,3770298.0,Transferencia
PG-006488,FE-005854,2026-03-04,2976715.0,PSE
PG-006489,FE-005933,2026-03-04,2269608.0,Transferencia
PG-006490,FE-006050,2026-03-04,2599561.0,Transferencia
PG-006491,FE-006052,2026-03-04,3143049.0,PSE
PG-006492,FE-006069,2026-03-04,2554945.0,PSE
PG-006493,FE-006198,2026-03-04,1838610.0,Cheque
PG-006494,FE-006230,2026-03-04,1629947.0,Consignación
PG-006495,FE-006310,2026-03-04,4181292.0,Transferencia
PG-006496,FE-006327,2026-03-04,190887.0,Transferencia
PG-006497,FE-006335,2026-03-04,1041627.0,Consignación
PG-006498,FE-006337,2026-03-04,1793257.0,Transferencia
PG-006499,FE-006354,2026-03-04,2487537.0,Cheque
PG-006500,FE-006366,2026-03-04,1261287.0,Transferencia
PG-006501,FE-006371,2026-03-04,3339520.0,Cheque
PG-006502,FE-006378,2026-03-04,1110184.0,Transferencia
PG-006503,FE-006406,2026-03-04,793553.0,Transferencia
PG-006504,FE-006578,2026-03-04,449282.0,Transferencia
PG-006505,FE-006600,2026-03-04,1569414.0,PSE
PG-006506,FE-006640,2026-03-04,1942671.0,Transferencia
PG-006507,FE-006654,2026-03-04,1246078.0,PSE
PG-006508,FE-006659,2026-03-04,1904927.0,PSE
PG-006509,FE-006664,2026-03-04,1536673.0,Transferencia
PG-006510,FE-006675,2026-03-04,1174666.0,Cheque
PG-006511,FE-006689,2026-03-04,164527.0,Transferencia
PG-006512,FE-006704,2026-03-04,12792.0,Transferencia
PG-006513,FE-006721,2026-03-04,4620458.0,Consignación
PG-006514,FE-006726,2026-03-04,1393214.0,Consignación
PG-006515,FE-006741,2026-03-04,192559.0,PSE
PG-006516,FE-006745,2026-03-04,260935.0,PSE
PG-006517,FE-006787,2026-03-04,2311122.0,Transferencia
PG-006518,FE-006812,2026-03-04,243511.0,Consignación
PG-006519,FE-006835,2026-03-04,1615951.0,Transferencia
PG-006520,FE-006846,2026-03-04,75767.0,Transferencia
PG-006521,FE-006868,2026-03-04,1561244.0,PSE
PG-006522,FE-006879,2026-03-04,253954.0,Cheque
PG-006523,FE-006892,2026-03-04,451499.0,PSE
PG-006524,FE-006939,2026-03-04,335579.0,Cheque
PG-006525,FE-006940,2026-03-04,2255728.0,Transferencia
PG-006526,FE-006950,2026-03-04,801842.0,Transferencia
PG-006527,FE-006990,2026-03-04,823766.0,Transferencia
PG-006528,FE-006993,2026-03-04,2967265.0,Transferencia
PG-006529,FE-007001,2026-03-04,79175.0,PSE
PG-006530,FE-007018,2026-03-04,75310.0,PSE
PG-006531,FE-007022,2026-03-04,308603.0,Transferencia
PG-006532,FE-007196,2026-03-04,396158.0,Transferencia
PG-006533,FE-007210,2026-03-04,15090.0,Transferencia
PG-006534,FE-007215,2026-03-04,265562.0,Consignación
PG-006535,FE-007240,2026-03-04,254439.0,Cheque
PG-006536,FE-007385,2026-03-04,659604.0,Transferencia
PG-006537,FE-007406,2026-03-04,846715.0,Transferencia
PG-006538,FE-007418,2026-03-04,220900.0,PSE
PG-006539,FE-007437,2026-03-04,186779.0,Transferencia
PG-006540,FE-005638,2026-03-05,2335796.0,Transferencia
PG-006541,FE-005690,2026-03-05,3498686.0,Transferencia
PG-006542,FE-005790,2026-03-05,3030193.0,Transferencia
PG-006543,FE-005817,2026-03-05,503873.0,Transferencia
PG-006544,FE-005886,2026-03-05,2315356.0,Transferencia
PG-006545,FE-005905,2026-03-05,1984465.0,PSE
PG-006546,FE-005968,2026-03-05,1351895.0,Transferencia
PG-006547,FE-005999,2026-03-05,3893323.0,Transferencia
PG-006548,FE-006148,2026-03-05,170601.0,Consignación
PG-006549,FE-006287,2026-03-05,5082072.0,Transferencia
PG-006550,FE-006305,2026-03-05,914967.0,Consignación
PG-006551,FE-006309,2026-03-05,1245700.0,PSE
PG-006552,FE-006350,2026-03-05,619697.0,Transferencia
PG-006553,FE-006368,2026-03-05,153704.0,PSE
PG-006554,FE-006383,2026-03-05,446357.0,Transferencia
PG-006555,FE-006387,2026-03-05,761287.0,Transferencia
PG-006556,FE-006433,2026-03-05,990908.0,Consignación
PG-006557,FE-006467,2026-03-05,1192989.0,PSE
PG-006558,FE-006538,2026-03-05,1799016.0,Consignación
PG-006559,FE-006557,2026-03-05,1469992.0,Transferencia
PG-006560,FE-006560,2026-03-05,746705.0,Transferencia
PG-006561,FE-006617,2026-03-05,317112.0,PSE
PG-006562,FE-006634,2026-03-05,779568.0,Transferencia
PG-006563,FE-006635,2026-03-05,584885.0,Transferencia
PG-006564,FE-006644,2026-03-05,140225.0,Consignación
PG-006565,FE-006663,2026-03-05,6730556.0,Transferencia
PG-006566,FE-006678,2026-03-05,636964.0,Consignación
PG-006567,FE-006748,2026-03-05,3319849.0,Transferencia
PG-006568,FE-006896,2026-03-05,433125.0,Transferencia
PG-006569,FE-006975,2026-03-05,367192.0,PSE
PG-006570,FE-006989,2026-03-05,111502.0,PSE
PG-006571,FE-007005,2026-03-05,1107748.0,Transferencia
PG-006572,FE-007045,2026-03-05,625826.0,PSE
PG-006573,FE-007121,2026-03-05,720729.0,PSE
PG-006574,FE-007141,2026-03-05,734255.0,Transferencia
PG-006575,FE-007182,2026-03-05,797240.0,Transferencia
PG-006576,FE-007208,2026-03-05,508018.0,Transferencia
PG-006577,FE-007231,2026-03-05,394971.0,PSE
PG-006578,FE-007249,2026-03-05,204541.0,Transferencia
PG-006579,FE-007285,2026-03-05,696325.0,Transferencia
PG-006580,FE-007407,2026-03-05,261774.0,Consignación
PG-006581,FE-007436,2026-03-05,811415.0,Transferencia
PG-006582,FE-007454,2026-03-05,863396.0,Transferencia
PG-006583,FE-007589,2026-03-05,283855.0,Transferencia
PG-006584,FE-007613,2026-03-05,384810.0,PSE
PG-006585,FE-004744,2026-03-06,3418045.0,PSE
PG-006586,FE-005350,2026-03-06,590975.0,Transferencia
PG-006587,FE-005432,2026-03-06,5260488.0,Transferencia
PG-006588,FE-005501,2026-03-06,944554.0,Consignación
PG-006589,FE-005666,2026-03-06,2109656.0,Transferencia
PG-006590,FE-005676,2026-03-06,3303309.0,PSE
PG-006591,FE-005767,2026-03-06,1706110.0,PSE
PG-006592,FE-005888,2026-03-06,2177253.0,Cheque
PG-006593,FE-005906,2026-03-06,1770563.0,PSE
PG-006594,FE-005934,2026-03-06,3094578.0,Transferencia
PG-006595,FE-006111,2026-03-06,547542.0,Transferencia
PG-006596,FE-006123,2026-03-06,950353.0,PSE
PG-006597,FE-006124,2026-03-06,1328894.0,Cheque
PG-006598,FE-006169,2026-03-06,1484755.0,Transferencia
PG-006599,FE-006271,2026-03-06,1876789.0,PSE
PG-006600,FE-006361,2026-03-06,1606538.0,Transferencia
PG-006601,FE-006379,2026-03-06,2134089.0,Transferencia
PG-006602,FE-006427,2026-03-06,760011.0,Transferencia
PG-006603,FE-006459,2026-03-06,2942888.0,Transferencia
PG-006604,FE-006461,2026-03-06,2196237.0,Transferencia
PG-006605,FE-006558,2026-03-06,1573858.0,Transferencia
PG-006606,FE-006627,2026-03-06,4579650.0,PSE
PG-006607,FE-006716,2026-03-06,1160230.0,PSE
PG-006608,FE-006720,2026-03-06,1707239.0,PSE
PG-006609,FE-006755,2026-03-06,1704093.0,PSE
PG-006610,FE-006763,2026-03-06,72406.0,Consignación
PG-006611,FE-006767,2026-03-06,118085.0,Transferencia
PG-006612,FE-006849,2026-03-06,140640.0,Cheque
PG-006613,FE-006882,2026-03-06,260596.0,PSE
PG-006614,FE-006948,2026-03-06,139347.0,PSE
PG-006615,FE-007013,2026-03-06,296410.0,Consignación
PG-006616,FE-007077,2026-03-06,866577.0,Transferencia
PG-006617,FE-007237,2026-03-06,950714.0,Consignación
PG-006618,FE-007302,2026-03-06,9707912.0,PSE
PG-006619,FE-007312,2026-03-06,636943.0,Cheque
PG-006620,FE-007316,2026-03-06,756836.0,Cheque
PG-006621,FE-007428,2026-03-06,306288.0,Transferencia
PG-006622,FE-007505,2026-03-06,62450.0,Transferencia
PG-006623,FE-007544,2026-03-06,12716.0,Transferencia
PG-006624,FE-007553,2026-03-06,37997.0,Consignación
PG-006625,FE-007668,2026-03-06,675157.0,Transferencia
PG-006626,FE-007689,2026-03-06,481218.0,Transferencia
PG-006627,FE-007703,2026-03-06,896291.0,PSE
PG-006628,FE-007732,2026-03-06,345633.0,Transferencia
PG-006629,FE-007748,2026-03-06,107369.0,Transferencia
PG-006630,FE-007790,2026-03-06,351947.0,Transferencia
PG-006631,FE-007894,2026-03-06,702461.0,Transferencia
PG-006632,FE-005616,2026-03-07,412146.0,Transferencia
PG-006633,FE-005923,2026-03-07,1241951.0,Transferencia
PG-006634,FE-005983,2026-03-07,1824043.0,PSE
PG-006635,FE-006138,2026-03-07,467901.0,Consignación
PG-006636,FE-006216,2026-03-07,1966045.0,Transferencia
PG-006637,FE-006268,2026-03-07,1172580.0,Transferencia
PG-006638,FE-006274,2026-03-07,3063591.0,Transferencia
PG-006639,FE-006318,2026-03-07,757153.0,Transferencia
PG-006640,FE-006373,2026-03-07,1667528.0,Cheque
PG-006641,FE-006402,2026-03-07,48517.0,PSE
PG-006642,FE-006497,2026-03-07,350406.0,Cheque
PG-006643,FE-006582,2026-03-07,40359.0,Transferencia
PG-006644,FE-006584,2026-03-07,490103.0,Transferencia
PG-006645,FE-006603,2026-03-07,33954.0,Transferencia
PG-006646,FE-006604,2026-03-07,1456179.0,Transferencia
PG-006647,FE-006620,2026-03-07,4572476.0,Transferencia
PG-006648,FE-006699,2026-03-07,1139282.0,Transferencia
PG-006649,FE-006789,2026-03-07,1475815.0,Transferencia
PG-006650,FE-006801,2026-03-07,46243.0,Transferencia
PG-006651,FE-006806,2026-03-07,1030035.0,PSE
PG-006652,FE-006858,2026-03-07,3028009.0,Transferencia
PG-006653,FE-006886,2026-03-07,199777.0,PSE
PG-006654,FE-006924,2026-03-07,49932.0,Cheque
PG-006655,FE-006944,2026-03-07,683418.0,PSE
PG-006656,FE-007010,2026-03-07,1415102.0,Transferencia
PG-006657,FE-007055,2026-03-07,1708171.0,Cheque
PG-006658,FE-007070,2026-03-07,194540.0,Transferencia
PG-006659,FE-007111,2026-03-07,1932434.0,PSE
PG-006660,FE-007132,2026-03-07,1220904.0,Transferencia
PG-006661,FE-007147,2026-03-07,2458932.0,Transferencia
PG-006662,FE-007157,2026-03-07,927015.0,PSE
PG-006663,FE-007282,2026-03-07,210701.0,Transferencia
PG-006664,FE-007304,2026-03-07,311829.0,PSE
PG-006665,FE-007337,2026-03-07,282263.0,Transferencia
PG-006666,FE-007635,2026-03-07,23974.0,PSE
PG-006667,FE-007654,2026-03-07,230580.0,Transferencia
PG-006668,FE-005299,2026-03-08,771899.0,PSE
PG-006669,FE-005508,2026-03-08,2249307.0,Cheque
PG-006670,FE-005776,2026-03-08,9314328.0,Consignación
PG-006671,FE-005779,2026-03-08,496788.0,Transferencia
PG-006672,FE-005813,2026-03-08,1128051.0,PSE
PG-006673,FE-005938,2026-03-08,2717150.0,PSE
PG-006674,FE-005972,2026-03-08,941753.0,PSE
PG-006675,FE-005994,2026-03-08,125530.0,Transferencia
PG-006676,FE-005997,2026-03-08,7878840.0,Consignación
PG-006677,FE-006083,2026-03-08,1713767.0,Consignación
PG-006678,FE-006085,2026-03-08,552199.0,Transferencia
PG-006679,FE-006276,2026-03-08,1462604.0,Transferencia
PG-006680,FE-006279,2026-03-08,1975187.0,Transferencia
PG-006681,FE-006369,2026-03-08,523166.0,PSE
PG-006682,FE-006374,2026-03-08,418104.0,PSE
PG-006683,FE-006394,2026-03-08,1463733.0,Transferencia
PG-006684,FE-006400,2026-03-08,2663260.0,Cheque
PG-006685,FE-006414,2026-03-08,5412115.0,Transferencia
PG-006686,FE-006419,2026-03-08,1297358.0,PSE
PG-006687,FE-006429,2026-03-08,486899.0,Transferencia
PG-006688,FE-006549,2026-03-08,1468508.0,Transferencia
PG-006689,FE-006602,2026-03-08,756151.0,PSE
PG-006690,FE-006625,2026-03-08,2739911.0,Transferencia
PG-006691,FE-006681,2026-03-08,1187318.0,Cheque
PG-006692,FE-006747,2026-03-08,3587447.0,Consignación
PG-006693,FE-006761,2026-03-08,3060096.0,Consignación
PG-006694,FE-006809,2026-03-08,137347.0,Transferencia
PG-006695,FE-006827,2026-03-08,3810462.0,Consignación
PG-006696,FE-006833,2026-03-08,484752.0,Cheque
PG-006697,FE-006841,2026-03-08,181289.0,Transferencia
PG-006698,FE-006869,2026-03-08,488033.0,Transferencia
PG-006699,FE-006914,2026-03-08,686626.0,Transferencia
PG-006700,FE-006956,2026-03-08,495044.0,Transferencia
PG-006701,FE-007004,2026-03-08,879233.0,Transferencia
PG-006702,FE-007007,2026-03-08,534960.0,Consignación
PG-006703,FE-007017,2026-03-08,715066.0,Transferencia
PG-006704,FE-007069,2026-03-08,259031.0,Transferencia
PG-006705,FE-007091,2026-03-08,3366898.0,Transferencia
PG-006706,FE-007099,2026-03-08,321877.0,PSE
PG-006707,FE-007100,2026-03-08,442967.0,PSE
PG-006708,FE-007126,2026-03-08,281167.0,Consignación
PG-006709,FE-007183,2026-03-08,1656632.0,PSE
PG-006710,FE-007281,2026-03-08,284148.0,PSE
PG-006711,FE-007348,2026-03-08,109014.0,Consignación
PG-006712,FE-007417,2026-03-08,1260945.0,Transferencia
PG-006713,FE-007424,2026-03-08,1006434.0,PSE
PG-006714,FE-007471,2026-03-08,854481.0,Transferencia
PG-006715,FE-007587,2026-03-08,71222.0,PSE
PG-006716,FE-007650,2026-03-08,354199.0,PSE
PG-006717,FE-007754,2026-03-08,191749.0,PSE
PG-006718,FE-006043,2026-03-09,332080.0,Transferencia
PG-006719,FE-006075,2026-03-09,431918.0,Transferencia
PG-006720,FE-006201,2026-03-09,6047720.0,Transferencia
PG-006721,FE-006278,2026-03-09,443716.0,PSE
PG-006722,FE-006302,2026-03-09,2713662.0,Consignación
PG-006723,FE-006311,2026-03-09,3014627.0,Transferencia
PG-006724,FE-006325,2026-03-09,1433018.0,PSE
PG-006725,FE-006381,2026-03-09,3480932.0,Transferencia
PG-006726,FE-006395,2026-03-09,1848310.0,Transferencia
PG-006727,FE-006417,2026-03-09,2354100.0,Transferencia
PG-006728,FE-006449,2026-03-09,1489310.0,Transferencia
PG-006729,FE-006456,2026-03-09,335493.0,Transferencia
PG-006730,FE-006530,2026-03-09,894711.0,Transferencia
PG-006731,FE-006548,2026-03-09,408390.0,Consignación
PG-006732,FE-006671,2026-03-09,833946.0,Transferencia
PG-006733,FE-006749,2026-03-09,3405681.0,Transferencia
PG-006734,FE-006859,2026-03-09,992101.0,PSE
PG-006735,FE-006885,2026-03-09,279663.0,Consignación
PG-006736,FE-006893,2026-03-09,857816.0,Cheque
PG-006737,FE-006974,2026-03-09,1114614.0,Cheque
PG-006738,FE-006980,2026-03-09,1896372.0,Transferencia
PG-006739,FE-006982,2026-03-09,1212157.0,Consignación
PG-006740,FE-006986,2026-03-09,1057662.0,Transferencia
PG-006741,FE-006988,2026-03-09,136529.0,Consignación
PG-006742,FE-007142,2026-03-09,245804.0,Transferencia
PG-006743,FE-007222,2026-03-09,296001.0,Consignación
PG-006744,FE-007269,2026-03-09,429817.0,PSE
PG-006745,FE-007273,2026-03-09,657204.0,Transferencia
PG-006746,FE-007274,2026-03-09,598760.0,Transferencia
PG-006747,FE-007287,2026-03-09,618518.0,Cheque
PG-006748,FE-007341,2026-03-09,292541.0,PSE
PG-006749,FE-007396,2026-03-09,1009532.0,PSE
PG-006750,FE-007400,2026-03-09,2282319.0,PSE
PG-006751,FE-007423,2026-03-09,2654639.0,PSE
PG-006752,FE-007450,2026-03-09,141173.0,Cheque
PG-006753,FE-007452,2026-03-09,43723.0,Transferencia
PG-006754,FE-007460,2026-03-09,410834.0,Transferencia
PG-006755,FE-007547,2026-03-09,190849.0,Transferencia
PG-006756,FE-007569,2026-03-09,1028688.0,PSE
PG-006757,FE-007708,2026-03-09,538574.0,Consignación
PG-006758,FE-007793,2026-03-09,5498057.0,PSE
PG-006759,FE-007910,2026-03-09,763555.0,Transferencia
PG-006760,FE-005747,2026-03-10,4469809.0,Transferencia
PG-006761,FE-006007,2026-03-10,1572054.0,Transferencia
PG-006762,FE-006098,2026-03-10,397623.0,Transferencia
PG-006763,FE-006158,2026-03-10,348233.0,Transferencia
PG-006764,FE-006172,2026-03-10,834553.0,Transferencia
PG-006765,FE-006191,2026-03-10,1618951.0,Consignación
PG-006766,FE-006231,2026-03-10,270082.0,Consignación
PG-006767,FE-006322,2026-03-10,7515488.0,Transferencia
PG-006768,FE-006336,2026-03-10,679910.0,Transferencia
PG-006769,FE-006389,2026-03-10,1275365.0,Transferencia
PG-006770,FE-006443,2026-03-10,1267473.0,Transferencia
PG-006771,FE-006455,2026-03-10,1281518.0,Transferencia
PG-006772,FE-006474,2026-03-10,679530.0,Consignación
PG-006773,FE-006481,2026-03-10,2962393.0,PSE
PG-006774,FE-006484,2026-03-10,1540492.0,PSE
PG-006775,FE-006506,2026-03-10,1386832.0,Transferencia
PG-006776,FE-006517,2026-03-10,1353840.0,Transferencia
PG-006777,FE-006546,2026-03-10,3491987.0,Transferencia
PG-006778,FE-006564,2026-03-10,5671334.0,Consignación
PG-006779,FE-006609,2026-03-10,2175648.0,Cheque
PG-006780,FE-006632,2026-03-10,655972.0,Transferencia
PG-006781,FE-006653,2026-03-10,2253317.0,Transferencia
PG-006782,FE-006661,2026-03-10,573154.0,Transferencia
PG-006783,FE-006791,2026-03-10,254209.0,Transferencia
PG-006784,FE-006810,2026-03-10,130510.0,Transferencia
PG-006785,FE-006877,2026-03-10,5089068.0,Consignación
PG-006786,FE-006887,2026-03-10,1227184.0,Consignación
PG-006787,FE-006927,2026-03-10,853705.0,Transferencia
PG-006788,FE-006945,2026-03-10,1349841.0,Transferencia
PG-006789,FE-006949,2026-03-10,3060983.0,Transferencia
PG-006790,FE-006958,2026-03-10,1181901.0,Transferencia
PG-006791,FE-006998,2026-03-10,62128.0,Transferencia
PG-006792,FE-007011,2026-03-10,1404290.0,Transferencia
PG-006793,FE-007081,2026-03-10,261808.0,PSE
PG-006794,FE-007101,2026-03-10,515669.0,Transferencia
PG-006795,FE-007104,2026-03-10,1005401.0,Consignación
PG-006796,FE-007155,2026-03-10,1147498.0,Consignación
PG-006797,FE-007236,2026-03-10,338540.0,Transferencia
PG-006798,FE-007300,2026-03-10,626652.0,Consignación
PG-006799,FE-007370,2026-03-10,236750.0,Transferencia
PG-006800,FE-007373,2026-03-10,78214.0,PSE
PG-006801,FE-007458,2026-03-10,522005.0,Transferencia
PG-006802,FE-007504,2026-03-10,541195.0,Transferencia
PG-006803,FE-007535,2026-03-10,3604215.0,Transferencia
PG-006804,FE-007600,2026-03-10,314884.0,Transferencia
PG-006805,FE-007636,2026-03-10,867197.0,PSE
PG-006806,FE-007719,2026-03-10,1179497.0,Consignación
PG-006807,FE-007750,2026-03-10,445571.0,Transferencia
PG-006808,FE-005548,2026-03-11,3067158.0,Transferencia
PG-006809,FE-005709,2026-03-11,248730.0,PSE
PG-006810,FE-005996,2026-03-11,3892947.0,Transferencia
PG-006811,FE-006010,2026-03-11,53713.0,Transferencia
PG-006812,FE-006030,2026-03-11,4187849.0,Transferencia
PG-006813,FE-006086,2026-03-11,217656.0,Transferencia
PG-006814,FE-006170,2026-03-11,1498701.0,Cheque
PG-006815,FE-006187,2026-03-11,1126093.0,Transferencia
PG-006816,FE-006219,2026-03-11,285094.0,Consignación
PG-006817,FE-006237,2026-03-11,710514.0,Transferencia
PG-006818,FE-006255,2026-03-11,993867.0,Consignación
PG-006819,FE-006257,2026-03-11,757898.0,PSE
PG-006820,FE-006312,2026-03-11,2232227.0,Transferencia
PG-006821,FE-006430,2026-03-11,505373.0,PSE
PG-006822,FE-006466,2026-03-11,1394006.0,Transferencia
PG-006823,FE-006476,2026-03-11,2832887.0,PSE
PG-006824,FE-006480,2026-03-11,2491965.0,Transferencia
PG-006825,FE-006573,2026-03-11,595092.0,Transferencia
PG-006826,FE-006624,2026-03-11,790008.0,Transferencia
PG-006827,FE-006702,2026-03-11,1891764.0,Transferencia
PG-006828,FE-006727,2026-03-11,6244418.0,Transferencia
PG-006829,FE-006757,2026-03-11,476470.0,Transferencia
PG-006830,FE-006832,2026-03-11,3993262.0,PSE
PG-006831,FE-006853,2026-03-11,611670.0,Transferencia
PG-006832,FE-006863,2026-03-11,579149.0,Consignación
PG-006833,FE-006873,2026-03-11,348483.0,Transferencia
PG-006834,FE-007061,2026-03-11,854309.0,Transferencia
PG-006835,FE-007102,2026-03-11,3655091.0,Transferencia
PG-006836,FE-007108,2026-03-11,613604.0,Transferencia
PG-006837,FE-007172,2026-03-11,3583048.0,Transferencia
PG-006838,FE-007214,2026-03-11,390994.0,PSE
PG-006839,FE-007228,2026-03-11,529288.0,Cheque
PG-006840,FE-007235,2026-03-11,366712.0,Consignación
PG-006841,FE-007254,2026-03-11,121813.0,Transferencia
PG-006842,FE-007271,2026-03-11,444912.0,Transferencia
PG-006843,FE-007289,2026-03-11,212273.0,Transferencia
PG-006844,FE-007371,2026-03-11,269514.0,Transferencia
PG-006845,FE-007395,2026-03-11,537516.0,Transferencia
PG-006846,FE-007403,2026-03-11,518172.0,Cheque
PG-006847,FE-007459,2026-03-11,4009358.0,Transferencia
PG-006848,FE-007477,2026-03-11,517050.0,PSE
PG-006849,FE-007555,2026-03-11,872158.0,PSE
PG-006850,FE-007578,2026-03-11,727357.0,Cheque
PG-006851,FE-007594,2026-03-11,919363.0,Transferencia
PG-006852,FE-007623,2026-03-11,190602.0,Transferencia
PG-006853,FE-007625,2026-03-11,340816.0,Cheque
PG-006854,FE-007628,2026-03-11,996357.0,Transferencia
PG-006855,FE-007642,2026-03-11,191398.0,Cheque
PG-006856,FE-007676,2026-03-11,398896.0,Transferencia
PG-006857,FE-007738,2026-03-11,315229.0,Transferencia
PG-006858,FE-007845,2026-03-11,48522.0,Transferencia
PG-006859,FE-007935,2026-03-11,792851.0,Transferencia
PG-006860,FE-005312,2026-03-12,2582906.0,Transferencia
PG-006861,FE-005749,2026-03-12,504359.0,Transferencia
PG-006862,FE-005791,2026-03-12,264392.0,Transferencia
PG-006863,FE-005804,2026-03-12,2947311.0,PSE
PG-006864,FE-005828,2026-03-12,1358082.0,PSE
PG-006865,FE-006003,2026-03-12,1136316.0,Consignación
PG-006866,FE-006084,2026-03-12,2640722.0,Transferencia
PG-006867,FE-006096,2026-03-12,1657565.0,Cheque
PG-006868,FE-006193,2026-03-12,1070060.0,Transferencia
PG-006869,FE-006223,2026-03-12,1147109.0,Transferencia
PG-006870,FE-006522,2026-03-12,2606042.0,PSE
PG-006871,FE-006545,2026-03-12,247581.0,Consignación
PG-006872,FE-006565,2026-03-12,891930.0,Transferencia
PG-006873,FE-006568,2026-03-12,2352706.0,Transferencia
PG-006874,FE-006630,2026-03-12,220502.0,Transferencia
PG-006875,FE-006672,2026-03-12,1277657.0,PSE
PG-006876,FE-006679,2026-03-12,2561934.0,Transferencia
PG-006877,FE-006707,2026-03-12,3914669.0,Cheque
PG-006878,FE-006764,2026-03-12,413457.0,Transferencia
PG-006879,FE-006770,2026-03-12,755699.0,Consignación
PG-006880,FE-006839,2026-03-12,562457.0,Transferencia
PG-006881,FE-006862,2026-03-12,547542.0,PSE
PG-006882,FE-006920,2026-03-12,1282250.0,PSE
PG-006883,FE-006926,2026-03-12,256648.0,Transferencia
PG-006884,FE-006978,2026-03-12,1529214.0,Transferencia
PG-006885,FE-007076,2026-03-12,385741.0,Consignación
PG-006886,FE-007096,2026-03-12,1331862.0,Transferencia
PG-006887,FE-007118,2026-03-12,2022319.0,Consignación
PG-006888,FE-007148,2026-03-12,636100.0,PSE
PG-006889,FE-007152,2026-03-12,1412208.0,Transferencia
PG-006890,FE-007194,2026-03-12,449769.0,Consignación
PG-006891,FE-007202,2026-03-12,342447.0,Transferencia
PG-006892,FE-007292,2026-03-12,180565.0,Transferencia
PG-006893,FE-007502,2026-03-12,2668984.0,PSE
PG-006894,FE-007515,2026-03-12,411226.0,PSE
PG-006895,FE-007522,2026-03-12,849598.0,PSE
PG-006896,FE-007523,2026-03-12,85781.0,Transferencia
PG-006897,FE-007543,2026-03-12,87959.0,PSE
PG-006898,FE-007567,2026-03-12,385679.0,PSE
PG-006899,FE-007590,2026-03-12,137176.0,Consignación
PG-006900,FE-007609,2026-03-12,397531.0,Transferencia
PG-006901,FE-007622,2026-03-12,302725.0,Transferencia
PG-006902,FE-007862,2026-03-12,534989.0,Transferencia
PG-006903,FE-008027,2026-03-12,845012.0,Cheque
PG-006904,FE-008115,2026-03-12,146748.0,Transferencia
PG-006905,FE-008135,2026-03-12,231010.0,PSE
PG-006906,FE-005979,2026-03-13,1072197.0,Cheque
PG-006907,FE-006094,2026-03-13,3416619.0,Transferencia
PG-006908,FE-006130,2026-03-13,233841.0,Transferencia
PG-006909,FE-006272,2026-03-13,2512342.0,Transferencia
PG-006910,FE-006314,2026-03-13,10036282.0,Consignación
PG-006911,FE-006411,2026-03-13,2176867.0,PSE
PG-006912,FE-006432,2026-03-13,872364.0,Transferencia
PG-006913,FE-006656,2026-03-13,1318084.0,Transferencia
PG-006914,FE-006682,2026-03-13,3671029.0,Transferencia
PG-006915,FE-006703,2026-03-13,691653.0,Transferencia
PG-006916,FE-006705,2026-03-13,1504880.0,Transferencia
PG-006917,FE-006722,2026-03-13,169289.0,Consignación
PG-006918,FE-006752,2026-03-13,1918849.0,Transferencia
PG-006919,FE-006871,2026-03-13,1147592.0,Transferencia
PG-006920,FE-006901,2026-03-13,726547.0,Cheque
PG-006921,FE-006916,2026-03-13,227668.0,Transferencia
PG-006922,FE-006951,2026-03-13,2343098.0,Transferencia
PG-006923,FE-006992,2026-03-13,511111.0,PSE
PG-006924,FE-007042,2026-03-13,442258.0,Transferencia
PG-006925,FE-007073,2026-03-13,2502142.0,Consignación
PG-006926,FE-007079,2026-03-13,1277836.0,PSE
PG-006927,FE-007112,2026-03-13,669312.0,Transferencia
PG-006928,FE-007149,2026-03-13,503339.0,PSE
PG-006929,FE-007162,2026-03-13,754769.0,Transferencia
PG-006930,FE-007166,2026-03-13,2032815.0,PSE
PG-006931,FE-007176,2026-03-13,401449.0,PSE
PG-006932,FE-007278,2026-03-13,351954.0,Transferencia
PG-006933,FE-007335,2026-03-13,440171.0,Consignación
PG-006934,FE-007507,2026-03-13,849887.0,Transferencia
PG-006935,FE-007513,2026-03-13,386463.0,PSE
PG-006936,FE-007595,2026-03-13,391485.0,Cheque
PG-006937,FE-007608,2026-03-13,217694.0,Transferencia
PG-006938,FE-007611,2026-03-13,309980.0,Transferencia
PG-006939,FE-007684,2026-03-13,747921.0,Transferencia
PG-006940,FE-007729,2026-03-13,238596.0,Transferencia
PG-006941,FE-007743,2026-03-13,163589.0,Transferencia
PG-006942,FE-007773,2026-03-13,455202.0,PSE
PG-006943,FE-007822,2026-03-13,1635084.0,Transferencia
PG-006944,FE-007934,2026-03-13,184944.0,Transferencia
PG-006945,FE-008134,2026-03-13,596705.0,Transferencia
PG-006946,FE-008390,2026-03-13,171364.0,PSE
PG-006947,FE-005877,2026-03-14,2598258.0,Transferencia
PG-006948,FE-006034,2026-03-14,6076759.0,Consignación
PG-006949,FE-006059,2026-03-14,1455788.0,Transferencia
PG-006950,FE-006405,2026-03-14,1257196.0,Consignación
PG-006951,FE-006421,2026-03-14,1956116.0,PSE
PG-006952,FE-006422,2026-03-14,1442591.0,Transferencia
PG-006953,FE-006438,2026-03-14,1409413.0,Transferencia
PG-006954,FE-006442,2026-03-14,3001525.0,Consignación
PG-006955,FE-006540,2026-03-14,2369115.0,Transferencia
PG-006956,FE-006550,2026-03-14,2492072.0,Transferencia
PG-006957,FE-006585,2026-03-14,1120469.0,Transferencia
PG-006958,FE-006598,2026-03-14,3441312.0,Transferencia
PG-006959,FE-006605,2026-03-14,675235.0,Transferencia
PG-006960,FE-006619,2026-03-14,2240983.0,Transferencia
PG-006961,FE-006626,2026-03-14,1240539.0,Transferencia
PG-006962,FE-006751,2026-03-14,2583987.0,Consignación
PG-006963,FE-006808,2026-03-14,469465.0,Transferencia
PG-006964,FE-006820,2026-03-14,5219653.0,Transferencia
PG-006965,FE-006908,2026-03-14,1255483.0,Cheque
PG-006966,FE-006912,2026-03-14,1127742.0,Transferencia
PG-006967,FE-006935,2026-03-14,650700.0,Transferencia
PG-006968,FE-006942,2026-03-14,262477.0,Transferencia
PG-006969,FE-006946,2026-03-14,1024935.0,Transferencia
PG-006970,FE-006976,2026-03-14,1542254.0,PSE
PG-006971,FE-007050,2026-03-14,12642879.0,Consignación
PG-006972,FE-007051,2026-03-14,5044593.0,PSE
PG-006973,FE-007115,2026-03-14,591445.0,Transferencia
PG-006974,FE-007125,2026-03-14,3315783.0,Transferencia
PG-006975,FE-007225,2026-03-14,681426.0,Consignación
PG-006976,FE-007239,2026-03-14,319138.0,Transferencia
PG-006977,FE-007294,2026-03-14,275023.0,Transferencia
PG-006978,FE-007412,2026-03-14,1214584.0,Cheque
PG-006979,FE-007442,2026-03-14,318539.0,PSE
PG-006980,FE-007453,2026-03-14,904377.0,Transferencia
PG-006981,FE-007500,2026-03-14,518601.0,Transferencia
PG-006982,FE-007501,2026-03-14,776248.0,PSE
PG-006983,FE-007538,2026-03-14,272172.0,Consignación
PG-006984,FE-007574,2026-03-14,509604.0,Transferencia
PG-006985,FE-007639,2026-03-14,1215249.0,Transferencia
PG-006986,FE-007672,2026-03-14,36510.0,Consignación
PG-006987,FE-007731,2026-03-14,323421.0,Transferencia
PG-006988,FE-007737,2026-03-14,339483.0,Transferencia
PG-006989,FE-007771,2026-03-14,29245.0,Transferencia
PG-006990,FE-007787,2026-03-14,196912.0,Transferencia
PG-006991,FE-007806,2026-03-14,189372.0,Transferencia
PG-006992,FE-007828,2026-03-14,95845.0,Transferencia
PG-006993,FE-007842,2026-03-14,168762.0,Transferencia
PG-006994,FE-007851,2026-03-14,539144.0,Transferencia
PG-006995,FE-007969,2026-03-14,616620.0,Transferencia
PG-006996,FE-008043,2026-03-14,128620.0,Transferencia
PG-006997,FE-008153,2026-03-14,748808.0,Transferencia
PG-006998,FE-005966,2026-03-15,532489.0,Transferencia
PG-006999,FE-006175,2026-03-15,1115837.0,Transferencia
PG-007000,FE-006202,2026-03-15,1721613.0,PSE
PG-007001,FE-006221,2026-03-15,11509730.0,PSE
PG-007002,FE-006434,2026-03-15,9040736.0,PSE
PG-007003,FE-006440,2026-03-15,1571676.0,Transferencia
PG-007004,FE-006486,2026-03-15,1302904.0,Transferencia
PG-007005,FE-006637,2026-03-15,76141.0,Cheque
PG-007006,FE-006690,2026-03-15,2369670.0,Transferencia
PG-007007,FE-006694,2026-03-15,3459361.0,Transferencia
PG-007008,FE-006701,2026-03-15,920235.0,Transferencia
PG-007009,FE-006776,2026-03-15,3125128.0,PSE
PG-007010,FE-006819,2026-03-15,1467017.0,Transferencia
PG-007011,FE-006838,2026-03-15,3004883.0,PSE
PG-007012,FE-006897,2026-03-15,480572.0,Transferencia
PG-007013,FE-006903,2026-03-15,2207268.0,Transferencia
PG-007014,FE-006995,2026-03-15,44757.0,Transferencia
PG-007015,FE-007032,2026-03-15,351541.0,Transferencia
PG-007016,FE-007059,2026-03-15,83915.0,Transferencia
PG-007017,FE-007068,2026-03-15,2883714.0,Transferencia
PG-007018,FE-007103,2026-03-15,1652566.0,PSE
PG-007019,FE-007130,2026-03-15,3985331.0,Consignación
PG-007020,FE-007195,2026-03-15,263750.0,PSE
PG-007021,FE-007290,2026-03-15,214486.0,PSE
PG-007022,FE-007319,2026-03-15,2357552.0,Transferencia
PG-007023,FE-007376,2026-03-15,647583.0,Transferencia
PG-007024,FE-007386,2026-03-15,809257.0,Transferencia
PG-007025,FE-007444,2026-03-15,148037.0,Transferencia
PG-007026,FE-007480,2026-03-15,222413.0,Transferencia
PG-007027,FE-007492,2026-03-15,33934.0,Transferencia
PG-007028,FE-007552,2026-03-15,260199.0,Consignación
PG-007029,FE-007581,2026-03-15,603520.0,Transferencia
PG-007030,FE-007586,2026-03-15,2116795.0,PSE
PG-007031,FE-007588,2026-03-15,405863.0,Transferencia
PG-007032,FE-007612,2026-03-15,338600.0,Transferencia
PG-007033,FE-007615,2026-03-15,3107446.0,Transferencia
PG-007034,FE-007714,2026-03-15,431599.0,PSE
PG-007035,FE-007734,2026-03-15,180573.0,Transferencia
PG-007036,FE-007765,2026-03-15,192388.0,Transferencia
PG-007037,FE-007792,2026-03-15,410173.0,Transferencia
PG-007038,FE-007816,2026-03-15,50255.0,Transferencia
PG-007039,FE-007820,2026-03-15,1235617.0,Consignación
PG-007040,FE-007829,2026-03-15,336392.0,Consignación
PG-007041,FE-007876,2026-03-15,203391.0,Cheque
PG-007042,FE-007918,2026-03-15,456507.0,PSE
PG-007043,FE-007944,2026-03-15,153435.0,Transferencia
PG-007044,FE-007981,2026-03-15,314167.0,Transferencia
PG-007045,FE-008075,2026-03-15,46160.0,Consignación
PG-007046,FE-008087,2026-03-15,36972.0,Cheque
PG-007047,FE-008108,2026-03-15,357277.0,Transferencia
PG-007048,FE-008265,2026-03-15,73335.0,Transferencia
PG-007049,FE-008289,2026-03-15,513222.0,Cheque
PG-007050,FE-008348,2026-03-15,608154.0,Transferencia
PG-007051,FE-005939,2026-03-16,3728201.0,Transferencia
PG-007052,FE-006190,2026-03-16,8391185.0,PSE
PG-007053,FE-006315,2026-03-16,1207720.0,Transferencia
PG-007054,FE-006320,2026-03-16,3106365.0,Transferencia
PG-007055,FE-006321,2026-03-16,2203005.0,Consignación
PG-007056,FE-006339,2026-03-16,2893478.0,PSE
PG-007057,FE-006342,2026-03-16,1065382.0,Transferencia
PG-007058,FE-006352,2026-03-16,2699422.0,Consignación
PG-007059,FE-006358,2026-03-16,5224254.0,Transferencia
PG-007060,FE-006359,2026-03-16,651563.0,Transferencia
PG-007061,FE-006380,2026-03-16,3071772.0,Consignación
PG-007062,FE-006428,2026-03-16,1876479.0,Transferencia
PG-007063,FE-006509,2026-03-16,942589.0,Transferencia
PG-007064,FE-006562,2026-03-16,1554471.0,Transferencia
PG-007065,FE-006587,2026-03-16,4859659.0,Cheque
PG-007066,FE-006665,2026-03-16,1014978.0,PSE
PG-007067,FE-006733,2026-03-16,699165.0,PSE
PG-007068,FE-006768,2026-03-16,4251368.0,Transferencia
PG-007069,FE-006777,2026-03-16,761073.0,Transferencia
PG-007070,FE-006779,2026-03-16,656299.0,Transferencia
PG-007071,FE-006825,2026-03-16,7457916.0,PSE
PG-007072,FE-006872,2026-03-16,422266.0,Cheque
PG-007073,FE-006906,2026-03-16,1598670.0,Transferencia
PG-007074,FE-006918,2026-03-16,1230391.0,Transferencia
PG-007075,FE-006934,2026-03-16,1522505.0,Transferencia
PG-007076,FE-006966,2026-03-16,7471112.0,PSE
PG-007077,FE-007041,2026-03-16,961727.0,Transferencia
PG-007078,FE-007058,2026-03-16,1277082.0,PSE
PG-007079,FE-007060,2026-03-16,304471.0,Transferencia
PG-007080,FE-007167,2026-03-16,933622.0,Transferencia
PG-007081,FE-007245,2026-03-16,453641.0,Cheque
PG-007082,FE-007338,2026-03-16,114521.0,Consignación
PG-007083,FE-007345,2026-03-16,339182.0,Transferencia
PG-007084,FE-007413,2026-03-16,322934.0,PSE
PG-007085,FE-007429,2026-03-16,437624.0,Transferencia
PG-007086,FE-007434,2026-03-16,1560843.0,PSE
PG-007087,FE-007438,2026-03-16,356971.0,Consignación
PG-007088,FE-007445,2026-03-16,22747.0,PSE
PG-007089,FE-007447,2026-03-16,942653.0,Transferencia
PG-007090,FE-007468,2026-03-16,151701.0,Transferencia
PG-007091,FE-007508,2026-03-16,1183864.0,Transferencia
PG-007092,FE-007550,2026-03-16,497200.0,Transferencia
PG-007093,FE-007568,2026-03-16,452478.0,Transferencia
PG-007094,FE-007583,2026-03-16,5178646.0,Transferencia
PG-007095,FE-007706,2026-03-16,771803.0,Transferencia
PG-007096,FE-007766,2026-03-16,1353363.0,Transferencia
PG-007097,FE-007801,2026-03-16,662242.0,Transferencia
PG-007098,FE-007873,2026-03-16,181780.0,Transferencia
PG-007099,FE-007933,2026-03-16,453361.0,Transferencia
PG-007100,FE-008016,2026-03-16,858930.0,Transferencia
PG-007101,FE-008023,2026-03-16,757195.0,Consignación
PG-007102,FE-008069,2026-03-16,156409.0,PSE
PG-007103,FE-008304,2026-03-16,126117.0,Transferencia
PG-007104,FE-005850,2026-03-17,2600737.0,Transferencia
PG-007105,FE-006294,2026-03-17,4668130.0,Transferencia
PG-007106,FE-006300,2026-03-17,981656.0,PSE
PG-007107,FE-006439,2026-03-17,181385.0,Transferencia
PG-007108,FE-006510,2026-03-17,1188841.0,Transferencia
PG-007109,FE-006520,2026-03-17,4990654.0,Transferencia
PG-007110,FE-006566,2026-03-17,1560489.0,Transferencia
PG-007111,FE-006572,2026-03-17,1569783.0,PSE
PG-007112,FE-006639,2026-03-17,2273895.0,PSE
PG-007113,FE-006655,2026-03-17,3466612.0,Cheque
PG-007114,FE-006691,2026-03-17,2479799.0,PSE
PG-007115,FE-006762,2026-03-17,822563.0,Transferencia
PG-007116,FE-006771,2026-03-17,229447.0,Consignación
PG-007117,FE-006796,2026-03-17,375409.0,Transferencia
PG-007118,FE-006831,2026-03-17,2825732.0,Cheque
PG-007119,FE-006899,2026-03-17,369014.0,Transferencia
PG-007120,FE-006921,2026-03-17,78696.0,Cheque
PG-007121,FE-006922,2026-03-17,1787513.0,Transferencia
PG-007122,FE-006957,2026-03-17,1265320.0,Transferencia
PG-007123,FE-007074,2026-03-17,316966.0,Consignación
PG-007124,FE-007114,2026-03-17,492734.0,Transferencia
PG-007125,FE-007137,2026-03-17,1254374.0,Transferencia
PG-007126,FE-007146,2026-03-17,914021.0,Transferencia
PG-007127,FE-007168,2026-03-17,171824.0,Cheque
PG-007128,FE-007189,2026-03-17,639684.0,PSE
PG-007129,FE-007219,2026-03-17,875652.0,Transferencia
PG-007130,FE-007246,2026-03-17,749099.0,Transferencia
PG-007131,FE-007260,2026-03-17,72908.0,Consignación
PG-007132,FE-007275,2026-03-17,2513541.0,Transferencia
PG-007133,FE-007296,2026-03-17,1322963.0,Transferencia
PG-007134,FE-007299,2026-03-17,1192336.0,Transferencia
PG-007135,FE-007305,2026-03-17,3216914.0,Transferencia
PG-007136,FE-007339,2026-03-17,5893458.0,Consignación
PG-007137,FE-007347,2026-03-17,1020607.0,Transferencia
PG-007138,FE-007390,2026-03-17,377990.0,PSE
PG-007139,FE-007416,2026-03-17,578998.0,Consignación
PG-007140,FE-007483,2026-03-17,341422.0,Transferencia
PG-007141,FE-007488,2026-03-17,292659.0,Transferencia
PG-007142,FE-007591,2026-03-17,244507.0,Transferencia
PG-007143,FE-007604,2026-03-17,13305.0,Cheque
PG-007144,FE-007614,2026-03-17,1416630.0,Transferencia
PG-007145,FE-007670,2026-03-17,4391874.0,Transferencia
PG-007146,FE-007671,2026-03-17,705217.0,Transferencia
PG-007147,FE-007686,2026-03-17,942142.0,Transferencia
PG-007148,FE-007702,2026-03-17,137900.0,Transferencia
PG-007149,FE-007715,2026-03-17,349861.0,Transferencia
PG-007150,FE-007760,2026-03-17,150211.0,Transferencia
PG-007151,FE-007814,2026-03-17,471827.0,Transferencia
PG-007152,FE-007859,2026-03-17,773299.0,Transferencia
PG-007153,FE-007909,2026-03-17,416941.0,Transferencia
PG-007154,FE-008054,2026-03-17,232966.0,Transferencia
PG-007155,FE-008233,2026-03-17,394749.0,Transferencia
PG-007156,FE-008335,2026-03-17,254115.0,PSE
PG-007157,FE-008349,2026-03-17,1125519.0,PSE
PG-007158,FE-005929,2026-03-18,8548522.0,Cheque
PG-007159,FE-005965,2026-03-18,1675139.0,Transferencia
PG-007160,FE-006073,2026-03-18,545570.0,Transferencia
PG-007161,FE-006074,2026-03-18,2256866.0,Transferencia
PG-007162,FE-006151,2026-03-18,2797798.0,Transferencia
PG-007163,FE-006425,2026-03-18,2379100.0,Cheque
PG-007164,FE-006494,2026-03-18,3997548.0,Cheque
PG-007165,FE-006514,2026-03-18,2886823.0,Transferencia
PG-007166,FE-006622,2026-03-18,7394908.0,Transferencia
PG-007167,FE-006668,2026-03-18,1438035.0,Transferencia
PG-007168,FE-006709,2026-03-18,1484867.0,Consignación
PG-007169,FE-006712,2026-03-18,1479864.0,Transferencia
PG-007170,FE-006713,2026-03-18,2827667.0,Consignación
PG-007171,FE-006723,2026-03-18,134217.0,Transferencia
PG-007172,FE-006732,2026-03-18,2954265.0,Transferencia
PG-007173,FE-006736,2026-03-18,2963233.0,Consignación
PG-007174,FE-006737,2026-03-18,637290.0,PSE
PG-007175,FE-006739,2026-03-18,1691824.0,PSE
PG-007176,FE-006780,2026-03-18,10835794.0,Consignación
PG-007177,FE-006790,2026-03-18,104854.0,Transferencia
PG-007178,FE-006793,2026-03-18,546091.0,Transferencia
PG-007179,FE-006815,2026-03-18,1181877.0,Transferencia
PG-007180,FE-006816,2026-03-18,2295949.0,Consignación
PG-007181,FE-006875,2026-03-18,1294194.0,PSE
PG-007182,FE-006955,2026-03-18,3690875.0,Transferencia
PG-007183,FE-006991,2026-03-18,188207.0,Consignación
PG-007184,FE-007008,2026-03-18,2141205.0,Transferencia
PG-007185,FE-007031,2026-03-18,819571.0,Transferencia
PG-007186,FE-007065,2026-03-18,948406.0,PSE
PG-007187,FE-007143,2026-03-18,1645199.0,Transferencia
PG-007188,FE-007144,2026-03-18,2269551.0,Transferencia
PG-007189,FE-007188,2026-03-18,1384620.0,Transferencia
PG-007190,FE-007190,2026-03-18,1432557.0,Transferencia
PG-007191,FE-007207,2026-03-18,1930481.0,Consignación
PG-007192,FE-007230,2026-03-18,736304.0,Transferencia
PG-007193,FE-007247,2026-03-18,4634253.0,Transferencia
PG-007194,FE-007259,2026-03-18,1413864.0,Transferencia
PG-007195,FE-007266,2026-03-18,4172016.0,Cheque
PG-007196,FE-007276,2026-03-18,1520292.0,PSE
PG-007197,FE-007293,2026-03-18,344797.0,Transferencia
PG-007198,FE-007308,2026-03-18,413110.0,PSE
PG-007199,FE-007346,2026-03-18,1520166.0,PSE
PG-007200,FE-007351,2026-03-18,2017918.0,PSE
PG-007201,FE-007425,2026-03-18,1441224.0,Consignación
PG-007202,FE-007470,2026-03-18,1294164.0,Cheque
PG-007203,FE-007486,2026-03-18,1368637.0,Transferencia
PG-007204,FE-007512,2026-03-18,171637.0,Consignación
PG-007205,FE-007518,2026-03-18,203802.0,PSE
PG-007206,FE-007582,2026-03-18,834660.0,Transferencia
PG-007207,FE-007648,2026-03-18,2783299.0,PSE
PG-007208,FE-007661,2026-03-18,438533.0,Transferencia
PG-007209,FE-007747,2026-03-18,861404.0,Consignación
PG-007210,FE-007749,2026-03-18,522686.0,Transferencia
PG-007211,FE-007815,2026-03-18,437462.0,Transferencia
PG-007212,FE-007868,2026-03-18,104996.0,Transferencia
PG-007213,FE-007870,2026-03-18,126402.0,Transferencia
PG-007214,FE-007985,2026-03-18,150342.0,Consignación
PG-007215,FE-008012,2026-03-18,309325.0,Transferencia
PG-007216,FE-008015,2026-03-18,365054.0,Consignación
PG-007217,FE-008049,2026-03-18,440632.0,Transferencia
PG-007218,FE-008066,2026-03-18,303813.0,Transferencia
PG-007219,FE-008083,2026-03-18,125679.0,Transferencia
PG-007220,FE-008227,2026-03-18,293568.0,Transferencia
PG-007221,FE-008245,2026-03-18,180667.0,Cheque
PG-007222,FE-008576,2026-03-18,392413.0,Transferencia
PG-007223,FE-006102,2026-03-19,8566909.0,PSE
PG-007224,FE-006289,2026-03-19,7121604.0,Transferencia
PG-007225,FE-006340,2026-03-19,1688017.0,Transferencia
PG-007226,FE-006367,2026-03-19,5581781.0,PSE
PG-007227,FE-006479,2026-03-19,3346262.0,Cheque
PG-007228,FE-006485,2026-03-19,3819022.0,Transferencia
PG-007229,FE-006496,2026-03-19,920617.0,Transferencia
PG-007230,FE-006507,2026-03-19,2179675.0,Transferencia
PG-007231,FE-006519,2026-03-19,3527193.0,Transferencia
PG-007232,FE-006541,2026-03-19,4105239.0,PSE
PG-007233,FE-006615,2026-03-19,1587333.0,Transferencia
PG-007234,FE-006648,2026-03-19,4336114.0,Transferencia
PG-007235,FE-006693,2026-03-19,3084441.0,PSE
PG-007236,FE-006728,2026-03-19,4082670.0,Transferencia
PG-007237,FE-006734,2026-03-19,2641456.0,Transferencia
PG-007238,FE-007012,2026-03-19,4034828.0,Transferencia
PG-007239,FE-007024,2026-03-19,1137840.0,Transferencia
PG-007240,FE-007033,2026-03-19,631183.0,Transferencia
PG-007241,FE-007037,2026-03-19,440265.0,Transferencia
PG-007242,FE-007049,2026-03-19,1963432.0,PSE
PG-007243,FE-007067,2026-03-19,876821.0,Consignación
PG-007244,FE-007092,2026-03-19,585015.0,PSE
PG-007245,FE-007109,2026-03-19,767272.0,Consignación
PG-007246,FE-007122,2026-03-19,4455919.0,Transferencia
PG-007247,FE-007136,2026-03-19,721088.0,Consignación
PG-007248,FE-007174,2026-03-19,6196870.0,Consignación
PG-007249,FE-007199,2026-03-19,3062903.0,Transferencia
PG-007250,FE-007343,2026-03-19,897271.0,Consignación
PG-007251,FE-007372,2026-03-19,829078.0,Cheque
PG-007252,FE-007419,2026-03-19,1231834.0,Transferencia
PG-007253,FE-007420,2026-03-19,4835100.0,Consignación
PG-007254,FE-007521,2026-03-19,144497.0,Cheque
PG-007255,FE-007561,2026-03-19,286709.0,Transferencia
PG-007256,FE-007575,2026-03-19,525152.0,Transferencia
PG-007257,FE-007606,2026-03-19,444227.0,Consignación
PG-007258,FE-007644,2026-03-19,139088.0,PSE
PG-007259,FE-007652,2026-03-19,538172.0,Transferencia
PG-007260,FE-007660,2026-03-19,94191.0,Transferencia
PG-007261,FE-007695,2026-03-19,656815.0,Transferencia
PG-007262,FE-007725,2026-03-19,1022214.0,Transferencia
PG-007263,FE-007736,2026-03-19,675816.0,Transferencia
PG-007264,FE-007812,2026-03-19,68351.0,Transferencia
PG-007265,FE-007848,2026-03-19,142013.0,Transferencia
PG-007266,FE-007928,2026-03-19,17910.0,Transferencia
PG-007267,FE-007943,2026-03-19,489176.0,PSE
PG-007268,FE-008031,2026-03-19,99603.0,Cheque
PG-007269,FE-008079,2026-03-19,1636413.0,Transferencia
PG-007270,FE-008130,2026-03-19,307196.0,PSE
PG-007271,FE-008157,2026-03-19,490593.0,Transferencia
PG-007272,FE-008281,2026-03-19,2183374.0,Transferencia
PG-007273,FE-008296,2026-03-19,606132.0,Transferencia
PG-007274,FE-008739,2026-03-19,336164.0,Consignación
PG-007275,FE-006351,2026-03-20,8214864.0,Cheque
PG-007276,FE-006401,2026-03-20,448798.0,Transferencia
PG-007277,FE-006404,2026-03-20,2158153.0,Transferencia
PG-007278,FE-006424,2026-03-20,4683528.0,Consignación
PG-007279,FE-006518,2026-03-20,6681899.0,Cheque
PG-007280,FE-006611,2026-03-20,2304762.0,PSE
PG-007281,FE-006792,2026-03-20,97862.0,Consignación
PG-007282,FE-006826,2026-03-20,1651699.0,Consignación
PG-007283,FE-006836,2026-03-20,212464.0,Transferencia
PG-007284,FE-006866,2026-03-20,8792811.0,Transferencia
PG-007285,FE-006874,2026-03-20,2173466.0,Consignación
PG-007286,FE-006911,2026-03-20,2840412.0,PSE
PG-007287,FE-007006,2026-03-20,586411.0,PSE
PG-007288,FE-007062,2026-03-20,2175395.0,Consignación
PG-007289,FE-007086,2026-03-20,687949.0,Transferencia
PG-007290,FE-007119,2026-03-20,758627.0,PSE
PG-007291,FE-007120,2026-03-20,423409.0,Transferencia
PG-007292,FE-007150,2026-03-20,1088993.0,Transferencia
PG-007293,FE-007164,2026-03-20,813041.0,Cheque
PG-007294,FE-007171,2026-03-20,1170040.0,Transferencia
PG-007295,FE-007221,2026-03-20,1068470.0,Transferencia
PG-007296,FE-007243,2026-03-20,1660708.0,Transferencia
PG-007297,FE-007291,2026-03-20,474833.0,Transferencia
PG-007298,FE-007306,2026-03-20,3911117.0,Transferencia
PG-007299,FE-007327,2026-03-20,85692.0,Transferencia
PG-007300,FE-007328,2026-03-20,344717.0,Transferencia
PG-007301,FE-007352,2026-03-20,1394417.0,Consignación
PG-007302,FE-007494,2026-03-20,453234.0,Transferencia
PG-007303,FE-007546,2026-03-20,196117.0,Transferencia
PG-007304,FE-007558,2026-03-20,1340066.0,Transferencia
PG-007305,FE-007597,2026-03-20,353086.0,PSE
PG-007306,FE-007662,2026-03-20,462547.0,Transferencia
PG-007307,FE-007681,2026-03-20,106401.0,Transferencia
PG-007308,FE-007701,2026-03-20,1240575.0,Transferencia
PG-007309,FE-007726,2026-03-20,338534.0,PSE
PG-007310,FE-007759,2026-03-20,404270.0,PSE
PG-007311,FE-007794,2026-03-20,250433.0,PSE
PG-007312,FE-007860,2026-03-20,450107.0,Consignación
PG-007313,FE-007865,2026-03-20,199117.0,Transferencia
PG-007314,FE-007967,2026-03-20,547596.0,PSE
PG-007315,FE-008039,2026-03-20,247878.0,Transferencia
PG-007316,FE-008057,2026-03-20,277025.0,Transferencia
PG-007317,FE-008307,2026-03-20,190105.0,Cheque
PG-007318,FE-008462,2026-03-20,803282.0,Transferencia
PG-007319,FE-008494,2026-03-20,1021278.0,Transferencia
PG-007320,FE-006290,2026-03-21,2076926.0,Cheque
PG-007321,FE-006426,2026-03-21,1663634.0,Transferencia
PG-007322,FE-006511,2026-03-21,880886.0,Transferencia
PG-007323,FE-006529,2026-03-21,4356885.0,Transferencia
PG-007324,FE-006531,2026-03-21,608637.0,Transferencia
PG-007325,FE-006561,2026-03-21,2230158.0,Transferencia
PG-007326,FE-006589,2026-03-21,1378442.0,Consignación
PG-007327,FE-006597,2026-03-21,1775234.0,Transferencia
PG-007328,FE-006729,2026-03-21,3266468.0,PSE
PG-007329,FE-006743,2026-03-21,2435842.0,Consignación
PG-007330,FE-006818,2026-03-21,2715396.0,Cheque
PG-007331,FE-006851,2026-03-21,1035902.0,Transferencia
PG-007332,FE-006856,2026-03-21,2384853.0,Cheque
PG-007333,FE-006917,2026-03-21,174440.0,Transferencia
PG-007334,FE-006959,2026-03-21,585024.0,Transferencia
PG-007335,FE-006963,2026-03-21,4225734.0,Consignación
PG-007336,FE-006996,2026-03-21,143900.0,Transferencia
PG-007337,FE-007023,2026-03-21,5051031.0,Transferencia
PG-007338,FE-007066,2026-03-21,4927976.0,Transferencia
PG-007339,FE-007095,2026-03-21,195197.0,Consignación
PG-007340,FE-007098,2026-03-21,1586547.0,Transferencia
PG-007341,FE-007105,2026-03-21,1134101.0,Transferencia
PG-007342,FE-007197,2026-03-21,2162176.0,Transferencia
PG-007343,FE-007201,2026-03-21,743832.0,Cheque
PG-007344,FE-007226,2026-03-21,2529598.0,Transferencia
PG-007345,FE-007238,2026-03-21,1105518.0,Transferencia
PG-007346,FE-007263,2026-03-21,188799.0,Cheque
PG-007347,FE-007382,2026-03-21,5631107.0,PSE
PG-007348,FE-007415,2026-03-21,4910756.0,Transferencia
PG-007349,FE-007482,2026-03-21,1540669.0,Cheque
PG-007350,FE-007510,2026-03-21,462480.0,PSE
PG-007351,FE-007570,2026-03-21,1423971.0,Transferencia
PG-007352,FE-007640,2026-03-21,5370671.0,Transferencia
PG-007353,FE-007649,2026-03-21,3103026.0,Consignación
PG-007354,FE-007723,2026-03-21,383641.0,PSE
PG-007355,FE-007824,2026-03-21,196611.0,Transferencia
PG-007356,FE-007897,2026-03-21,249151.0,Transferencia
PG-007357,FE-007912,2026-03-21,493635.0,PSE
PG-007358,FE-007921,2026-03-21,494773.0,Transferencia
PG-007359,FE-007923,2026-03-21,60218.0,Transferencia
PG-007360,FE-007926,2026-03-21,1040695.0,Consignación
PG-007361,FE-007947,2026-03-21,69813.0,Transferencia
PG-007362,FE-008004,2026-03-21,365857.0,PSE
PG-007363,FE-008061,2026-03-21,329277.0,PSE
PG-007364,FE-008067,2026-03-21,272639.0,Cheque
PG-007365,FE-008145,2026-03-21,71955.0,Transferencia
PG-007366,FE-008232,2026-03-21,231407.0,Cheque
PG-007367,FE-008239,2026-03-21,1710142.0,PSE
PG-007368,FE-008277,2026-03-21,292313.0,PSE
PG-007369,FE-008283,2026-03-21,314020.0,Consignación
PG-007370,FE-008297,2026-03-21,181689.0,Transferencia
PG-007371,FE-008422,2026-03-21,468515.0,Transferencia
PG-007372,FE-008470,2026-03-21,758510.0,Transferencia
PG-007373,FE-006329,2026-03-22,2649559.0,Transferencia
PG-007374,FE-006345,2026-03-22,5206662.0,Transferencia
PG-007375,FE-006365,2026-03-22,274625.0,Transferencia
PG-007376,FE-006478,2026-03-22,1229460.0,Transferencia
PG-007377,FE-006483,2026-03-22,580809.0,Transferencia
PG-007378,FE-006539,2026-03-22,1456329.0,Consignación
PG-007379,FE-006821,2026-03-22,2021770.0,Transferencia
PG-007380,FE-006837,2026-03-22,769627.0,Transferencia
PG-007381,FE-006889,2026-03-22,2601558.0,Transferencia
PG-007382,FE-006904,2026-03-22,1242381.0,Transferencia
PG-007383,FE-006932,2026-03-22,620245.0,Consignación
PG-007384,FE-006953,2026-03-22,1026235.0,PSE
PG-007385,FE-006981,2026-03-22,548609.0,Transferencia
PG-007386,FE-006985,2026-03-22,5681592.0,Transferencia
PG-007387,FE-007009,2026-03-22,1271359.0,Transferencia
PG-007388,FE-007021,2026-03-22,2921557.0,Transferencia
PG-007389,FE-007044,2026-03-22,1962930.0,Transferencia
PG-007390,FE-007052,2026-03-22,399852.0,Transferencia
PG-007391,FE-007087,2026-03-22,3838946.0,Cheque
PG-007392,FE-007134,2026-03-22,5469204.0,PSE
PG-007393,FE-007154,2026-03-22,3071717.0,Transferencia
PG-007394,FE-007169,2026-03-22,530225.0,Transferencia
PG-007395,FE-007198,2026-03-22,3191579.0,PSE
PG-007396,FE-007212,2026-03-22,2362349.0,Transferencia
PG-007397,FE-007218,2026-03-22,2574335.0,Consignación
PG-007398,FE-007220,2026-03-22,59853.0,Transferencia
PG-007399,FE-007224,2026-03-22,244010.0,PSE
PG-007400,FE-007229,2026-03-22,6323403.0,PSE
PG-007401,FE-007265,2026-03-22,1478375.0,Transferencia
PG-007402,FE-007297,2026-03-22,1711494.0,Transferencia
PG-007403,FE-007323,2026-03-22,423421.0,Transferencia
PG-007404,FE-007355,2026-03-22,3742651.0,Transferencia
PG-007405,FE-007364,2026-03-22,310582.0,Transferencia
PG-007406,FE-007394,2026-03-22,1771035.0,PSE
PG-007407,FE-007405,2026-03-22,2798616.0,Transferencia
PG-007408,FE-007473,2026-03-22,875124.0,PSE
PG-007409,FE-007484,2026-03-22,338065.0,Transferencia
PG-007410,FE-007497,2026-03-22,3411636.0,PSE
PG-007411,FE-007506,2026-03-22,167270.0,Transferencia
PG-007412,FE-007526,2026-03-22,1399104.0,Transferencia
PG-007413,FE-007532,2026-03-22,423651.0,Transferencia
PG-007414,FE-007605,2026-03-22,1653081.0,Transferencia
PG-007415,FE-007682,2026-03-22,278516.0,Transferencia
PG-007416,FE-007704,2026-03-22,288887.0,Transferencia
PG-007417,FE-007839,2026-03-22,210237.0,PSE
PG-007418,FE-007866,2026-03-22,63832.0,Transferencia
PG-007419,FE-007891,2026-03-22,1021191.0,PSE
PG-007420,FE-007941,2026-03-22,140143.0,Consignación
PG-007421,FE-007945,2026-03-22,1278174.0,Transferencia
PG-007422,FE-007976,2026-03-22,604649.0,Transferencia
PG-007423,FE-007996,2026-03-22,440634.0,PSE
PG-007424,FE-008076,2026-03-22,262550.0,Consignación
PG-007425,FE-008102,2026-03-22,757343.0,Cheque
PG-007426,FE-008103,2026-03-22,22986.0,Transferencia
PG-007427,FE-008179,2026-03-22,338981.0,Consignación
PG-007428,FE-008355,2026-03-22,138132.0,PSE
PG-007429,FE-008372,2026-03-22,53198.0,Cheque
PG-007430,FE-006423,2026-03-23,2095868.0,Transferencia
PG-007431,FE-006571,2026-03-23,2061815.0,Consignación
PG-007432,FE-006719,2026-03-23,2339915.0,Transferencia
PG-007433,FE-006765,2026-03-23,2361457.0,Transferencia
PG-007434,FE-006811,2026-03-23,2364707.0,Transferencia
PG-007435,FE-006907,2026-03-23,1617204.0,Transferencia
PG-007436,FE-006973,2026-03-23,2024459.0,Consignación
PG-007437,FE-006999,2026-03-23,2056838.0,Transferencia
PG-007438,FE-007053,2026-03-23,1890583.0,Consignación
PG-007439,FE-007173,2026-03-23,503650.0,PSE
PG-007440,FE-007185,2026-03-23,1074227.0,Consignación
PG-007441,FE-007233,2026-03-23,340476.0,Transferencia
PG-007442,FE-007250,2026-03-23,2951465.0,Transferencia
PG-007443,FE-007262,2026-03-23,3392157.0,Cheque
PG-007444,FE-007284,2026-03-23,1123431.0,Transferencia
PG-007445,FE-007332,2026-03-23,2945202.0,PSE
PG-007446,FE-007379,2026-03-23,1725845.0,Transferencia
PG-007447,FE-007388,2026-03-23,1199021.0,Cheque
PG-007448,FE-007451,2026-03-23,1920422.0,Transferencia
PG-007449,FE-007466,2026-03-23,3550842.0,Transferencia
PG-007450,FE-007489,2026-03-23,244758.0,Transferencia
PG-007451,FE-007509,2026-03-23,1016023.0,Consignación
PG-007452,FE-007537,2026-03-23,527465.0,Transferencia
PG-007453,FE-007554,2026-03-23,1163227.0,Transferencia
PG-007454,FE-007556,2026-03-23,986448.0,Transferencia
PG-007455,FE-007573,2026-03-23,1067643.0,Transferencia
PG-007456,FE-007619,2026-03-23,2034080.0,Transferencia
PG-007457,FE-007683,2026-03-23,1647509.0,Transferencia
PG-007458,FE-007692,2026-03-23,809689.0,Transferencia
PG-007459,FE-007784,2026-03-23,6700482.0,Transferencia
PG-007460,FE-007805,2026-03-23,696860.0,Transferencia
PG-007461,FE-007834,2026-03-23,381960.0,Transferencia
PG-007462,FE-007890,2026-03-23,615468.0,Transferencia
PG-007463,FE-007987,2026-03-23,445048.0,Consignación
PG-007464,FE-008019,2026-03-23,386884.0,Transferencia
PG-007465,FE-008056,2026-03-23,464121.0,PSE
PG-007466,FE-008093,2026-03-23,829255.0,Cheque
PG-007467,FE-008112,2026-03-23,26109.0,Transferencia
PG-007468,FE-008174,2026-03-23,304458.0,PSE
PG-007469,FE-008183,2026-03-23,224853.0,PSE
PG-007470,FE-008195,2026-03-23,1021955.0,Transferencia
PG-007471,FE-008197,2026-03-23,197034.0,Transferencia
PG-007472,FE-008214,2026-03-23,209916.0,Cheque
PG-007473,FE-008215,2026-03-23,744206.0,PSE
PG-007474,FE-008240,2026-03-23,932315.0,Consignación
PG-007475,FE-008280,2026-03-23,941676.0,PSE
PG-007476,FE-008291,2026-03-23,55245.0,Transferencia
PG-007477,FE-008361,2026-03-23,3799223.0,PSE
PG-007478,FE-008407,2026-03-23,407570.0,Transferencia
PG-007479,FE-008433,2026-03-23,132929.0,Cheque
PG-007480,FE-008442,2026-03-23,291238.0,PSE
PG-007481,FE-008483,2026-03-23,287115.0,PSE
PG-007482,FE-008511,2026-03-23,69359.0,Transferencia
PG-007483,FE-008538,2026-03-23,111216.0,Transferencia
PG-007484,FE-008589,2026-03-23,871893.0,Consignación
PG-007485,FE-008621,2026-03-23,1234155.0,PSE
PG-007486,FE-008933,2026-03-23,356785.0,Transferencia
PG-007487,FE-006453,2026-03-24,2743550.0,Transferencia
PG-007488,FE-006629,2026-03-24,2323987.0,PSE
PG-007489,FE-006680,2026-03-24,2381580.0,Transferencia
PG-007490,FE-006683,2026-03-24,919476.0,Consignación
PG-007491,FE-006786,2026-03-24,1021288.0,Transferencia
PG-007492,FE-006803,2026-03-24,861448.0,Cheque
PG-007493,FE-006969,2026-03-24,4210684.0,Transferencia
PG-007494,FE-006994,2026-03-24,2262320.0,Consignación
PG-007495,FE-007039,2026-03-24,774581.0,Transferencia
PG-007496,FE-007071,2026-03-24,1486280.0,Transferencia
PG-007497,FE-007084,2026-03-24,157819.0,Transferencia
PG-007498,FE-007116,2026-03-24,1456988.0,Consignación
PG-007499,FE-007159,2026-03-24,154282.0,Consignación
PG-007500,FE-007232,2026-03-24,869572.0,Transferencia
PG-007501,FE-007234,2026-03-24,110080.0,Transferencia
PG-007502,FE-007283,2026-03-24,620291.0,Cheque
PG-007503,FE-007321,2026-03-24,1254519.0,Consignación
PG-007504,FE-007334,2026-03-24,1116980.0,Transferencia
PG-007505,FE-007359,2026-03-24,84526.0,Transferencia
PG-007506,FE-007362,2026-03-24,393274.0,PSE
PG-007507,FE-007389,2026-03-24,820647.0,Transferencia
PG-007508,FE-007410,2026-03-24,250280.0,Consignación
PG-007509,FE-007491,2026-03-24,232208.0,Transferencia
PG-007510,FE-007525,2026-03-24,1979089.0,PSE
PG-007511,FE-007579,2026-03-24,836625.0,Transferencia
PG-007512,FE-007626,2026-03-24,2010656.0,Transferencia
PG-007513,FE-007657,2026-03-24,3600003.0,PSE
PG-007514,FE-007669,2026-03-24,738366.0,Transferencia
PG-007515,FE-007690,2026-03-24,4958052.0,Consignación
PG-007516,FE-007740,2026-03-24,293352.0,Transferencia
PG-007517,FE-007757,2026-03-24,1261457.0,Transferencia
PG-007518,FE-007810,2026-03-24,1027575.0,Transferencia
PG-007519,FE-007837,2026-03-24,336026.0,Transferencia
PG-007520,FE-008050,2026-03-24,2065988.0,Transferencia
PG-007521,FE-008188,2026-03-24,1105947.0,Cheque
PG-007522,FE-008190,2026-03-24,373132.0,Transferencia
PG-007523,FE-008200,2026-03-24,336866.0,Transferencia
PG-007524,FE-008228,2026-03-24,577845.0,Transferencia
PG-007525,FE-008229,2026-03-24,569970.0,Transferencia
PG-007526,FE-008274,2026-03-24,389161.0,Transferencia
PG-007527,FE-008406,2026-03-24,534836.0,Cheque
PG-007528,FE-008512,2026-03-24,226744.0,Transferencia
PG-007529,FE-009023,2026-03-24,559794.0,Transferencia
PG-007530,FE-006162,2026-03-25,3666220.0,Transferencia
PG-007531,FE-006465,2026-03-25,2047055.0,Transferencia
PG-007532,FE-006674,2026-03-25,846096.0,Transferencia
PG-007533,FE-006718,2026-03-25,11222050.0,Transferencia
PG-007534,FE-006802,2026-03-25,2069496.0,Transferencia
PG-007535,FE-007054,2026-03-25,2204663.0,Transferencia
PG-007536,FE-007128,2026-03-25,3220779.0,Transferencia
PG-007537,FE-007203,2026-03-25,735281.0,Transferencia
PG-007538,FE-007217,2026-03-25,708947.0,PSE
PG-007539,FE-007295,2026-03-25,1781685.0,Cheque
PG-007540,FE-007307,2026-03-25,442929.0,Consignación
PG-007541,FE-007317,2026-03-25,2878011.0,Transferencia
PG-007542,FE-007340,2026-03-25,251806.0,Transferencia
PG-007543,FE-007349,2026-03-25,668825.0,Consignación
PG-007544,FE-007353,2026-03-25,839184.0,PSE
PG-007545,FE-007363,2026-03-25,1721005.0,PSE
PG-007546,FE-007374,2026-03-25,1987386.0,Transferencia
PG-007547,FE-007409,2026-03-25,799196.0,PSE
PG-007548,FE-007414,2026-03-25,5007153.0,PSE
PG-007549,FE-007531,2026-03-25,2688109.0,Transferencia
PG-007550,FE-007563,2026-03-25,269802.0,Transferencia
PG-007551,FE-007647,2026-03-25,3923388.0,PSE
PG-007552,FE-007710,2026-03-25,377682.0,PSE
PG-007553,FE-007724,2026-03-25,1723895.0,PSE
PG-007554,FE-007764,2026-03-25,690111.0,Transferencia
PG-007555,FE-007778,2026-03-25,5549534.0,Transferencia
PG-007556,FE-007803,2026-03-25,704398.0,Transferencia
PG-007557,FE-007892,2026-03-25,1332034.0,Transferencia
PG-007558,FE-007903,2026-03-25,344600.0,Cheque
PG-007559,FE-007964,2026-03-25,942562.0,Transferencia
PG-007560,FE-007973,2026-03-25,712338.0,PSE
PG-007561,FE-007986,2026-03-25,334485.0,Transferencia
PG-007562,FE-008037,2026-03-25,380933.0,Transferencia
PG-007563,FE-008047,2026-03-25,2401181.0,Transferencia
PG-007564,FE-008080,2026-03-25,659829.0,Cheque
PG-007565,FE-008117,2026-03-25,479652.0,PSE
PG-007566,FE-008199,2026-03-25,407463.0,Transferencia
PG-007567,FE-008218,2026-03-25,780019.0,Cheque
PG-007568,FE-008241,2026-03-25,1068632.0,Transferencia
PG-007569,FE-008257,2026-03-25,530800.0,Cheque
PG-007570,FE-008305,2026-03-25,2018131.0,PSE
PG-007571,FE-008310,2026-03-25,98445.0,Transferencia
PG-007572,FE-008314,2026-03-25,130697.0,PSE
PG-007573,FE-008362,2026-03-25,1749714.0,Transferencia
PG-007574,FE-008423,2026-03-25,173464.0,Consignación
PG-007575,FE-008453,2026-03-25,132145.0,Transferencia
PG-007576,FE-008525,2026-03-25,367480.0,Transferencia
PG-007577,FE-008571,2026-03-25,258498.0,PSE
PG-007578,FE-008858,2026-03-25,992475.0,Transferencia
PG-007579,FE-006357,2026-03-26,2246991.0,Transferencia
PG-007580,FE-006512,2026-03-26,9141202.0,PSE
PG-007581,FE-006643,2026-03-26,7110313.0,Transferencia
PG-007582,FE-006706,2026-03-26,1769135.0,Transferencia
PG-007583,FE-006781,2026-03-26,1530529.0,Transferencia
PG-007584,FE-006784,2026-03-26,4115972.0,Transferencia
PG-007585,FE-006785,2026-03-26,5969803.0,Transferencia
PG-007586,FE-006941,2026-03-26,2007839.0,Transferencia
PG-007587,FE-007129,2026-03-26,3101765.0,PSE
PG-007588,FE-007151,2026-03-26,943244.0,Transferencia
PG-007589,FE-007156,2026-03-26,536541.0,Transferencia
PG-007590,FE-007204,2026-03-26,1842014.0,Transferencia
PG-007591,FE-007227,2026-03-26,2358156.0,PSE
PG-007592,FE-007272,2026-03-26,2549448.0,Consignación
PG-007593,FE-007279,2026-03-26,1656273.0,Transferencia
PG-007594,FE-007298,2026-03-26,2296474.0,Transferencia
PG-007595,FE-007324,2026-03-26,2112921.0,Transferencia
PG-007596,FE-007326,2026-03-26,2255983.0,Transferencia
PG-007597,FE-007342,2026-03-26,2435527.0,Transferencia
PG-007598,FE-007367,2026-03-26,2162914.0,Transferencia
PG-007599,FE-007378,2026-03-26,1638093.0,Consignación
PG-007600,FE-007399,2026-03-26,3959479.0,Transferencia
PG-007601,FE-007404,2026-03-26,2674299.0,Transferencia
PG-007602,FE-007455,2026-03-26,18853.0,Transferencia
PG-007603,FE-007485,2026-03-26,2412420.0,Consignación
PG-007604,FE-007498,2026-03-26,564078.0,Transferencia
PG-007605,FE-007557,2026-03-26,506494.0,Transferencia
PG-007606,FE-007679,2026-03-26,612532.0,Consignación
PG-007607,FE-007730,2026-03-26,394785.0,Consignación
PG-007608,FE-007779,2026-03-26,4840664.0,Transferencia
PG-007609,FE-007838,2026-03-26,170611.0,Consignación
PG-007610,FE-007956,2026-03-26,3205038.0,PSE
PG-007611,FE-007966,2026-03-26,1010159.0,Cheque
PG-007612,FE-007971,2026-03-26,1190994.0,Transferencia
PG-007613,FE-007990,2026-03-26,612393.0,Transferencia
PG-007614,FE-008059,2026-03-26,17184.0,Cheque
PG-007615,FE-008084,2026-03-26,2931332.0,PSE
PG-007616,FE-008104,2026-03-26,391042.0,PSE
PG-007617,FE-008127,2026-03-26,49953.0,Transferencia
PG-007618,FE-008148,2026-03-26,229914.0,Transferencia
PG-007619,FE-008154,2026-03-26,228449.0,Transferencia
PG-007620,FE-008170,2026-03-26,891348.0,PSE
PG-007621,FE-008193,2026-03-26,325947.0,Transferencia
PG-007622,FE-008251,2026-03-26,662436.0,Transferencia
PG-007623,FE-008260,2026-03-26,816025.0,Transferencia
PG-007624,FE-008399,2026-03-26,184990.0,Transferencia
PG-007625,FE-008437,2026-03-26,85654.0,Transferencia
PG-007626,FE-008490,2026-03-26,385597.0,Cheque
PG-007627,FE-008661,2026-03-26,132510.0,Transferencia
PG-007628,FE-008693,2026-03-26,659978.0,Transferencia
PG-007629,FE-008787,2026-03-26,937843.0,Transferencia
PG-007630,FE-008849,2026-03-26,88858.0,Transferencia
PG-007631,FE-008860,2026-03-26,873158.0,Transferencia
PG-007632,FE-008897,2026-03-26,43138.0,Transferencia
PG-007633,FE-006454,2026-03-27,9110295.0,Consignación
PG-007634,FE-006660,2026-03-27,8384739.0,PSE
PG-007635,FE-006724,2026-03-27,3071760.0,Transferencia
PG-007636,FE-006795,2026-03-27,444899.0,Transferencia
PG-007637,FE-006842,2026-03-27,790954.0,Transferencia
PG-007638,FE-006850,2026-03-27,985907.0,PSE
PG-007639,FE-006878,2026-03-27,397712.0,Transferencia
PG-007640,FE-006919,2026-03-27,146397.0,Consignación
PG-007641,FE-006977,2026-03-27,188050.0,Transferencia
PG-007642,FE-007003,2026-03-27,1033739.0,Transferencia
PG-007643,FE-007026,2026-03-27,1012760.0,Cheque
PG-007644,FE-007181,2026-03-27,1304996.0,Transferencia
PG-007645,FE-007209,2026-03-27,910323.0,Transferencia
PG-007646,FE-007315,2026-03-27,1949497.0,PSE
PG-007647,FE-007322,2026-03-27,704068.0,PSE
PG-007648,FE-007344,2026-03-27,3274145.0,PSE
PG-007649,FE-007356,2026-03-27,1628252.0,Cheque
PG-007650,FE-007360,2026-03-27,575897.0,Transferencia
PG-007651,FE-007375,2026-03-27,3218738.0,Transferencia
PG-007652,FE-007391,2026-03-27,4559934.0,PSE
PG-007653,FE-007398,2026-03-27,2219358.0,Transferencia
PG-007654,FE-007433,2026-03-27,713956.0,PSE
PG-007655,FE-007463,2026-03-27,195887.0,PSE
PG-007656,FE-007465,2026-03-27,334855.0,Transferencia
PG-007657,FE-007540,2026-03-27,538304.0,Transferencia
PG-007658,FE-007576,2026-03-27,2366785.0,Consignación
PG-007659,FE-007580,2026-03-27,650016.0,Cheque
PG-007660,FE-007592,2026-03-27,3003853.0,Consignación
PG-007661,FE-007603,2026-03-27,783519.0,Consignación
PG-007662,FE-007617,2026-03-27,551107.0,Transferencia
PG-007663,FE-007620,2026-03-27,767007.0,Transferencia
PG-007664,FE-007645,2026-03-27,240268.0,Cheque
PG-007665,FE-007720,2026-03-27,2576076.0,Transferencia
PG-007666,FE-007746,2026-03-27,1799717.0,Transferencia
PG-007667,FE-007753,2026-03-27,2446609.0,Transferencia
PG-007668,FE-007770,2026-03-27,120042.0,Transferencia
PG-007669,FE-007785,2026-03-27,2088343.0,Transferencia
PG-007670,FE-007802,2026-03-27,4893999.0,Transferencia
PG-007671,FE-007888,2026-03-27,2478249.0,Transferencia
PG-007672,FE-007889,2026-03-27,766723.0,Transferencia
PG-007673,FE-008034,2026-03-27,594173.0,Transferencia
PG-007674,FE-008070,2026-03-27,477122.0,Cheque
PG-007675,FE-008090,2026-03-27,299828.0,PSE
PG-007676,FE-008138,2026-03-27,349695.0,Transferencia
PG-007677,FE-008333,2026-03-27,1772569.0,Transferencia
PG-007678,FE-008350,2026-03-27,816629.0,Transferencia
PG-007679,FE-008378,2026-03-27,425734.0,Transferencia
PG-007680,FE-008419,2026-03-27,3536498.0,Transferencia
PG-007681,FE-008451,2026-03-27,1167629.0,Transferencia
PG-007682,FE-008481,2026-03-27,521366.0,PSE
PG-007683,FE-008497,2026-03-27,1209974.0,Transferencia
PG-007684,FE-008529,2026-03-27,156439.0,Transferencia
PG-007685,FE-008530,2026-03-27,725554.0,Transferencia
PG-007686,FE-008532,2026-03-27,252869.0,Transferencia
PG-007687,FE-008536,2026-03-27,330971.0,Transferencia
PG-007688,FE-008537,2026-03-27,1031561.0,Transferencia
PG-007689,FE-008551,2026-03-27,202914.0,Cheque
PG-007690,FE-008573,2026-03-27,18322.0,Transferencia
PG-007691,FE-008636,2026-03-27,430269.0,Transferencia
PG-007692,FE-008719,2026-03-27,947816.0,Transferencia
PG-007693,FE-006328,2026-03-28,6974614.0,PSE
PG-007694,FE-006677,2026-03-28,684975.0,Transferencia
PG-007695,FE-006685,2026-03-28,5175615.0,Transferencia
PG-007696,FE-006750,2026-03-28,5050638.0,PSE
PG-007697,FE-006759,2026-03-28,506013.0,Transferencia
PG-007698,FE-006997,2026-03-28,83783.0,Cheque
PG-007699,FE-007064,2026-03-28,880770.0,Cheque
PG-007700,FE-007075,2026-03-28,1720711.0,Cheque
PG-007701,FE-007139,2026-03-28,1331240.0,Transferencia
PG-007702,FE-007253,2026-03-28,1822446.0,Transferencia
PG-007703,FE-007280,2026-03-28,1169113.0,PSE
PG-007704,FE-007314,2026-03-28,6821035.0,Consignación
PG-007705,FE-007380,2026-03-28,1670922.0,Consignación
PG-007706,FE-007439,2026-03-28,356812.0,Cheque
PG-007707,FE-007448,2026-03-28,3110925.0,Cheque
PG-007708,FE-007476,2026-03-28,7466291.0,PSE
PG-007709,FE-007551,2026-03-28,1237161.0,Transferencia
PG-007710,FE-007593,2026-03-28,2462713.0,Transferencia
PG-007711,FE-007602,2026-03-28,198703.0,Transferencia
PG-007712,FE-007618,2026-03-28,266003.0,Transferencia
PG-007713,FE-007643,2026-03-28,2555382.0,Transferencia
PG-007714,FE-007678,2026-03-28,155783.0,PSE
PG-007715,FE-007699,2026-03-28,44149.0,Transferencia
PG-007716,FE-007716,2026-03-28,2440853.0,Transferencia
PG-007717,FE-007774,2026-03-28,1757103.0,Transferencia
PG-007718,FE-007800,2026-03-28,47817.0,Transferencia
PG-007719,FE-007807,2026-03-28,477584.0,Transferencia
PG-007720,FE-007830,2026-03-28,463799.0,Transferencia
PG-007721,FE-007832,2026-03-28,558810.0,Transferencia
PG-007722,FE-007849,2026-03-28,2308838.0,Transferencia
PG-007723,FE-007904,2026-03-28,252087.0,Transferencia
PG-007724,FE-007915,2026-03-28,2469533.0,Transferencia
PG-007725,FE-007940,2026-03-28,270378.0,PSE
PG-007726,FE-007957,2026-03-28,94081.0,PSE
PG-007727,FE-007963,2026-03-28,6205742.0,Cheque
PG-007728,FE-007988,2026-03-28,155410.0,Transferencia
PG-007729,FE-008003,2026-03-28,161830.0,Transferencia
PG-007730,FE-008033,2026-03-28,1354514.0,PSE
PG-007731,FE-008045,2026-03-28,634633.0,Transferencia
PG-007732,FE-008123,2026-03-28,58126.0,Transferencia
PG-007733,FE-008141,2026-03-28,653408.0,Transferencia
PG-007734,FE-008163,2026-03-28,88997.0,Transferencia
PG-007735,FE-008168,2026-03-28,345021.0,Transferencia
PG-007736,FE-008219,2026-03-28,365285.0,Transferencia
PG-007737,FE-008263,2026-03-28,412374.0,Transferencia
PG-007738,FE-008306,2026-03-28,134056.0,PSE
PG-007739,FE-008387,2026-03-28,192055.0,Transferencia
PG-007740,FE-008417,2026-03-28,105440.0,Cheque
PG-007741,FE-008435,2026-03-28,1066213.0,Cheque
PG-007742,FE-008441,2026-03-28,236103.0,PSE
PG-007743,FE-008443,2026-03-28,1287154.0,Transferencia
PG-007744,FE-008608,2026-03-28,1026225.0,Consignación
PG-007745,FE-008684,2026-03-28,363252.0,Consignación
PG-007746,FE-008880,2026-03-28,280841.0,Transferencia
PG-007747,FE-008932,2026-03-28,756246.0,PSE
PG-007748,FE-009147,2026-03-28,109643.0,PSE
PG-007749,FE-006742,2026-03-29,2892926.0,PSE
PG-007750,FE-006794,2026-03-29,1551604.0,Consignación
PG-007751,FE-006822,2026-03-29,9540507.0,Transferencia
PG-007752,FE-006864,2026-03-29,1654630.0,PSE
PG-007753,FE-006913,2026-03-29,1002223.0,Cheque
PG-007754,FE-006962,2026-03-29,2307785.0,Transferencia
PG-007755,FE-006983,2026-03-29,4534076.0,Cheque
PG-007756,FE-007000,2026-03-29,2672452.0,Transferencia
PG-007757,FE-007014,2026-03-29,929816.0,PSE
PG-007758,FE-007020,2026-03-29,4936453.0,Transferencia
PG-007759,FE-007034,2026-03-29,2159441.0,Transferencia
PG-007760,FE-007106,2026-03-29,2926765.0,Cheque
PG-007761,FE-007191,2026-03-29,2895920.0,Transferencia
PG-007762,FE-007241,2026-03-29,1368824.0,Transferencia
PG-007763,FE-007331,2026-03-29,1662649.0,Transferencia
PG-007764,FE-007336,2026-03-29,238152.0,Transferencia
PG-007765,FE-007422,2026-03-29,42940.0,PSE
PG-007766,FE-007467,2026-03-29,194002.0,Transferencia
PG-007767,FE-007481,2026-03-29,1675252.0,Transferencia
PG-007768,FE-007490,2026-03-29,2543067.0,Transferencia
PG-007769,FE-007542,2026-03-29,5600283.0,PSE
PG-007770,FE-007559,2026-03-29,2528537.0,Consignación
PG-007771,FE-007562,2026-03-29,1663407.0,Transferencia
PG-007772,FE-007564,2026-03-29,1543876.0,Transferencia
PG-007773,FE-007634,2026-03-29,686193.0,Cheque
PG-007774,FE-007665,2026-03-29,115505.0,Transferencia
PG-007775,FE-007680,2026-03-29,1324058.0,Transferencia
PG-007776,FE-007693,2026-03-29,2876839.0,PSE
PG-007777,FE-007709,2026-03-29,2731528.0,Transferencia
PG-007778,FE-007758,2026-03-29,1719717.0,Transferencia
PG-007779,FE-007761,2026-03-29,2447434.0,Transferencia
PG-007780,FE-007768,2026-03-29,2192336.0,PSE
PG-007781,FE-007867,2026-03-29,2249249.0,PSE
PG-007782,FE-007905,2026-03-29,1613877.0,Consignación
PG-007783,FE-007968,2026-03-29,301592.0,Transferencia
PG-007784,FE-008091,2026-03-29,5091238.0,Transferencia
PG-007785,FE-008124,2026-03-29,238654.0,Transferencia
PG-007786,FE-008147,2026-03-29,2116859.0,Transferencia
PG-007787,FE-008206,2026-03-29,379135.0,Transferencia
PG-007788,FE-008271,2026-03-29,776681.0,PSE
PG-007789,FE-008303,2026-03-29,211996.0,PSE
PG-007790,FE-008309,2026-03-29,369411.0,Transferencia
PG-007791,FE-008324,2026-03-29,249654.0,Transferencia
PG-007792,FE-008477,2026-03-29,287821.0,Consignación
PG-007793,FE-008506,2026-03-29,232903.0,Transferencia
PG-007794,FE-008513,2026-03-29,321114.0,Transferencia
PG-007795,FE-008556,2026-03-29,689128.0,Transferencia
PG-007796,FE-008565,2026-03-29,2923368.0,PSE
PG-007797,FE-009021,2026-03-29,515374.0,Cheque
PG-007798,FE-009282,2026-03-29,539174.0,Transferencia
PG-007799,FE-006437,2026-03-30,2955673.0,Cheque
PG-007800,FE-006807,2026-03-30,4194086.0,Cheque
PG-007801,FE-006844,2026-03-30,2401175.0,PSE
PG-007802,FE-006909,2026-03-30,716142.0,Transferencia
PG-007803,FE-006910,2026-03-30,2150876.0,Transferencia
PG-007804,FE-006968,2026-03-30,5452211.0,PSE
PG-007805,FE-007028,2026-03-30,1349099.0,Transferencia
PG-007806,FE-007133,2026-03-30,2416641.0,Transferencia
PG-007807,FE-007160,2026-03-30,1961492.0,Transferencia
PG-007808,FE-007184,2026-03-30,1046670.0,Transferencia
PG-007809,FE-007261,2026-03-30,1072701.0,PSE
PG-007810,FE-007325,2026-03-30,728501.0,Consignación
PG-007811,FE-007366,2026-03-30,991640.0,Transferencia
PG-007812,FE-007426,2026-03-30,2719420.0,Transferencia
PG-007813,FE-007449,2026-03-30,164582.0,PSE
PG-007814,FE-007511,2026-03-30,1287372.0,Transferencia
PG-007815,FE-007524,2026-03-30,561857.0,Consignación
PG-007816,FE-007549,2026-03-30,2328806.0,Transferencia
PG-007817,FE-007667,2026-03-30,1745277.0,Transferencia
PG-007818,FE-007697,2026-03-30,1351002.0,Consignación
PG-007819,FE-007745,2026-03-30,1143345.0,Transferencia
PG-007820,FE-007767,2026-03-30,230116.0,Transferencia
PG-007821,FE-007776,2026-03-30,614011.0,PSE
PG-007822,FE-007791,2026-03-30,735922.0,Transferencia
PG-007823,FE-007795,2026-03-30,136533.0,PSE
PG-007824,FE-007804,2026-03-30,2705774.0,Transferencia
PG-007825,FE-007813,2026-03-30,1791695.0,Transferencia
PG-007826,FE-007831,2026-03-30,449044.0,Cheque
PG-007827,FE-007835,2026-03-30,7281222.0,PSE
PG-007828,FE-007884,2026-03-30,2589793.0,PSE
PG-007829,FE-007937,2026-03-30,194483.0,Consignación
PG-007830,FE-007955,2026-03-30,371210.0,Cheque
PG-007831,FE-007960,2026-03-30,1001425.0,Transferencia
PG-007832,FE-007977,2026-03-30,325878.0,Transferencia
PG-007833,FE-008001,2026-03-30,33679.0,Transferencia
PG-007834,FE-008126,2026-03-30,681937.0,Transferencia
PG-007835,FE-008161,2026-03-30,657460.0,Transferencia
PG-007836,FE-008224,2026-03-30,272918.0,Consignación
PG-007837,FE-008225,2026-03-30,448534.0,Transferencia
PG-007838,FE-008279,2026-03-30,549388.0,Consignación
PG-007839,FE-008331,2026-03-30,388310.0,Transferencia
PG-007840,FE-008373,2026-03-30,302211.0,PSE
PG-007841,FE-008414,2026-03-30,303934.0,Transferencia
PG-007842,FE-008418,2026-03-30,281071.0,Transferencia
PG-007843,FE-008430,2026-03-30,473665.0,Transferencia
PG-007844,FE-008447,2026-03-30,204419.0,Consignación
PG-007845,FE-008452,2026-03-30,1121489.0,Consignación
PG-007846,FE-008550,2026-03-30,864909.0,Transferencia
PG-007847,FE-008603,2026-03-30,582036.0,Consignación
PG-007848,FE-008743,2026-03-30,821495.0,PSE
PG-007849,FE-008768,2026-03-30,418677.0,Transferencia
PG-007850,FE-008782,2026-03-30,581038.0,PSE
PG-007851,FE-008797,2026-03-30,299740.0,PSE
PG-007852,FE-008817,2026-03-30,222535.0,Transferencia
PG-007853,FE-008871,2026-03-30,422613.0,PSE
PG-007854,FE-008905,2026-03-30,322877.0,Transferencia
PG-007855,FE-006535,2026-03-31,3243128.0,Transferencia
PG-007856,FE-006559,2026-03-31,9953600.0,Transferencia
PG-007857,FE-006692,2026-03-31,1654726.0,Transferencia
PG-007858,FE-006888,2026-03-31,1799129.0,Cheque
PG-007859,FE-006930,2026-03-31,4563928.0,Consignación
PG-007860,FE-007089,2026-03-31,4557153.0,Transferencia
PG-007861,FE-007163,2026-03-31,823384.0,PSE
PG-007862,FE-007200,2026-03-31,1765483.0,Transferencia
PG-007863,FE-007257,2026-03-31,2059947.0,Consignación
PG-007864,FE-007258,2026-03-31,698105.0,PSE
PG-007865,FE-007286,2026-03-31,999581.0,Transferencia
PG-007866,FE-007368,2026-03-31,930794.0,Transferencia
PG-007867,FE-007397,2026-03-31,1820028.0,Consignación
PG-007868,FE-007402,2026-03-31,1092410.0,Transferencia
PG-007869,FE-007408,2026-03-31,453289.0,Transferencia
PG-007870,FE-007430,2026-03-31,666529.0,Transferencia
PG-007871,FE-007443,2026-03-31,917766.0,Transferencia
PG-007872,FE-007577,2026-03-31,1634657.0,Consignación
PG-007873,FE-007596,2026-03-31,1999664.0,Transferencia
PG-007874,FE-007598,2026-03-31,791173.0,Transferencia
PG-007875,FE-007610,2026-03-31,974610.0,Transferencia
PG-007876,FE-007658,2026-03-31,3112627.0,Transferencia
PG-007877,FE-007691,2026-03-31,141618.0,Consignación
PG-007878,FE-007825,2026-03-31,484469.0,Transferencia
PG-007879,FE-007883,2026-03-31,782506.0,Transferencia
PG-007880,FE-007901,2026-03-31,419288.0,Transferencia
PG-007881,FE-007906,2026-03-31,269947.0,Cheque
PG-007882,FE-007920,2026-03-31,153968.0,PSE
PG-007883,FE-007938,2026-03-31,907199.0,PSE
PG-007884,FE-007994,2026-03-31,503872.0,Consignación
PG-007885,FE-008020,2026-03-31,1321244.0,Transferencia
PG-007886,FE-008021,2026-03-31,2253716.0,Consignación
PG-007887,FE-008085,2026-03-31,1263073.0,Cheque
PG-007888,FE-008121,2026-03-31,377581.0,Transferencia
PG-007889,FE-008139,2026-03-31,541870.0,Transferencia
PG-007890,FE-008294,2026-03-31,308948.0,PSE
PG-007891,FE-008343,2026-03-31,117414.0,Transferencia
PG-007892,FE-008344,2026-03-31,207928.0,Transferencia
PG-007893,FE-008374,2026-03-31,2130784.0,Transferencia
PG-007894,FE-008412,2026-03-31,278961.0,Consignación
PG-007895,FE-008602,2026-03-31,644930.0,Transferencia
PG-007896,FE-008703,2026-03-31,295755.0,PSE
PG-007897,FE-008747,2026-03-31,682294.0,PSE
PG-007898,FE-008815,2026-03-31,351824.0,PSE
PG-007899,FE-008908,2026-03-31,183950.0,Transferencia
PG-007900,FE-008924,2026-03-31,410520.0,Consignación
PG-007901,FE-008951,2026-03-31,314559.0,Transferencia
PG-007902,FE-008970,2026-03-31,188615.0,Cheque
PG-007903,FE-006594,2026-04-01,416518.0,Transferencia
PG-007904,FE-006823,2026-04-01,945666.0,Transferencia
PG-007905,FE-006905,2026-04-01,964908.0,Transferencia
PG-007906,FE-007030,2026-04-01,2031094.0,Transferencia
PG-007907,FE-007117,2026-04-01,185579.0,Consignación
PG-007908,FE-007127,2026-04-01,1494202.0,Transferencia
PG-007909,FE-007138,2026-04-01,415710.0,Consignación
PG-007910,FE-007177,2026-04-01,4623304.0,Consignación
PG-007911,FE-007211,2026-04-01,904317.0,Transferencia
PG-007912,FE-007252,2026-04-01,2951434.0,PSE
PG-007913,FE-007361,2026-04-01,1889690.0,PSE
PG-007914,FE-007401,2026-04-01,1336172.0,Cheque
PG-007915,FE-007457,2026-04-01,5329717.0,Transferencia
PG-007916,FE-007475,2026-04-01,3930914.0,Transferencia
PG-007917,FE-007527,2026-04-01,699777.0,PSE
PG-007918,FE-007571,2026-04-01,1979129.0,Transferencia
PG-007919,FE-007616,2026-04-01,596260.0,PSE
PG-007920,FE-007663,2026-04-01,2377387.0,Transferencia
PG-007921,FE-007696,2026-04-01,320580.0,Transferencia
PG-007922,FE-007713,2026-04-01,561819.0,Transferencia
PG-007923,FE-007739,2026-04-01,1685829.0,Transferencia
PG-007924,FE-007742,2026-04-01,1794471.0,Transferencia
PG-007925,FE-007786,2026-04-01,2005503.0,PSE
PG-007926,FE-007789,2026-04-01,485923.0,Cheque
PG-007927,FE-007846,2026-04-01,4218606.0,Transferencia
PG-007928,FE-007850,2026-04-01,397143.0,Consignación
PG-007929,FE-007913,2026-04-01,3939788.0,Transferencia
PG-007930,FE-007951,2026-04-01,308404.0,Consignación
PG-007931,FE-007954,2026-04-01,90360.0,Transferencia
PG-007932,FE-008017,2026-04-01,3478739.0,PSE
PG-007933,FE-008078,2026-04-01,690664.0,Transferencia
PG-007934,FE-008098,2026-04-01,398844.0,Transferencia
PG-007935,FE-008100,2026-04-01,3335437.0,PSE
PG-007936,FE-008101,2026-04-01,644466.0,Transferencia
PG-007937,FE-008116,2026-04-01,2748469.0,Consignación
PG-007938,FE-008120,2026-04-01,504458.0,Transferencia
PG-007939,FE-008140,2026-04-01,455671.0,Transferencia
PG-007940,FE-008176,2026-04-01,3736938.0,PSE
PG-007941,FE-008313,2026-04-01,148356.0,Transferencia
PG-007942,FE-008317,2026-04-01,337068.0,Transferencia
PG-007943,FE-008326,2026-04-01,234235.0,PSE
PG-007944,FE-008336,2026-04-01,94794.0,Cheque
PG-007945,FE-008357,2026-04-01,325309.0,Transferencia
PG-007946,FE-008368,2026-04-01,627501.0,Consignación
PG-007947,FE-008450,2026-04-01,437845.0,Transferencia
PG-007948,FE-008485,2026-04-01,837492.0,Consignación
PG-007949,FE-008534,2026-04-01,493528.0,Transferencia
PG-007950,FE-008631,2026-04-01,56514.0,Transferencia
PG-007951,FE-008646,2026-04-01,278433.0,Transferencia
PG-007952,FE-008656,2026-04-01,358202.0,Cheque
PG-007953,FE-008678,2026-04-01,120484.0,Transferencia
PG-007954,FE-008679,2026-04-01,187890.0,Transferencia
PG-007955,FE-008682,2026-04-01,2132814.0,Transferencia
PG-007956,FE-008685,2026-04-01,144185.0,Transferencia
PG-007957,FE-008697,2026-04-01,132521.0,Transferencia
PG-007958,FE-008711,2026-04-01,1605547.0,PSE
PG-007959,FE-008744,2026-04-01,736585.0,Transferencia
PG-007960,FE-008816,2026-04-01,148480.0,Transferencia
PG-007961,FE-008863,2026-04-01,1208577.0,PSE
PG-007962,FE-008877,2026-04-01,149303.0,Transferencia
PG-007963,FE-008912,2026-04-01,581899.0,PSE
PG-007964,FE-009177,2026-04-01,286195.0,Transferencia
PG-007965,FE-006954,2026-04-02,3567440.0,Cheque
PG-007966,FE-007015,2026-04-02,1618400.0,Transferencia
PG-007967,FE-007180,2026-04-02,1310971.0,Transferencia
PG-007968,FE-007187,2026-04-02,936570.0,Cheque
PG-007969,FE-007255,2026-04-02,2923537.0,PSE
PG-007970,FE-007357,2026-04-02,12404913.0,PSE
PG-007971,FE-007464,2026-04-02,1424392.0,Transferencia
PG-007972,FE-007496,2026-04-02,827346.0,Transferencia
PG-007973,FE-007514,2026-04-02,4332891.0,Transferencia
PG-007974,FE-007541,2026-04-02,3975834.0,Transferencia
PG-007975,FE-007545,2026-04-02,1300730.0,Cheque
PG-007976,FE-007585,2026-04-02,2284121.0,Transferencia
PG-007977,FE-007624,2026-04-02,710801.0,PSE
PG-007978,FE-007631,2026-04-02,668761.0,PSE
PG-007979,FE-007637,2026-04-02,2687270.0,Transferencia
PG-007980,FE-007677,2026-04-02,533016.0,Transferencia
PG-007981,FE-007721,2026-04-02,5741621.0,Transferencia
PG-007982,FE-007728,2026-04-02,1333031.0,Consignación
PG-007983,FE-007751,2026-04-02,2957458.0,Consignación
PG-007984,FE-007783,2026-04-02,546978.0,Transferencia
PG-007985,FE-007857,2026-04-02,2519405.0,Transferencia
PG-007986,FE-007919,2026-04-02,27283.0,Consignación
PG-007987,FE-007949,2026-04-02,1942448.0,Consignación
PG-007988,FE-007989,2026-04-02,4402444.0,Transferencia
PG-007989,FE-008018,2026-04-02,585304.0,Transferencia
PG-007990,FE-008142,2026-04-02,842077.0,Cheque
PG-007991,FE-008156,2026-04-02,429873.0,Cheque
PG-007992,FE-008196,2026-04-02,129221.0,Transferencia
PG-007993,FE-008201,2026-04-02,5945603.0,Cheque
PG-007994,FE-008282,2026-04-02,3066344.0,Transferencia
PG-007995,FE-008284,2026-04-02,3822018.0,Consignación
PG-007996,FE-008299,2026-04-02,1773570.0,Transferencia
PG-007997,FE-008302,2026-04-02,2077947.0,Cheque
PG-007998,FE-008375,2026-04-02,251561.0,Transferencia
PG-007999,FE-008400,2026-04-02,542464.0,PSE
PG-008000,FE-008461,2026-04-02,798780.0,PSE
PG-008001,FE-008495,2026-04-02,81558.0,Transferencia
PG-008002,FE-008515,2026-04-02,495218.0,Transferencia
PG-008003,FE-008547,2026-04-02,568101.0,Transferencia
PG-008004,FE-008585,2026-04-02,463783.0,Transferencia
PG-008005,FE-008593,2026-04-02,81720.0,Transferencia
PG-008006,FE-008601,2026-04-02,228584.0,Transferencia
PG-008007,FE-008643,2026-04-02,282688.0,Transferencia
PG-008008,FE-008680,2026-04-02,18457.0,Transferencia
PG-008009,FE-008801,2026-04-02,289479.0,Transferencia
PG-008010,FE-008846,2026-04-02,30863.0,Consignación
PG-008011,FE-008859,2026-04-02,656681.0,Cheque
PG-008012,FE-008920,2026-04-02,158305.0,PSE
PG-008013,FE-008945,2026-04-02,448780.0,Transferencia
PG-008014,FE-009125,2026-04-02,320104.0,Cheque
PG-008015,FE-006774,2026-04-03,1400056.0,Consignación
PG-008016,FE-006778,2026-04-03,7183846.0,Transferencia
PG-008017,FE-007027,2026-04-03,2063049.0,Transferencia
PG-008018,FE-007175,2026-04-03,1009368.0,Transferencia
PG-008019,FE-007192,2026-04-03,2550523.0,Transferencia
PG-008020,FE-007216,2026-04-03,8559405.0,PSE
PG-008021,FE-007223,2026-04-03,1835996.0,Cheque
PG-008022,FE-007256,2026-04-03,1120791.0,Transferencia
PG-008023,FE-007288,2026-04-03,1491795.0,Consignación
PG-008024,FE-007350,2026-04-03,791872.0,Transferencia
PG-008025,FE-007354,2026-04-03,13471502.0,Cheque
PG-008026,FE-007393,2026-04-03,261406.0,PSE
PG-008027,FE-007431,2026-04-03,1871920.0,Transferencia
PG-008028,FE-007461,2026-04-03,1687928.0,Transferencia
PG-008029,FE-007516,2026-04-03,1521445.0,Transferencia
PG-008030,FE-007517,2026-04-03,1553550.0,PSE
PG-008031,FE-007560,2026-04-03,1913958.0,Transferencia
PG-008032,FE-007565,2026-04-03,1087531.0,Transferencia
PG-008033,FE-007584,2026-04-03,1032514.0,Transferencia
PG-008034,FE-007607,2026-04-03,837960.0,Consignación
PG-008035,FE-007621,2026-04-03,728968.0,Transferencia
PG-008036,FE-007632,2026-04-03,5432539.0,Consignación
PG-008037,FE-007633,2026-04-03,2085574.0,PSE
PG-008038,FE-007666,2026-04-03,1043004.0,PSE
PG-008039,FE-007687,2026-04-03,1375803.0,Transferencia
PG-008040,FE-007769,2026-04-03,1006880.0,Transferencia
PG-008041,FE-007856,2026-04-03,2222896.0,Transferencia
PG-008042,FE-007881,2026-04-03,3844960.0,Consignación
PG-008043,FE-007932,2026-04-03,3135068.0,PSE
PG-008044,FE-008000,2026-04-03,3259969.0,Transferencia
PG-008045,FE-008006,2026-04-03,900537.0,Transferencia
PG-008046,FE-008044,2026-04-03,3272231.0,Transferencia
PG-008047,FE-008250,2026-04-03,1142946.0,Transferencia
PG-008048,FE-008258,2026-04-03,424897.0,PSE
PG-008049,FE-008312,2026-04-03,684012.0,Transferencia
PG-008050,FE-008338,2026-04-03,688843.0,Transferencia
PG-008051,FE-008351,2026-04-03,215878.0,Transferencia
PG-008052,FE-008395,2026-04-03,1048404.0,Consignación
PG-008053,FE-008444,2026-04-03,576225.0,Transferencia
PG-008054,FE-008464,2026-04-03,616643.0,Transferencia
PG-008055,FE-008472,2026-04-03,1105209.0,Transferencia
PG-008056,FE-008486,2026-04-03,134150.0,Transferencia
PG-008057,FE-008559,2026-04-03,585174.0,Consignación
PG-008058,FE-008567,2026-04-03,277287.0,Cheque
PG-008059,FE-008594,2026-04-03,140626.0,Transferencia
PG-008060,FE-008604,2026-04-03,478140.0,Transferencia
PG-008061,FE-008641,2026-04-03,319821.0,Transferencia
PG-008062,FE-008700,2026-04-03,740169.0,Cheque
PG-008063,FE-008712,2026-04-03,1411806.0,Consignación
PG-008064,FE-008745,2026-04-03,997684.0,Transferencia
PG-008065,FE-008753,2026-04-03,765490.0,Transferencia
PG-008066,FE-008756,2026-04-03,707318.0,Transferencia
PG-008067,FE-008809,2026-04-03,1131339.0,Consignación
PG-008068,FE-008923,2026-04-03,221904.0,Transferencia
PG-008069,FE-008930,2026-04-03,411072.0,PSE
PG-008070,FE-009012,2026-04-03,204729.0,Transferencia
PG-008071,FE-007016,2026-04-04,2326728.0,PSE
PG-008072,FE-007205,2026-04-04,17209697.0,Transferencia
PG-008073,FE-007206,2026-04-04,9466961.0,Transferencia
PG-008074,FE-007277,2026-04-04,3269469.0,Consignación
PG-008075,FE-007311,2026-04-04,4211361.0,Transferencia
PG-008076,FE-007330,2026-04-04,3721224.0,Transferencia
PG-008077,FE-007333,2026-04-04,2654431.0,Transferencia
PG-008078,FE-007365,2026-04-04,613460.0,Transferencia
PG-008079,FE-007503,2026-04-04,834208.0,Transferencia
PG-008080,FE-007530,2026-04-04,3850823.0,Transferencia
PG-008081,FE-007539,2026-04-04,2050712.0,Cheque
PG-008082,FE-007566,2026-04-04,4316984.0,Transferencia
PG-008083,FE-007641,2026-04-04,167398.0,Transferencia
PG-008084,FE-007798,2026-04-04,1563696.0,Transferencia
PG-008085,FE-007823,2026-04-04,2400131.0,Transferencia
PG-008086,FE-007854,2026-04-04,2373511.0,Consignación
PG-008087,FE-007896,2026-04-04,2103020.0,PSE
PG-008088,FE-007995,2026-04-04,802537.0,Transferencia
PG-008089,FE-008038,2026-04-04,2110335.0,Transferencia
PG-008090,FE-008165,2026-04-04,964694.0,Transferencia
PG-008091,FE-008209,2026-04-04,454303.0,Transferencia
PG-008092,FE-008210,2026-04-04,538499.0,PSE
PG-008093,FE-008230,2026-04-04,1392006.0,Transferencia
PG-008094,FE-008246,2026-04-04,2030998.0,Transferencia
PG-008095,FE-008247,2026-04-04,3473552.0,Transferencia
PG-008096,FE-008273,2026-04-04,312964.0,PSE
PG-008097,FE-008300,2026-04-04,280988.0,PSE
PG-008098,FE-008339,2026-04-04,1698281.0,Transferencia
PG-008099,FE-008356,2026-04-04,2216964.0,Cheque
PG-008100,FE-008360,2026-04-04,9087813.0,Transferencia
PG-008101,FE-008364,2026-04-04,271641.0,Transferencia
PG-008102,FE-008377,2026-04-04,336702.0,Transferencia
PG-008103,FE-008388,2026-04-04,415293.0,PSE
PG-008104,FE-008413,2026-04-04,130910.0,PSE
PG-008105,FE-008471,2026-04-04,200242.0,Cheque
PG-008106,FE-008493,2026-04-04,113782.0,PSE
PG-008107,FE-008509,2026-04-04,342081.0,Consignación
PG-008108,FE-008584,2026-04-04,392755.0,PSE
PG-008109,FE-008606,2026-04-04,280424.0,Transferencia
PG-008110,FE-008619,2026-04-04,155850.0,Cheque
PG-008111,FE-008662,2026-04-04,120693.0,Transferencia
PG-008112,FE-008715,2026-04-04,1288162.0,Transferencia
PG-008113,FE-008722,2026-04-04,646757.0,Transferencia
PG-008114,FE-008789,2026-04-04,843253.0,Transferencia
PG-008115,FE-008822,2026-04-04,55811.0,Transferencia
PG-008116,FE-008853,2026-04-04,115763.0,Transferencia
PG-008117,FE-008949,2026-04-04,655254.0,Cheque
PG-008118,FE-008952,2026-04-04,920134.0,PSE
PG-008119,FE-008992,2026-04-04,602511.0,Transferencia
PG-008120,FE-009038,2026-04-04,213262.0,Consignación
PG-008121,FE-009062,2026-04-04,1402108.0,Transferencia
PG-008122,FE-009119,2026-04-04,196962.0,PSE
PG-008123,FE-009222,2026-04-04,457835.0,Transferencia
PG-008124,FE-006740,2026-04-05,3167553.0,PSE
PG-008125,FE-006854,2026-04-05,2087478.0,Transferencia
PG-008126,FE-006952,2026-04-05,6708251.0,Cheque
PG-008127,FE-007036,2026-04-05,9130448.0,Transferencia
PG-008128,FE-007267,2026-04-05,11215071.0,Transferencia
PG-008129,FE-007369,2026-04-05,112055.0,PSE
PG-008130,FE-007392,2026-04-05,143416.0,PSE
PG-008131,FE-007572,2026-04-05,134983.0,PSE
PG-008132,FE-007685,2026-04-05,7343200.0,Transferencia
PG-008133,FE-007718,2026-04-05,2416647.0,PSE
PG-008134,FE-007735,2026-04-05,1390604.0,Consignación
PG-008135,FE-007811,2026-04-05,1029137.0,PSE
PG-008136,FE-007853,2026-04-05,1029625.0,Transferencia
PG-008137,FE-007861,2026-04-05,183265.0,Transferencia
PG-008138,FE-007874,2026-04-05,1132237.0,Consignación
PG-008139,FE-007875,2026-04-05,2048674.0,Transferencia
PG-008140,FE-007893,2026-04-05,667398.0,Transferencia
PG-008141,FE-007974,2026-04-05,3234595.0,PSE
PG-008142,FE-007978,2026-04-05,407311.0,Cheque
PG-008143,FE-007980,2026-04-05,2136812.0,Transferencia
PG-008144,FE-007993,2026-04-05,778418.0,Transferencia
PG-008145,FE-007997,2026-04-05,2736776.0,Transferencia
PG-008146,FE-008005,2026-04-05,2359450.0,PSE
PG-008147,FE-008051,2026-04-05,1145193.0,Transferencia
PG-008148,FE-008105,2026-04-05,1703164.0,Transferencia
PG-008149,FE-008119,2026-04-05,44775.0,PSE
PG-008150,FE-008128,2026-04-05,1899215.0,Transferencia
PG-008151,FE-008236,2026-04-05,2484628.0,Consignación
PG-008152,FE-008248,2026-04-05,393520.0,PSE
PG-008153,FE-008249,2026-04-05,3168329.0,Transferencia
PG-008154,FE-008259,2026-04-05,48462.0,Transferencia
PG-008155,FE-008298,2026-04-05,617972.0,PSE
PG-008156,FE-008323,2026-04-05,3683620.0,Transferencia
PG-008157,FE-008465,2026-04-05,756944.0,Transferencia
PG-008158,FE-008582,2026-04-05,74531.0,Transferencia
PG-008159,FE-008607,2026-04-05,234252.0,Transferencia
PG-008160,FE-008644,2026-04-05,286506.0,Transferencia
PG-008161,FE-008694,2026-04-05,328749.0,Transferencia
PG-008162,FE-008695,2026-04-05,585138.0,PSE
PG-008163,FE-008777,2026-04-05,2244311.0,Cheque
PG-008164,FE-008848,2026-04-05,427092.0,Transferencia
PG-008165,FE-008889,2026-04-05,253408.0,Cheque
PG-008166,FE-008925,2026-04-05,400886.0,Transferencia
PG-008167,FE-008959,2026-04-05,225767.0,PSE
PG-008168,FE-009026,2026-04-05,293124.0,Transferencia
PG-008169,FE-009094,2026-04-05,66954.0,Transferencia
PG-008170,FE-009366,2026-04-05,349948.0,Cheque
PG-008171,FE-009413,2026-04-05,465101.0,Transferencia
PG-008172,FE-006967,2026-04-06,7655503.0,Consignación
PG-008173,FE-007040,2026-04-06,1694398.0,Cheque
PG-008174,FE-007063,2026-04-06,1471421.0,Consignación
PG-008175,FE-007094,2026-04-06,6921874.0,PSE
PG-008176,FE-007153,2026-04-06,160072.0,Transferencia
PG-008177,FE-007301,2026-04-06,2342826.0,Transferencia
PG-008178,FE-007383,2026-04-06,3670196.0,PSE
PG-008179,FE-007440,2026-04-06,1104945.0,Transferencia
PG-008180,FE-007441,2026-04-06,2597463.0,PSE
PG-008181,FE-007519,2026-04-06,660614.0,PSE
PG-008182,FE-007638,2026-04-06,1687341.0,Transferencia
PG-008183,FE-007653,2026-04-06,645267.0,Consignación
PG-008184,FE-007698,2026-04-06,1451844.0,Consignación
PG-008185,FE-007762,2026-04-06,640934.0,Consignación
PG-008186,FE-007777,2026-04-06,330056.0,Transferencia
PG-008187,FE-007780,2026-04-06,49803.0,Transferencia
PG-008188,FE-007871,2026-04-06,2760057.0,Transferencia
PG-008189,FE-007931,2026-04-06,1462120.0,Transferencia
PG-008190,FE-008007,2026-04-06,1180334.0,Consignación
PG-008191,FE-008024,2026-04-06,775534.0,Transferencia
PG-008192,FE-008052,2026-04-06,2684174.0,PSE
PG-008193,FE-008155,2026-04-06,1409204.0,Transferencia
PG-008194,FE-008180,2026-04-06,824397.0,Transferencia
PG-008195,FE-008216,2026-04-06,2137848.0,Transferencia
PG-008196,FE-008220,2026-04-06,824020.0,Transferencia
PG-008197,FE-008252,2026-04-06,474658.0,Transferencia
PG-008198,FE-008327,2026-04-06,713232.0,Consignación
PG-008199,FE-008340,2026-04-06,689419.0,Transferencia
PG-008200,FE-008352,2026-04-06,281598.0,Transferencia
PG-008201,FE-008366,2026-04-06,2265423.0,Transferencia
PG-008202,FE-008381,2026-04-06,211489.0,Cheque
PG-008203,FE-008401,2026-04-06,1409526.0,Cheque
PG-008204,FE-008411,2026-04-06,3339646.0,Consignación
PG-008205,FE-008445,2026-04-06,126115.0,Transferencia
PG-008206,FE-008479,2026-04-06,3065912.0,Consignación
PG-008207,FE-008500,2026-04-06,4083800.0,Transferencia
PG-008208,FE-008516,2026-04-06,4513428.0,Cheque
PG-008209,FE-008553,2026-04-06,1207894.0,Transferencia
PG-008210,FE-008570,2026-04-06,253309.0,PSE
PG-008211,FE-008579,2026-04-06,76200.0,Transferencia
PG-008212,FE-008590,2026-04-06,185993.0,Transferencia
PG-008213,FE-008665,2026-04-06,467549.0,Transferencia
PG-008214,FE-008713,2026-04-06,925300.0,Cheque
PG-008215,FE-008740,2026-04-06,244718.0,Transferencia
PG-008216,FE-008799,2026-04-06,13529.0,Transferencia
PG-008217,FE-008876,2026-04-06,1004625.0,Transferencia
PG-008218,FE-008999,2026-04-06,55544.0,Transferencia
PG-008219,FE-009078,2026-04-06,84636.0,Transferencia
PG-008220,FE-009192,2026-04-06,1188453.0,Transferencia
PG-008221,FE-009285,2026-04-06,374592.0,PSE
PG-008222,FE-007035,2026-04-07,1831061.0,Transferencia
PG-008223,FE-007179,2026-04-07,4115702.0,Consignación
PG-008224,FE-007310,2026-04-07,4886277.0,Transferencia
PG-008225,FE-007456,2026-04-07,3107633.0,Transferencia
PG-008226,FE-007469,2026-04-07,1829645.0,Transferencia
PG-008227,FE-007548,2026-04-07,1798416.0,Consignación
PG-008228,FE-007627,2026-04-07,1451103.0,Transferencia
PG-008229,FE-007659,2026-04-07,4525520.0,Cheque
PG-008230,FE-007717,2026-04-07,1118251.0,Cheque
PG-008231,FE-007727,2026-04-07,3271781.0,PSE
PG-008232,FE-007763,2026-04-07,1827671.0,PSE
PG-008233,FE-007841,2026-04-07,1361483.0,Transferencia
PG-008234,FE-007880,2026-04-07,2389575.0,Transferencia
PG-008235,FE-007939,2026-04-07,900578.0,Cheque
PG-008236,FE-008008,2026-04-07,2121251.0,PSE
PG-008237,FE-008106,2026-04-07,1011723.0,Consignación
PG-008238,FE-008114,2026-04-07,1312084.0,Transferencia
PG-008239,FE-008118,2026-04-07,3792267.0,Transferencia
PG-008240,FE-008177,2026-04-07,1242698.0,PSE
PG-008241,FE-008269,2026-04-07,7386920.0,Transferencia
PG-008242,FE-008275,2026-04-07,1245752.0,Transferencia
PG-008243,FE-008286,2026-04-07,840330.0,Transferencia
PG-008244,FE-008337,2026-04-07,1419267.0,Transferencia
PG-008245,FE-008345,2026-04-07,143727.0,Transferencia
PG-008246,FE-008346,2026-04-07,2603353.0,Transferencia
PG-008247,FE-008455,2026-04-07,809204.0,PSE
PG-008248,FE-008504,2026-04-07,1654496.0,PSE
PG-008249,FE-008549,2026-04-07,169267.0,Consignación
PG-008250,FE-008623,2026-04-07,186245.0,Transferencia
PG-008251,FE-008683,2026-04-07,1530062.0,Transferencia
PG-008252,FE-008842,2026-04-07,39394.0,Transferencia
PG-008253,FE-008869,2026-04-07,297005.0,Transferencia
PG-008254,FE-008874,2026-04-07,115054.0,PSE
PG-008255,FE-008955,2026-04-07,48409.0,Transferencia
PG-008256,FE-009005,2026-04-07,695864.0,Cheque
PG-008257,FE-009061,2026-04-07,885752.0,Transferencia
PG-008258,FE-009168,2026-04-07,565505.0,PSE
PG-008259,FE-009294,2026-04-07,146167.0,Transferencia
PG-008260,FE-009383,2026-04-07,220300.0,Transferencia
PG-008261,FE-006960,2026-04-08,579505.0,Cheque
PG-008262,FE-007093,2026-04-08,534298.0,Consignación
PG-008263,FE-007158,2026-04-08,5989040.0,Transferencia
PG-008264,FE-007387,2026-04-08,4038385.0,Consignación
PG-008265,FE-007479,2026-04-08,1263444.0,Transferencia
PG-008266,FE-007493,2026-04-08,1637705.0,Transferencia
PG-008267,FE-007534,2026-04-08,6882955.0,Transferencia
PG-008268,FE-007826,2026-04-08,1356297.0,Transferencia
PG-008269,FE-007917,2026-04-08,2875818.0,Transferencia
PG-008270,FE-007924,2026-04-08,218830.0,PSE
PG-008271,FE-007962,2026-04-08,3585157.0,Transferencia
PG-008272,FE-007992,2026-04-08,1899324.0,Transferencia
PG-008273,FE-008022,2026-04-08,2419214.0,Transferencia
PG-008274,FE-008072,2026-04-08,267285.0,Transferencia
PG-008275,FE-008143,2026-04-08,498439.0,Transferencia
PG-008276,FE-008151,2026-04-08,2471455.0,Consignación
PG-008277,FE-008162,2026-04-08,3018541.0,PSE
PG-008278,FE-008226,2026-04-08,2644934.0,Transferencia
PG-008279,FE-008231,2026-04-08,377956.0,Consignación
PG-008280,FE-008237,2026-04-08,1445631.0,Cheque
PG-008281,FE-008256,2026-04-08,641111.0,Transferencia
PG-008282,FE-008287,2026-04-08,194603.0,Cheque
PG-008283,FE-008363,2026-04-08,564021.0,PSE
PG-008284,FE-008376,2026-04-08,170701.0,Cheque
PG-008285,FE-008384,2026-04-08,1514768.0,Cheque
PG-008286,FE-008389,2026-04-08,1947490.0,Transferencia
PG-008287,FE-008476,2026-04-08,801188.0,Cheque
PG-008288,FE-008480,2026-04-08,584941.0,Transferencia
PG-008289,FE-008488,2026-04-08,9742279.0,Transferencia
PG-008290,FE-008491,2026-04-08,749714.0,Consignación
PG-008291,FE-008557,2026-04-08,2092600.0,Transferencia
PG-008292,FE-008618,2026-04-08,702051.0,Transferencia
PG-008293,FE-008622,2026-04-08,130282.0,PSE
PG-008294,FE-008718,2026-04-08,357674.0,Consignación
PG-008295,FE-008720,2026-04-08,350198.0,PSE
PG-008296,FE-008748,2026-04-08,504153.0,Transferencia
PG-008297,FE-008833,2026-04-08,203986.0,Transferencia
PG-008298,FE-008864,2026-04-08,606246.0,Cheque
PG-008299,FE-008914,2026-04-08,327568.0,Transferencia
PG-008300,FE-008919,2026-04-08,129151.0,Transferencia
PG-008301,FE-008956,2026-04-08,48470.0,Transferencia
PG-008302,FE-008986,2026-04-08,231303.0,Transferencia
PG-008303,FE-009007,2026-04-08,194340.0,PSE
PG-008304,FE-009028,2026-04-08,415992.0,Transferencia
PG-008305,FE-009066,2026-04-08,303726.0,Transferencia
PG-008306,FE-009099,2026-04-08,200696.0,PSE
PG-008307,FE-009158,2026-04-08,545407.0,Transferencia
PG-008308,FE-009391,2026-04-08,762007.0,Transferencia
PG-008309,FE-009398,2026-04-08,1827227.0,PSE
PG-008310,FE-007097,2026-04-09,3191620.0,PSE
PG-008311,FE-007248,2026-04-09,3288974.0,Transferencia
PG-008312,FE-007270,2026-04-09,4275797.0,Transferencia
PG-008313,FE-007427,2026-04-09,3317142.0,Transferencia
PG-008314,FE-007432,2026-04-09,1863131.0,Transferencia
PG-008315,FE-007630,2026-04-09,3324009.0,Transferencia
PG-008316,FE-007688,2026-04-09,5892504.0,Transferencia
PG-008317,FE-007744,2026-04-09,4944151.0,Cheque
PG-008318,FE-007781,2026-04-09,3775613.0,Consignación
PG-008319,FE-007819,2026-04-09,3733996.0,Transferencia
PG-008320,FE-007833,2026-04-09,3811025.0,Transferencia
PG-008321,FE-007840,2026-04-09,575257.0,PSE
PG-008322,FE-007922,2026-04-09,968666.0,Transferencia
PG-008323,FE-007958,2026-04-09,1714447.0,Transferencia
PG-008324,FE-008009,2026-04-09,5473152.0,Transferencia
PG-008325,FE-008068,2026-04-09,1395407.0,PSE
PG-008326,FE-008071,2026-04-09,1082838.0,Transferencia
PG-008327,FE-008097,2026-04-09,1150757.0,Transferencia
PG-008328,FE-008099,2026-04-09,1670196.0,Transferencia
PG-008329,FE-008107,2026-04-09,1694309.0,Consignación
PG-008330,FE-008113,2026-04-09,2129482.0,PSE
PG-008331,FE-008122,2026-04-09,680200.0,Transferencia
PG-008332,FE-008129,2026-04-09,6973676.0,Transferencia
PG-008333,FE-008136,2026-04-09,1251352.0,PSE
PG-008334,FE-008194,2026-04-09,2650663.0,Transferencia
PG-008335,FE-008264,2026-04-09,2068340.0,Transferencia
PG-008336,FE-008318,2026-04-09,188954.0,Transferencia
PG-008337,FE-008320,2026-04-09,639886.0,Transferencia
PG-008338,FE-008405,2026-04-09,387550.0,Transferencia
PG-008339,FE-008449,2026-04-09,881983.0,Consignación
PG-008340,FE-008467,2026-04-09,1763983.0,Transferencia
PG-008341,FE-008548,2026-04-09,861305.0,Transferencia
PG-008342,FE-008612,2026-04-09,1607550.0,PSE
PG-008343,FE-008624,2026-04-09,4562086.0,Consignación
PG-008344,FE-008736,2026-04-09,194079.0,PSE
PG-008345,FE-008844,2026-04-09,255820.0,Transferencia
PG-008346,FE-008851,2026-04-09,3609553.0,Transferencia
PG-008347,FE-008854,2026-04-09,282604.0,Cheque
PG-008348,FE-008857,2026-04-09,125132.0,PSE
PG-008349,FE-008890,2026-04-09,667828.0,Transferencia
PG-008350,FE-008893,2026-04-09,126407.0,Transferencia
PG-008351,FE-008922,2026-04-09,624662.0,Transferencia
PG-008352,FE-008942,2026-04-09,45193.0,Transferencia
PG-008353,FE-009029,2026-04-09,755483.0,Consignación
PG-008354,FE-009127,2026-04-09,4135290.0,Transferencia
PG-008355,FE-009152,2026-04-09,632216.0,Transferencia
PG-008356,FE-009247,2026-04-09,421358.0,PSE
PG-008357,FE-009252,2026-04-09,3635853.0,Transferencia
PG-008358,FE-009270,2026-04-09,536974.0,PSE
PG-008359,FE-009313,2026-04-09,138090.0,Transferencia
PG-008360,FE-009350,2026-04-09,903775.0,Transferencia
PG-008361,FE-007244,2026-04-10,993539.0,Consignación
PG-008362,FE-007472,2026-04-10,2037393.0,Transferencia
PG-008363,FE-007474,2026-04-10,1178480.0,Transferencia
PG-008364,FE-007495,2026-04-10,2729279.0,Transferencia
PG-008365,FE-007520,2026-04-10,1697265.0,Transferencia
PG-008366,FE-007533,2026-04-10,2681282.0,PSE
PG-008367,FE-007772,2026-04-10,999383.0,Transferencia
PG-008368,FE-007809,2026-04-10,2422909.0,Cheque
PG-008369,FE-007844,2026-04-10,2102327.0,Transferencia
PG-008370,FE-007864,2026-04-10,1243238.0,PSE
PG-008371,FE-007908,2026-04-10,1254293.0,Transferencia
PG-008372,FE-008013,2026-04-10,1767437.0,Transferencia
PG-008373,FE-008029,2026-04-10,4564326.0,Transferencia
PG-008374,FE-008242,2026-04-10,1130239.0,Transferencia
PG-008375,FE-008243,2026-04-10,2065917.0,Consignación
PG-008376,FE-008253,2026-04-10,1303869.0,Transferencia
PG-008377,FE-008301,2026-04-10,2457139.0,Transferencia
PG-008378,FE-008325,2026-04-10,4020419.0,Transferencia
PG-008379,FE-008329,2026-04-10,1836027.0,Transferencia
PG-008380,FE-008341,2026-04-10,452652.0,Cheque
PG-008381,FE-008347,2026-04-10,415937.0,Transferencia
PG-008382,FE-008353,2026-04-10,865165.0,Transferencia
PG-008383,FE-008385,2026-04-10,899726.0,PSE
PG-008384,FE-008398,2026-04-10,549598.0,PSE
PG-008385,FE-008402,2026-04-10,577444.0,Transferencia
PG-008386,FE-008427,2026-04-10,1364026.0,Transferencia
PG-008387,FE-008458,2026-04-10,2166250.0,Transferencia
PG-008388,FE-008468,2026-04-10,2238823.0,Transferencia
PG-008389,FE-008526,2026-04-10,3174000.0,PSE
PG-008390,FE-008575,2026-04-10,490184.0,Transferencia
PG-008391,FE-008648,2026-04-10,2903956.0,PSE
PG-008392,FE-008674,2026-04-10,3411258.0,PSE
PG-008393,FE-008870,2026-04-10,1673568.0,PSE
PG-008394,FE-008895,2026-04-10,830847.0,Cheque
PG-008395,FE-008917,2026-04-10,289616.0,PSE
PG-008396,FE-008928,2026-04-10,142580.0,Transferencia
PG-008397,FE-008960,2026-04-10,448065.0,Transferencia
PG-008398,FE-008998,2026-04-10,717383.0,Consignación
PG-008399,FE-009009,2026-04-10,1545403.0,Transferencia
PG-008400,FE-009052,2026-04-10,467586.0,Transferencia
PG-008401,FE-009116,2026-04-10,272365.0,Transferencia
PG-008402,FE-009117,2026-04-10,695899.0,Transferencia
PG-008403,FE-009128,2026-04-10,227739.0,Transferencia
PG-008404,FE-009132,2026-04-10,423720.0,Consignación
PG-008405,FE-009194,2026-04-10,448623.0,Transferencia
PG-008406,FE-007268,2026-04-11,1508993.0,PSE
PG-008407,FE-007411,2026-04-11,1542269.0,PSE
PG-008408,FE-007462,2026-04-11,4161895.0,Cheque
PG-008409,FE-007629,2026-04-11,847758.0,Transferencia
PG-008410,FE-007651,2026-04-11,1732119.0,PSE
PG-008411,FE-007705,2026-04-11,9953519.0,PSE
PG-008412,FE-007788,2026-04-11,3209794.0,Transferencia
PG-008413,FE-007872,2026-04-11,2216963.0,Cheque
PG-008414,FE-007879,2026-04-11,682978.0,PSE
PG-008415,FE-007885,2026-04-11,2718426.0,Transferencia
PG-008416,FE-007948,2026-04-11,3634861.0,Transferencia
PG-008417,FE-007953,2026-04-11,345137.0,Consignación
PG-008418,FE-007983,2026-04-11,1203630.0,Transferencia
PG-008419,FE-008036,2026-04-11,1434171.0,Transferencia
PG-008420,FE-008086,2026-04-11,5822369.0,Transferencia
PG-008421,FE-008095,2026-04-11,564333.0,Transferencia
PG-008422,FE-008167,2026-04-11,195628.0,Transferencia
PG-008423,FE-008198,2026-04-11,1086172.0,Transferencia
PG-008424,FE-008221,2026-04-11,293230.0,Transferencia
PG-008425,FE-008270,2026-04-11,4008882.0,Transferencia
PG-008426,FE-008316,2026-04-11,1651514.0,Transferencia
PG-008427,FE-008431,2026-04-11,1371245.0,Transferencia
PG-008428,FE-008478,2026-04-11,173231.0,Cheque
PG-008429,FE-008531,2026-04-11,2112271.0,Consignación
PG-008430,FE-008539,2026-04-11,3400736.0,Transferencia
PG-008431,FE-008544,2026-04-11,4305253.0,Consignación
PG-008432,FE-008560,2026-04-11,543884.0,PSE
PG-008433,FE-008562,2026-04-11,1111176.0,Transferencia
PG-008434,FE-008598,2026-04-11,4073214.0,Transferencia
PG-008435,FE-008620,2026-04-11,1026039.0,Transferencia
PG-008436,FE-008650,2026-04-11,473298.0,Transferencia
PG-008437,FE-008651,2026-04-11,325335.0,Transferencia
PG-008438,FE-008671,2026-04-11,2965341.0,Transferencia
PG-008439,FE-008708,2026-04-11,1888286.0,Transferencia
PG-008440,FE-008716,2026-04-11,1984083.0,Transferencia
PG-008441,FE-008723,2026-04-11,324719.0,PSE
PG-008442,FE-008724,2026-04-11,866401.0,Transferencia
PG-008443,FE-008751,2026-04-11,805119.0,PSE
PG-008444,FE-008786,2026-04-11,159862.0,Transferencia
PG-008445,FE-008979,2026-04-11,520851.0,PSE
PG-008446,FE-009014,2026-04-11,422035.0,Transferencia
PG-008447,FE-009092,2026-04-11,1925369.0,Transferencia
PG-008448,FE-009100,2026-04-11,3004779.0,Transferencia
PG-008449,FE-009102,2026-04-11,242822.0,Transferencia
PG-008450,FE-009219,2026-04-11,639774.0,Cheque
PG-008451,FE-009267,2026-04-11,179799.0,Transferencia
PG-008452,FE-009319,2026-04-11,64791.0,Transferencia
PG-008453,FE-009730,2026-04-11,1380803.0,PSE
PG-008454,FE-007145,2026-04-12,295437.0,Transferencia
PG-008455,FE-007446,2026-04-12,2384390.0,Transferencia
PG-008456,FE-007601,2026-04-12,330141.0,Transferencia
PG-008457,FE-007675,2026-04-12,535684.0,Transferencia
PG-008458,FE-007694,2026-04-12,2755932.0,Transferencia
PG-008459,FE-007733,2026-04-12,3113874.0,Transferencia
PG-008460,FE-007741,2026-04-12,6629799.0,Transferencia
PG-008461,FE-007797,2026-04-12,1726757.0,Cheque
PG-008462,FE-007808,2026-04-12,2877409.0,Transferencia
PG-008463,FE-007817,2026-04-12,2933457.0,Transferencia
PG-008464,FE-007836,2026-04-12,1979129.0,Transferencia
PG-008465,FE-007843,2026-04-12,2116176.0,Cheque
PG-008466,FE-007878,2026-04-12,292452.0,Consignación
PG-008467,FE-007914,2026-04-12,962628.0,PSE
PG-008468,FE-007998,2026-04-12,2076059.0,Transferencia
PG-008469,FE-008046,2026-04-12,1976183.0,Cheque
PG-008470,FE-008073,2026-04-12,3555453.0,Cheque
PG-008471,FE-008178,2026-04-12,590090.0,PSE
PG-008472,FE-008208,2026-04-12,3137677.0,Cheque
PG-008473,FE-008217,2026-04-12,262454.0,Transferencia
PG-008474,FE-008223,2026-04-12,831417.0,Consignación
PG-008475,FE-008261,2026-04-12,232864.0,Transferencia
PG-008476,FE-008319,2026-04-12,1591970.0,Transferencia
PG-008477,FE-008434,2026-04-12,907675.0,Transferencia
PG-008478,FE-008474,2026-04-12,3468945.0,Cheque
PG-008479,FE-008554,2026-04-12,520761.0,Transferencia
PG-008480,FE-008687,2026-04-12,1529747.0,Transferencia
PG-008481,FE-008704,2026-04-12,4775745.0,PSE
PG-008482,FE-008759,2026-04-12,246813.0,Transferencia
PG-008483,FE-008780,2026-04-12,1092620.0,PSE
PG-008484,FE-008795,2026-04-12,158644.0,Transferencia
PG-008485,FE-008802,2026-04-12,1217045.0,Transferencia
PG-008486,FE-008824,2026-04-12,284246.0,Transferencia
PG-008487,FE-008835,2026-04-12,1718522.0,PSE
PG-008488,FE-008944,2026-04-12,1344179.0,Consignación
PG-008489,FE-008953,2026-04-12,66961.0,Cheque
PG-008490,FE-009022,2026-04-12,171531.0,Cheque
PG-008491,FE-009033,2026-04-12,1344826.0,Transferencia
PG-008492,FE-009042,2026-04-12,674694.0,Transferencia
PG-008493,FE-009130,2026-04-12,445485.0,Transferencia
PG-008494,FE-009179,2026-04-12,244405.0,Consignación
PG-008495,FE-009187,2026-04-12,785149.0,PSE
PG-008496,FE-009193,2026-04-12,563898.0,PSE
PG-008497,FE-009198,2026-04-12,701941.0,Transferencia
PG-008498,FE-009346,2026-04-12,295049.0,Transferencia
PG-008499,FE-009354,2026-04-12,442281.0,Transferencia
PG-008500,FE-009444,2026-04-12,199916.0,PSE
PG-008501,FE-009873,2026-04-12,311794.0,Transferencia
PG-008502,FE-009927,2026-04-12,356463.0,Transferencia
PG-008503,FE-007140,2026-04-13,2108999.0,Transferencia
PG-008504,FE-007528,2026-04-13,794406.0,Transferencia
PG-008505,FE-007818,2026-04-13,1460043.0,Consignación
PG-008506,FE-007847,2026-04-13,1385609.0,Transferencia
PG-008507,FE-007852,2026-04-13,1194823.0,Transferencia
PG-008508,FE-007895,2026-04-13,348845.0,Transferencia
PG-008509,FE-007907,2026-04-13,1838926.0,Transferencia
PG-008510,FE-007925,2026-04-13,194353.0,Cheque
PG-008511,FE-007930,2026-04-13,446498.0,Consignación
PG-008512,FE-007991,2026-04-13,2268750.0,Transferencia
PG-008513,FE-008014,2026-04-13,1874077.0,Transferencia
PG-008514,FE-008062,2026-04-13,403128.0,Transferencia
PG-008515,FE-008150,2026-04-13,4993110.0,Transferencia
PG-008516,FE-008203,2026-04-13,1711066.0,Transferencia
PG-008517,FE-008204,2026-04-13,811128.0,Cheque
PG-008518,FE-008205,2026-04-13,1447608.0,Transferencia
PG-008519,FE-008211,2026-04-13,3627421.0,Transferencia
PG-008520,FE-008222,2026-04-13,576443.0,Transferencia
PG-008521,FE-008234,2026-04-13,232957.0,Transferencia
PG-008522,FE-008330,2026-04-13,912807.0,Transferencia
PG-008523,FE-008382,2026-04-13,1115486.0,PSE
PG-008524,FE-008416,2026-04-13,814374.0,PSE
PG-008525,FE-008421,2026-04-13,583177.0,Transferencia
PG-008526,FE-008439,2026-04-13,794306.0,Transferencia
PG-008527,FE-008475,2026-04-13,1605290.0,Transferencia
PG-008528,FE-008484,2026-04-13,2305055.0,PSE
PG-008529,FE-008552,2026-04-13,3909470.0,Transferencia
PG-008530,FE-008592,2026-04-13,2349125.0,Transferencia
PG-008531,FE-008705,2026-04-13,3172284.0,Cheque
PG-008532,FE-008773,2026-04-13,267273.0,Transferencia
PG-008533,FE-008783,2026-04-13,662869.0,Transferencia
PG-008534,FE-008784,2026-04-13,414264.0,Transferencia
PG-008535,FE-008793,2026-04-13,233210.0,Transferencia
PG-008536,FE-008830,2026-04-13,23526.0,Transferencia
PG-008537,FE-008865,2026-04-13,34332.0,Transferencia
PG-008538,FE-008873,2026-04-13,713143.0,Transferencia
PG-008539,FE-008982,2026-04-13,393830.0,Transferencia
PG-008540,FE-009003,2026-04-13,880882.0,Transferencia
PG-008541,FE-009035,2026-04-13,5198636.0,Transferencia
PG-008542,FE-009041,2026-04-13,152880.0,Cheque
PG-008543,FE-009077,2026-04-13,244894.0,Cheque
PG-008544,FE-009118,2026-04-13,312070.0,Cheque
PG-008545,FE-009142,2026-04-13,588118.0,Cheque
PG-008546,FE-009186,2026-04-13,437633.0,Transferencia
PG-008547,FE-009196,2026-04-13,247829.0,Transferencia
PG-008548,FE-009212,2026-04-13,452006.0,PSE
PG-008549,FE-009215,2026-04-13,511341.0,PSE
PG-008550,FE-009229,2026-04-13,2004238.0,Transferencia
PG-008551,FE-009237,2026-04-13,1097561.0,Cheque
PG-008552,FE-009246,2026-04-13,440419.0,Transferencia
PG-008553,FE-009268,2026-04-13,40892.0,Transferencia
PG-008554,FE-009297,2026-04-13,361860.0,Transferencia
PG-008555,FE-009320,2026-04-13,735435.0,Transferencia
PG-008556,FE-009361,2026-04-13,181317.0,Transferencia
PG-008557,FE-009407,2026-04-13,44275.0,Transferencia
PG-008558,FE-009464,2026-04-13,486800.0,Transferencia
PG-008559,FE-009520,2026-04-13,808093.0,Transferencia
PG-008560,FE-009537,2026-04-13,231880.0,Consignación
PG-008561,FE-009558,2026-04-13,450450.0,Cheque
PG-008562,FE-009672,2026-04-13,275773.0,Consignación
PG-008563,FE-009800,2026-04-13,148506.0,Transferencia
PG-008564,FE-009894,2026-04-13,524360.0,Transferencia
PG-008565,FE-007320,2026-04-14,3284374.0,Transferencia
PG-008566,FE-007329,2026-04-14,6869738.0,Transferencia
PG-008567,FE-007646,2026-04-14,2889021.0,PSE
PG-008568,FE-007655,2026-04-14,3681691.0,Consignación
PG-008569,FE-007700,2026-04-14,2301423.0,PSE
PG-008570,FE-007855,2026-04-14,1710398.0,Transferencia
PG-008571,FE-007877,2026-04-14,1082369.0,Transferencia
PG-008572,FE-007887,2026-04-14,874114.0,Transferencia
PG-008573,FE-007900,2026-04-14,977341.0,Transferencia
PG-008574,FE-007902,2026-04-14,2579384.0,Transferencia
PG-008575,FE-007911,2026-04-14,4695009.0,Consignación
PG-008576,FE-007927,2026-04-14,2666263.0,Transferencia
PG-008577,FE-007972,2026-04-14,208139.0,Transferencia
PG-008578,FE-007979,2026-04-14,1034559.0,Transferencia
PG-008579,FE-008011,2026-04-14,296880.0,Transferencia
PG-008580,FE-008055,2026-04-14,1537344.0,Transferencia
PG-008581,FE-008077,2026-04-14,1133788.0,PSE
PG-008582,FE-008094,2026-04-14,1384010.0,Transferencia
PG-008583,FE-008152,2026-04-14,3019090.0,Transferencia
PG-008584,FE-008172,2026-04-14,1699745.0,Transferencia
PG-008585,FE-008207,2026-04-14,2234102.0,PSE
PG-008586,FE-008308,2026-04-14,919757.0,Transferencia
PG-008587,FE-008311,2026-04-14,753220.0,Consignación
PG-008588,FE-008332,2026-04-14,2615220.0,Transferencia
PG-008589,FE-008334,2026-04-14,2538169.0,Transferencia
PG-008590,FE-008354,2026-04-14,1844362.0,Consignación
PG-008591,FE-008370,2026-04-14,2454733.0,Transferencia
PG-008592,FE-008432,2026-04-14,2204645.0,Cheque
PG-008593,FE-008448,2026-04-14,2169739.0,Consignación
PG-008594,FE-008535,2026-04-14,66508.0,Transferencia
PG-008595,FE-008566,2026-04-14,3149280.0,PSE
PG-008596,FE-008572,2026-04-14,2184431.0,Cheque
PG-008597,FE-008587,2026-04-14,919377.0,PSE
PG-008598,FE-008673,2026-04-14,1031016.0,Consignación
PG-008599,FE-008686,2026-04-14,942798.0,Transferencia
PG-008600,FE-008701,2026-04-14,892634.0,Transferencia
PG-008601,FE-008836,2026-04-14,503994.0,Transferencia
PG-008602,FE-008921,2026-04-14,413375.0,Transferencia
PG-008603,FE-008948,2026-04-14,169279.0,Transferencia
PG-008604,FE-008994,2026-04-14,261353.0,Consignación
PG-008605,FE-008997,2026-04-14,4305077.0,PSE
PG-008606,FE-009004,2026-04-14,64637.0,Transferencia
PG-008607,FE-009019,2026-04-14,99063.0,PSE
PG-008608,FE-009027,2026-04-14,90041.0,Transferencia
PG-008609,FE-009051,2026-04-14,385719.0,Transferencia
PG-008610,FE-009054,2026-04-14,538821.0,PSE
PG-008611,FE-009075,2026-04-14,569898.0,PSE
PG-008612,FE-009076,2026-04-14,406139.0,Transferencia
PG-008613,FE-009082,2026-04-14,84713.0,Consignación
PG-008614,FE-009201,2026-04-14,1217158.0,Transferencia
PG-008615,FE-009302,2026-04-14,970004.0,Consignación
PG-008616,FE-009381,2026-04-14,446166.0,Transferencia
PG-008617,FE-009408,2026-04-14,50262.0,Transferencia
PG-008618,FE-009456,2026-04-14,575835.0,PSE
PG-008619,FE-009468,2026-04-14,331498.0,PSE
PG-008620,FE-009522,2026-04-14,243691.0,Transferencia
PG-008621,FE-009573,2026-04-14,664060.0,Transferencia
PG-008622,FE-009601,2026-04-14,1275388.0,Transferencia
PG-008623,FE-009633,2026-04-14,93164.0,Transferencia
PG-008624,FE-009691,2026-04-14,463962.0,Transferencia
PG-008625,FE-009818,2026-04-14,40067.0,PSE
PG-008626,FE-009901,2026-04-14,605285.0,Transferencia
PG-008627,FE-010034,2026-04-14,67016.0,Transferencia
PG-008628,FE-010124,2026-04-14,284592.0,Cheque
PG-008629,FE-007309,2026-04-15,3413490.0,Transferencia
PG-008630,FE-007599,2026-04-15,10896009.0,Cheque
PG-008631,FE-007886,2026-04-15,147154.0,Consignación
PG-008632,FE-007899,2026-04-15,8000105.0,Transferencia
PG-008633,FE-007970,2026-04-15,2215653.0,Cheque
PG-008634,FE-007999,2026-04-15,76949.0,Transferencia
PG-008635,FE-008030,2026-04-15,685175.0,PSE
PG-008636,FE-008053,2026-04-15,1643664.0,Transferencia
PG-008637,FE-008082,2026-04-15,1684048.0,Consignación
PG-008638,FE-008089,2026-04-15,1059393.0,Transferencia
PG-008639,FE-008158,2026-04-15,896253.0,PSE
PG-008640,FE-008159,2026-04-15,1856229.0,Transferencia
PG-008641,FE-008213,2026-04-15,37646.0,Transferencia
PG-008642,FE-008244,2026-04-15,1231593.0,PSE
PG-008643,FE-008290,2026-04-15,1019862.0,Transferencia
PG-008644,FE-008321,2026-04-15,2444178.0,Transferencia
PG-008645,FE-008454,2026-04-15,2942321.0,Transferencia
PG-008646,FE-008519,2026-04-15,1096311.0,Consignación
PG-008647,FE-008563,2026-04-15,1288747.0,Transferencia
PG-008648,FE-008632,2026-04-15,992406.0,Consignación
PG-008649,FE-008690,2026-04-15,871808.0,Consignación
PG-008650,FE-008709,2026-04-15,1258195.0,Consignación
PG-008651,FE-008726,2026-04-15,1675620.0,PSE
PG-008652,FE-008749,2026-04-15,2299355.0,Transferencia
PG-008653,FE-008831,2026-04-15,1641158.0,PSE
PG-008654,FE-008855,2026-04-15,935409.0,PSE
PG-008655,FE-008943,2026-04-15,146659.0,Transferencia
PG-008656,FE-009065,2026-04-15,328342.0,PSE
PG-008657,FE-009153,2026-04-15,171337.0,Transferencia
PG-008658,FE-009227,2026-04-15,492066.0,Transferencia
PG-008659,FE-009235,2026-04-15,456667.0,Transferencia
PG-008660,FE-009257,2026-04-15,1723266.0,Transferencia
PG-008661,FE-009277,2026-04-15,78726.0,Transferencia
PG-008662,FE-009283,2026-04-15,528624.0,PSE
PG-008663,FE-009293,2026-04-15,127482.0,Cheque
PG-008664,FE-009380,2026-04-15,439698.0,Transferencia
PG-008665,FE-009499,2026-04-15,137000.0,PSE
PG-008666,FE-009555,2026-04-15,53348.0,Transferencia
PG-008667,FE-009619,2026-04-15,428188.0,PSE
PG-008668,FE-009640,2026-04-15,621284.0,Transferencia
PG-008669,FE-009654,2026-04-15,376186.0,Transferencia
PG-008670,FE-009671,2026-04-15,168415.0,PSE
PG-008671,FE-010095,2026-04-15,188099.0,PSE
PG-008672,FE-007242,2026-04-16,2683925.0,Transferencia
PG-008673,FE-007381,2026-04-16,11506262.0,Transferencia
PG-008674,FE-007421,2026-04-16,4833498.0,PSE
PG-008675,FE-007529,2026-04-16,1543422.0,Consignación
PG-008676,FE-007799,2026-04-16,1713389.0,Transferencia
PG-008677,FE-007827,2026-04-16,320241.0,Transferencia
PG-008678,FE-007858,2026-04-16,2717804.0,Transferencia
PG-008679,FE-007869,2026-04-16,1516645.0,Transferencia
PG-008680,FE-007898,2026-04-16,3308809.0,Transferencia
PG-008681,FE-008010,2026-04-16,3253161.0,Transferencia
PG-008682,FE-008132,2026-04-16,5744718.0,Transferencia
PG-008683,FE-008146,2026-04-16,2337607.0,Transferencia
PG-008684,FE-008166,2026-04-16,367622.0,Transferencia
PG-008685,FE-008169,2026-04-16,577918.0,Transferencia
PG-008686,FE-008342,2026-04-16,2016331.0,PSE
PG-008687,FE-008415,2026-04-16,447363.0,Transferencia
PG-008688,FE-008527,2026-04-16,200381.0,PSE
PG-008689,FE-008580,2026-04-16,481658.0,Transferencia
PG-008690,FE-008599,2026-04-16,3103384.0,Consignación
PG-008691,FE-008617,2026-04-16,3354570.0,Transferencia
PG-008692,FE-008625,2026-04-16,628756.0,Transferencia
PG-008693,FE-008627,2026-04-16,471559.0,Transferencia
PG-008694,FE-008628,2026-04-16,41059.0,Transferencia
PG-008695,FE-008634,2026-04-16,1108913.0,Transferencia
PG-008696,FE-008635,2026-04-16,463711.0,Transferencia
PG-008697,FE-008692,2026-04-16,2590115.0,Cheque
PG-008698,FE-008742,2026-04-16,1398916.0,Cheque
PG-008699,FE-008763,2026-04-16,293041.0,Transferencia
PG-008700,FE-008843,2026-04-16,950701.0,Consignación
PG-008701,FE-008850,2026-04-16,7477047.0,Transferencia
PG-008702,FE-008872,2026-04-16,31541.0,PSE
PG-008703,FE-008896,2026-04-16,1972515.0,Transferencia
PG-008704,FE-008900,2026-04-16,572053.0,Transferencia
PG-008705,FE-008983,2026-04-16,133285.0,PSE
PG-008706,FE-008984,2026-04-16,1174581.0,PSE
PG-008707,FE-009037,2026-04-16,1643355.0,Transferencia
PG-008708,FE-009043,2026-04-16,1429039.0,Transferencia
PG-008709,FE-009058,2026-04-16,1376387.0,Transferencia
PG-008710,FE-009091,2026-04-16,178369.0,PSE
PG-008711,FE-009121,2026-04-16,2122613.0,Transferencia
PG-008712,FE-009134,2026-04-16,5011365.0,Transferencia
PG-008713,FE-009135,2026-04-16,366419.0,Transferencia
PG-008714,FE-009146,2026-04-16,384028.0,Transferencia
PG-008715,FE-009178,2026-04-16,233952.0,Transferencia
PG-008716,FE-009225,2026-04-16,541856.0,PSE
PG-008717,FE-009298,2026-04-16,1063755.0,Cheque
PG-008718,FE-009332,2026-04-16,149537.0,Cheque
PG-008719,FE-009412,2026-04-16,520855.0,Cheque
PG-008720,FE-009453,2026-04-16,151175.0,Transferencia
PG-008721,FE-009477,2026-04-16,289218.0,Transferencia
PG-008722,FE-009545,2026-04-16,162372.0,Transferencia
PG-008723,FE-009688,2026-04-16,60072.0,PSE
PG-008724,FE-009777,2026-04-16,198111.0,Consignación
PG-008725,FE-009778,2026-04-16,426346.0,Transferencia
PG-008726,FE-009802,2026-04-16,276538.0,Transferencia
PG-008727,FE-009834,2026-04-16,231186.0,Transferencia
PG-008728,FE-010303,2026-04-16,1546404.0,Consignación
PG-008729,FE-007673,2026-04-17,3824649.0,Transferencia
PG-008730,FE-007782,2026-04-17,1448795.0,PSE
PG-008731,FE-007936,2026-04-17,422435.0,Transferencia
PG-008732,FE-007946,2026-04-17,2088994.0,PSE
PG-008733,FE-007982,2026-04-17,3801777.0,Transferencia
PG-008734,FE-008028,2026-04-17,1578921.0,Transferencia
PG-008735,FE-008035,2026-04-17,454905.0,Transferencia
PG-008736,FE-008074,2026-04-17,951710.0,PSE
PG-008737,FE-008092,2026-04-17,5658836.0,Transferencia
PG-008738,FE-008160,2026-04-17,999051.0,Transferencia
PG-008739,FE-008184,2026-04-17,686354.0,Transferencia
PG-008740,FE-008235,2026-04-17,1549196.0,PSE
PG-008741,FE-008254,2026-04-17,2372178.0,Consignación
PG-008742,FE-008365,2026-04-17,2319396.0,Transferencia
PG-008743,FE-008371,2026-04-17,3366639.0,PSE
PG-008744,FE-008380,2026-04-17,907206.0,Transferencia
PG-008745,FE-008489,2026-04-17,2729408.0,Consignación
PG-008746,FE-008507,2026-04-17,925603.0,Cheque
PG-008747,FE-008541,2026-04-17,355728.0,Cheque
PG-008748,FE-008577,2026-04-17,3549954.0,Transferencia
PG-008749,FE-008583,2026-04-17,5701064.0,PSE
PG-008750,FE-008596,2026-04-17,1350750.0,Transferencia
PG-008751,FE-008600,2026-04-17,1749999.0,Consignación
PG-008752,FE-008778,2026-04-17,101816.0,Consignación
PG-008753,FE-008781,2026-04-17,2410884.0,Transferencia
PG-008754,FE-008898,2026-04-17,800312.0,Transferencia
PG-008755,FE-008940,2026-04-17,4843462.0,Consignación
PG-008756,FE-008961,2026-04-17,432672.0,Consignación
PG-008757,FE-008965,2026-04-17,267337.0,Consignación
PG-008758,FE-009000,2026-04-17,194175.0,Transferencia
PG-008759,FE-009011,2026-04-17,492328.0,Transferencia
PG-008760,FE-009059,2026-04-17,538461.0,Transferencia
PG-008761,FE-009197,2026-04-17,297481.0,Cheque
PG-008762,FE-009209,2026-04-17,1206142.0,Transferencia
PG-008763,FE-009241,2026-04-17,352066.0,Transferencia
PG-008764,FE-009280,2026-04-17,2247743.0,Consignación
PG-008765,FE-009290,2026-04-17,152376.0,Cheque
PG-008766,FE-009312,2026-04-17,621863.0,Transferencia
PG-008767,FE-009317,2026-04-17,235722.0,Transferencia
PG-008768,FE-009358,2026-04-17,435510.0,Transferencia
PG-008769,FE-009586,2026-04-17,289260.0,PSE
PG-008770,FE-009698,2026-04-17,296152.0,Transferencia
PG-008771,FE-007752,2026-04-18,8397744.0,Transferencia
PG-008772,FE-007775,2026-04-18,7092277.0,Transferencia
PG-008773,FE-007965,2026-04-18,203479.0,PSE
PG-008774,FE-008060,2026-04-18,1966650.0,PSE
PG-008775,FE-008109,2026-04-18,3799269.0,Transferencia
PG-008776,FE-008110,2026-04-18,1085968.0,Transferencia
PG-008777,FE-008125,2026-04-18,2170744.0,Transferencia
PG-008778,FE-008131,2026-04-18,1232697.0,Transferencia
PG-008779,FE-008133,2026-04-18,2041138.0,PSE
PG-008780,FE-008149,2026-04-18,1668697.0,Consignación
PG-008781,FE-008182,2026-04-18,2904086.0,Transferencia
PG-008782,FE-008272,2026-04-18,110675.0,Transferencia
PG-008783,FE-008288,2026-04-18,1363897.0,PSE
PG-008784,FE-008394,2026-04-18,2085826.0,PSE
PG-008785,FE-008436,2026-04-18,608377.0,Transferencia
PG-008786,FE-008446,2026-04-18,3007725.0,Transferencia
PG-008787,FE-008460,2026-04-18,2892026.0,Transferencia
PG-008788,FE-008469,2026-04-18,1209904.0,PSE
PG-008789,FE-008496,2026-04-18,922282.0,PSE
PG-008790,FE-008501,2026-04-18,1980736.0,Transferencia
PG-008791,FE-008546,2026-04-18,794160.0,Cheque
PG-008792,FE-008611,2026-04-18,223916.0,PSE
PG-008793,FE-008614,2026-04-18,383126.0,Transferencia
PG-008794,FE-008659,2026-04-18,2720912.0,Transferencia
PG-008795,FE-008670,2026-04-18,355031.0,PSE
PG-008796,FE-008688,2026-04-18,2060218.0,Transferencia
PG-008797,FE-008698,2026-04-18,868962.0,Cheque
PG-008798,FE-008702,2026-04-18,432554.0,Transferencia
PG-008799,FE-008766,2026-04-18,339325.0,PSE
PG-008800,FE-008769,2026-04-18,651608.0,Transferencia
PG-008801,FE-008807,2026-04-18,791037.0,Transferencia
PG-008802,FE-008862,2026-04-18,612513.0,Transferencia
PG-008803,FE-008913,2026-04-18,2364210.0,PSE
PG-008804,FE-008954,2026-04-18,95284.0,PSE
PG-008805,FE-008966,2026-04-18,3722224.0,Transferencia
PG-008806,FE-009050,2026-04-18,1355604.0,Transferencia
PG-008807,FE-009057,2026-04-18,803574.0,Cheque
PG-008808,FE-009088,2026-04-18,202771.0,PSE
PG-008809,FE-009156,2026-04-18,116844.0,Transferencia
PG-008810,FE-009157,2026-04-18,685359.0,Transferencia
PG-008811,FE-009191,2026-04-18,2807105.0,Transferencia
PG-008812,FE-009200,2026-04-18,3008234.0,Transferencia
PG-008813,FE-009216,2026-04-18,1131558.0,Transferencia
PG-008814,FE-009217,2026-04-18,914823.0,Transferencia
PG-008815,FE-009242,2026-04-18,41927.0,PSE
PG-008816,FE-009347,2026-04-18,315613.0,Cheque
PG-008817,FE-009375,2026-04-18,523993.0,Transferencia
PG-008818,FE-009386,2026-04-18,1896928.0,Transferencia
PG-008819,FE-009425,2026-04-18,429183.0,PSE
PG-008820,FE-009478,2026-04-18,70936.0,Transferencia
PG-008821,FE-009507,2026-04-18,135142.0,Transferencia
PG-008822,FE-009823,2026-04-18,407451.0,Consignación
PG-008823,FE-009924,2026-04-18,504978.0,Transferencia
PG-008824,FE-010149,2026-04-18,362557.0,Transferencia
PG-008825,FE-007674,2026-04-19,4314168.0,PSE
PG-008826,FE-007984,2026-04-19,1958729.0,Consignación
PG-008827,FE-008181,2026-04-19,4909541.0,Transferencia
PG-008828,FE-008255,2026-04-19,280756.0,Transferencia
PG-008829,FE-008278,2026-04-19,333962.0,Transferencia
PG-008830,FE-008315,2026-04-19,1202133.0,Transferencia
PG-008831,FE-008429,2026-04-19,801097.0,Transferencia
PG-008832,FE-008463,2026-04-19,1164891.0,Transferencia
PG-008833,FE-008523,2026-04-19,2353605.0,PSE
PG-008834,FE-008640,2026-04-19,732177.0,Transferencia
PG-008835,FE-008652,2026-04-19,90064.0,Transferencia
PG-008836,FE-008653,2026-04-19,1648024.0,PSE
PG-008837,FE-008660,2026-04-19,1396245.0,Transferencia
PG-008838,FE-008750,2026-04-19,495367.0,Transferencia
PG-008839,FE-008878,2026-04-19,512950.0,Consignación
PG-008840,FE-008901,2026-04-19,498928.0,PSE
PG-008841,FE-008902,2026-04-19,1731086.0,PSE
PG-008842,FE-009096,2026-04-19,263716.0,Transferencia
PG-008843,FE-009098,2026-04-19,297744.0,Consignación
PG-008844,FE-009101,2026-04-19,429604.0,Transferencia
PG-008845,FE-009155,2026-04-19,330657.0,Transferencia
PG-008846,FE-009230,2026-04-19,381732.0,Consignación
PG-008847,FE-009261,2026-04-19,784787.0,Transferencia
PG-008848,FE-009278,2026-04-19,469557.0,Transferencia
PG-008849,FE-009323,2026-04-19,107539.0,PSE
PG-008850,FE-009345,2026-04-19,882886.0,Transferencia
PG-008851,FE-009394,2026-04-19,1221246.0,Cheque
PG-008852,FE-009419,2026-04-19,598212.0,PSE
PG-008853,FE-009511,2026-04-19,692843.0,Transferencia
PG-008854,FE-009534,2026-04-19,2595862.0,Transferencia
PG-008855,FE-009554,2026-04-19,637907.0,Transferencia
PG-008856,FE-009572,2026-04-19,130280.0,Transferencia
PG-008857,FE-009620,2026-04-19,530296.0,PSE
PG-008858,FE-009659,2026-04-19,43694.0,Transferencia
PG-008859,FE-009702,2026-04-19,980296.0,Transferencia
PG-008860,FE-009825,2026-04-19,206451.0,Transferencia
PG-008861,FE-009826,2026-04-19,434100.0,Cheque
PG-008862,FE-009846,2026-04-19,1297591.0,Transferencia
PG-008863,FE-010024,2026-04-19,562824.0,Transferencia
PG-008864,FE-010222,2026-04-19,253585.0,PSE
PG-008865,FE-007711,2026-04-20,4516273.0,Transferencia
PG-008866,FE-007975,2026-04-20,1241914.0,Cheque
PG-008867,FE-008032,2026-04-20,1267079.0,Transferencia
PG-008868,FE-008065,2026-04-20,1271029.0,Transferencia
PG-008869,FE-008081,2026-04-20,2412449.0,PSE
PG-008870,FE-008173,2026-04-20,134616.0,Transferencia
PG-008871,FE-008295,2026-04-20,54606.0,Consignación
PG-008872,FE-008426,2026-04-20,2344988.0,Transferencia
PG-008873,FE-008428,2026-04-20,5665470.0,Transferencia
PG-008874,FE-008438,2026-04-20,469653.0,Transferencia
PG-008875,FE-008503,2026-04-20,3056208.0,PSE
PG-008876,FE-008629,2026-04-20,919797.0,PSE
PG-008877,FE-008754,2026-04-20,240591.0,Consignación
PG-008878,FE-008771,2026-04-20,1752565.0,Transferencia
PG-008879,FE-008772,2026-04-20,711645.0,Transferencia
PG-008880,FE-008796,2026-04-20,176440.0,Transferencia
PG-008881,FE-008810,2026-04-20,3817702.0,Transferencia
PG-008882,FE-008814,2026-04-20,217759.0,Transferencia
PG-008883,FE-008834,2026-04-20,336885.0,Consignación
PG-008884,FE-008866,2026-04-20,4782643.0,Transferencia
PG-008885,FE-008909,2026-04-20,1622564.0,Cheque
PG-008886,FE-008935,2026-04-20,349840.0,Transferencia
PG-008887,FE-008962,2026-04-20,935583.0,Transferencia
PG-008888,FE-008968,2026-04-20,1134498.0,PSE
PG-008889,FE-008977,2026-04-20,188784.0,PSE
PG-008890,FE-009013,2026-04-20,2440758.0,Transferencia
PG-008891,FE-009060,2026-04-20,1661219.0,Consignación
PG-008892,FE-009151,2026-04-20,289551.0,Transferencia
PG-008893,FE-009189,2026-04-20,75163.0,PSE
PG-008894,FE-009272,2026-04-20,1866968.0,Transferencia
PG-008895,FE-009321,2026-04-20,132245.0,PSE
PG-008896,FE-009333,2026-04-20,850779.0,Transferencia
PG-008897,FE-009500,2026-04-20,146665.0,Transferencia
PG-008898,FE-009517,2026-04-20,126115.0,Consignación
PG-008899,FE-009585,2026-04-20,3125562.0,PSE
PG-008900,FE-009656,2026-04-20,73935.0,Transferencia
PG-008901,FE-009731,2026-04-20,558231.0,Consignación
PG-008902,FE-009769,2026-04-20,562543.0,Transferencia
PG-008903,FE-009821,2026-04-20,582190.0,Transferencia
PG-008904,FE-009843,2026-04-20,169523.0,PSE
PG-008905,FE-009987,2026-04-20,511234.0,Transferencia
PG-008906,FE-007712,2026-04-21,3501144.0,PSE
PG-008907,FE-007756,2026-04-21,2058998.0,Transferencia
PG-008908,FE-007942,2026-04-21,1886373.0,PSE
PG-008909,FE-008063,2026-04-21,580745.0,Transferencia
PG-008910,FE-008096,2026-04-21,2514119.0,Transferencia
PG-008911,FE-008144,2026-04-21,3799871.0,PSE
PG-008912,FE-008187,2026-04-21,2109486.0,PSE
PG-008913,FE-008293,2026-04-21,5152541.0,Transferencia
PG-008914,FE-008358,2026-04-21,2079645.0,Transferencia
PG-008915,FE-008466,2026-04-21,841287.0,Transferencia
PG-008916,FE-008482,2026-04-21,322778.0,Consignación
PG-008917,FE-008518,2026-04-21,1319637.0,Transferencia
PG-008918,FE-008555,2026-04-21,2295207.0,Cheque
PG-008919,FE-008568,2026-04-21,4020241.0,Transferencia
PG-008920,FE-008574,2026-04-21,1170457.0,Transferencia
PG-008921,FE-008610,2026-04-21,4065546.0,PSE
PG-008922,FE-008638,2026-04-21,1072309.0,Cheque
PG-008923,FE-008689,2026-04-21,2777542.0,Transferencia
PG-008924,FE-008732,2026-04-21,1358878.0,PSE
PG-008925,FE-008738,2026-04-21,1502529.0,Transferencia
PG-008926,FE-008776,2026-04-21,1955251.0,Transferencia
PG-008927,FE-008791,2026-04-21,652146.0,Transferencia
PG-008928,FE-008803,2026-04-21,449650.0,Transferencia
PG-008929,FE-008811,2026-04-21,952187.0,Transferencia
PG-008930,FE-008841,2026-04-21,497100.0,PSE
PG-008931,FE-008903,2026-04-21,1052386.0,Transferencia
PG-008932,FE-008916,2026-04-21,701528.0,Transferencia
PG-008933,FE-008929,2026-04-21,806300.0,Transferencia
PG-008934,FE-008941,2026-04-21,2132986.0,Transferencia
PG-008935,FE-008991,2026-04-21,1229318.0,Transferencia
PG-008936,FE-008996,2026-04-21,2054934.0,Transferencia
PG-008937,FE-009090,2026-04-21,638402.0,Consignación
PG-008938,FE-009093,2026-04-21,2826819.0,Transferencia
PG-008939,FE-009097,2026-04-21,4567476.0,Transferencia
PG-008940,FE-009115,2026-04-21,977559.0,Transferencia
PG-008941,FE-009126,2026-04-21,546571.0,PSE
PG-008942,FE-009165,2026-04-21,1632645.0,Transferencia
PG-008943,FE-009167,2026-04-21,5155864.0,Transferencia
PG-008944,FE-009173,2026-04-21,1231267.0,Transferencia
PG-008945,FE-009174,2026-04-21,971841.0,PSE
PG-008946,FE-009204,2026-04-21,373468.0,PSE
PG-008947,FE-009213,2026-04-21,1874016.0,PSE
PG-008948,FE-009335,2026-04-21,264751.0,Transferencia
PG-008949,FE-009455,2026-04-21,1289627.0,Consignación
PG-008950,FE-009535,2026-04-21,1698510.0,PSE
PG-008951,FE-009539,2026-04-21,371501.0,Transferencia
PG-008952,FE-009577,2026-04-21,69134.0,PSE
PG-008953,FE-009605,2026-04-21,252777.0,Cheque
PG-008954,FE-009614,2026-04-21,179101.0,Cheque
PG-008955,FE-009624,2026-04-21,1476757.0,Transferencia
PG-008956,FE-009643,2026-04-21,1231733.0,Transferencia
PG-008957,FE-009673,2026-04-21,641678.0,Transferencia
PG-008958,FE-009729,2026-04-21,778604.0,Transferencia
PG-008959,FE-009775,2026-04-21,211389.0,PSE
PG-008960,FE-009814,2026-04-21,369590.0,Transferencia
PG-008961,FE-009945,2026-04-21,306683.0,Consignación
PG-008962,FE-010021,2026-04-21,495436.0,PSE
PG-008963,FE-010033,2026-04-21,30265.0,Transferencia
PG-008964,FE-010118,2026-04-21,210880.0,Transferencia
PG-008965,FE-010525,2026-04-21,413282.0,Transferencia
PG-008966,FE-007929,2026-04-22,3976633.0,PSE
PG-008967,FE-008040,2026-04-22,7304857.0,Transferencia
PG-008968,FE-008048,2026-04-22,3293570.0,Transferencia
PG-008969,FE-008171,2026-04-22,1190934.0,Consignación
PG-008970,FE-008192,2026-04-22,7517343.0,Transferencia
PG-008971,FE-008292,2026-04-22,810147.0,Transferencia
PG-008972,FE-008487,2026-04-22,1155720.0,Transferencia
PG-008973,FE-008524,2026-04-22,1011443.0,Transferencia
PG-008974,FE-008528,2026-04-22,3445051.0,Transferencia
PG-008975,FE-008533,2026-04-22,645373.0,Transferencia
PG-008976,FE-008545,2026-04-22,1417069.0,Transferencia
PG-008977,FE-008595,2026-04-22,2534281.0,PSE
PG-008978,FE-008609,2026-04-22,1493668.0,Consignación
PG-008979,FE-008655,2026-04-22,2106914.0,PSE
PG-008980,FE-008717,2026-04-22,1269995.0,PSE
PG-008981,FE-008725,2026-04-22,1111174.0,Transferencia
PG-008982,FE-008735,2026-04-22,1324844.0,Consignación
PG-008983,FE-008770,2026-04-22,166944.0,Transferencia
PG-008984,FE-008861,2026-04-22,3276277.0,PSE
PG-008985,FE-008867,2026-04-22,1694314.0,Transferencia
PG-008986,FE-008881,2026-04-22,1076920.0,Cheque
PG-008987,FE-008885,2026-04-22,2057491.0,PSE
PG-008988,FE-008911,2026-04-22,1726287.0,Transferencia
PG-008989,FE-008939,2026-04-22,1492037.0,Consignación
PG-008990,FE-008958,2026-04-22,6036520.0,Consignación
PG-008991,FE-008971,2026-04-22,750681.0,PSE
PG-008992,FE-008976,2026-04-22,2207789.0,Transferencia
PG-008993,FE-008987,2026-04-22,1096377.0,Transferencia
PG-008994,FE-009064,2026-04-22,2303627.0,Transferencia
PG-008995,FE-009133,2026-04-22,627776.0,Transferencia
PG-008996,FE-009228,2026-04-22,682134.0,Transferencia
PG-008997,FE-009308,2026-04-22,7465715.0,Transferencia
PG-008998,FE-009334,2026-04-22,2714427.0,PSE
PG-008999,FE-009399,2026-04-22,346748.0,Transferencia
PG-009000,FE-009418,2026-04-22,787868.0,PSE
PG-009001,FE-009426,2026-04-22,362612.0,PSE
PG-009002,FE-009452,2026-04-22,285937.0,Cheque
PG-009003,FE-009458,2026-04-22,1125335.0,PSE
PG-009004,FE-009480,2026-04-22,6899179.0,PSE
PG-009005,FE-009496,2026-04-22,6576266.0,Transferencia
PG-009006,FE-009536,2026-04-22,1114235.0,Transferencia
PG-009007,FE-009608,2026-04-22,598482.0,Transferencia
PG-009008,FE-009742,2026-04-22,756322.0,Cheque
PG-009009,FE-009747,2026-04-22,1144242.0,Consignación
PG-009010,FE-009859,2026-04-22,332142.0,Consignación
PG-009011,FE-009891,2026-04-22,24276.0,Consignación
PG-009012,FE-010017,2026-04-22,341828.0,Transferencia
PG-009013,FE-010031,2026-04-22,1251171.0,Cheque
PG-009014,FE-010071,2026-04-22,137921.0,Transferencia
PG-009015,FE-010209,2026-04-22,420644.0,Transferencia
PG-009016,FE-010257,2026-04-22,409680.0,Consignación
PG-009017,FE-007755,2026-04-23,4481026.0,PSE
PG-009018,FE-007916,2026-04-23,13426019.0,Transferencia
PG-009019,FE-007952,2026-04-23,885665.0,Transferencia
PG-009020,FE-008164,2026-04-23,1278286.0,Transferencia
PG-009021,FE-008322,2026-04-23,1311779.0,Transferencia
PG-009022,FE-008473,2026-04-23,1529670.0,Transferencia
PG-009023,FE-008508,2026-04-23,233690.0,Cheque
PG-009024,FE-008520,2026-04-23,1363665.0,Transferencia
PG-009025,FE-008588,2026-04-23,3320616.0,Transferencia
PG-009026,FE-008637,2026-04-23,1926477.0,PSE
PG-009027,FE-008649,2026-04-23,1766354.0,Transferencia
PG-009028,FE-008657,2026-04-23,592207.0,Consignación
PG-009029,FE-008710,2026-04-23,9109344.0,Transferencia
PG-009030,FE-008758,2026-04-23,74976.0,Transferencia
PG-009031,FE-008785,2026-04-23,1330109.0,Transferencia
PG-009032,FE-008813,2026-04-23,1544925.0,Transferencia
PG-009033,FE-008821,2026-04-23,692488.0,Transferencia
PG-009034,FE-008826,2026-04-23,1573981.0,Transferencia
PG-009035,FE-008906,2026-04-23,5560359.0,Transferencia
PG-009036,FE-008910,2026-04-23,483430.0,Transferencia
PG-009037,FE-008950,2026-04-23,3101044.0,Transferencia
PG-009038,FE-008967,2026-04-23,1133128.0,PSE
PG-009039,FE-008985,2026-04-23,1009347.0,PSE
PG-009040,FE-009087,2026-04-23,755216.0,Transferencia
PG-009041,FE-009190,2026-04-23,1847433.0,PSE
PG-009042,FE-009208,2026-04-23,76616.0,PSE
PG-009043,FE-009224,2026-04-23,2150138.0,Transferencia
PG-009044,FE-009331,2026-04-23,274573.0,Transferencia
PG-009045,FE-009340,2026-04-23,139498.0,Transferencia
PG-009046,FE-009356,2026-04-23,890606.0,Transferencia
PG-009047,FE-009371,2026-04-23,867267.0,Transferencia
PG-009048,FE-009389,2026-04-23,2000739.0,PSE
PG-009049,FE-009447,2026-04-23,1479782.0,Consignación
PG-009050,FE-009460,2026-04-23,1616670.0,Transferencia
PG-009051,FE-009465,2026-04-23,4775845.0,Transferencia
PG-009052,FE-009467,2026-04-23,331289.0,Transferencia
PG-009053,FE-009472,2026-04-23,216309.0,Transferencia
PG-009054,FE-009479,2026-04-23,1138741.0,Transferencia
PG-009055,FE-009505,2026-04-23,825955.0,PSE
PG-009056,FE-009514,2026-04-23,688667.0,Cheque
PG-009057,FE-009521,2026-04-23,156490.0,PSE
PG-009058,FE-009579,2026-04-23,1590290.0,Transferencia
PG-009059,FE-009701,2026-04-23,698876.0,Transferencia
PG-009060,FE-009750,2026-04-23,244164.0,Consignación
PG-009061,FE-009752,2026-04-23,40398.0,Cheque
PG-009062,FE-009764,2026-04-23,90578.0,Transferencia
PG-009063,FE-009766,2026-04-23,165731.0,Transferencia
PG-009064,FE-009767,2026-04-23,723901.0,Transferencia
PG-009065,FE-009786,2026-04-23,351062.0,Transferencia
PG-009066,FE-009806,2026-04-23,79612.0,Transferencia
PG-009067,FE-009836,2026-04-23,431840.0,PSE
PG-009068,FE-009882,2026-04-23,450498.0,Transferencia
PG-009069,FE-009903,2026-04-23,151564.0,Transferencia
PG-009070,FE-010045,2026-04-23,143906.0,Transferencia
PG-009071,FE-010087,2026-04-23,152400.0,Transferencia
PG-009072,FE-010147,2026-04-23,324301.0,Consignación
PG-009073,FE-010157,2026-04-23,223304.0,Transferencia
PG-009074,FE-010247,2026-04-23,277055.0,Consignación
PG-009075,FE-007959,2026-04-24,1872225.0,Transferencia
PG-009076,FE-008058,2026-04-24,1444553.0,Transferencia
PG-009077,FE-008064,2026-04-24,5170800.0,Consignación
PG-009078,FE-008186,2026-04-24,3093625.0,Transferencia
PG-009079,FE-008202,2026-04-24,4092552.0,Transferencia
PG-009080,FE-008212,2026-04-24,1919603.0,Transferencia
PG-009081,FE-008392,2026-04-24,1106723.0,Consignación
PG-009082,FE-008404,2026-04-24,4933683.0,Transferencia
PG-009083,FE-008459,2026-04-24,2798625.0,Transferencia
PG-009084,FE-008514,2026-04-24,3563043.0,Transferencia
PG-009085,FE-008667,2026-04-24,1147383.0,PSE
PG-009086,FE-008672,2026-04-24,5681484.0,Transferencia
PG-009087,FE-008675,2026-04-24,1409074.0,Transferencia
PG-009088,FE-008741,2026-04-24,1426296.0,Consignación
PG-009089,FE-008757,2026-04-24,323444.0,PSE
PG-009090,FE-008792,2026-04-24,1026012.0,Cheque
PG-009091,FE-008806,2026-04-24,2835832.0,Transferencia
PG-009092,FE-008845,2026-04-24,1247275.0,PSE
PG-009093,FE-008975,2026-04-24,730374.0,Consignación
PG-009094,FE-008988,2026-04-24,180365.0,Transferencia
PG-009095,FE-008989,2026-04-24,1716320.0,Consignación
PG-009096,FE-009002,2026-04-24,776235.0,Transferencia
PG-009097,FE-009129,2026-04-24,22957.0,Consignación
PG-009098,FE-009163,2026-04-24,3376289.0,Consignación
PG-009099,FE-009284,2026-04-24,750644.0,Transferencia
PG-009100,FE-009299,2026-04-24,2451386.0,Transferencia
PG-009101,FE-009351,2026-04-24,140250.0,Consignación
PG-009102,FE-009376,2026-04-24,101618.0,Transferencia
PG-009103,FE-009384,2026-04-24,3623299.0,Transferencia
PG-009104,FE-009387,2026-04-24,2872778.0,Transferencia
PG-009105,FE-009390,2026-04-24,964316.0,Transferencia
PG-009106,FE-009404,2026-04-24,216335.0,Transferencia
PG-009107,FE-009437,2026-04-24,274587.0,Consignación
PG-009108,FE-009490,2026-04-24,871802.0,PSE
PG-009109,FE-009504,2026-04-24,1502944.0,Transferencia
PG-009110,FE-009516,2026-04-24,473847.0,Transferencia
PG-009111,FE-009533,2026-04-24,153296.0,PSE
PG-009112,FE-009546,2026-04-24,397659.0,PSE
PG-009113,FE-009547,2026-04-24,1975645.0,Consignación
PG-009114,FE-009550,2026-04-24,198540.0,Transferencia
PG-009115,FE-009575,2026-04-24,1016151.0,Transferencia
PG-009116,FE-009607,2026-04-24,207592.0,Transferencia
PG-009117,FE-009637,2026-04-24,79914.0,Consignación
PG-009118,FE-009711,2026-04-24,2394288.0,Transferencia
PG-009119,FE-009770,2026-04-24,810276.0,Transferencia
PG-009120,FE-009798,2026-04-24,235397.0,Transferencia
PG-009121,FE-009830,2026-04-24,192070.0,Transferencia
PG-009122,FE-009845,2026-04-24,964891.0,PSE
PG-009123,FE-009902,2026-04-24,1006151.0,Transferencia
PG-009124,FE-009977,2026-04-24,308315.0,PSE
PG-009125,FE-009985,2026-04-24,169320.0,PSE
PG-009126,FE-009998,2026-04-24,297456.0,Transferencia
PG-009127,FE-010014,2026-04-24,101508.0,Transferencia
PG-009128,FE-010015,2026-04-24,302003.0,Transferencia
PG-009129,FE-010072,2026-04-24,488983.0,PSE
PG-009130,FE-007882,2026-04-25,2197684.0,Transferencia
PG-009131,FE-008025,2026-04-25,1470879.0,PSE
PG-009132,FE-008041,2026-04-25,2020008.0,PSE
PG-009133,FE-008189,2026-04-25,7190100.0,PSE
PG-009134,FE-008328,2026-04-25,3295037.0,Transferencia
PG-009135,FE-008409,2026-04-25,2572442.0,Transferencia
PG-009136,FE-008499,2026-04-25,1162734.0,Transferencia
PG-009137,FE-008540,2026-04-25,1689539.0,Transferencia
PG-009138,FE-008564,2026-04-25,4795148.0,Transferencia
PG-009139,FE-008597,2026-04-25,528423.0,Cheque
PG-009140,FE-008630,2026-04-25,1276708.0,Transferencia
PG-009141,FE-008645,2026-04-25,4563917.0,Transferencia
PG-009142,FE-008663,2026-04-25,2727330.0,Consignación
PG-009143,FE-008669,2026-04-25,1751284.0,Transferencia
PG-009144,FE-008699,2026-04-25,186635.0,Consignación
PG-009145,FE-008765,2026-04-25,512752.0,Transferencia
PG-009146,FE-008820,2026-04-25,1614787.0,Transferencia
PG-009147,FE-008832,2026-04-25,1268169.0,Transferencia
PG-009148,FE-008839,2026-04-25,8920041.0,Transferencia
PG-009149,FE-008894,2026-04-25,1300994.0,PSE
PG-009150,FE-008927,2026-04-25,1216291.0,Cheque
PG-009151,FE-008978,2026-04-25,2431497.0,Transferencia
PG-009152,FE-009068,2026-04-25,5066896.0,Transferencia
PG-009153,FE-009070,2026-04-25,297368.0,Transferencia
PG-009154,FE-009084,2026-04-25,98728.0,Transferencia
PG-009155,FE-009089,2026-04-25,1456079.0,Transferencia
PG-009156,FE-009114,2026-04-25,238431.0,PSE
PG-009157,FE-009123,2026-04-25,466104.0,Transferencia
PG-009158,FE-009145,2026-04-25,896258.0,Transferencia
PG-009159,FE-009159,2026-04-25,3399989.0,Transferencia
PG-009160,FE-009162,2026-04-25,830751.0,Transferencia
PG-009161,FE-009255,2026-04-25,363278.0,Transferencia
PG-009162,FE-009289,2026-04-25,1378780.0,Transferencia
PG-009163,FE-009368,2026-04-25,63651.0,Transferencia
PG-009164,FE-009403,2026-04-25,514505.0,Transferencia
PG-009165,FE-009409,2026-04-25,249962.0,Transferencia
PG-009166,FE-009552,2026-04-25,771220.0,Transferencia
PG-009167,FE-009587,2026-04-25,189008.0,Transferencia
PG-009168,FE-009625,2026-04-25,658075.0,Transferencia
PG-009169,FE-009681,2026-04-25,825776.0,Transferencia
PG-009170,FE-009693,2026-04-25,888127.0,Transferencia
PG-009171,FE-009716,2026-04-25,641992.0,Transferencia
PG-009172,FE-009738,2026-04-25,181193.0,Transferencia
PG-009173,FE-009759,2026-04-25,69129.0,PSE
PG-009174,FE-009776,2026-04-25,183412.0,Transferencia
PG-009175,FE-009862,2026-04-25,374121.0,Transferencia
PG-009176,FE-009984,2026-04-25,145933.0,Transferencia
PG-009177,FE-009990,2026-04-25,170835.0,Transferencia
PG-009178,FE-009999,2026-04-25,139157.0,Transferencia
PG-009179,FE-010032,2026-04-25,582697.0,Transferencia
PG-009180,FE-010302,2026-04-25,482818.0,Transferencia
PG-009181,FE-010362,2026-04-25,259601.0,Consignación
PG-009182,FE-007863,2026-04-26,1526033.0,Transferencia
PG-009183,FE-008238,2026-04-26,10578102.0,Transferencia
PG-009184,FE-008359,2026-04-26,2323924.0,Transferencia
PG-009185,FE-008369,2026-04-26,2711991.0,Transferencia
PG-009186,FE-008379,2026-04-26,2359957.0,PSE
PG-009187,FE-008386,2026-04-26,6122009.0,Transferencia
PG-009188,FE-008396,2026-04-26,62079.0,Transferencia
PG-009189,FE-008510,2026-04-26,647243.0,Transferencia
PG-009190,FE-008521,2026-04-26,7716453.0,Transferencia
PG-009191,FE-008578,2026-04-26,1445244.0,Transferencia
PG-009192,FE-008581,2026-04-26,707584.0,Transferencia
PG-009193,FE-008633,2026-04-26,1717541.0,PSE
PG-009194,FE-008668,2026-04-26,1917232.0,Transferencia
PG-009195,FE-008764,2026-04-26,4875712.0,Transferencia
PG-009196,FE-008774,2026-04-26,2034788.0,PSE
PG-009197,FE-008936,2026-04-26,2840388.0,Cheque
PG-009198,FE-008981,2026-04-26,567380.0,Transferencia
PG-009199,FE-009018,2026-04-26,1604081.0,Transferencia
PG-009200,FE-009031,2026-04-26,1110462.0,Consignación
PG-009201,FE-009036,2026-04-26,88214.0,Cheque
PG-009202,FE-009081,2026-04-26,4210432.0,Transferencia
PG-009203,FE-009108,2026-04-26,1184720.0,Transferencia
PG-009204,FE-009112,2026-04-26,1314607.0,Transferencia
PG-009205,FE-009138,2026-04-26,2458602.0,PSE
PG-009206,FE-009149,2026-04-26,99837.0,Cheque
PG-009207,FE-009154,2026-04-26,2401594.0,Transferencia
PG-009208,FE-009236,2026-04-26,4522613.0,Transferencia
PG-009209,FE-009258,2026-04-26,2097562.0,Consignación
PG-009210,FE-009265,2026-04-26,1111224.0,Transferencia
PG-009211,FE-009309,2026-04-26,4103664.0,Transferencia
PG-009212,FE-009344,2026-04-26,1818474.0,Consignación
PG-009213,FE-009411,2026-04-26,2865721.0,Transferencia
PG-009214,FE-009473,2026-04-26,331435.0,PSE
PG-009215,FE-009544,2026-04-26,238125.0,PSE
PG-009216,FE-009603,2026-04-26,470312.0,Transferencia
PG-009217,FE-009629,2026-04-26,1066309.0,PSE
PG-009218,FE-009653,2026-04-26,300087.0,Consignación
PG-009219,FE-009658,2026-04-26,2877506.0,Transferencia
PG-009220,FE-009680,2026-04-26,302045.0,Transferencia
PG-009221,FE-009746,2026-04-26,270933.0,PSE
PG-009222,FE-009797,2026-04-26,634988.0,Consignación
PG-009223,FE-009816,2026-04-26,149172.0,Transferencia
PG-009224,FE-009840,2026-04-26,32154.0,Cheque
PG-009225,FE-009871,2026-04-26,443976.0,Consignación
PG-009226,FE-009914,2026-04-26,982944.0,Cheque
PG-009227,FE-009938,2026-04-26,307808.0,Cheque
PG-009228,FE-009943,2026-04-26,816290.0,Transferencia
PG-009229,FE-009965,2026-04-26,176253.0,Transferencia
PG-009230,FE-009988,2026-04-26,316855.0,Consignación
PG-009231,FE-010009,2026-04-26,107835.0,Transferencia
PG-009232,FE-010041,2026-04-26,830002.0,Transferencia
PG-009233,FE-010122,2026-04-26,151760.0,Transferencia
PG-009234,FE-010370,2026-04-26,123809.0,PSE
PG-009235,FE-010534,2026-04-26,89795.0,PSE
PG-009236,FE-010663,2026-04-26,734857.0,Consignación
PG-009237,FE-007722,2026-04-27,11419288.0,Transferencia
PG-009238,FE-007961,2026-04-27,4996276.0,Transferencia
PG-009239,FE-008175,2026-04-27,2466659.0,PSE
PG-009240,FE-008267,2026-04-27,1234731.0,Consignación
PG-009241,FE-008367,2026-04-27,765576.0,Transferencia
PG-009242,FE-008397,2026-04-27,998264.0,Consignación
PG-009243,FE-008424,2026-04-27,4982736.0,Cheque
PG-009244,FE-008558,2026-04-27,7039891.0,PSE
PG-009245,FE-008591,2026-04-27,1720175.0,Transferencia
PG-009246,FE-008647,2026-04-27,4936327.0,Transferencia
PG-009247,FE-008676,2026-04-27,2432541.0,Transferencia
PG-009248,FE-008746,2026-04-27,1725405.0,Transferencia
PG-009249,FE-008752,2026-04-27,6497543.0,Transferencia
PG-009250,FE-008788,2026-04-27,3627200.0,Transferencia
PG-009251,FE-008828,2026-04-27,817362.0,PSE
PG-009252,FE-008904,2026-04-27,1838821.0,Cheque
PG-009253,FE-009001,2026-04-27,658964.0,Transferencia
PG-009254,FE-009072,2026-04-27,4112504.0,Consignación
PG-009255,FE-009086,2026-04-27,2170420.0,Transferencia
PG-009256,FE-009131,2026-04-27,401411.0,PSE
PG-009257,FE-009218,2026-04-27,541405.0,Transferencia
PG-009258,FE-009232,2026-04-27,252023.0,PSE
PG-009259,FE-009279,2026-04-27,539196.0,Transferencia
PG-009260,FE-009300,2026-04-27,2426078.0,Transferencia
PG-009261,FE-009314,2026-04-27,1146699.0,Transferencia
PG-009262,FE-009341,2026-04-27,491412.0,Transferencia
PG-009263,FE-009349,2026-04-27,932323.0,Consignación
PG-009264,FE-009364,2026-04-27,6791827.0,PSE
PG-009265,FE-009365,2026-04-27,2366121.0,PSE
PG-009266,FE-009459,2026-04-27,2685562.0,PSE
PG-009267,FE-009512,2026-04-27,207786.0,PSE
PG-009268,FE-009532,2026-04-27,305593.0,Consignación
PG-009269,FE-009542,2026-04-27,1424728.0,Transferencia
PG-009270,FE-009548,2026-04-27,301989.0,Transferencia
PG-009271,FE-009610,2026-04-27,931713.0,Transferencia
PG-009272,FE-009665,2026-04-27,1242415.0,Transferencia
PG-009273,FE-009689,2026-04-27,252743.0,PSE
PG-009274,FE-009690,2026-04-27,510999.0,PSE
PG-009275,FE-009695,2026-04-27,351357.0,PSE
PG-009276,FE-009765,2026-04-27,164567.0,Consignación
PG-009277,FE-009853,2026-04-27,178214.0,Transferencia
PG-009278,FE-009928,2026-04-27,1344882.0,Cheque
PG-009279,FE-009944,2026-04-27,2752775.0,Transferencia
PG-009280,FE-009996,2026-04-27,1793923.0,PSE
PG-009281,FE-010027,2026-04-27,476252.0,Transferencia
PG-009282,FE-010073,2026-04-27,130385.0,PSE
PG-009283,FE-010094,2026-04-27,198661.0,Transferencia
PG-009284,FE-010211,2026-04-27,111408.0,Transferencia
PG-009285,FE-010376,2026-04-27,393396.0,Transferencia
PG-009286,FE-010456,2026-04-27,537077.0,Cheque
PG-009287,FE-010656,2026-04-27,407983.0,Transferencia
PG-009288,FE-007656,2026-04-28,5650471.0,Transferencia
PG-009289,FE-008185,2026-04-28,2849703.0,Transferencia
PG-009290,FE-008266,2026-04-28,2087590.0,Transferencia
PG-009291,FE-008276,2026-04-28,4903998.0,Transferencia
PG-009292,FE-008391,2026-04-28,464021.0,Transferencia
PG-009293,FE-008425,2026-04-28,6140721.0,PSE
PG-009294,FE-008505,2026-04-28,3174812.0,Transferencia
PG-009295,FE-008542,2026-04-28,17570232.0,Consignación
PG-009296,FE-008586,2026-04-28,923779.0,Transferencia
PG-009297,FE-008615,2026-04-28,488832.0,Transferencia
PG-009298,FE-008654,2026-04-28,505961.0,Transferencia
PG-009299,FE-008706,2026-04-28,1762010.0,Transferencia
PG-009300,FE-008707,2026-04-28,1424698.0,Transferencia
PG-009301,FE-008714,2026-04-28,905471.0,PSE
PG-009302,FE-008734,2026-04-28,2399973.0,PSE
PG-009303,FE-008823,2026-04-28,3006441.0,PSE
PG-009304,FE-008825,2026-04-28,826190.0,Transferencia
PG-009305,FE-008937,2026-04-28,1605549.0,PSE
PG-009306,FE-008974,2026-04-28,3593694.0,Transferencia
PG-009307,FE-009039,2026-04-28,4214308.0,Transferencia
PG-009308,FE-009040,2026-04-28,2377113.0,Transferencia
PG-009309,FE-009047,2026-04-28,1207253.0,Transferencia
PG-009310,FE-009085,2026-04-28,175991.0,Transferencia
PG-009311,FE-009150,2026-04-28,1005775.0,Consignación
PG-009312,FE-009166,2026-04-28,4106805.0,Transferencia
PG-009313,FE-009183,2026-04-28,697035.0,Consignación
PG-009314,FE-009220,2026-04-28,1294492.0,Transferencia
PG-009315,FE-009221,2026-04-28,2025860.0,Cheque
PG-009316,FE-009251,2026-04-28,2882087.0,Transferencia
PG-009317,FE-009307,2026-04-28,1099678.0,Transferencia
PG-009318,FE-009311,2026-04-28,2593659.0,Transferencia
PG-009319,FE-009360,2026-04-28,1605077.0,Consignación
PG-009320,FE-009392,2026-04-28,4239937.0,Transferencia
PG-009321,FE-009449,2026-04-28,908389.0,PSE
PG-009322,FE-009466,2026-04-28,7044337.0,Transferencia
PG-009323,FE-009483,2026-04-28,1046487.0,Transferencia
PG-009324,FE-009524,2026-04-28,3600811.0,PSE
PG-009325,FE-009631,2026-04-28,1940614.0,Transferencia
PG-009326,FE-009632,2026-04-28,152236.0,Consignación
PG-009327,FE-009636,2026-04-28,470988.0,Consignación
PG-009328,FE-009646,2026-04-28,2962096.0,Transferencia
PG-009329,FE-009648,2026-04-28,464319.0,Transferencia
PG-009330,FE-009717,2026-04-28,286253.0,Transferencia
PG-009331,FE-009725,2026-04-28,67454.0,Consignación
PG-009332,FE-009761,2026-04-28,1128494.0,PSE
PG-009333,FE-009832,2026-04-28,2565110.0,Transferencia
PG-009334,FE-009864,2026-04-28,72885.0,PSE
PG-009335,FE-009890,2026-04-28,297325.0,Transferencia
PG-009336,FE-009907,2026-04-28,411309.0,Transferencia
PG-009337,FE-009929,2026-04-28,284748.0,PSE
PG-009338,FE-009952,2026-04-28,465309.0,Transferencia
PG-009339,FE-010131,2026-04-28,1226108.0,PSE
PG-009340,FE-010256,2026-04-28,468145.0,Transferencia
PG-009341,FE-010446,2026-04-28,35825.0,Transferencia
PG-009342,FE-010498,2026-04-28,130604.0,Transferencia
PG-009343,FE-008026,2026-04-29,356781.0,Transferencia
PG-009344,FE-008191,2026-04-29,4806386.0,Consignación
PG-009345,FE-008268,2026-04-29,616234.0,PSE
PG-009346,FE-008403,2026-04-29,3258609.0,PSE
PG-009347,FE-008410,2026-04-29,1409042.0,Transferencia
PG-009348,FE-008498,2026-04-29,2078302.0,Transferencia
PG-009349,FE-008522,2026-04-29,422961.0,Cheque
PG-009350,FE-008666,2026-04-29,450490.0,Consignación
PG-009351,FE-008728,2026-04-29,1725590.0,PSE
PG-009352,FE-008729,2026-04-29,2754259.0,Cheque
PG-009353,FE-008755,2026-04-29,1238193.0,Consignación
PG-009354,FE-008790,2026-04-29,706853.0,PSE
PG-009355,FE-008892,2026-04-29,2561795.0,Transferencia
PG-009356,FE-008931,2026-04-29,1351162.0,Transferencia
PG-009357,FE-008973,2026-04-29,1899180.0,Transferencia
PG-009358,FE-009046,2026-04-29,439669.0,Transferencia
PG-009359,FE-009063,2026-04-29,2837249.0,Transferencia
PG-009360,FE-009080,2026-04-29,5778218.0,PSE
PG-009361,FE-009122,2026-04-29,872679.0,Transferencia
PG-009362,FE-009326,2026-04-29,560150.0,Transferencia
PG-009363,FE-009388,2026-04-29,3009130.0,PSE
PG-009364,FE-009402,2026-04-29,2953307.0,Transferencia
PG-009365,FE-009415,2026-04-29,519007.0,Transferencia
PG-009366,FE-009417,2026-04-29,880831.0,Transferencia
PG-009367,FE-009445,2026-04-29,1297267.0,Transferencia
PG-009368,FE-009463,2026-04-29,2318320.0,Transferencia
PG-009369,FE-009471,2026-04-29,740802.0,PSE
PG-009370,FE-009481,2026-04-29,1340251.0,Transferencia
PG-009371,FE-009487,2026-04-29,1674871.0,Transferencia
PG-009372,FE-009566,2026-04-29,5040790.0,Cheque
PG-009373,FE-009594,2026-04-29,114145.0,PSE
PG-009374,FE-009630,2026-04-29,544795.0,PSE
PG-009375,FE-009639,2026-04-29,144478.0,Transferencia
PG-009376,FE-009675,2026-04-29,4041605.0,Transferencia
PG-009377,FE-009740,2026-04-29,613118.0,Consignación
PG-009378,FE-009749,2026-04-29,448249.0,Transferencia
PG-009379,FE-009763,2026-04-29,539885.0,Transferencia
PG-009380,FE-009782,2026-04-29,791012.0,Transferencia
PG-009381,FE-009848,2026-04-29,522073.0,Transferencia
PG-009382,FE-009942,2026-04-29,516566.0,PSE
PG-009383,FE-010004,2026-04-29,294671.0,Transferencia
PG-009384,FE-010016,2026-04-29,1492882.0,Transferencia
PG-009385,FE-010018,2026-04-29,977266.0,Cheque
PG-009386,FE-010030,2026-04-29,102018.0,Transferencia
PG-009387,FE-010224,2026-04-29,67428.0,Consignación
PG-009388,FE-010317,2026-04-29,191908.0,Transferencia
PG-009389,FE-010323,2026-04-29,473956.0,PSE
PG-009390,FE-010404,2026-04-29,158988.0,Transferencia
PG-009391,FE-008262,2026-04-30,2575979.0,Transferencia
PG-009392,FE-008285,2026-04-30,1337443.0,Transferencia
PG-009393,FE-008642,2026-04-30,2190044.0,PSE
PG-009394,FE-008658,2026-04-30,4880336.0,Consignación
PG-009395,FE-008677,2026-04-30,1025014.0,Transferencia
PG-009396,FE-008691,2026-04-30,4222347.0,PSE
PG-009397,FE-008733,2026-04-30,503564.0,Consignación
PG-009398,FE-008800,2026-04-30,1501368.0,Transferencia
PG-009399,FE-008827,2026-04-30,905575.0,Transferencia
PG-009400,FE-008829,2026-04-30,510134.0,PSE
PG-009401,FE-008868,2026-04-30,2700673.0,Consignación
PG-009402,FE-008915,2026-04-30,1714587.0,Cheque
PG-009403,FE-008964,2026-04-30,1812983.0,Transferencia
PG-009404,FE-009069,2026-04-30,210920.0,Transferencia
PG-009405,FE-009106,2026-04-30,431806.0,PSE
PG-009406,FE-009120,2026-04-30,2426395.0,PSE
PG-009407,FE-009139,2026-04-30,2502877.0,PSE
PG-009408,FE-009207,2026-04-30,913489.0,Consignación
PG-009409,FE-009214,2026-04-30,3972951.0,PSE
PG-009410,FE-009231,2026-04-30,2073330.0,Transferencia
PG-009411,FE-009253,2026-04-30,1884259.0,PSE
PG-009412,FE-009266,2026-04-30,1583094.0,Transferencia
PG-009413,FE-009275,2026-04-30,521894.0,PSE
PG-009414,FE-009316,2026-04-30,639815.0,Transferencia
PG-009415,FE-009372,2026-04-30,295772.0,Transferencia
PG-009416,FE-009382,2026-04-30,1242579.0,Transferencia
PG-009417,FE-009385,2026-04-30,2349263.0,PSE
PG-009418,FE-009396,2026-04-30,4193000.0,Transferencia
PG-009419,FE-009414,2026-04-30,1531783.0,Transferencia
PG-009420,FE-009518,2026-04-30,560721.0,Transferencia
PG-009421,FE-009611,2026-04-30,84936.0,Transferencia
PG-009422,FE-009621,2026-04-30,1006641.0,Transferencia
PG-009423,FE-009650,2026-04-30,826738.0,PSE
PG-009424,FE-009682,2026-04-30,173999.0,PSE
PG-009425,FE-009710,2026-04-30,731466.0,Cheque
PG-009426,FE-009713,2026-04-30,119865.0,PSE
PG-009427,FE-009714,2026-04-30,138082.0,Transferencia
PG-009428,FE-009732,2026-04-30,283920.0,Transferencia
PG-009429,FE-009768,2026-04-30,638435.0,Transferencia
PG-009430,FE-009792,2026-04-30,20472.0,Cheque
PG-009431,FE-009833,2026-04-30,586426.0,PSE
PG-009432,FE-009837,2026-04-30,82050.0,Transferencia
PG-009433,FE-009898,2026-04-30,539558.0,PSE
PG-009434,FE-009900,2026-04-30,724678.0,Transferencia
PG-009435,FE-009906,2026-04-30,664164.0,Consignación
PG-009436,FE-009931,2026-04-30,36213.0,Cheque
PG-009437,FE-009940,2026-04-30,60678.0,Consignación
PG-009438,FE-009968,2026-04-30,631491.0,Transferencia
PG-009439,FE-009992,2026-04-30,308274.0,Consignación
PG-009440,FE-010055,2026-04-30,97869.0,Transferencia
PG-009441,FE-010076,2026-04-30,2605567.0,PSE
PG-009442,FE-010084,2026-04-30,29808.0,Transferencia
PG-009443,FE-010338,2026-04-30,111593.0,Consignación
PG-009444,FE-010352,2026-04-30,190902.0,Transferencia
PG-009445,FE-010414,2026-04-30,248627.0,Transferencia
PG-009446,FE-010503,2026-04-30,704087.0,Transferencia
PG-009447,FE-010510,2026-04-30,508808.0,Transferencia
PG-009448,FE-010682,2026-04-30,791477.0,Transferencia
PG-009449,FE-008137,2026-05-01,14154827.0,Transferencia
PG-009450,FE-008393,2026-05-01,921788.0,Transferencia
PG-009451,FE-008502,2026-05-01,2395505.0,Consignación
PG-009452,FE-008517,2026-05-01,561985.0,Cheque
PG-009453,FE-008875,2026-05-01,486890.0,PSE
PG-009454,FE-008926,2026-05-01,401427.0,Transferencia
PG-009455,FE-009030,2026-05-01,5180857.0,Transferencia
PG-009456,FE-009103,2026-05-01,864016.0,Transferencia
PG-009457,FE-009113,2026-05-01,2540555.0,Transferencia
PG-009458,FE-009140,2026-05-01,3745126.0,Transferencia
PG-009459,FE-009202,2026-05-01,3672329.0,PSE
PG-009460,FE-009233,2026-05-01,663049.0,Transferencia
PG-009461,FE-009240,2026-05-01,2330517.0,PSE
PG-009462,FE-009254,2026-05-01,522554.0,Transferencia
PG-009463,FE-009286,2026-05-01,4823206.0,Transferencia
PG-009464,FE-009339,2026-05-01,1082282.0,Transferencia
PG-009465,FE-009348,2026-05-01,3402233.0,Transferencia
PG-009466,FE-009431,2026-05-01,88798.0,Transferencia
PG-009467,FE-009450,2026-05-01,465408.0,Transferencia
PG-009468,FE-009451,2026-05-01,490186.0,Transferencia
PG-009469,FE-009461,2026-05-01,1681628.0,Transferencia
PG-009470,FE-009470,2026-05-01,225654.0,Consignación
PG-009471,FE-009482,2026-05-01,1029919.0,Transferencia
PG-009472,FE-009498,2026-05-01,5893412.0,Transferencia
PG-009473,FE-009506,2026-05-01,888336.0,Transferencia
PG-009474,FE-009525,2026-05-01,1093496.0,Transferencia
PG-009475,FE-009531,2026-05-01,1089532.0,Transferencia
PG-009476,FE-009635,2026-05-01,281614.0,Transferencia
PG-009477,FE-009719,2026-05-01,763241.0,Transferencia
PG-009478,FE-009723,2026-05-01,383573.0,Transferencia
PG-009479,FE-009787,2026-05-01,151144.0,PSE
PG-009480,FE-009804,2026-05-01,967207.0,PSE
PG-009481,FE-009880,2026-05-01,165289.0,PSE
PG-009482,FE-009889,2026-05-01,153715.0,Transferencia
PG-009483,FE-009976,2026-05-01,1277394.0,Transferencia
PG-009484,FE-010059,2026-05-01,384954.0,PSE
PG-009485,FE-010153,2026-05-01,176942.0,Transferencia
PG-009486,FE-010171,2026-05-01,3701733.0,Transferencia
PG-009487,FE-010189,2026-05-01,670118.0,Transferencia
PG-009488,FE-010243,2026-05-01,466476.0,Transferencia
PG-009489,FE-010306,2026-05-01,1098960.0,Transferencia
PG-009490,FE-010400,2026-05-01,190605.0,Transferencia
PG-009491,FE-007950,2026-05-02,2991755.0,Transferencia
PG-009492,FE-008111,2026-05-02,4764903.0,Transferencia
PG-009493,FE-008605,2026-05-02,899397.0,Transferencia
PG-009494,FE-008613,2026-05-02,1950774.0,Consignación
PG-009495,FE-008775,2026-05-02,806476.0,Transferencia
PG-009496,FE-008852,2026-05-02,1671620.0,Transferencia
PG-009497,FE-008856,2026-05-02,789674.0,PSE
PG-009498,FE-008887,2026-05-02,1257352.0,PSE
PG-009499,FE-008891,2026-05-02,1088567.0,PSE
PG-009500,FE-008963,2026-05-02,2503182.0,PSE
PG-009501,FE-008969,2026-05-02,845702.0,Transferencia
PG-009502,FE-008972,2026-05-02,2173714.0,Transferencia
PG-009503,FE-008995,2026-05-02,1148145.0,Transferencia
PG-009504,FE-009008,2026-05-02,2263444.0,Transferencia
PG-009505,FE-009032,2026-05-02,1638027.0,Consignación
PG-009506,FE-009056,2026-05-02,2326540.0,Transferencia
PG-009507,FE-009074,2026-05-02,7201234.0,PSE
PG-009508,FE-009107,2026-05-02,186653.0,Cheque
PG-009509,FE-009111,2026-05-02,1773074.0,Transferencia
PG-009510,FE-009164,2026-05-02,986712.0,Transferencia
PG-009511,FE-009172,2026-05-02,2192343.0,Cheque
PG-009512,FE-009188,2026-05-02,1821112.0,Transferencia
PG-009513,FE-009199,2026-05-02,5643523.0,Transferencia
PG-009514,FE-009245,2026-05-02,1109356.0,Transferencia
PG-009515,FE-009276,2026-05-02,1358045.0,Transferencia
PG-009516,FE-009287,2026-05-02,577782.0,Transferencia
PG-009517,FE-009310,2026-05-02,87028.0,Transferencia
PG-009518,FE-009362,2026-05-02,2035080.0,Transferencia
PG-009519,FE-009395,2026-05-02,968736.0,PSE
PG-009520,FE-009428,2026-05-02,3489118.0,Consignación
PG-009521,FE-009462,2026-05-02,885654.0,Transferencia
PG-009522,FE-009551,2026-05-02,1753223.0,Cheque
PG-009523,FE-009557,2026-05-02,3417471.0,Transferencia
PG-009524,FE-009592,2026-05-02,848355.0,Transferencia
PG-009525,FE-009737,2026-05-02,673783.0,Transferencia
PG-009526,FE-009772,2026-05-02,2432337.0,PSE
PG-009527,FE-009876,2026-05-02,956031.0,Transferencia
PG-009528,FE-009995,2026-05-02,5161176.0,Transferencia
PG-009529,FE-010082,2026-05-02,332925.0,Transferencia
PG-009530,FE-010160,2026-05-02,399379.0,Consignación
PG-009531,FE-010198,2026-05-02,354384.0,PSE
PG-009532,FE-010227,2026-05-02,1026010.0,Transferencia
PG-009533,FE-010238,2026-05-02,138435.0,Transferencia
PG-009534,FE-010320,2026-05-02,713613.0,Transferencia
PG-009535,FE-010535,2026-05-02,278747.0,PSE
PG-009536,FE-010546,2026-05-02,273417.0,Transferencia
PG-009537,FE-010591,2026-05-02,594467.0,PSE
PG-009538,FE-010613,2026-05-02,591623.0,Transferencia
PG-009539,FE-010693,2026-05-02,503484.0,Transferencia
PG-009540,FE-011027,2026-05-02,669076.0,Consignación
PG-009541,FE-011083,2026-05-02,593290.0,Transferencia
PG-009542,FE-008408,2026-05-03,1339093.0,PSE
PG-009543,FE-008561,2026-05-03,3073800.0,Transferencia
PG-009544,FE-008626,2026-05-03,3152634.0,PSE
PG-009545,FE-008727,2026-05-03,2391047.0,Cheque
PG-009546,FE-008731,2026-05-03,4534857.0,Transferencia
PG-009547,FE-008819,2026-05-03,665982.0,Transferencia
PG-009548,FE-008840,2026-05-03,3916032.0,PSE
PG-009549,FE-008907,2026-05-03,9741244.0,Transferencia
PG-009550,FE-008934,2026-05-03,282794.0,Transferencia
PG-009551,FE-009049,2026-05-03,3417237.0,Transferencia
PG-009552,FE-009055,2026-05-03,2411023.0,PSE
PG-009553,FE-009071,2026-05-03,4541806.0,Cheque
PG-009554,FE-009169,2026-05-03,143997.0,Transferencia
PG-009555,FE-009205,2026-05-03,3320398.0,Transferencia
PG-009556,FE-009291,2026-05-03,183139.0,Transferencia
PG-009557,FE-009315,2026-05-03,3157560.0,Transferencia
PG-009558,FE-009363,2026-05-03,2133951.0,Transferencia
PG-009559,FE-009422,2026-05-03,2005150.0,Transferencia
PG-009560,FE-009424,2026-05-03,5471776.0,Cheque
PG-009561,FE-009502,2026-05-03,3224249.0,Transferencia
PG-009562,FE-009570,2026-05-03,3144291.0,Transferencia
PG-009563,FE-009576,2026-05-03,3528786.0,PSE
PG-009564,FE-009612,2026-05-03,3057377.0,Cheque
PG-009565,FE-009627,2026-05-03,2248175.0,Transferencia
PG-009566,FE-009644,2026-05-03,612295.0,Transferencia
PG-009567,FE-009666,2026-05-03,2548666.0,PSE
PG-009568,FE-009722,2026-05-03,189456.0,Consignación
PG-009569,FE-009774,2026-05-03,1543832.0,Consignación
PG-009570,FE-009783,2026-05-03,504785.0,Consignación
PG-009571,FE-009822,2026-05-03,646341.0,Transferencia
PG-009572,FE-009831,2026-05-03,1782896.0,Transferencia
PG-009573,FE-009858,2026-05-03,345943.0,PSE
PG-009574,FE-009881,2026-05-03,639831.0,Transferencia
PG-009575,FE-009953,2026-05-03,299187.0,Transferencia
PG-009576,FE-009993,2026-05-03,574953.0,Transferencia
PG-009577,FE-010070,2026-05-03,571424.0,Transferencia
PG-009578,FE-010101,2026-05-03,280495.0,Transferencia
PG-009579,FE-010123,2026-05-03,1733262.0,Transferencia
PG-009580,FE-010129,2026-05-03,816826.0,PSE
PG-009581,FE-010145,2026-05-03,3290438.0,Consignación
PG-009582,FE-010172,2026-05-03,533691.0,Cheque
PG-009583,FE-010183,2026-05-03,243883.0,Transferencia
PG-009584,FE-010253,2026-05-03,1332650.0,Cheque
PG-009585,FE-010286,2026-05-03,184843.0,Transferencia
PG-009586,FE-010461,2026-05-03,430018.0,PSE
PG-009587,FE-010478,2026-05-03,562120.0,PSE
PG-009588,FE-010565,2026-05-03,359745.0,Transferencia
PG-009589,FE-010610,2026-05-03,541696.0,Transferencia
PG-009590,FE-010612,2026-05-03,73130.0,Transferencia
PG-009591,FE-010874,2026-05-03,289402.0,Consignación
PG-009592,FE-008492,2026-05-04,900239.0,Consignación
PG-009593,FE-008681,2026-05-04,3670469.0,Transferencia
PG-009594,FE-008721,2026-05-04,308898.0,Transferencia
PG-009595,FE-008946,2026-05-04,1074112.0,Transferencia
PG-009596,FE-009024,2026-05-04,1696324.0,Consignación
PG-009597,FE-009073,2026-05-04,1220176.0,Transferencia
PG-009598,FE-009095,2026-05-04,2386910.0,Transferencia
PG-009599,FE-009105,2026-05-04,801292.0,Transferencia
PG-009600,FE-009195,2026-05-04,507584.0,Transferencia
PG-009601,FE-009206,2026-05-04,1827228.0,Transferencia
PG-009602,FE-009248,2026-05-04,7280772.0,PSE
PG-009603,FE-009262,2026-05-04,1412523.0,Transferencia
PG-009604,FE-009269,2026-05-04,1567429.0,PSE
PG-009605,FE-009273,2026-05-04,865322.0,Consignación
PG-009606,FE-009281,2026-05-04,1630814.0,Transferencia
PG-009607,FE-009301,2026-05-04,1105477.0,Transferencia
PG-009608,FE-009324,2026-05-04,982178.0,Transferencia
PG-009609,FE-009430,2026-05-04,3426816.0,Transferencia
PG-009610,FE-009503,2026-05-04,1206666.0,Transferencia
PG-009611,FE-009559,2026-05-04,1582276.0,PSE
PG-009612,FE-009589,2026-05-04,6633434.0,PSE
PG-009613,FE-009604,2026-05-04,6577270.0,Transferencia
PG-009614,FE-009641,2026-05-04,2430675.0,Transferencia
PG-009615,FE-009657,2026-05-04,1069601.0,Transferencia
PG-009616,FE-009699,2026-05-04,947158.0,PSE
PG-009617,FE-009734,2026-05-04,4073960.0,Transferencia
PG-009618,FE-009809,2026-05-04,3843323.0,Transferencia
PG-009619,FE-009827,2026-05-04,576323.0,Transferencia
PG-009620,FE-009975,2026-05-04,101062.0,PSE
PG-009621,FE-010121,2026-05-04,338307.0,Transferencia
PG-009622,FE-010139,2026-05-04,2414947.0,Transferencia
PG-009623,FE-010240,2026-05-04,286520.0,Consignación
PG-009624,FE-010248,2026-05-04,110287.0,Transferencia
PG-009625,FE-010255,2026-05-04,357741.0,Transferencia
PG-009626,FE-010445,2026-05-04,145232.0,Transferencia
PG-009627,FE-010471,2026-05-04,1073666.0,Transferencia
PG-009628,FE-011042,2026-05-04,325791.0,PSE
PG-009629,FE-008383,2026-05-05,859799.0,Transferencia
PG-009630,FE-008456,2026-05-05,10120993.0,Consignación
PG-009631,FE-008457,2026-05-05,4326941.0,Transferencia
PG-009632,FE-008543,2026-05-05,3513723.0,Transferencia
PG-009633,FE-008730,2026-05-05,1559591.0,Transferencia
PG-009634,FE-008761,2026-05-05,1443063.0,Transferencia
PG-009635,FE-008762,2026-05-05,1447962.0,Transferencia
PG-009636,FE-008794,2026-05-05,1349605.0,Cheque
PG-009637,FE-008804,2026-05-05,8318822.0,Consignación
PG-009638,FE-008837,2026-05-05,5228398.0,Transferencia
PG-009639,FE-008886,2026-05-05,569601.0,PSE
PG-009640,FE-008993,2026-05-05,4858105.0,PSE
PG-009641,FE-009020,2026-05-05,778356.0,Cheque
PG-009642,FE-009034,2026-05-05,4023376.0,Transferencia
PG-009643,FE-009109,2026-05-05,2393931.0,PSE
PG-009644,FE-009110,2026-05-05,1455243.0,Transferencia
PG-009645,FE-009185,2026-05-05,69497.0,PSE
PG-009646,FE-009203,2026-05-05,2039885.0,Consignación
PG-009647,FE-009226,2026-05-05,12255186.0,Transferencia
PG-009648,FE-009433,2026-05-05,552349.0,Transferencia
PG-009649,FE-009454,2026-05-05,561275.0,Transferencia
PG-009650,FE-009488,2026-05-05,1850703.0,Transferencia
PG-009651,FE-009523,2026-05-05,417126.0,Transferencia
PG-009652,FE-009583,2026-05-05,338591.0,PSE
PG-009653,FE-009590,2026-05-05,2560327.0,PSE
PG-009654,FE-009597,2026-05-05,1837327.0,PSE
PG-009655,FE-009606,2026-05-05,2285282.0,Cheque
PG-009656,FE-009622,2026-05-05,1824667.0,Transferencia
PG-009657,FE-009634,2026-05-05,1360933.0,Transferencia
PG-009658,FE-009683,2026-05-05,2490005.0,Transferencia
PG-009659,FE-009696,2026-05-05,667051.0,Transferencia
PG-009660,FE-009735,2026-05-05,1139464.0,PSE
PG-009661,FE-009748,2026-05-05,1295880.0,Cheque
PG-009662,FE-009755,2026-05-05,1565237.0,Transferencia
PG-009663,FE-009784,2026-05-05,1743385.0,Transferencia
PG-009664,FE-009811,2026-05-05,39859.0,Consignación
PG-009665,FE-009857,2026-05-05,557530.0,Transferencia
PG-009666,FE-009957,2026-05-05,6668416.0,PSE
PG-009667,FE-009969,2026-05-05,781550.0,Transferencia
PG-009668,FE-009980,2026-05-05,2613590.0,Transferencia
PG-009669,FE-010056,2026-05-05,1588347.0,Cheque
PG-009670,FE-010100,2026-05-05,360545.0,Transferencia
PG-009671,FE-010102,2026-05-05,531732.0,Consignación
PG-009672,FE-010132,2026-05-05,403097.0,Transferencia
PG-009673,FE-010161,2026-05-05,549557.0,Transferencia
PG-009674,FE-010191,2026-05-05,752461.0,Transferencia
PG-009675,FE-010216,2026-05-05,1249028.0,Transferencia
PG-009676,FE-010237,2026-05-05,410264.0,Transferencia
PG-009677,FE-010318,2026-05-05,237388.0,Transferencia
PG-009678,FE-010353,2026-05-05,604568.0,Transferencia
PG-009679,FE-010379,2026-05-05,1060831.0,Cheque
PG-009680,FE-010496,2026-05-05,58400.0,Transferencia
PG-009681,FE-010587,2026-05-05,159618.0,PSE
PG-009682,FE-010669,2026-05-05,350954.0,PSE
PG-009683,FE-010696,2026-05-05,597411.0,Transferencia
PG-009684,FE-008664,2026-05-06,2576440.0,Transferencia
PG-009685,FE-008760,2026-05-06,1691452.0,PSE
PG-009686,FE-008879,2026-05-06,816541.0,Consignación
PG-009687,FE-008957,2026-05-06,1921586.0,Transferencia
PG-009688,FE-009006,2026-05-06,745516.0,Consignación
PG-009689,FE-009017,2026-05-06,338467.0,Transferencia
PG-009690,FE-009025,2026-05-06,619350.0,Transferencia
PG-009691,FE-009053,2026-05-06,2362315.0,Transferencia
PG-009692,FE-009143,2026-05-06,3799299.0,Consignación
PG-009693,FE-009160,2026-05-06,1717865.0,Consignación
PG-009694,FE-009161,2026-05-06,2544228.0,Transferencia
PG-009695,FE-009170,2026-05-06,11057537.0,Transferencia
PG-009696,FE-009260,2026-05-06,301996.0,Cheque
PG-009697,FE-009296,2026-05-06,2299871.0,Transferencia
PG-009698,FE-009325,2026-05-06,1196979.0,Consignación
PG-009699,FE-009338,2026-05-06,1923411.0,Consignación
PG-009700,FE-009423,2026-05-06,407224.0,Cheque
PG-009701,FE-009429,2026-05-06,1121045.0,Cheque
PG-009702,FE-009436,2026-05-06,292863.0,PSE
PG-009703,FE-009441,2026-05-06,328980.0,PSE
PG-009704,FE-009549,2026-05-06,2276720.0,Transferencia
PG-009705,FE-009580,2026-05-06,482287.0,PSE
PG-009706,FE-009582,2026-05-06,418173.0,Transferencia
PG-009707,FE-009678,2026-05-06,1180569.0,PSE
PG-009708,FE-009684,2026-05-06,2504607.0,Transferencia
PG-009709,FE-009685,2026-05-06,3476022.0,Consignación
PG-009710,FE-009726,2026-05-06,356050.0,Consignación
PG-009711,FE-009753,2026-05-06,179924.0,Consignación
PG-009712,FE-009773,2026-05-06,3658144.0,Transferencia
PG-009713,FE-009819,2026-05-06,4721659.0,PSE
PG-009714,FE-009854,2026-05-06,2055719.0,Transferencia
PG-009715,FE-009870,2026-05-06,820535.0,Transferencia
PG-009716,FE-009916,2026-05-06,339314.0,Transferencia
PG-009717,FE-009930,2026-05-06,1119393.0,Transferencia
PG-009718,FE-009934,2026-05-06,138479.0,Transferencia
PG-009719,FE-009964,2026-05-06,377535.0,Cheque
PG-009720,FE-010020,2026-05-06,1126333.0,Consignación
PG-009721,FE-010141,2026-05-06,246141.0,Transferencia
PG-009722,FE-010155,2026-05-06,540379.0,Transferencia
PG-009723,FE-010175,2026-05-06,1330878.0,Transferencia
PG-009724,FE-010193,2026-05-06,292263.0,Transferencia
PG-009725,FE-010208,2026-05-06,429578.0,Transferencia
PG-009726,FE-010333,2026-05-06,764101.0,Consignación
PG-009727,FE-010373,2026-05-06,994043.0,Transferencia
PG-009728,FE-010408,2026-05-06,513867.0,Transferencia
PG-009729,FE-010567,2026-05-06,165662.0,Transferencia
PG-009730,FE-010609,2026-05-06,693400.0,Transferencia
PG-009731,FE-010627,2026-05-06,1470707.0,Transferencia
PG-009732,FE-010668,2026-05-06,390916.0,PSE
PG-009733,FE-010771,2026-05-06,575521.0,Consignación
PG-009734,FE-010984,2026-05-06,126213.0,Transferencia
PG-009735,FE-008805,2026-05-07,2329217.0,Transferencia
PG-009736,FE-008847,2026-05-07,2110202.0,PSE
PG-009737,FE-009048,2026-05-07,1871363.0,Transferencia
PG-009738,FE-009182,2026-05-07,2245920.0,Transferencia
PG-009739,FE-009367,2026-05-07,767713.0,Transferencia
PG-009740,FE-009393,2026-05-07,5917820.0,Consignación
PG-009741,FE-009405,2026-05-07,847780.0,Transferencia
PG-009742,FE-009484,2026-05-07,770704.0,PSE
PG-009743,FE-009519,2026-05-07,907868.0,Consignación
PG-009744,FE-009556,2026-05-07,988184.0,PSE
PG-009745,FE-009571,2026-05-07,870917.0,Transferencia
PG-009746,FE-009584,2026-05-07,1083233.0,Transferencia
PG-009747,FE-009596,2026-05-07,1328961.0,Transferencia
PG-009748,FE-009617,2026-05-07,819235.0,Transferencia
PG-009749,FE-009647,2026-05-07,204386.0,Consignación
PG-009750,FE-009663,2026-05-07,745387.0,Transferencia
PG-009751,FE-009771,2026-05-07,718799.0,Consignación
PG-009752,FE-009781,2026-05-07,573894.0,Transferencia
PG-009753,FE-009803,2026-05-07,741817.0,Cheque
PG-009754,FE-009879,2026-05-07,251283.0,Transferencia
PG-009755,FE-009896,2026-05-07,507349.0,Cheque
PG-009756,FE-009905,2026-05-07,1454952.0,Transferencia
PG-009757,FE-009915,2026-05-07,298426.0,PSE
PG-009758,FE-010011,2026-05-07,1845295.0,PSE
PG-009759,FE-010013,2026-05-07,2363620.0,Transferencia
PG-009760,FE-010058,2026-05-07,1760989.0,Transferencia
PG-009761,FE-010061,2026-05-07,1394634.0,Consignación
PG-009762,FE-010097,2026-05-07,3620564.0,Transferencia
PG-009763,FE-010125,2026-05-07,31153.0,Cheque
PG-009764,FE-010134,2026-05-07,369681.0,Consignación
PG-009765,FE-010137,2026-05-07,50076.0,Transferencia
PG-009766,FE-010148,2026-05-07,2383037.0,Transferencia
PG-009767,FE-010151,2026-05-07,225342.0,Transferencia
PG-009768,FE-010187,2026-05-07,386620.0,Transferencia
PG-009769,FE-010204,2026-05-07,89369.0,PSE
PG-009770,FE-010206,2026-05-07,2212404.0,Consignación
PG-009771,FE-010214,2026-05-07,1059888.0,Transferencia
PG-009772,FE-010225,2026-05-07,291579.0,Transferencia
PG-009773,FE-010262,2026-05-07,1291389.0,Cheque
PG-009774,FE-010292,2026-05-07,1969229.0,Consignación
PG-009775,FE-010337,2026-05-07,243598.0,Transferencia
PG-009776,FE-010413,2026-05-07,3792406.0,Transferencia
PG-009777,FE-010507,2026-05-07,127059.0,Consignación
PG-009778,FE-010531,2026-05-07,459240.0,Transferencia
PG-009779,FE-010561,2026-05-07,159262.0,Consignación
PG-009780,FE-010579,2026-05-07,215651.0,Transferencia
PG-009781,FE-010602,2026-05-07,201973.0,Transferencia
PG-009782,FE-010604,2026-05-07,299258.0,Transferencia
PG-009783,FE-010620,2026-05-07,673561.0,Transferencia
PG-009784,FE-010623,2026-05-07,220977.0,PSE
PG-009785,FE-010640,2026-05-07,653642.0,Transferencia
PG-009786,FE-010728,2026-05-07,679025.0,Cheque
PG-009787,FE-010981,2026-05-07,262352.0,Transferencia
PG-009788,FE-008420,2026-05-08,22004335.0,Transferencia
PG-009789,FE-008888,2026-05-08,3545385.0,Consignación
PG-009790,FE-008899,2026-05-08,741328.0,PSE
PG-009791,FE-008938,2026-05-08,2720008.0,Consignación
PG-009792,FE-008980,2026-05-08,699615.0,Transferencia
PG-009793,FE-009067,2026-05-08,3086439.0,Transferencia
PG-009794,FE-009141,2026-05-08,1735407.0,Consignación
PG-009795,FE-009337,2026-05-08,2216249.0,Transferencia
PG-009796,FE-009353,2026-05-08,1977928.0,Transferencia
PG-009797,FE-009373,2026-05-08,1966565.0,Transferencia
PG-009798,FE-009374,2026-05-08,664901.0,Cheque
PG-009799,FE-009489,2026-05-08,5161562.0,Transferencia
PG-009800,FE-009565,2026-05-08,301564.0,Transferencia
PG-009801,FE-009591,2026-05-08,1359983.0,PSE
PG-009802,FE-009609,2026-05-08,2994836.0,Transferencia
PG-009803,FE-009645,2026-05-08,542721.0,PSE
PG-009804,FE-009655,2026-05-08,1907869.0,Transferencia
PG-009805,FE-009677,2026-05-08,162780.0,Cheque
PG-009806,FE-009705,2026-05-08,1797750.0,Transferencia
PG-009807,FE-009708,2026-05-08,184555.0,PSE
PG-009808,FE-009754,2026-05-08,2175465.0,PSE
PG-009809,FE-009805,2026-05-08,1137404.0,PSE
PG-009810,FE-009847,2026-05-08,956261.0,Cheque
PG-009811,FE-009911,2026-05-08,757178.0,Transferencia
PG-009812,FE-009963,2026-05-08,196315.0,Transferencia
PG-009813,FE-009994,2026-05-08,197024.0,Consignación
PG-009814,FE-010038,2026-05-08,67466.0,Transferencia
PG-009815,FE-010103,2026-05-08,249419.0,Cheque
PG-009816,FE-010120,2026-05-08,706004.0,PSE
PG-009817,FE-010128,2026-05-08,195879.0,Transferencia
PG-009818,FE-010138,2026-05-08,3144073.0,Transferencia
PG-009819,FE-010154,2026-05-08,158127.0,Transferencia
PG-009820,FE-010186,2026-05-08,477824.0,Transferencia
PG-009821,FE-010195,2026-05-08,2322992.0,PSE
PG-009822,FE-010220,2026-05-08,93101.0,Consignación
PG-009823,FE-010232,2026-05-08,599646.0,Transferencia
PG-009824,FE-010236,2026-05-08,628390.0,Transferencia
PG-009825,FE-010241,2026-05-08,58337.0,Transferencia
PG-009826,FE-010250,2026-05-08,689991.0,Transferencia
PG-009827,FE-010378,2026-05-08,554012.0,Consignación
PG-009828,FE-010387,2026-05-08,249722.0,Transferencia
PG-009829,FE-010447,2026-05-08,492141.0,Transferencia
PG-009830,FE-010458,2026-05-08,348484.0,PSE
PG-009831,FE-010465,2026-05-08,212941.0,Cheque
PG-009832,FE-010472,2026-05-08,692964.0,PSE
PG-009833,FE-010528,2026-05-08,842009.0,Transferencia
PG-009834,FE-010536,2026-05-08,1394271.0,Cheque
PG-009835,FE-010632,2026-05-08,510036.0,Transferencia
PG-009836,FE-010648,2026-05-08,202338.0,Transferencia
PG-009837,FE-010670,2026-05-08,233648.0,Consignación
PG-009838,FE-010706,2026-05-08,437750.0,Transferencia
PG-009839,FE-010761,2026-05-08,357850.0,Transferencia
PG-009840,FE-010790,2026-05-08,772859.0,Transferencia
PG-009841,FE-011084,2026-05-08,69660.0,Transferencia
PG-009842,FE-011128,2026-05-08,488564.0,Cheque
PG-009843,FE-008779,2026-05-09,3681969.0,Transferencia
PG-009844,FE-008812,2026-05-09,567567.0,Transferencia
PG-009845,FE-008818,2026-05-09,8437506.0,Transferencia
PG-009846,FE-008884,2026-05-09,1090754.0,Transferencia
PG-009847,FE-008947,2026-05-09,5037131.0,Transferencia
PG-009848,FE-009234,2026-05-09,1045296.0,Consignación
PG-009849,FE-009238,2026-05-09,1354255.0,PSE
PG-009850,FE-009244,2026-05-09,73879.0,Cheque
PG-009851,FE-009263,2026-05-09,3248470.0,Transferencia
PG-009852,FE-009271,2026-05-09,2813993.0,Transferencia
PG-009853,FE-009288,2026-05-09,65256.0,Transferencia
PG-009854,FE-009327,2026-05-09,807466.0,Consignación
PG-009855,FE-009328,2026-05-09,696637.0,PSE
PG-009856,FE-009342,2026-05-09,915233.0,Transferencia
PG-009857,FE-009359,2026-05-09,429435.0,Transferencia
PG-009858,FE-009427,2026-05-09,336827.0,Transferencia
PG-009859,FE-009491,2026-05-09,3747528.0,Transferencia
PG-009860,FE-009510,2026-05-09,1870125.0,Transferencia
PG-009861,FE-009515,2026-05-09,1846656.0,PSE
PG-009862,FE-009526,2026-05-09,1293729.0,Transferencia
PG-009863,FE-009560,2026-05-09,1237293.0,Transferencia
PG-009864,FE-009700,2026-05-09,499373.0,Consignación
PG-009865,FE-009707,2026-05-09,4109394.0,Transferencia
PG-009866,FE-009715,2026-05-09,3150341.0,Consignación
PG-009867,FE-009758,2026-05-09,3671578.0,Consignación
PG-009868,FE-009762,2026-05-09,4724995.0,Transferencia
PG-009869,FE-009796,2026-05-09,1002274.0,PSE
PG-009870,FE-009828,2026-05-09,1023859.0,Consignación
PG-009871,FE-009888,2026-05-09,2428506.0,Transferencia
PG-009872,FE-009979,2026-05-09,1050693.0,Transferencia
PG-009873,FE-010079,2026-05-09,7379372.0,Cheque
PG-009874,FE-010108,2026-05-09,1926988.0,PSE
PG-009875,FE-010126,2026-05-09,603357.0,Consignación
PG-009876,FE-010244,2026-05-09,124802.0,PSE
PG-009877,FE-010277,2026-05-09,480510.0,Transferencia
PG-009878,FE-010282,2026-05-09,2115536.0,Transferencia
PG-009879,FE-010289,2026-05-09,3037928.0,PSE
PG-009880,FE-010321,2026-05-09,209123.0,Transferencia
PG-009881,FE-010322,2026-05-09,923611.0,Transferencia
PG-009882,FE-010368,2026-05-09,532570.0,Transferencia
PG-009883,FE-010389,2026-05-09,104570.0,Consignación
PG-009884,FE-010426,2026-05-09,6610.0,Consignación
PG-009885,FE-010484,2026-05-09,615323.0,Transferencia
PG-009886,FE-010644,2026-05-09,282006.0,Transferencia
PG-009887,FE-010646,2026-05-09,771351.0,Transferencia
PG-009888,FE-010661,2026-05-09,964343.0,Consignación
PG-009889,FE-010721,2026-05-09,356186.0,Transferencia
PG-009890,FE-010769,2026-05-09,530761.0,PSE
PG-009891,FE-010848,2026-05-09,286539.0,Transferencia
PG-009892,FE-010859,2026-05-09,50886.0,Transferencia
PG-009893,FE-010927,2026-05-09,10317.0,PSE
PG-009894,FE-008440,2026-05-10,3519316.0,Transferencia
PG-009895,FE-008569,2026-05-10,454413.0,Transferencia
PG-009896,FE-009010,2026-05-10,2384084.0,Transferencia
PG-009897,FE-009045,2026-05-10,2592307.0,Transferencia
PG-009898,FE-009175,2026-05-10,802471.0,Transferencia
PG-009899,FE-009181,2026-05-10,2310729.0,Transferencia
PG-009900,FE-009256,2026-05-10,1931263.0,PSE
PG-009901,FE-009306,2026-05-10,1078789.0,Cheque
PG-009902,FE-009322,2026-05-10,1358153.0,PSE
PG-009903,FE-009435,2026-05-10,1282305.0,Cheque
PG-009904,FE-009457,2026-05-10,575691.0,Transferencia
PG-009905,FE-009569,2026-05-10,339859.0,Consignación
PG-009906,FE-009613,2026-05-10,1905653.0,PSE
PG-009907,FE-009638,2026-05-10,3677828.0,PSE
PG-009908,FE-009692,2026-05-10,263101.0,Transferencia
PG-009909,FE-009720,2026-05-10,3772182.0,PSE
PG-009910,FE-009866,2026-05-10,1394338.0,PSE
PG-009911,FE-009935,2026-05-10,735903.0,Cheque
PG-009912,FE-009937,2026-05-10,701844.0,Transferencia
PG-009913,FE-009948,2026-05-10,107985.0,Transferencia
PG-009914,FE-009960,2026-05-10,300440.0,Transferencia
PG-009915,FE-010007,2026-05-10,915920.0,Cheque
PG-009916,FE-010068,2026-05-10,813094.0,Consignación
PG-009917,FE-010090,2026-05-10,663734.0,Transferencia
PG-009918,FE-010093,2026-05-10,1215545.0,Consignación
PG-009919,FE-010162,2026-05-10,358166.0,PSE
PG-009920,FE-010164,2026-05-10,790143.0,Transferencia
PG-009921,FE-010169,2026-05-10,1354131.0,Transferencia
PG-009922,FE-010272,2026-05-10,516769.0,Transferencia
PG-009923,FE-010293,2026-05-10,162129.0,Transferencia
PG-009924,FE-010335,2026-05-10,205340.0,PSE
PG-009925,FE-010340,2026-05-10,325976.0,PSE
PG-009926,FE-010382,2026-05-10,1017853.0,Transferencia
PG-009927,FE-010383,2026-05-10,20438.0,Transferencia
PG-009928,FE-010452,2026-05-10,116677.0,Consignación
PG-009929,FE-010501,2026-05-10,156592.0,PSE
PG-009930,FE-010538,2026-05-10,1061128.0,Transferencia
PG-009931,FE-010548,2026-05-10,1338167.0,Transferencia
PG-009932,FE-010552,2026-05-10,52663.0,Consignación
PG-009933,FE-010559,2026-05-10,679563.0,PSE
PG-009934,FE-010639,2026-05-10,725750.0,PSE
PG-009935,FE-010652,2026-05-10,628620.0,Cheque
PG-009936,FE-010688,2026-05-10,599196.0,Transferencia
PG-009937,FE-010727,2026-05-10,173145.0,PSE
PG-009938,FE-010770,2026-05-10,728968.0,Transferencia
PG-009939,FE-010830,2026-05-10,616539.0,Transferencia
PG-009940,FE-010892,2026-05-10,284381.0,Consignación
PG-009941,FE-010906,2026-05-10,344982.0,Transferencia
PG-009942,FE-010968,2026-05-10,305535.0,Transferencia
PG-009943,FE-010973,2026-05-10,395186.0,Transferencia
PG-009944,FE-011008,2026-05-10,352715.0,Transferencia
PG-009945,FE-011146,2026-05-10,371952.0,Cheque
PG-009946,FE-011223,2026-05-10,491148.0,Transferencia
PG-009947,FE-008737,2026-05-11,6082981.0,Transferencia
PG-009948,FE-008808,2026-05-11,3479696.0,Consignación
PG-009949,FE-009083,2026-05-11,11402354.0,Transferencia
PG-009950,FE-009124,2026-05-11,262588.0,Transferencia
PG-009951,FE-009176,2026-05-11,136241.0,Consignación
PG-009952,FE-009239,2026-05-11,2623801.0,Cheque
PG-009953,FE-009295,2026-05-11,2511238.0,Transferencia
PG-009954,FE-009541,2026-05-11,6769497.0,Transferencia
PG-009955,FE-009578,2026-05-11,487826.0,Transferencia
PG-009956,FE-009667,2026-05-11,2522026.0,Transferencia
PG-009957,FE-009694,2026-05-11,2564828.0,Transferencia
PG-009958,FE-009721,2026-05-11,434697.0,Transferencia
PG-009959,FE-009739,2026-05-11,3766985.0,Transferencia
PG-009960,FE-009744,2026-05-11,1127258.0,Transferencia
PG-009961,FE-009849,2026-05-11,925243.0,Cheque
PG-009962,FE-009860,2026-05-11,950860.0,Consignación
PG-009963,FE-009874,2026-05-11,2679533.0,Consignación
PG-009964,FE-009878,2026-05-11,58477.0,Cheque
PG-009965,FE-009883,2026-05-11,2193851.0,Transferencia
PG-009966,FE-009933,2026-05-11,430097.0,PSE
PG-009967,FE-009939,2026-05-11,493238.0,Transferencia
PG-009968,FE-009950,2026-05-11,10260683.0,PSE
PG-009969,FE-009959,2026-05-11,3116341.0,Transferencia
PG-009970,FE-010002,2026-05-11,2715955.0,Transferencia
PG-009971,FE-010063,2026-05-11,1387907.0,Transferencia
PG-009972,FE-010080,2026-05-11,2399377.0,PSE
PG-009973,FE-010099,2026-05-11,314748.0,Transferencia
PG-009974,FE-010140,2026-05-11,676434.0,Transferencia
PG-009975,FE-010146,2026-05-11,4338883.0,PSE
PG-009976,FE-010179,2026-05-11,264219.0,Transferencia
PG-009977,FE-010261,2026-05-11,711626.0,Consignación
PG-009978,FE-010264,2026-05-11,429967.0,Transferencia
PG-009979,FE-010344,2026-05-11,111214.0,Transferencia
PG-009980,FE-010348,2026-05-11,3305617.0,Consignación
PG-009981,FE-010476,2026-05-11,220430.0,Transferencia
PG-009982,FE-010482,2026-05-11,381117.0,Transferencia
PG-009983,FE-010490,2026-05-11,522672.0,Transferencia
PG-009984,FE-010509,2026-05-11,216917.0,PSE
PG-009985,FE-010515,2026-05-11,229966.0,Transferencia
PG-009986,FE-010545,2026-05-11,336876.0,Transferencia
PG-009987,FE-010711,2026-05-11,129909.0,Consignación
PG-009988,FE-010717,2026-05-11,591184.0,Transferencia
PG-009989,FE-010740,2026-05-11,3689405.0,Transferencia
PG-009990,FE-010784,2026-05-11,948456.0,PSE
PG-009991,FE-010841,2026-05-11,141687.0,Transferencia
PG-009992,FE-008767,2026-05-12,5462177.0,Transferencia
PG-009993,FE-008798,2026-05-12,2173020.0,Transferencia
PG-009994,FE-009044,2026-05-12,964627.0,Transferencia
PG-009995,FE-009171,2026-05-12,1240254.0,Transferencia
PG-009996,FE-009184,2026-05-12,1098582.0,Transferencia
PG-009997,FE-009264,2026-05-12,2706066.0,Transferencia
PG-009998,FE-009432,2026-05-12,2122849.0,Transferencia
PG-009999,FE-009476,2026-05-12,2291497.0,Consignación
PG-010000,FE-009567,2026-05-12,768513.0,PSE
PG-010001,FE-009679,2026-05-12,1215401.0,Transferencia
PG-010002,FE-009791,2026-05-12,1216748.0,Transferencia
PG-010003,FE-009795,2026-05-12,229815.0,Transferencia
PG-010004,FE-009841,2026-05-12,815959.0,PSE
PG-010005,FE-009863,2026-05-12,5048679.0,Transferencia
PG-010006,FE-009926,2026-05-12,547613.0,Consignación
PG-010007,FE-009970,2026-05-12,629854.0,Transferencia
PG-010008,FE-009972,2026-05-12,849283.0,Transferencia
PG-010009,FE-010023,2026-05-12,1750466.0,Consignación
PG-010010,FE-010025,2026-05-12,1778287.0,Transferencia
PG-010011,FE-010069,2026-05-12,1695560.0,Transferencia
PG-010012,FE-010085,2026-05-12,1287839.0,PSE
PG-010013,FE-010096,2026-05-12,381419.0,Transferencia
PG-010014,FE-010127,2026-05-12,3017003.0,PSE
PG-010015,FE-010170,2026-05-12,484910.0,Consignación
PG-010016,FE-010188,2026-05-12,610777.0,Transferencia
PG-010017,FE-010205,2026-05-12,6674417.0,Transferencia
PG-010018,FE-010226,2026-05-12,219400.0,Transferencia
PG-010019,FE-010231,2026-05-12,571114.0,Consignación
PG-010020,FE-010258,2026-05-12,3853407.0,Consignación
PG-010021,FE-010294,2026-05-12,563294.0,Transferencia
PG-010022,FE-010312,2026-05-12,839626.0,Transferencia
PG-010023,FE-010336,2026-05-12,93058.0,Transferencia
PG-010024,FE-010369,2026-05-12,327712.0,Transferencia
PG-010025,FE-010377,2026-05-12,93602.0,Cheque
PG-010026,FE-010412,2026-05-12,2185199.0,Transferencia
PG-010027,FE-010427,2026-05-12,157913.0,Transferencia
PG-010028,FE-010442,2026-05-12,271114.0,Consignación
PG-010029,FE-010494,2026-05-12,163391.0,Transferencia
PG-010030,FE-010499,2026-05-12,175705.0,Transferencia
PG-010031,FE-010512,2026-05-12,660058.0,Transferencia
PG-010032,FE-010537,2026-05-12,454679.0,PSE
PG-010033,FE-010580,2026-05-12,538894.0,Transferencia
PG-010034,FE-010584,2026-05-12,213216.0,Transferencia
PG-010035,FE-010594,2026-05-12,160445.0,Transferencia
PG-010036,FE-010616,2026-05-12,957248.0,PSE
PG-010037,FE-010619,2026-05-12,1156662.0,Cheque
PG-010038,FE-010624,2026-05-12,253825.0,PSE
PG-010039,FE-010625,2026-05-12,252027.0,PSE
PG-010040,FE-010791,2026-05-12,643116.0,Transferencia
PG-010041,FE-010792,2026-05-12,64460.0,Transferencia
PG-010042,FE-010815,2026-05-12,102173.0,Transferencia
PG-010043,FE-010832,2026-05-12,586138.0,Cheque
PG-010044,FE-010922,2026-05-12,803450.0,PSE
PG-010045,FE-010926,2026-05-12,336213.0,PSE
PG-010046,FE-011153,2026-05-12,345344.0,Transferencia
PG-010047,FE-011337,2026-05-12,668917.0,Consignación
PG-010048,FE-011401,2026-05-12,274247.0,Transferencia
PG-010049,FE-011445,2026-05-12,681800.0,Transferencia
PG-010050,FE-008883,2026-05-13,1687303.0,Transferencia
PG-010051,FE-009016,2026-05-13,2868907.0,Transferencia
PG-010052,FE-009144,2026-05-13,1550989.0,Transferencia
PG-010053,FE-009249,2026-05-13,1824758.0,PSE
PG-010054,FE-009329,2026-05-13,1191127.0,PSE
PG-010055,FE-009406,2026-05-13,3346789.0,PSE
PG-010056,FE-009410,2026-05-13,900117.0,Cheque
PG-010057,FE-009475,2026-05-13,131414.0,Transferencia
PG-010058,FE-009497,2026-05-13,4106287.0,PSE
PG-010059,FE-009528,2026-05-13,2217583.0,PSE
PG-010060,FE-009530,2026-05-13,1961548.0,PSE
PG-010061,FE-009540,2026-05-13,921709.0,Transferencia
PG-010062,FE-009588,2026-05-13,120949.0,Transferencia
PG-010063,FE-009616,2026-05-13,390953.0,Consignación
PG-010064,FE-009664,2026-05-13,658315.0,Transferencia
PG-010065,FE-009669,2026-05-13,1053599.0,Consignación
PG-010066,FE-009674,2026-05-13,1759467.0,Transferencia
PG-010067,FE-009686,2026-05-13,185006.0,Transferencia
PG-010068,FE-009724,2026-05-13,705027.0,Transferencia
PG-010069,FE-009728,2026-05-13,4616002.0,Consignación
PG-010070,FE-009794,2026-05-13,1353889.0,Transferencia
PG-010071,FE-009824,2026-05-13,2157721.0,Transferencia
PG-010072,FE-009887,2026-05-13,4264245.0,PSE
PG-010073,FE-009909,2026-05-13,1615822.0,Transferencia
PG-010074,FE-009973,2026-05-13,921992.0,Transferencia
PG-010075,FE-010006,2026-05-13,216437.0,PSE
PG-010076,FE-010028,2026-05-13,4339704.0,Consignación
PG-010077,FE-010036,2026-05-13,486410.0,PSE
PG-010078,FE-010037,2026-05-13,190174.0,Transferencia
PG-010079,FE-010062,2026-05-13,2285819.0,Transferencia
PG-010080,FE-010110,2026-05-13,2288127.0,PSE
PG-010081,FE-010119,2026-05-13,548066.0,Transferencia
PG-010082,FE-010165,2026-05-13,317691.0,Consignación
PG-010083,FE-010178,2026-05-13,998778.0,Transferencia
PG-010084,FE-010213,2026-05-13,2078941.0,PSE
PG-010085,FE-010221,2026-05-13,3858837.0,Transferencia
PG-010086,FE-010259,2026-05-13,377699.0,Consignación
PG-010087,FE-010266,2026-05-13,1116802.0,Transferencia
PG-010088,FE-010268,2026-05-13,801453.0,Transferencia
PG-010089,FE-010295,2026-05-13,975268.0,Transferencia
PG-010090,FE-010342,2026-05-13,237948.0,PSE
PG-010091,FE-010366,2026-05-13,720873.0,Transferencia
PG-010092,FE-010479,2026-05-13,1074076.0,Transferencia
PG-010093,FE-010585,2026-05-13,186366.0,Transferencia
PG-010094,FE-010595,2026-05-13,5721443.0,Transferencia
PG-010095,FE-010605,2026-05-13,554718.0,Transferencia
PG-010096,FE-010617,2026-05-13,340557.0,Transferencia
PG-010097,FE-010659,2026-05-13,147123.0,Transferencia
PG-010098,FE-010709,2026-05-13,82715.0,Transferencia
PG-010099,FE-010747,2026-05-13,125031.0,Transferencia
PG-010100,FE-010750,2026-05-13,20354.0,Transferencia
PG-010101,FE-010788,2026-05-13,785346.0,Transferencia
PG-010102,FE-010920,2026-05-13,1415163.0,PSE
PG-010103,FE-010993,2026-05-13,1180252.0,Cheque
PG-010104,FE-011000,2026-05-13,58208.0,Transferencia
PG-010105,FE-011006,2026-05-13,101359.0,PSE
PG-010106,FE-011011,2026-05-13,566823.0,Consignación
PG-010107,FE-011018,2026-05-13,172651.0,Transferencia
PG-010108,FE-011059,2026-05-13,786277.0,PSE
PG-010109,FE-011202,2026-05-13,1013396.0,Transferencia
PG-010110,FE-011217,2026-05-13,14364.0,Transferencia
PG-010111,FE-008990,2026-05-14,1988390.0,Transferencia
PG-010112,FE-009223,2026-05-14,6462421.0,Transferencia
PG-010113,FE-009318,2026-05-14,1088581.0,Transferencia
PG-010114,FE-009352,2026-05-14,450342.0,Consignación
PG-010115,FE-009369,2026-05-14,7428275.0,Transferencia
PG-010116,FE-009513,2026-05-14,1236086.0,PSE
PG-010117,FE-009538,2026-05-14,600707.0,PSE
PG-010118,FE-009543,2026-05-14,2172700.0,PSE
PG-010119,FE-009599,2026-05-14,5023627.0,Transferencia
PG-010120,FE-009649,2026-05-14,1042202.0,Transferencia
PG-010121,FE-009651,2026-05-14,335139.0,Transferencia
PG-010122,FE-009743,2026-05-14,2825352.0,Transferencia
PG-010123,FE-009793,2026-05-14,10475550.0,Consignación
PG-010124,FE-009807,2026-05-14,627874.0,Consignación
PG-010125,FE-009812,2026-05-14,1804554.0,Consignación
PG-010126,FE-009817,2026-05-14,3275070.0,Cheque
PG-010127,FE-009839,2026-05-14,1476612.0,PSE
PG-010128,FE-009868,2026-05-14,790523.0,Transferencia
PG-010129,FE-009936,2026-05-14,1040722.0,Consignación
PG-010130,FE-009981,2026-05-14,1197003.0,Transferencia
PG-010131,FE-010060,2026-05-14,38527.0,Transferencia
PG-010132,FE-010114,2026-05-14,2337648.0,Transferencia
PG-010133,FE-010177,2026-05-14,3788152.0,Transferencia
PG-010134,FE-010275,2026-05-14,3799323.0,Transferencia
PG-010135,FE-010281,2026-05-14,232080.0,Transferencia
PG-010136,FE-010285,2026-05-14,1685954.0,PSE
PG-010137,FE-010325,2026-05-14,2336191.0,Transferencia
PG-010138,FE-010349,2026-05-14,550795.0,Consignación
PG-010139,FE-010371,2026-05-14,3036462.0,PSE
PG-010140,FE-010385,2026-05-14,1043497.0,PSE
PG-010141,FE-010411,2026-05-14,77216.0,Transferencia
PG-010142,FE-010430,2026-05-14,9230.0,Transferencia
PG-010143,FE-010439,2026-05-14,634756.0,Transferencia
PG-010144,FE-010474,2026-05-14,243576.0,Transferencia
PG-010145,FE-010521,2026-05-14,126792.0,PSE
PG-010146,FE-010540,2026-05-14,314735.0,PSE
PG-010147,FE-010562,2026-05-14,390458.0,Transferencia
PG-010148,FE-010772,2026-05-14,614937.0,Cheque
PG-010149,FE-010779,2026-05-14,179190.0,PSE
PG-010150,FE-010807,2026-05-14,472148.0,Transferencia
PG-010151,FE-010823,2026-05-14,28203.0,Consignación
PG-010152,FE-010827,2026-05-14,96167.0,PSE
PG-010153,FE-010844,2026-05-14,162583.0,Transferencia
PG-010154,FE-010850,2026-05-14,476362.0,Transferencia
PG-010155,FE-011001,2026-05-14,143697.0,Transferencia
PG-010156,FE-011310,2026-05-14,1319209.0,Transferencia
PG-010157,FE-011404,2026-05-14,134013.0,PSE
PG-010158,FE-011642,2026-05-14,455952.0,Transferencia
PG-010159,FE-009079,2026-05-15,1777122.0,Cheque
PG-010160,FE-009180,2026-05-15,1073261.0,Transferencia
PG-010161,FE-009355,2026-05-15,6044581.0,Transferencia
PG-010162,FE-009357,2026-05-15,2227931.0,Transferencia
PG-010163,FE-009378,2026-05-15,752411.0,Transferencia
PG-010164,FE-009379,2026-05-15,929282.0,Transferencia
PG-010165,FE-009474,2026-05-15,9767697.0,Transferencia
PG-010166,FE-009527,2026-05-15,2977138.0,Transferencia
PG-010167,FE-009593,2026-05-15,1289260.0,Consignación
PG-010168,FE-009623,2026-05-15,1696444.0,Transferencia
PG-010169,FE-009756,2026-05-15,382045.0,PSE
PG-010170,FE-009808,2026-05-15,1615279.0,Transferencia
PG-010171,FE-009893,2026-05-15,2296993.0,Transferencia
PG-010172,FE-009912,2026-05-15,2353136.0,Consignación
PG-010173,FE-009917,2026-05-15,208488.0,Consignación
PG-010174,FE-009941,2026-05-15,2427508.0,Transferencia
PG-010175,FE-009962,2026-05-15,444346.0,Transferencia
PG-010176,FE-009989,2026-05-15,278799.0,PSE
PG-010177,FE-009997,2026-05-15,9425092.0,Transferencia
PG-010178,FE-010075,2026-05-15,1104184.0,PSE
PG-010179,FE-010156,2026-05-15,903264.0,Transferencia
PG-010180,FE-010158,2026-05-15,1701011.0,Consignación
PG-010181,FE-010174,2026-05-15,6395988.0,PSE
PG-010182,FE-010235,2026-05-15,1198072.0,Transferencia
PG-010183,FE-010251,2026-05-15,1996783.0,Transferencia
PG-010184,FE-010274,2026-05-15,857676.0,Transferencia
PG-010185,FE-010316,2026-05-15,248322.0,Transferencia
PG-010186,FE-010449,2026-05-15,1240957.0,Transferencia
PG-010187,FE-010480,2026-05-15,260515.0,Transferencia
PG-010188,FE-010497,2026-05-15,12499.0,Transferencia
PG-010189,FE-010533,2026-05-15,625785.0,PSE
PG-010190,FE-010549,2026-05-15,338158.0,PSE
PG-010191,FE-010563,2026-05-15,436949.0,Transferencia
PG-010192,FE-010583,2026-05-15,332722.0,Transferencia
PG-010193,FE-010752,2026-05-15,225773.0,Transferencia
PG-010194,FE-010786,2026-05-15,639386.0,Transferencia
PG-010195,FE-010824,2026-05-15,290772.0,Transferencia
PG-010196,FE-010828,2026-05-15,451905.0,PSE
PG-010197,FE-010851,2026-05-15,210816.0,Transferencia
PG-010198,FE-010980,2026-05-15,521741.0,Transferencia
PG-010199,FE-011141,2026-05-15,610218.0,Transferencia
PG-010200,FE-011251,2026-05-15,853368.0,Consignación
PG-010201,FE-011263,2026-05-15,157475.0,Transferencia
PG-010202,FE-011535,2026-05-15,61471.0,Transferencia
PG-010203,FE-011763,2026-05-15,542281.0,Transferencia
PG-010204,FE-009015,2026-05-16,2532935.0,Transferencia
PG-010205,FE-009137,2026-05-16,444889.0,Transferencia
PG-010206,FE-009148,2026-05-16,584211.0,Transferencia
PG-010207,FE-009210,2026-05-16,1748503.0,Transferencia
PG-010208,FE-009211,2026-05-16,2639153.0,PSE
PG-010209,FE-009243,2026-05-16,896973.0,Transferencia
PG-010210,FE-009274,2026-05-16,3783117.0,PSE
PG-010211,FE-009336,2026-05-16,3946422.0,Consignación
PG-010212,FE-009377,2026-05-16,1720291.0,PSE
PG-010213,FE-009493,2026-05-16,4355682.0,Transferencia
PG-010214,FE-009501,2026-05-16,225400.0,Transferencia
PG-010215,FE-009553,2026-05-16,1092139.0,Transferencia
PG-010216,FE-009628,2026-05-16,1019905.0,Transferencia
PG-010217,FE-009741,2026-05-16,1377082.0,Cheque
PG-010218,FE-009844,2026-05-16,1078023.0,Transferencia
PG-010219,FE-009850,2026-05-16,176977.0,Transferencia
PG-010220,FE-009851,2026-05-16,711785.0,Transferencia
PG-010221,FE-009861,2026-05-16,235550.0,Transferencia
PG-010222,FE-009865,2026-05-16,513498.0,Transferencia
PG-010223,FE-009918,2026-05-16,2190371.0,Transferencia
PG-010224,FE-009946,2026-05-16,1482296.0,Transferencia
PG-010225,FE-009951,2026-05-16,5834787.0,Consignación
PG-010226,FE-009982,2026-05-16,4444831.0,Cheque
PG-010227,FE-010010,2026-05-16,1165698.0,Transferencia
PG-010228,FE-010035,2026-05-16,4605808.0,Transferencia
PG-010229,FE-010044,2026-05-16,473690.0,PSE
PG-010230,FE-010047,2026-05-16,1339286.0,Consignación
PG-010231,FE-010067,2026-05-16,2797884.0,Transferencia
PG-010232,FE-010074,2026-05-16,1848670.0,Transferencia
PG-010233,FE-010091,2026-05-16,334658.0,Transferencia
PG-010234,FE-010111,2026-05-16,48538.0,Consignación
PG-010235,FE-010150,2026-05-16,1415027.0,Transferencia
PG-010236,FE-010212,2026-05-16,1240210.0,PSE
PG-010237,FE-010245,2026-05-16,398032.0,Transferencia
PG-010238,FE-010273,2026-05-16,534895.0,Transferencia
PG-010239,FE-010299,2026-05-16,1237119.0,PSE
PG-010240,FE-010305,2026-05-16,258456.0,PSE
PG-010241,FE-010341,2026-05-16,3032077.0,Transferencia
PG-010242,FE-010401,2026-05-16,699118.0,Transferencia
PG-010243,FE-010416,2026-05-16,1220385.0,Transferencia
PG-010244,FE-010511,2026-05-16,1789810.0,Transferencia
PG-010245,FE-010516,2026-05-16,1069548.0,Transferencia
PG-010246,FE-010541,2026-05-16,71175.0,Transferencia
PG-010247,FE-010553,2026-05-16,4354011.0,Cheque
PG-010248,FE-010626,2026-05-16,202645.0,Transferencia
PG-010249,FE-010641,2026-05-16,222507.0,Cheque
PG-010250,FE-010665,2026-05-16,880210.0,Transferencia
PG-010251,FE-010738,2026-05-16,246732.0,Consignación
PG-010252,FE-010847,2026-05-16,272774.0,Transferencia
PG-010253,FE-010940,2026-05-16,2055573.0,Transferencia
PG-010254,FE-010976,2026-05-16,342262.0,Transferencia
PG-010255,FE-010995,2026-05-16,881052.0,Transferencia
PG-010256,FE-011005,2026-05-16,800295.0,Transferencia
PG-010257,FE-011052,2026-05-16,4449876.0,Transferencia
PG-010258,FE-011137,2026-05-16,397224.0,Transferencia
PG-010259,FE-011174,2026-05-16,462246.0,Transferencia
PG-010260,FE-011274,2026-05-16,346602.0,Transferencia
PG-010261,FE-011309,2026-05-16,51416.0,Transferencia
PG-010262,FE-011340,2026-05-16,677854.0,Transferencia
PG-010263,FE-011415,2026-05-16,425934.0,Cheque
PG-010264,FE-011422,2026-05-16,829542.0,PSE
PG-010265,FE-009250,2026-05-17,1140733.0,Transferencia
PG-010266,FE-009304,2026-05-17,337347.0,Transferencia
PG-010267,FE-009400,2026-05-17,715699.0,Cheque
PG-010268,FE-009434,2026-05-17,2865877.0,PSE
PG-010269,FE-009469,2026-05-17,424893.0,Transferencia
PG-010270,FE-009561,2026-05-17,5730422.0,Transferencia
PG-010271,FE-009562,2026-05-17,2424558.0,Transferencia
PG-010272,FE-009595,2026-05-17,9391165.0,Transferencia
PG-010273,FE-009600,2026-05-17,698047.0,Consignación
PG-010274,FE-009602,2026-05-17,3342755.0,Transferencia
PG-010275,FE-009618,2026-05-17,3158803.0,Consignación
PG-010276,FE-009626,2026-05-17,2451299.0,Transferencia
PG-010277,FE-009660,2026-05-17,1588752.0,Transferencia
PG-010278,FE-009670,2026-05-17,762972.0,Transferencia
PG-010279,FE-009760,2026-05-17,2563026.0,Consignación
PG-010280,FE-009780,2026-05-17,6874223.0,Transferencia
PG-010281,FE-009790,2026-05-17,4304142.0,Transferencia
PG-010282,FE-009815,2026-05-17,886051.0,PSE
PG-010283,FE-009856,2026-05-17,466222.0,PSE
PG-010284,FE-009867,2026-05-17,1228856.0,Transferencia
PG-010285,FE-009869,2026-05-17,3188882.0,Transferencia
PG-010286,FE-009897,2026-05-17,599510.0,Transferencia
PG-010287,FE-009904,2026-05-17,90132.0,Transferencia
PG-010288,FE-009922,2026-05-17,861039.0,Transferencia
PG-010289,FE-010026,2026-05-17,4402315.0,Consignación
PG-010290,FE-010040,2026-05-17,3163943.0,Consignación
PG-010291,FE-010057,2026-05-17,26831.0,Transferencia
PG-010292,FE-010098,2026-05-17,1716137.0,Transferencia
PG-010293,FE-010107,2026-05-17,1820911.0,Cheque
PG-010294,FE-010113,2026-05-17,1378100.0,Transferencia
PG-010295,FE-010116,2026-05-17,537154.0,Transferencia
PG-010296,FE-010135,2026-05-17,3096620.0,PSE
PG-010297,FE-010263,2026-05-17,247396.0,Cheque
PG-010298,FE-010267,2026-05-17,1313633.0,Transferencia
PG-010299,FE-010280,2026-05-17,545201.0,Transferencia
PG-010300,FE-010284,2026-05-17,1118000.0,Transferencia
PG-010301,FE-010297,2026-05-17,528105.0,Transferencia
PG-010302,FE-010350,2026-05-17,1369999.0,Transferencia
PG-010303,FE-010380,2026-05-17,1357892.0,Transferencia
PG-010304,FE-010398,2026-05-17,388474.0,Consignación
PG-010305,FE-010448,2026-05-17,455664.0,PSE
PG-010306,FE-010457,2026-05-17,803305.0,Transferencia
PG-010307,FE-010500,2026-05-17,2418959.0,Transferencia
PG-010308,FE-010504,2026-05-17,771404.0,Transferencia
PG-010309,FE-010518,2026-05-17,688295.0,Consignación
PG-010310,FE-010543,2026-05-17,159040.0,Transferencia
PG-010311,FE-010550,2026-05-17,340504.0,PSE
PG-010312,FE-010570,2026-05-17,722561.0,Cheque
PG-010313,FE-010666,2026-05-17,966638.0,Cheque
PG-010314,FE-010671,2026-05-17,1799543.0,Transferencia
PG-010315,FE-010683,2026-05-17,695706.0,Consignación
PG-010316,FE-010703,2026-05-17,562788.0,PSE
PG-010317,FE-010704,2026-05-17,355047.0,Cheque
PG-010318,FE-010705,2026-05-17,521462.0,Transferencia
PG-010319,FE-010799,2026-05-17,798258.0,Cheque
PG-010320,FE-010804,2026-05-17,536829.0,Transferencia
PG-010321,FE-010809,2026-05-17,610627.0,Cheque
PG-010322,FE-010822,2026-05-17,86462.0,Transferencia
PG-010323,FE-010842,2026-05-17,431300.0,Transferencia
PG-010324,FE-010853,2026-05-17,406272.0,Consignación
PG-010325,FE-010865,2026-05-17,556457.0,Transferencia
PG-010326,FE-010929,2026-05-17,182822.0,Consignación
PG-010327,FE-010930,2026-05-17,85026.0,Transferencia
PG-010328,FE-010956,2026-05-17,207998.0,Transferencia
PG-010329,FE-010990,2026-05-17,112275.0,Transferencia
PG-010330,FE-011058,2026-05-17,35236.0,Transferencia
PG-010331,FE-011129,2026-05-17,560256.0,PSE
PG-010332,FE-011159,2026-05-17,992659.0,Transferencia
PG-010333,FE-011177,2026-05-17,1547511.0,Consignación
PG-010334,FE-011178,2026-05-17,685365.0,Transferencia
PG-010335,FE-011297,2026-05-17,73004.0,Transferencia
PG-010336,FE-011354,2026-05-17,997778.0,Transferencia
PG-010337,FE-011365,2026-05-17,252630.0,Transferencia
PG-010338,FE-011428,2026-05-17,528277.0,Transferencia
PG-010339,FE-009305,2026-05-18,5088946.0,PSE
PG-010340,FE-009330,2026-05-18,1418268.0,Transferencia
PG-010341,FE-009486,2026-05-18,3762934.0,Consignación
PG-010342,FE-009529,2026-05-18,1522378.0,Cheque
PG-010343,FE-009574,2026-05-18,3475735.0,Transferencia
PG-010344,FE-009676,2026-05-18,566727.0,Transferencia
PG-010345,FE-009704,2026-05-18,573901.0,Transferencia
PG-010346,FE-009801,2026-05-18,50737.0,Transferencia
PG-010347,FE-009899,2026-05-18,6618387.0,Transferencia
PG-010348,FE-009910,2026-05-18,1610733.0,Transferencia
PG-010349,FE-009966,2026-05-18,1348578.0,Transferencia
PG-010350,FE-009967,2026-05-18,556382.0,PSE
PG-010351,FE-010051,2026-05-18,3145443.0,PSE
PG-010352,FE-010143,2026-05-18,819395.0,PSE
PG-010353,FE-010166,2026-05-18,266179.0,PSE
PG-010354,FE-010260,2026-05-18,3031589.0,Transferencia
PG-010355,FE-010269,2026-05-18,242244.0,Transferencia
PG-010356,FE-010358,2026-05-18,2206531.0,Transferencia
PG-010357,FE-010441,2026-05-18,634314.0,Transferencia
PG-010358,FE-010460,2026-05-18,1643202.0,Transferencia
PG-010359,FE-010473,2026-05-18,187481.0,Transferencia
PG-010360,FE-010508,2026-05-18,3848365.0,PSE
PG-010361,FE-010519,2026-05-18,93984.0,Transferencia
PG-010362,FE-010601,2026-05-18,1497710.0,Transferencia
PG-010363,FE-010686,2026-05-18,366846.0,PSE
PG-010364,FE-010802,2026-05-18,251685.0,Consignación
PG-010365,FE-010831,2026-05-18,170726.0,Transferencia
PG-010366,FE-010845,2026-05-18,740806.0,PSE
PG-010367,FE-010878,2026-05-18,472118.0,Transferencia
PG-010368,FE-010963,2026-05-18,181157.0,Transferencia
PG-010369,FE-010992,2026-05-18,433397.0,Transferencia
PG-010370,FE-010994,2026-05-18,609945.0,PSE
PG-010371,FE-011004,2026-05-18,197834.0,Transferencia
PG-010372,FE-011280,2026-05-18,231976.0,Transferencia
PG-010373,FE-011385,2026-05-18,598748.0,Transferencia
PG-010374,FE-009420,2026-05-19,5517530.0,Transferencia
PG-010375,FE-009443,2026-05-19,2059103.0,Transferencia
PG-010376,FE-009446,2026-05-19,3049931.0,Transferencia
PG-010377,FE-009485,2026-05-19,849263.0,Transferencia
PG-010378,FE-009495,2026-05-19,543183.0,Transferencia
PG-010379,FE-009563,2026-05-19,1813074.0,Transferencia
PG-010380,FE-009564,2026-05-19,5242470.0,PSE
PG-010381,FE-009661,2026-05-19,1709737.0,Transferencia
PG-010382,FE-009709,2026-05-19,144318.0,Consignación
PG-010383,FE-009727,2026-05-19,908025.0,Transferencia
PG-010384,FE-009745,2026-05-19,1239323.0,Transferencia
PG-010385,FE-009757,2026-05-19,980351.0,Transferencia
PG-010386,FE-009788,2026-05-19,1797438.0,Transferencia
PG-010387,FE-009799,2026-05-19,742597.0,PSE
PG-010388,FE-009855,2026-05-19,3414565.0,Consignación
PG-010389,FE-009895,2026-05-19,769392.0,Transferencia
PG-010390,FE-009913,2026-05-19,1635402.0,Cheque
PG-010391,FE-009919,2026-05-19,3412227.0,PSE
PG-010392,FE-009947,2026-05-19,858847.0,Transferencia
PG-010393,FE-010022,2026-05-19,392767.0,PSE
PG-010394,FE-010054,2026-05-19,3770747.0,Transferencia
PG-010395,FE-010142,2026-05-19,2973428.0,Transferencia
PG-010396,FE-010173,2026-05-19,575258.0,PSE
PG-010397,FE-010202,2026-05-19,766584.0,Cheque
PG-010398,FE-010210,2026-05-19,949196.0,Consignación
PG-010399,FE-010219,2026-05-19,71507.0,Transferencia
PG-010400,FE-010296,2026-05-19,230584.0,Consignación
PG-010401,FE-010334,2026-05-19,3890847.0,Transferencia
PG-010402,FE-010374,2026-05-19,248963.0,PSE
PG-010403,FE-010375,2026-05-19,2936680.0,Transferencia
PG-010404,FE-010415,2026-05-19,2075051.0,Consignación
PG-010405,FE-010429,2026-05-19,433895.0,PSE
PG-010406,FE-010432,2026-05-19,2811127.0,Transferencia
PG-010407,FE-010433,2026-05-19,2366313.0,Transferencia
PG-010408,FE-010434,2026-05-19,2667841.0,PSE
PG-010409,FE-010443,2026-05-19,496138.0,Transferencia
PG-010410,FE-010463,2026-05-19,1365876.0,PSE
PG-010411,FE-010464,2026-05-19,234121.0,Consignación
PG-010412,FE-010485,2026-05-19,4627530.0,Transferencia
PG-010413,FE-010527,2026-05-19,202753.0,Transferencia
PG-010414,FE-010544,2026-05-19,2293994.0,Consignación
PG-010415,FE-010578,2026-05-19,1267348.0,PSE
PG-010416,FE-010600,2026-05-19,2274339.0,Transferencia
PG-010417,FE-010606,2026-05-19,3308896.0,PSE
PG-010418,FE-010611,2026-05-19,1043822.0,Consignación
PG-010419,FE-010653,2026-05-19,353067.0,Consignación
PG-010420,FE-010720,2026-05-19,109018.0,Cheque
PG-010421,FE-010745,2026-05-19,1898608.0,Transferencia
PG-010422,FE-010759,2026-05-19,153381.0,PSE
PG-010423,FE-010808,2026-05-19,665786.0,Transferencia
PG-010424,FE-010811,2026-05-19,45924.0,Transferencia
PG-010425,FE-010821,2026-05-19,76691.0,Consignación
PG-010426,FE-010840,2026-05-19,296223.0,Transferencia
PG-010427,FE-010959,2026-05-19,320847.0,Transferencia
PG-010428,FE-010964,2026-05-19,129002.0,Transferencia
PG-010429,FE-010965,2026-05-19,530691.0,Transferencia
PG-010430,FE-011012,2026-05-19,398558.0,Transferencia
PG-010431,FE-011026,2026-05-19,3746024.0,Transferencia
PG-010432,FE-011033,2026-05-19,2688109.0,Transferencia
PG-010433,FE-011038,2026-05-19,535558.0,Transferencia
PG-010434,FE-011085,2026-05-19,933381.0,Consignación
PG-010435,FE-011148,2026-05-19,523124.0,PSE
PG-010436,FE-011157,2026-05-19,428296.0,Transferencia
PG-010437,FE-011208,2026-05-19,335396.0,PSE
PG-010438,FE-011271,2026-05-19,410226.0,Cheque
PG-010439,FE-011294,2026-05-19,162352.0,Transferencia
PG-010440,FE-011347,2026-05-19,290901.0,PSE
PG-010441,FE-009136,2026-05-20,4388232.0,Transferencia
PG-010442,FE-009416,2026-05-20,8156609.0,PSE
PG-010443,FE-009421,2026-05-20,3532633.0,Transferencia
PG-010444,FE-009442,2026-05-20,3659668.0,Consignación
PG-010445,FE-009492,2026-05-20,3314705.0,Transferencia
PG-010446,FE-009568,2026-05-20,2282413.0,Transferencia
PG-010447,FE-009642,2026-05-20,173238.0,Transferencia
PG-010448,FE-009920,2026-05-20,6461625.0,Transferencia
PG-010449,FE-009923,2026-05-20,2206369.0,Transferencia
PG-010450,FE-009983,2026-05-20,2236486.0,Transferencia
PG-010451,FE-010039,2026-05-20,1909267.0,Transferencia
PG-010452,FE-010136,2026-05-20,155719.0,Transferencia
PG-010453,FE-010194,2026-05-20,231009.0,Transferencia
PG-010454,FE-010249,2026-05-20,389754.0,Transferencia
PG-010455,FE-010315,2026-05-20,355829.0,PSE
PG-010456,FE-010363,2026-05-20,919105.0,Transferencia
PG-010457,FE-010392,2026-05-20,490048.0,Cheque
PG-010458,FE-010407,2026-05-20,2373237.0,PSE
PG-010459,FE-010581,2026-05-20,1542151.0,Transferencia
PG-010460,FE-010631,2026-05-20,2719741.0,Transferencia
PG-010461,FE-010638,2026-05-20,333502.0,PSE
PG-010462,FE-010645,2026-05-20,3024732.0,Transferencia
PG-010463,FE-010687,2026-05-20,392339.0,Consignación
PG-010464,FE-010737,2026-05-20,450790.0,PSE
PG-010465,FE-010855,2026-05-20,468019.0,Transferencia
PG-010466,FE-010907,2026-05-20,276425.0,Transferencia
PG-010467,FE-010911,2026-05-20,987535.0,Cheque
PG-010468,FE-010916,2026-05-20,662750.0,Transferencia
PG-010469,FE-010958,2026-05-20,951547.0,Cheque
PG-010470,FE-010997,2026-05-20,534325.0,Cheque
PG-010471,FE-011049,2026-05-20,226154.0,Transferencia
PG-010472,FE-011113,2026-05-20,196962.0,Transferencia
PG-010473,FE-011238,2026-05-20,324832.0,Transferencia
PG-010474,FE-011343,2026-05-20,346297.0,Transferencia
PG-010475,FE-011688,2026-05-20,1254592.0,PSE
PG-010476,FE-009259,2026-05-21,1057292.0,Transferencia
PG-010477,FE-009370,2026-05-21,10994387.0,Transferencia
PG-010478,FE-009397,2026-05-21,3633115.0,PSE
PG-010479,FE-009439,2026-05-21,439334.0,Consignación
PG-010480,FE-009581,2026-05-21,6788367.0,Consignación
PG-010481,FE-009598,2026-05-21,1936876.0,Transferencia
PG-010482,FE-009668,2026-05-21,1712466.0,Transferencia
PG-010483,FE-009697,2026-05-21,12883465.0,Transferencia
PG-010484,FE-009706,2026-05-21,566008.0,Transferencia
PG-010485,FE-009842,2026-05-21,1997829.0,Transferencia
PG-010486,FE-009852,2026-05-21,2367737.0,Transferencia
PG-010487,FE-009958,2026-05-21,1412563.0,Transferencia
PG-010488,FE-009991,2026-05-21,3237382.0,PSE
PG-010489,FE-010012,2026-05-21,3090361.0,Transferencia
PG-010490,FE-010043,2026-05-21,429697.0,Transferencia
PG-010491,FE-010152,2026-05-21,77098.0,Transferencia
PG-010492,FE-010163,2026-05-21,2086535.0,PSE
PG-010493,FE-010167,2026-05-21,2546495.0,Consignación
PG-010494,FE-010185,2026-05-21,830083.0,Transferencia
PG-010495,FE-010347,2026-05-21,497904.0,Consignación
PG-010496,FE-010402,2026-05-21,1532835.0,Transferencia
PG-010497,FE-010451,2026-05-21,1148039.0,Transferencia
PG-010498,FE-010488,2026-05-21,1391337.0,Consignación
PG-010499,FE-010502,2026-05-21,182128.0,Consignación
PG-010500,FE-010551,2026-05-21,58650.0,Transferencia
PG-010501,FE-010564,2026-05-21,3644332.0,Transferencia
PG-010502,FE-010593,2026-05-21,2827707.0,PSE
PG-010503,FE-010637,2026-05-21,803904.0,Transferencia
PG-010504,FE-010723,2026-05-21,745564.0,Transferencia
PG-010505,FE-010864,2026-05-21,634043.0,Consignación
PG-010506,FE-010951,2026-05-21,260478.0,Transferencia
PG-010507,FE-010961,2026-05-21,271595.0,Transferencia
PG-010508,FE-010983,2026-05-21,185774.0,Transferencia
PG-010509,FE-010986,2026-05-21,604184.0,Transferencia
PG-010510,FE-011024,2026-05-21,385390.0,Transferencia
PG-010511,FE-011030,2026-05-21,349577.0,PSE
PG-010512,FE-011068,2026-05-21,220183.0,Transferencia
PG-010513,FE-011246,2026-05-21,297602.0,Transferencia
PG-010514,FE-011456,2026-05-21,110680.0,Transferencia
PG-010515,FE-011467,2026-05-21,475172.0,Transferencia
PG-010516,FE-011582,2026-05-21,1219328.0,Transferencia
PG-010517,FE-011799,2026-05-21,391575.0,Cheque
PG-010518,FE-011891,2026-05-21,248486.0,Transferencia
PG-010519,FE-009303,2026-05-22,14377205.0,Transferencia
PG-010520,FE-009494,2026-05-22,4740941.0,Transferencia
PG-010521,FE-009718,2026-05-22,1410155.0,Consignación
PG-010522,FE-009733,2026-05-22,3219963.0,Consignación
PG-010523,FE-009835,2026-05-22,2113896.0,Transferencia
PG-010524,FE-009872,2026-05-22,5018450.0,Consignación
PG-010525,FE-009885,2026-05-22,2592854.0,Transferencia
PG-010526,FE-009908,2026-05-22,102501.0,Transferencia
PG-010527,FE-010052,2026-05-22,490624.0,PSE
PG-010528,FE-010092,2026-05-22,2442918.0,Transferencia
PG-010529,FE-010390,2026-05-22,3588869.0,Transferencia
PG-010530,FE-010417,2026-05-22,5049638.0,Transferencia
PG-010531,FE-010654,2026-05-22,194352.0,Cheque
PG-010532,FE-010676,2026-05-22,496030.0,Transferencia
PG-010533,FE-010685,2026-05-22,863601.0,Transferencia
PG-010534,FE-010694,2026-05-22,1697406.0,PSE
PG-010535,FE-010695,2026-05-22,1031527.0,PSE
PG-010536,FE-010714,2026-05-22,513381.0,PSE
PG-010537,FE-010773,2026-05-22,177535.0,Transferencia
PG-010538,FE-010780,2026-05-22,668453.0,Transferencia
PG-010539,FE-010858,2026-05-22,37123.0,Consignación
PG-010540,FE-010880,2026-05-22,303361.0,Transferencia
PG-010541,FE-010886,2026-05-22,318504.0,Cheque
PG-010542,FE-010894,2026-05-22,458812.0,Transferencia
PG-010543,FE-010902,2026-05-22,1084493.0,Transferencia
PG-010544,FE-010952,2026-05-22,20420.0,Transferencia
PG-010545,FE-010991,2026-05-22,380038.0,Transferencia
PG-010546,FE-011060,2026-05-22,133423.0,Transferencia
PG-010547,FE-011095,2026-05-22,509803.0,Transferencia
PG-010548,FE-011134,2026-05-22,192751.0,Transferencia
PG-010549,FE-011139,2026-05-22,229563.0,PSE
PG-010550,FE-011167,2026-05-22,738454.0,PSE
PG-010551,FE-011237,2026-05-22,121795.0,PSE
PG-010552,FE-011572,2026-05-22,397282.0,Transferencia
PG-010553,FE-011751,2026-05-22,384958.0,PSE
PG-010554,FE-009343,2026-05-23,209231.0,Transferencia
PG-010555,FE-009401,2026-05-23,2845033.0,Transferencia
PG-010556,FE-009615,2026-05-23,11068761.0,PSE
PG-010557,FE-009785,2026-05-23,2581798.0,PSE
PG-010558,FE-009810,2026-05-23,2169516.0,PSE
PG-010559,FE-009813,2026-05-23,2601451.0,Transferencia
PG-010560,FE-009838,2026-05-23,12997038.0,PSE
PG-010561,FE-009925,2026-05-23,500637.0,Transferencia
PG-010562,FE-009986,2026-05-23,3925624.0,Cheque
PG-010563,FE-010029,2026-05-23,858506.0,Transferencia
PG-010564,FE-010046,2026-05-23,885253.0,Cheque
PG-010565,FE-010078,2026-05-23,1906870.0,Transferencia
PG-010566,FE-010104,2026-05-23,219285.0,Transferencia
PG-010567,FE-010176,2026-05-23,1680755.0,PSE
PG-010568,FE-010184,2026-05-23,1657825.0,Cheque
PG-010569,FE-010199,2026-05-23,288092.0,Transferencia
PG-010570,FE-010300,2026-05-23,3542140.0,Cheque
PG-010571,FE-010304,2026-05-23,1459166.0,Transferencia
PG-010572,FE-010364,2026-05-23,3391391.0,PSE
PG-010573,FE-010367,2026-05-23,394040.0,Transferencia
PG-010574,FE-010419,2026-05-23,3818928.0,PSE
PG-010575,FE-010421,2026-05-23,313390.0,Consignación
PG-010576,FE-010468,2026-05-23,463787.0,Cheque
PG-010577,FE-010542,2026-05-23,1109312.0,Transferencia
PG-010578,FE-010556,2026-05-23,360058.0,Consignación
PG-010579,FE-010651,2026-05-23,1262006.0,Transferencia
PG-010580,FE-010707,2026-05-23,182763.0,Transferencia
PG-010581,FE-010708,2026-05-23,2307862.0,Transferencia
PG-010582,FE-010735,2026-05-23,1373680.0,PSE
PG-010583,FE-010753,2026-05-23,222380.0,PSE
PG-010584,FE-010758,2026-05-23,1047261.0,PSE
PG-010585,FE-010798,2026-05-23,762002.0,Transferencia
PG-010586,FE-010829,2026-05-23,205467.0,Transferencia
PG-010587,FE-010852,2026-05-23,90757.0,PSE
PG-010588,FE-010868,2026-05-23,362066.0,PSE
PG-010589,FE-010870,2026-05-23,181489.0,Consignación
PG-010590,FE-010895,2026-05-23,505191.0,Transferencia
PG-010591,FE-010910,2026-05-23,618150.0,Cheque
PG-010592,FE-010932,2026-05-23,1984465.0,PSE
PG-010593,FE-010933,2026-05-23,905709.0,Transferencia
PG-010594,FE-011035,2026-05-23,1032872.0,PSE
PG-010595,FE-011131,2026-05-23,1038971.0,PSE
PG-010596,FE-011195,2026-05-23,132909.0,Transferencia
PG-010597,FE-011219,2026-05-23,107996.0,Transferencia
PG-010598,FE-011239,2026-05-23,437076.0,Cheque
PG-010599,FE-011240,2026-05-23,639219.0,Transferencia
PG-010600,FE-011278,2026-05-23,400876.0,Transferencia
PG-010601,FE-011341,2026-05-23,7459671.0,Transferencia
PG-010602,FE-011351,2026-05-23,353404.0,Consignación
PG-010603,FE-011361,2026-05-23,127144.0,Consignación
PG-010604,FE-011462,2026-05-23,1024936.0,Transferencia
PG-010605,FE-011483,2026-05-23,168360.0,PSE
PG-010606,FE-011554,2026-05-23,882962.0,Transferencia
PG-010607,FE-011656,2026-05-23,577937.0,Transferencia
PG-010608,FE-011747,2026-05-23,214443.0,PSE
PG-010609,FE-009292,2026-05-24,2281620.0,Transferencia
PG-010610,FE-009751,2026-05-24,960770.0,Transferencia
PG-010611,FE-009820,2026-05-24,2232576.0,Transferencia
PG-010612,FE-009961,2026-05-24,3154045.0,PSE
PG-010613,FE-009974,2026-05-24,1072371.0,Transferencia
PG-010614,FE-010042,2026-05-24,8341404.0,Cheque
PG-010615,FE-010077,2026-05-24,2113560.0,Cheque
PG-010616,FE-010083,2026-05-24,2933474.0,Transferencia
PG-010617,FE-010109,2026-05-24,3326709.0,Transferencia
PG-010618,FE-010180,2026-05-24,1797913.0,Cheque
PG-010619,FE-010229,2026-05-24,4620925.0,Transferencia
PG-010620,FE-010283,2026-05-24,1182667.0,Transferencia
PG-010621,FE-010308,2026-05-24,356137.0,Transferencia
PG-010622,FE-010314,2026-05-24,1255688.0,Transferencia
PG-010623,FE-010329,2026-05-24,518431.0,Transferencia
PG-010624,FE-010339,2026-05-24,570869.0,Transferencia
PG-010625,FE-010354,2026-05-24,231752.0,Transferencia
PG-010626,FE-010355,2026-05-24,1837538.0,Transferencia
PG-010627,FE-010396,2026-05-24,2172628.0,Consignación
PG-010628,FE-010418,2026-05-24,393629.0,PSE
PG-010629,FE-010420,2026-05-24,193826.0,Consignación
PG-010630,FE-010454,2026-05-24,3192727.0,PSE
PG-010631,FE-010489,2026-05-24,220293.0,Transferencia
PG-010632,FE-010493,2026-05-24,135477.0,Transferencia
PG-010633,FE-010571,2026-05-24,305074.0,Consignación
PG-010634,FE-010607,2026-05-24,356425.0,Transferencia
PG-010635,FE-010643,2026-05-24,2735204.0,Transferencia
PG-010636,FE-010697,2026-05-24,577154.0,Transferencia
PG-010637,FE-010702,2026-05-24,6350978.0,Transferencia
PG-010638,FE-010710,2026-05-24,4313257.0,Transferencia
PG-010639,FE-010760,2026-05-24,272534.0,Transferencia
PG-010640,FE-010775,2026-05-24,464452.0,Consignación
PG-010641,FE-010794,2026-05-24,3199833.0,PSE
PG-010642,FE-010801,2026-05-24,766108.0,Transferencia
PG-010643,FE-010849,2026-05-24,449496.0,PSE
PG-010644,FE-010856,2026-05-24,609024.0,PSE
PG-010645,FE-010885,2026-05-24,914958.0,Transferencia
PG-010646,FE-010887,2026-05-24,1445325.0,Transferencia
PG-010647,FE-010890,2026-05-24,249688.0,Transferencia
PG-010648,FE-010905,2026-05-24,395616.0,Cheque
PG-010649,FE-010934,2026-05-24,558125.0,Cheque
PG-010650,FE-010935,2026-05-24,498625.0,Transferencia
PG-010651,FE-010938,2026-05-24,2652493.0,Transferencia
PG-010652,FE-010941,2026-05-24,5169027.0,Transferencia
PG-010653,FE-010945,2026-05-24,375050.0,Consignación
PG-010654,FE-010985,2026-05-24,1673464.0,Transferencia
PG-010655,FE-011009,2026-05-24,490632.0,Transferencia
PG-010656,FE-011010,2026-05-24,1333825.0,Transferencia
PG-010657,FE-011130,2026-05-24,205388.0,PSE
PG-010658,FE-011226,2026-05-24,362054.0,Cheque
PG-010659,FE-011281,2026-05-24,279658.0,PSE
PG-010660,FE-011390,2026-05-24,147760.0,Transferencia
PG-010661,FE-011464,2026-05-24,871320.0,PSE
PG-010662,FE-011509,2026-05-24,651482.0,Transferencia
PG-010663,FE-009104,2026-05-25,360615.0,Cheque
PG-010664,FE-010008,2026-05-25,365054.0,Cheque
PG-010665,FE-010086,2026-05-25,1946199.0,Transferencia
PG-010666,FE-010089,2026-05-25,969919.0,Cheque
PG-010667,FE-010196,2026-05-25,1328097.0,PSE
PG-010668,FE-010246,2026-05-25,2850239.0,PSE
PG-010669,FE-010254,2026-05-25,25829.0,Transferencia
PG-010670,FE-010291,2026-05-25,1273642.0,PSE
PG-010671,FE-010310,2026-05-25,691476.0,Consignación
PG-010672,FE-010324,2026-05-25,2535708.0,Cheque
PG-010673,FE-010327,2026-05-25,1965569.0,Consignación
PG-010674,FE-010328,2026-05-25,3807279.0,Consignación
PG-010675,FE-010346,2026-05-25,2172550.0,Transferencia
PG-010676,FE-010437,2026-05-25,4615320.0,Consignación
PG-010677,FE-010450,2026-05-25,4645527.0,Consignación
PG-010678,FE-010547,2026-05-25,1465232.0,Transferencia
PG-010679,FE-010555,2026-05-25,1155188.0,Transferencia
PG-010680,FE-010636,2026-05-25,538532.0,Transferencia
PG-010681,FE-010672,2026-05-25,514518.0,Consignación
PG-010682,FE-010700,2026-05-25,1810170.0,Transferencia
PG-010683,FE-010724,2026-05-25,671878.0,Cheque
PG-010684,FE-010762,2026-05-25,1662994.0,Transferencia
PG-010685,FE-010806,2026-05-25,276768.0,Transferencia
PG-010686,FE-010817,2026-05-25,979595.0,Cheque
PG-010687,FE-010833,2026-05-25,312473.0,Transferencia
PG-010688,FE-010838,2026-05-25,1476177.0,Transferencia
PG-010689,FE-010860,2026-05-25,907129.0,Transferencia
PG-010690,FE-010877,2026-05-25,2356730.0,Transferencia
PG-010691,FE-010882,2026-05-25,1273032.0,Transferencia
PG-010692,FE-010909,2026-05-25,612407.0,Consignación
PG-010693,FE-011032,2026-05-25,399377.0,Transferencia
PG-010694,FE-011041,2026-05-25,65097.0,PSE
PG-010695,FE-011048,2026-05-25,679956.0,Consignación
PG-010696,FE-011051,2026-05-25,1115700.0,Consignación
PG-010697,FE-011055,2026-05-25,550156.0,Transferencia
PG-010698,FE-011101,2026-05-25,303119.0,Transferencia
PG-010699,FE-011156,2026-05-25,818758.0,Transferencia
PG-010700,FE-011188,2026-05-25,218571.0,Transferencia
PG-010701,FE-011220,2026-05-25,993608.0,Transferencia
PG-010702,FE-011228,2026-05-25,622142.0,Consignación
PG-010703,FE-011270,2026-05-25,355552.0,Transferencia
PG-010704,FE-011353,2026-05-25,486183.0,PSE
PG-010705,FE-011380,2026-05-25,743614.0,PSE
PG-010706,FE-011443,2026-05-25,738973.0,Consignación
PG-010707,FE-011454,2026-05-25,406988.0,PSE
PG-010708,FE-011553,2026-05-25,542171.0,Transferencia
PG-010709,FE-011629,2026-05-25,991005.0,Transferencia
PG-010710,FE-011657,2026-05-25,341416.0,Transferencia
PG-010711,FE-011690,2026-05-25,366919.0,Transferencia
PG-010712,FE-011757,2026-05-25,382899.0,Cheque
PG-010713,FE-011911,2026-05-25,212231.0,Cheque
PG-010714,FE-009652,2026-05-26,2212997.0,Transferencia
PG-010715,FE-009687,2026-05-26,2320968.0,Consignación
PG-010716,FE-009703,2026-05-26,3934479.0,Transferencia
PG-010717,FE-009779,2026-05-26,5842757.0,Cheque
PG-010718,FE-010019,2026-05-26,2916738.0,Consignación
PG-010719,FE-010088,2026-05-26,1181409.0,PSE
PG-010720,FE-010130,2026-05-26,4447607.0,Transferencia
PG-010721,FE-010181,2026-05-26,1745643.0,Cheque
PG-010722,FE-010197,2026-05-26,1849341.0,PSE
PG-010723,FE-010217,2026-05-26,1067449.0,PSE
PG-010724,FE-010288,2026-05-26,2696337.0,Transferencia
PG-010725,FE-010343,2026-05-26,475003.0,PSE
PG-010726,FE-010394,2026-05-26,3345060.0,Transferencia
PG-010727,FE-010403,2026-05-26,54550.0,Transferencia
PG-010728,FE-010410,2026-05-26,1475675.0,Consignación
PG-010729,FE-010514,2026-05-26,662900.0,Transferencia
PG-010730,FE-010599,2026-05-26,352079.0,PSE
PG-010731,FE-010630,2026-05-26,1252345.0,Transferencia
PG-010732,FE-010674,2026-05-26,2527691.0,Transferencia
PG-010733,FE-010689,2026-05-26,1507105.0,Transferencia
PG-010734,FE-010713,2026-05-26,5497025.0,Transferencia
PG-010735,FE-010726,2026-05-26,5651690.0,Transferencia
PG-010736,FE-010763,2026-05-26,1265252.0,Transferencia
PG-010737,FE-010789,2026-05-26,221241.0,Consignación
PG-010738,FE-010917,2026-05-26,3264942.0,Transferencia
PG-010739,FE-010998,2026-05-26,212613.0,Consignación
PG-010740,FE-011029,2026-05-26,211342.0,PSE
PG-010741,FE-011037,2026-05-26,1704507.0,Transferencia
PG-010742,FE-011135,2026-05-26,167207.0,Cheque
PG-010743,FE-011199,2026-05-26,451926.0,Cheque
PG-010744,FE-011216,2026-05-26,610194.0,PSE
PG-010745,FE-011218,2026-05-26,1295261.0,Transferencia
PG-010746,FE-011224,2026-05-26,275691.0,PSE
PG-010747,FE-011260,2026-05-26,2289038.0,Transferencia
PG-010748,FE-011289,2026-05-26,350851.0,Cheque
PG-010749,FE-011293,2026-05-26,754271.0,PSE
PG-010750,FE-011355,2026-05-26,262073.0,Transferencia
PG-010751,FE-011440,2026-05-26,193726.0,PSE
PG-010752,FE-011573,2026-05-26,357424.0,PSE
PG-010753,FE-011575,2026-05-26,285233.0,Consignación
PG-010754,FE-011578,2026-05-26,287791.0,Transferencia
PG-010755,FE-011660,2026-05-26,891478.0,Transferencia
PG-010756,FE-011750,2026-05-26,282943.0,Consignación
PG-010757,FE-011804,2026-05-26,1381478.0,Consignación
PG-010758,FE-011826,2026-05-26,671479.0,PSE
PG-010759,FE-011878,2026-05-26,263586.0,Transferencia
PG-010760,FE-011922,2026-05-26,854745.0,PSE
PG-010761,FE-011982,2026-05-26,203413.0,Transferencia
PG-010762,FE-009509,2026-05-27,3643403.0,Transferencia
PG-010763,FE-009955,2026-05-27,808500.0,PSE
PG-010764,FE-009971,2026-05-27,1388681.0,Transferencia
PG-010765,FE-010105,2026-05-27,1802761.0,Transferencia
PG-010766,FE-010112,2026-05-27,1079625.0,Transferencia
PG-010767,FE-010200,2026-05-27,532606.0,Transferencia
PG-010768,FE-010223,2026-05-27,2043907.0,PSE
PG-010769,FE-010319,2026-05-27,187782.0,Transferencia
PG-010770,FE-010351,2026-05-27,2228561.0,Transferencia
PG-010771,FE-010360,2026-05-27,545722.0,Transferencia
PG-010772,FE-010397,2026-05-27,2509029.0,Cheque
PG-010773,FE-010517,2026-05-27,1055795.0,Transferencia
PG-010774,FE-010529,2026-05-27,1668663.0,Transferencia
PG-010775,FE-010575,2026-05-27,1926210.0,Transferencia
PG-010776,FE-010588,2026-05-27,2106301.0,Transferencia
PG-010777,FE-010603,2026-05-27,3688625.0,PSE
PG-010778,FE-010628,2026-05-27,577484.0,Transferencia
PG-010779,FE-010635,2026-05-27,765651.0,Cheque
PG-010780,FE-010658,2026-05-27,1304520.0,PSE
PG-010781,FE-010733,2026-05-27,1135748.0,Transferencia
PG-010782,FE-010782,2026-05-27,391612.0,PSE
PG-010783,FE-010846,2026-05-27,1511245.0,PSE
PG-010784,FE-010901,2026-05-27,877362.0,Cheque
PG-010785,FE-010972,2026-05-27,1083800.0,Transferencia
PG-010786,FE-010982,2026-05-27,706310.0,Transferencia
PG-010787,FE-011023,2026-05-27,3196037.0,Transferencia
PG-010788,FE-011063,2026-05-27,1207028.0,Transferencia
PG-010789,FE-011065,2026-05-27,803851.0,Transferencia
PG-010790,FE-011111,2026-05-27,2546851.0,PSE
PG-010791,FE-011313,2026-05-27,396936.0,Transferencia
PG-010792,FE-011398,2026-05-27,206078.0,Cheque
PG-010793,FE-011414,2026-05-27,291011.0,Transferencia
PG-010794,FE-011430,2026-05-27,462707.0,PSE
PG-010795,FE-011431,2026-05-27,121276.0,Consignación
PG-010796,FE-011460,2026-05-27,1350723.0,Transferencia
PG-010797,FE-011602,2026-05-27,542848.0,Consignación
PG-010798,FE-011632,2026-05-27,939799.0,Transferencia
PG-010799,FE-011752,2026-05-27,191934.0,Consignación
PG-010800,FE-011838,2026-05-27,772460.0,Transferencia
PG-010801,FE-009662,2026-05-28,4724777.0,Consignación
PG-010802,FE-009736,2026-05-28,4812464.0,Transferencia
PG-010803,FE-009875,2026-05-28,6993504.0,PSE
PG-010804,FE-009884,2026-05-28,235765.0,PSE
PG-010805,FE-009892,2026-05-28,936059.0,PSE
PG-010806,FE-010050,2026-05-28,141963.0,Transferencia
PG-010807,FE-010242,2026-05-28,4023223.0,Transferencia
PG-010808,FE-010276,2026-05-28,1869190.0,Transferencia
PG-010809,FE-010307,2026-05-28,695516.0,Transferencia
PG-010810,FE-010326,2026-05-28,2134902.0,Transferencia
PG-010811,FE-010381,2026-05-28,882396.0,Transferencia
PG-010812,FE-010384,2026-05-28,1594080.0,Consignación
PG-010813,FE-010393,2026-05-28,531535.0,Transferencia
PG-010814,FE-010431,2026-05-28,10313242.0,Consignación
PG-010815,FE-010522,2026-05-28,2290407.0,Transferencia
PG-010816,FE-010590,2026-05-28,541657.0,Cheque
PG-010817,FE-010660,2026-05-28,896385.0,Transferencia
PG-010818,FE-010673,2026-05-28,1550696.0,PSE
PG-010819,FE-010734,2026-05-28,376257.0,PSE
PG-010820,FE-010767,2026-05-28,1240026.0,Transferencia
PG-010821,FE-010793,2026-05-28,1928881.0,Transferencia
PG-010822,FE-010873,2026-05-28,1783654.0,Cheque
PG-010823,FE-010875,2026-05-28,309101.0,PSE
PG-010824,FE-010893,2026-05-28,147724.0,Transferencia
PG-010825,FE-010912,2026-05-28,160701.0,Transferencia
PG-010826,FE-010971,2026-05-28,163137.0,PSE
PG-010827,FE-010975,2026-05-28,1505556.0,Transferencia
PG-010828,FE-011100,2026-05-28,2831515.0,Transferencia
PG-010829,FE-011133,2026-05-28,121353.0,Consignación
PG-010830,FE-011183,2026-05-28,178520.0,Transferencia
PG-010831,FE-011229,2026-05-28,1892869.0,Cheque
PG-010832,FE-011290,2026-05-28,112232.0,PSE
PG-010833,FE-011292,2026-05-28,229674.0,Transferencia
PG-010834,FE-011321,2026-05-28,438043.0,Transferencia
PG-010835,FE-011346,2026-05-28,766414.0,Cheque
PG-010836,FE-011359,2026-05-28,86216.0,Transferencia
PG-010837,FE-011386,2026-05-28,1017264.0,Transferencia
PG-010838,FE-011389,2026-05-28,1326194.0,Transferencia
PG-010839,FE-011416,2026-05-28,372596.0,PSE
PG-010840,FE-011437,2026-05-28,2560873.0,Transferencia
PG-010841,FE-011481,2026-05-28,516489.0,Cheque
PG-010842,FE-011500,2026-05-28,17381.0,PSE
PG-010843,FE-011513,2026-05-28,122480.0,Transferencia
PG-010844,FE-011522,2026-05-28,655788.0,PSE
PG-010845,FE-011531,2026-05-28,241318.0,Transferencia
PG-010846,FE-011532,2026-05-28,167773.0,Consignación
PG-010847,FE-011552,2026-05-28,43796.0,Consignación
PG-010848,FE-011665,2026-05-28,258868.0,Consignación
PG-010849,FE-011712,2026-05-28,53605.0,Transferencia
PG-010850,FE-011967,2026-05-28,475998.0,Transferencia
PG-010851,FE-012098,2026-05-28,145482.0,Cheque
PG-010852,FE-009440,2026-05-29,1734080.0,Transferencia
PG-010853,FE-009954,2026-05-29,1110357.0,Transferencia
PG-010854,FE-009956,2026-05-29,984476.0,Transferencia
PG-010855,FE-010053,2026-05-29,3587838.0,PSE
PG-010856,FE-010065,2026-05-29,1032763.0,Transferencia
PG-010857,FE-010066,2026-05-29,3025725.0,Transferencia
PG-010858,FE-010117,2026-05-29,1499659.0,Transferencia
PG-010859,FE-010239,2026-05-29,3743733.0,Transferencia
PG-010860,FE-010270,2026-05-29,556313.0,PSE
PG-010861,FE-010330,2026-05-29,1653942.0,Cheque
PG-010862,FE-010359,2026-05-29,3564595.0,Transferencia
PG-010863,FE-010386,2026-05-29,2513624.0,PSE
PG-010864,FE-010391,2026-05-29,989963.0,Transferencia
PG-010865,FE-010428,2026-05-29,1243188.0,Transferencia
PG-010866,FE-010444,2026-05-29,3984494.0,Transferencia
PG-010867,FE-010475,2026-05-29,1574597.0,Consignación
PG-010868,FE-010487,2026-05-29,950319.0,Transferencia
PG-010869,FE-010582,2026-05-29,1993777.0,Transferencia
PG-010870,FE-010597,2026-05-29,1495120.0,Transferencia
PG-010871,FE-010647,2026-05-29,1322938.0,Transferencia
PG-010872,FE-010725,2026-05-29,2816448.0,PSE
PG-010873,FE-010732,2026-05-29,4507509.0,Transferencia
PG-010874,FE-010749,2026-05-29,1413690.0,Transferencia
PG-010875,FE-010857,2026-05-29,201219.0,Consignación
PG-010876,FE-010863,2026-05-29,1309903.0,PSE
PG-010877,FE-010899,2026-05-29,218501.0,PSE
PG-010878,FE-010903,2026-05-29,1899871.0,Transferencia
PG-010879,FE-010936,2026-05-29,1762683.0,PSE
PG-010880,FE-010953,2026-05-29,306869.0,Transferencia
PG-010881,FE-010957,2026-05-29,139453.0,Transferencia
PG-010882,FE-011046,2026-05-29,127851.0,Transferencia
PG-010883,FE-011070,2026-05-29,2898306.0,Consignación
PG-010884,FE-011079,2026-05-29,6728609.0,Transferencia
PG-010885,FE-011117,2026-05-29,700624.0,Transferencia
PG-010886,FE-011162,2026-05-29,481962.0,Transferencia
PG-010887,FE-011179,2026-05-29,744951.0,Cheque
PG-010888,FE-011253,2026-05-29,181308.0,Transferencia
PG-010889,FE-011283,2026-05-29,2076466.0,Transferencia
PG-010890,FE-011348,2026-05-29,617809.0,Transferencia
PG-010891,FE-011491,2026-05-29,1027852.0,Transferencia
PG-010892,FE-011577,2026-05-29,88603.0,PSE
PG-010893,FE-011709,2026-05-29,159673.0,Transferencia
PG-010894,FE-011715,2026-05-29,372296.0,Transferencia
PG-010895,FE-011849,2026-05-29,141830.0,PSE
PG-010896,FE-011923,2026-05-29,303043.0,Transferencia
PG-010897,FE-011969,2026-05-29,169656.0,PSE
PG-010898,FE-009978,2026-05-30,1581354.0,Transferencia
PG-010899,FE-010000,2026-05-30,170335.0,Transferencia
PG-010900,FE-010144,2026-05-30,1167723.0,PSE
PG-010901,FE-010159,2026-05-30,1149818.0,Transferencia
PG-010902,FE-010192,2026-05-30,827151.0,Transferencia
PG-010903,FE-010228,2026-05-30,1069377.0,PSE
PG-010904,FE-010279,2026-05-30,2725753.0,Transferencia
PG-010905,FE-010287,2026-05-30,1926503.0,Cheque
PG-010906,FE-010388,2026-05-30,4712696.0,PSE
PG-010907,FE-010440,2026-05-30,951274.0,PSE
PG-010908,FE-010477,2026-05-30,653101.0,PSE
PG-010909,FE-010505,2026-05-30,2975768.0,Cheque
PG-010910,FE-010566,2026-05-30,158364.0,Consignación
PG-010911,FE-010572,2026-05-30,2105218.0,PSE
PG-010912,FE-010629,2026-05-30,4841598.0,Transferencia
PG-010913,FE-010684,2026-05-30,863604.0,PSE
PG-010914,FE-010701,2026-05-30,1271101.0,Transferencia
PG-010915,FE-010741,2026-05-30,1028273.0,Transferencia
PG-010916,FE-010810,2026-05-30,715305.0,Transferencia
PG-010917,FE-010869,2026-05-30,99128.0,Cheque
PG-010918,FE-010948,2026-05-30,162099.0,Transferencia
PG-010919,FE-011013,2026-05-30,569807.0,PSE
PG-010920,FE-011025,2026-05-30,4009723.0,PSE
PG-010921,FE-011109,2026-05-30,1682327.0,Transferencia
PG-010922,FE-011132,2026-05-30,122396.0,Transferencia
PG-010923,FE-011163,2026-05-30,2669156.0,Transferencia
PG-010924,FE-011180,2026-05-30,882830.0,Cheque
PG-010925,FE-011186,2026-05-30,302090.0,Transferencia
PG-010926,FE-011213,2026-05-30,351407.0,Cheque
PG-010927,FE-011252,2026-05-30,111015.0,Consignación
PG-010928,FE-011311,2026-05-30,271062.0,Transferencia
PG-010929,FE-011317,2026-05-30,2092323.0,Transferencia
PG-010930,FE-011318,2026-05-30,81845.0,Transferencia
PG-010931,FE-011377,2026-05-30,418409.0,Transferencia
PG-010932,FE-011388,2026-05-30,346144.0,Consignación
PG-010933,FE-011391,2026-05-30,2496194.0,PSE
PG-010934,FE-011393,2026-05-30,115729.0,Transferencia
PG-010935,FE-011439,2026-05-30,511630.0,Transferencia
PG-010936,FE-011470,2026-05-30,890525.0,PSE
PG-010937,FE-011520,2026-05-30,65168.0,PSE
PG-010938,FE-011533,2026-05-30,396003.0,PSE
PG-010939,FE-011566,2026-05-30,535767.0,Transferencia
PG-010940,FE-011574,2026-05-30,434533.0,PSE
PG-010941,FE-011617,2026-05-30,1360716.0,Transferencia
PG-010942,FE-011694,2026-05-30,365349.0,Cheque
PG-010943,FE-011741,2026-05-30,397046.0,Transferencia
PG-010944,FE-011832,2026-05-30,1003547.0,Transferencia
PG-010945,FE-011907,2026-05-30,1067292.0,PSE
PG-010946,FE-011943,2026-05-30,297042.0,Transferencia
PG-010947,FE-012127,2026-05-30,302037.0,Consignación
PG-010948,FE-009829,2026-05-31,1568835.0,Transferencia
PG-010949,FE-010182,2026-05-31,922006.0,Transferencia
PG-010950,FE-010234,2026-05-31,1759089.0,Transferencia
PG-010951,FE-010453,2026-05-31,3157378.0,Transferencia
PG-010952,FE-010558,2026-05-31,3657541.0,Transferencia
PG-010953,FE-010573,2026-05-31,1999245.0,PSE
PG-010954,FE-010667,2026-05-31,3717330.0,Transferencia
PG-010955,FE-010712,2026-05-31,2658656.0,Transferencia
PG-010956,FE-010742,2026-05-31,1149110.0,Cheque
PG-010957,FE-010751,2026-05-31,7029693.0,Transferencia
PG-010958,FE-010764,2026-05-31,1543817.0,Consignación
PG-010959,FE-010795,2026-05-31,3151445.0,Transferencia
PG-010960,FE-010796,2026-05-31,325789.0,Transferencia
PG-010961,FE-010800,2026-05-31,4146904.0,Cheque
PG-010962,FE-010814,2026-05-31,7604075.0,Transferencia
PG-010963,FE-010834,2026-05-31,2607059.0,Transferencia
PG-010964,FE-010942,2026-05-31,860889.0,Transferencia
PG-010965,FE-010967,2026-05-31,3108825.0,Transferencia
PG-010966,FE-010974,2026-05-31,1675625.0,Transferencia
PG-010967,FE-010989,2026-05-31,491272.0,PSE
PG-010968,FE-011056,2026-05-31,500697.0,Cheque
PG-010969,FE-011066,2026-05-31,434684.0,PSE
PG-010970,FE-011105,2026-05-31,6560826.0,Transferencia
PG-010971,FE-011108,2026-05-31,479637.0,Transferencia
PG-010972,FE-011149,2026-05-31,200539.0,Cheque
PG-010973,FE-011158,2026-05-31,1705823.0,Transferencia
PG-010974,FE-011181,2026-05-31,1564209.0,Consignación
PG-010975,FE-011184,2026-05-31,157391.0,Transferencia
PG-010976,FE-011190,2026-05-31,382524.0,Consignación
PG-010977,FE-011200,2026-05-31,2180063.0,Consignación
PG-010978,FE-011209,2026-05-31,809023.0,PSE
PG-010979,FE-011233,2026-05-31,403080.0,Transferencia
PG-010980,FE-011324,2026-05-31,1754666.0,Transferencia
PG-010981,FE-011366,2026-05-31,123465.0,PSE
PG-010982,FE-011399,2026-05-31,606687.0,Transferencia
PG-010983,FE-011486,2026-05-31,230728.0,Consignación
PG-010984,FE-011497,2026-05-31,66635.0,PSE
PG-010985,FE-011515,2026-05-31,201841.0,Consignación
PG-010986,FE-011549,2026-05-31,319035.0,Transferencia
PG-010987,FE-011579,2026-05-31,322267.0,Consignación
PG-010988,FE-011598,2026-05-31,1077112.0,Transferencia
PG-010989,FE-011618,2026-05-31,708406.0,PSE
PG-010990,FE-011620,2026-05-31,501008.0,PSE
PG-010991,FE-011648,2026-05-31,410075.0,Transferencia
PG-010992,FE-011652,2026-05-31,499180.0,Transferencia
PG-010993,FE-011830,2026-05-31,473756.0,Transferencia
PG-010994,FE-011948,2026-05-31,116392.0,PSE
PG-010995,FE-011949,2026-05-31,698136.0,Transferencia
PG-010996,FE-011979,2026-05-31,413097.0,PSE
PG-010997,FE-012004,2026-05-31,675862.0,Consignación
PG-010998,FE-012006,2026-05-31,505344.0,PSE
PG-010999,FE-012323,2026-05-31,1429730.0,Transferencia
PG-011000,FE-009712,2026-06-01,784666.0,PSE
PG-011001,FE-009949,2026-06-01,4285079.0,Cheque
PG-011002,FE-010133,2026-06-01,1719840.0,Cheque
PG-011003,FE-010203,2026-06-01,1839407.0,Cheque
PG-011004,FE-010301,2026-06-01,654529.0,Transferencia
PG-011005,FE-010332,2026-06-01,3324960.0,PSE
PG-011006,FE-010345,2026-06-01,507547.0,Consignación
PG-011007,FE-010357,2026-06-01,2695983.0,Transferencia
PG-011008,FE-010372,2026-06-01,428010.0,Transferencia
PG-011009,FE-010409,2026-06-01,496674.0,PSE
PG-011010,FE-010438,2026-06-01,5719672.0,Transferencia
PG-011011,FE-010455,2026-06-01,916073.0,Transferencia
PG-011012,FE-010469,2026-06-01,1361437.0,Transferencia
PG-011013,FE-010470,2026-06-01,2400248.0,Transferencia
PG-011014,FE-010483,2026-06-01,3035450.0,Cheque
PG-011015,FE-010495,2026-06-01,2271654.0,Transferencia
PG-011016,FE-010506,2026-06-01,1560345.0,Transferencia
PG-011017,FE-010532,2026-06-01,334753.0,Transferencia
PG-011018,FE-010598,2026-06-01,650286.0,Transferencia
PG-011019,FE-010679,2026-06-01,633913.0,PSE
PG-011020,FE-010691,2026-06-01,913759.0,Consignación
PG-011021,FE-010722,2026-06-01,1486703.0,PSE
PG-011022,FE-010731,2026-06-01,914592.0,Consignación
PG-011023,FE-010778,2026-06-01,221081.0,Transferencia
PG-011024,FE-010781,2026-06-01,3081526.0,Transferencia
PG-011025,FE-010819,2026-06-01,287389.0,Cheque
PG-011026,FE-010843,2026-06-01,265633.0,Transferencia
PG-011027,FE-010883,2026-06-01,1310670.0,PSE
PG-011028,FE-010914,2026-06-01,386888.0,Cheque
PG-011029,FE-010944,2026-06-01,641510.0,PSE
PG-011030,FE-010960,2026-06-01,1832269.0,PSE
PG-011031,FE-010996,2026-06-01,12930029.0,Transferencia
PG-011032,FE-011050,2026-06-01,210942.0,Transferencia
PG-011033,FE-011062,2026-06-01,367408.0,Cheque
PG-011034,FE-011080,2026-06-01,6837595.0,Transferencia
PG-011035,FE-011094,2026-06-01,1570417.0,Cheque
PG-011036,FE-011121,2026-06-01,1270696.0,PSE
PG-011037,FE-011182,2026-06-01,510324.0,Transferencia
PG-011038,FE-011214,2026-06-01,211505.0,Transferencia
PG-011039,FE-011256,2026-06-01,2009507.0,PSE
PG-011040,FE-011282,2026-06-01,224042.0,Cheque
PG-011041,FE-011295,2026-06-01,738516.0,Transferencia
PG-011042,FE-011299,2026-06-01,1364240.0,Transferencia
PG-011043,FE-011301,2026-06-01,511278.0,Transferencia
PG-011044,FE-011319,2026-06-01,3441159.0,PSE
PG-011045,FE-011369,2026-06-01,25102.0,Transferencia
PG-011046,FE-011413,2026-06-01,540973.0,Transferencia
PG-011047,FE-011449,2026-06-01,596081.0,Cheque
PG-011048,FE-011478,2026-06-01,2986817.0,Transferencia
PG-011049,FE-011490,2026-06-01,2655598.0,PSE
PG-011050,FE-011544,2026-06-01,477178.0,Transferencia
PG-011051,FE-011594,2026-06-01,1185045.0,Transferencia
PG-011052,FE-011615,2026-06-01,169748.0,Transferencia
PG-011053,FE-011745,2026-06-01,55660.0,Transferencia
PG-011054,FE-011771,2026-06-01,456655.0,Cheque
PG-011055,FE-011807,2026-06-01,210193.0,Consignación
PG-011056,FE-011825,2026-06-01,169949.0,Transferencia
PG-011057,FE-011835,2026-06-01,234645.0,Transferencia
PG-011058,FE-011928,2026-06-01,69458.0,Cheque
PG-011059,FE-011973,2026-06-01,830511.0,Transferencia
PG-011060,FE-012008,2026-06-01,795233.0,PSE
PG-011061,FE-009789,2026-06-02,156537.0,Transferencia
PG-011062,FE-009877,2026-06-02,4201331.0,Transferencia
PG-011063,FE-009932,2026-06-02,3847281.0,Transferencia
PG-011064,FE-010005,2026-06-02,923962.0,Consignación
PG-011065,FE-010081,2026-06-02,14251896.0,Transferencia
PG-011066,FE-010106,2026-06-02,2360534.0,Transferencia
PG-011067,FE-010115,2026-06-02,1737324.0,PSE
PG-011068,FE-010230,2026-06-02,3438536.0,PSE
PG-011069,FE-010365,2026-06-02,1572965.0,Transferencia
PG-011070,FE-010395,2026-06-02,478094.0,PSE
PG-011071,FE-010524,2026-06-02,509376.0,Cheque
PG-011072,FE-010589,2026-06-02,3131906.0,PSE
PG-011073,FE-010662,2026-06-02,1511730.0,Consignación
PG-011074,FE-010680,2026-06-02,902565.0,Consignación
PG-011075,FE-010744,2026-06-02,2743250.0,PSE
PG-011076,FE-010746,2026-06-02,2254748.0,Transferencia
PG-011077,FE-010766,2026-06-02,893274.0,Transferencia
PG-011078,FE-010768,2026-06-02,500675.0,PSE
PG-011079,FE-010783,2026-06-02,301816.0,Transferencia
PG-011080,FE-010854,2026-06-02,1852422.0,Transferencia
PG-011081,FE-010866,2026-06-02,3425743.0,Transferencia
PG-011082,FE-010867,2026-06-02,1407388.0,Transferencia
PG-011083,FE-010879,2026-06-02,517387.0,Transferencia
PG-011084,FE-010970,2026-06-02,139369.0,Transferencia
PG-011085,FE-011007,2026-06-02,966243.0,Transferencia
PG-011086,FE-011031,2026-06-02,2046837.0,Transferencia
PG-011087,FE-011144,2026-06-02,898346.0,Transferencia
PG-011088,FE-011164,2026-06-02,1623957.0,Transferencia
PG-011089,FE-011215,2026-06-02,1507212.0,Transferencia
PG-011090,FE-011221,2026-06-02,2851834.0,Transferencia
PG-011091,FE-011249,2026-06-02,685379.0,Transferencia
PG-011092,FE-011312,2026-06-02,1295018.0,PSE
PG-011093,FE-011322,2026-06-02,309850.0,Transferencia
PG-011094,FE-011344,2026-06-02,595645.0,Transferencia
PG-011095,FE-011384,2026-06-02,3994648.0,Consignación
PG-011096,FE-011429,2026-06-02,1038834.0,PSE
PG-011097,FE-011434,2026-06-02,399139.0,Consignación
PG-011098,FE-011476,2026-06-02,479050.0,Consignación
PG-011099,FE-011489,2026-06-02,747496.0,Transferencia
PG-011100,FE-011536,2026-06-02,927328.0,Transferencia
PG-011101,FE-011560,2026-06-02,404266.0,Transferencia
PG-011102,FE-011562,2026-06-02,283783.0,PSE
PG-011103,FE-011666,2026-06-02,386874.0,Transferencia
PG-011104,FE-011692,2026-06-02,344610.0,Transferencia
PG-011105,FE-011699,2026-06-02,45112.0,Transferencia
PG-011106,FE-011705,2026-06-02,15228.0,Transferencia
PG-011107,FE-011724,2026-06-02,634620.0,Transferencia
PG-011108,FE-011791,2026-06-02,213616.0,Transferencia
PG-011109,FE-011808,2026-06-02,641868.0,Transferencia
PG-011110,FE-011827,2026-06-02,273651.0,PSE
PG-011111,FE-011906,2026-06-02,624771.0,Transferencia
PG-011112,FE-011986,2026-06-02,656747.0,Transferencia
PG-011113,FE-012007,2026-06-02,214169.0,Transferencia
PG-011114,FE-009921,2026-06-03,1437595.0,Transferencia
PG-011115,FE-010001,2026-06-03,602057.0,Transferencia
PG-011116,FE-010271,2026-06-03,1440870.0,PSE
PG-011117,FE-010290,2026-06-03,2296699.0,Transferencia
PG-011118,FE-010313,2026-06-03,3478357.0,PSE
PG-011119,FE-010422,2026-06-03,2212283.0,Consignación
PG-011120,FE-010467,2026-06-03,2807674.0,Transferencia
PG-011121,FE-010526,2026-06-03,2196289.0,Transferencia
PG-011122,FE-010560,2026-06-03,6807815.0,Transferencia
PG-011123,FE-010574,2026-06-03,4335985.0,PSE
PG-011124,FE-010576,2026-06-03,488316.0,Transferencia
PG-011125,FE-010596,2026-06-03,722270.0,Cheque
PG-011126,FE-010634,2026-06-03,3741240.0,Cheque
PG-011127,FE-010675,2026-06-03,534934.0,Transferencia
PG-011128,FE-010718,2026-06-03,173331.0,Transferencia
PG-011129,FE-010729,2026-06-03,950571.0,Transferencia
PG-011130,FE-010765,2026-06-03,364785.0,Transferencia
PG-011131,FE-010896,2026-06-03,2793263.0,Transferencia
PG-011132,FE-010898,2026-06-03,7943920.0,Transferencia
PG-011133,FE-010925,2026-06-03,4503003.0,Transferencia
PG-011134,FE-011016,2026-06-03,1649730.0,PSE
PG-011135,FE-011072,2026-06-03,4648584.0,Transferencia
PG-011136,FE-011142,2026-06-03,1039718.0,Transferencia
PG-011137,FE-011173,2026-06-03,800370.0,PSE
PG-011138,FE-011269,2026-06-03,3670606.0,Transferencia
PG-011139,FE-011288,2026-06-03,545527.0,Consignación
PG-011140,FE-011303,2026-06-03,27107.0,Transferencia
PG-011141,FE-011308,2026-06-03,6851401.0,Transferencia
PG-011142,FE-011378,2026-06-03,702138.0,Transferencia
PG-011143,FE-011379,2026-06-03,1792157.0,Transferencia
PG-011144,FE-011403,2026-06-03,887927.0,Transferencia
PG-011145,FE-011479,2026-06-03,775173.0,Transferencia
PG-011146,FE-011503,2026-06-03,1258870.0,PSE
PG-011147,FE-011516,2026-06-03,346944.0,Transferencia
PG-011148,FE-011526,2026-06-03,274256.0,PSE
PG-011149,FE-011706,2026-06-03,1242572.0,Consignación
PG-011150,FE-011779,2026-06-03,438766.0,Transferencia
PG-011151,FE-011786,2026-06-03,120164.0,Transferencia
PG-011152,FE-011897,2026-06-03,56362.0,Cheque
PG-011153,FE-011900,2026-06-03,589249.0,Cheque
PG-011154,FE-011912,2026-06-03,986140.0,Transferencia
PG-011155,FE-011927,2026-06-03,125025.0,Transferencia
PG-011156,FE-012001,2026-06-03,371225.0,Consignación
PG-011157,FE-012058,2026-06-03,230067.0,Transferencia
PG-011158,FE-012117,2026-06-03,670555.0,Cheque
PG-011159,FE-012212,2026-06-03,1066768.0,Consignación
PG-011160,FE-012390,2026-06-03,417268.0,Transferencia
PG-011161,FE-010278,2026-06-04,3033754.0,Transferencia
PG-011162,FE-010298,2026-06-04,1377620.0,Transferencia
PG-011163,FE-010309,2026-06-04,3293337.0,Transferencia
PG-011164,FE-010311,2026-06-04,436579.0,Transferencia
PG-011165,FE-010331,2026-06-04,2775106.0,Transferencia
PG-011166,FE-010492,2026-06-04,2948539.0,PSE
PG-011167,FE-010513,2026-06-04,2153486.0,Transferencia
PG-011168,FE-010690,2026-06-04,1767137.0,PSE
PG-011169,FE-010692,2026-06-04,2013118.0,PSE
PG-011170,FE-010698,2026-06-04,584685.0,Transferencia
PG-011171,FE-010699,2026-06-04,4569542.0,PSE
PG-011172,FE-010715,2026-06-04,911052.0,Consignación
PG-011173,FE-010774,2026-06-04,1016070.0,Transferencia
PG-011174,FE-010915,2026-06-04,1319875.0,Transferencia
PG-011175,FE-010918,2026-06-04,1014595.0,Transferencia
PG-011176,FE-010937,2026-06-04,750157.0,Transferencia
PG-011177,FE-010949,2026-06-04,1154262.0,Consignación
PG-011178,FE-011017,2026-06-04,1819448.0,Transferencia
PG-011179,FE-011019,2026-06-04,201712.0,Transferencia
PG-011180,FE-011057,2026-06-04,902472.0,Consignación
PG-011181,FE-011077,2026-06-04,962626.0,Transferencia
PG-011182,FE-011089,2026-06-04,521850.0,Cheque
PG-011183,FE-011093,2026-06-04,1025910.0,PSE
PG-011184,FE-011124,2026-06-04,1357427.0,PSE
PG-011185,FE-011127,2026-06-04,924042.0,Transferencia
PG-011186,FE-011185,2026-06-04,1281211.0,Cheque
PG-011187,FE-011194,2026-06-04,2730975.0,Transferencia
PG-011188,FE-011264,2026-06-04,11763073.0,PSE
PG-011189,FE-011298,2026-06-04,285066.0,Transferencia
PG-011190,FE-011362,2026-06-04,1898139.0,Consignación
PG-011191,FE-011373,2026-06-04,5008123.0,Transferencia
PG-011192,FE-011383,2026-06-04,243187.0,Transferencia
PG-011193,FE-011392,2026-06-04,2476395.0,Transferencia
PG-011194,FE-011418,2026-06-04,2725796.0,Transferencia
PG-011195,FE-011493,2026-06-04,760966.0,Transferencia
PG-011196,FE-011542,2026-06-04,492718.0,Transferencia
PG-011197,FE-011559,2026-06-04,752808.0,Transferencia
PG-011198,FE-011593,2026-06-04,360281.0,Transferencia
PG-011199,FE-011651,2026-06-04,1743106.0,PSE
PG-011200,FE-011654,2026-06-04,399046.0,Cheque
PG-011201,FE-011679,2026-06-04,837514.0,PSE
PG-011202,FE-011687,2026-06-04,694004.0,Transferencia
PG-011203,FE-011738,2026-06-04,241713.0,Transferencia
PG-011204,FE-011797,2026-06-04,408760.0,Transferencia
PG-011205,FE-011818,2026-06-04,59677.0,PSE
PG-011206,FE-011955,2026-06-04,152915.0,Cheque
PG-011207,FE-012029,2026-06-04,266335.0,Consignación
PG-011208,FE-012032,2026-06-04,378277.0,Transferencia
PG-011209,FE-012044,2026-06-04,445374.0,Consignación
PG-011210,FE-012050,2026-06-04,1179023.0,Transferencia
PG-011211,FE-012074,2026-06-04,101026.0,Transferencia
PG-011212,FE-012089,2026-06-04,59982.0,PSE
PG-011213,FE-012148,2026-06-04,147285.0,Transferencia
PG-011214,FE-012196,2026-06-04,217199.0,Transferencia
PG-011215,FE-012215,2026-06-04,111513.0,Transferencia
PG-011216,FE-012426,2026-06-04,258616.0,Transferencia
PG-011217,FE-012438,2026-06-04,106335.0,PSE
PG-011218,FE-010048,2026-06-05,1653616.0,Transferencia
PG-011219,FE-010064,2026-06-05,2227310.0,PSE
PG-011220,FE-010218,2026-06-05,1222191.0,Transferencia
PG-011221,FE-010252,2026-06-05,18087723.0,PSE
PG-011222,FE-010435,2026-06-05,2123669.0,Transferencia
PG-011223,FE-010436,2026-06-05,3736373.0,Transferencia
PG-011224,FE-010459,2026-06-05,2447324.0,PSE
PG-011225,FE-010481,2026-06-05,3099216.0,Consignación
PG-011226,FE-010491,2026-06-05,645091.0,PSE
PG-011227,FE-010554,2026-06-05,639994.0,Transferencia
PG-011228,FE-010569,2026-06-05,1766855.0,Transferencia
PG-011229,FE-010621,2026-06-05,1081120.0,Transferencia
PG-011230,FE-010622,2026-06-05,638700.0,Consignación
PG-011231,FE-010649,2026-06-05,1124693.0,Transferencia
PG-011232,FE-010650,2026-06-05,1261987.0,Cheque
PG-011233,FE-010836,2026-06-05,1472512.0,Cheque
PG-011234,FE-010839,2026-06-05,2075691.0,Consignación
PG-011235,FE-010861,2026-06-05,594830.0,Transferencia
PG-011236,FE-010884,2026-06-05,147398.0,PSE
PG-011237,FE-010888,2026-06-05,506346.0,Transferencia
PG-011238,FE-010889,2026-06-05,9574307.0,Transferencia
PG-011239,FE-010923,2026-06-05,3076968.0,PSE
PG-011240,FE-010950,2026-06-05,3785113.0,Transferencia
PG-011241,FE-010979,2026-06-05,1494385.0,Transferencia
PG-011242,FE-011034,2026-06-05,2503088.0,Transferencia
PG-011243,FE-011054,2026-06-05,1439526.0,Consignación
PG-011244,FE-011082,2026-06-05,3162220.0,Transferencia
PG-011245,FE-011097,2026-06-05,3206055.0,Transferencia
PG-011246,FE-011114,2026-06-05,1587988.0,Transferencia
PG-011247,FE-011187,2026-06-05,582104.0,Transferencia
PG-011248,FE-011285,2026-06-05,2046508.0,PSE
PG-011249,FE-011397,2026-06-05,95476.0,Transferencia
PG-011250,FE-011405,2026-06-05,479055.0,Consignación
PG-011251,FE-011468,2026-06-05,451770.0,Transferencia
PG-011252,FE-011596,2026-06-05,229458.0,Transferencia
PG-011253,FE-011606,2026-06-05,848896.0,Consignación
PG-011254,FE-011619,2026-06-05,1091555.0,Transferencia
PG-011255,FE-011626,2026-06-05,1321029.0,Transferencia
PG-011256,FE-011641,2026-06-05,258700.0,Consignación
PG-011257,FE-011673,2026-06-05,2267501.0,Transferencia
PG-011258,FE-011680,2026-06-05,535242.0,PSE
PG-011259,FE-011711,2026-06-05,352307.0,PSE
PG-011260,FE-011742,2026-06-05,466381.0,PSE
PG-011261,FE-011759,2026-06-05,877827.0,Transferencia
PG-011262,FE-011805,2026-06-05,418932.0,Consignación
PG-011263,FE-011845,2026-06-05,255739.0,Transferencia
PG-011264,FE-011850,2026-06-05,229374.0,Transferencia
PG-011265,FE-011879,2026-06-05,75889.0,PSE
PG-011266,FE-011983,2026-06-05,543851.0,Transferencia
PG-011267,FE-012011,2026-06-05,375785.0,Transferencia
PG-011268,FE-012068,2026-06-05,1421964.0,Transferencia
PG-011269,FE-012107,2026-06-05,241387.0,Transferencia
PG-011270,FE-012164,2026-06-05,256839.0,Consignación
PG-011271,FE-012214,2026-06-05,126778.0,Transferencia
PG-011272,FE-012371,2026-06-05,367963.0,PSE
PG-011273,FE-012440,2026-06-05,238426.0,PSE
PG-011274,FE-012466,2026-06-05,276702.0,Consignación
PG-011275,FE-012643,2026-06-05,30083.0,Transferencia
PG-011276,FE-010207,2026-06-06,3845763.0,PSE
PG-011277,FE-010577,2026-06-06,3865508.0,Transferencia
PG-011278,FE-010618,2026-06-06,6427609.0,Consignación
PG-011279,FE-010633,2026-06-06,676872.0,PSE
PG-011280,FE-010739,2026-06-06,4328861.0,Transferencia
PG-011281,FE-010913,2026-06-06,967034.0,Consignación
PG-011282,FE-010919,2026-06-06,2685110.0,Transferencia
PG-011283,FE-010978,2026-06-06,6093723.0,Transferencia
PG-011284,FE-010987,2026-06-06,1759134.0,Transferencia
PG-011285,FE-011020,2026-06-06,2606488.0,PSE
PG-011286,FE-011043,2026-06-06,247963.0,PSE
PG-011287,FE-011044,2026-06-06,3392362.0,Transferencia
PG-011288,FE-011112,2026-06-06,311719.0,Transferencia
PG-011289,FE-011115,2026-06-06,2856447.0,Transferencia
PG-011290,FE-011138,2026-06-06,116858.0,Cheque
PG-011291,FE-011189,2026-06-06,1028006.0,Transferencia
PG-011292,FE-011262,2026-06-06,2015146.0,Transferencia
PG-011293,FE-011335,2026-06-06,2249838.0,Transferencia
PG-011294,FE-011352,2026-06-06,914376.0,Transferencia
PG-011295,FE-011356,2026-06-06,376611.0,Consignación
PG-011296,FE-011382,2026-06-06,4450981.0,Transferencia
PG-011297,FE-011410,2026-06-06,88754.0,Transferencia
PG-011298,FE-011444,2026-06-06,116677.0,PSE
PG-011299,FE-011452,2026-06-06,1754875.0,Transferencia
PG-011300,FE-011538,2026-06-06,843233.0,PSE
PG-011301,FE-011551,2026-06-06,1500132.0,Transferencia
PG-011302,FE-011586,2026-06-06,357064.0,Transferencia
PG-011303,FE-011590,2026-06-06,263891.0,Transferencia
PG-011304,FE-011591,2026-06-06,1339552.0,Transferencia
PG-011305,FE-011700,2026-06-06,481611.0,PSE
PG-011306,FE-011713,2026-06-06,1846110.0,Transferencia
PG-011307,FE-011767,2026-06-06,166964.0,PSE
PG-011308,FE-011812,2026-06-06,29636.0,PSE
PG-011309,FE-011843,2026-06-06,526865.0,Transferencia
PG-011310,FE-011872,2026-06-06,544949.0,Transferencia
PG-011311,FE-011980,2026-06-06,179045.0,Cheque
PG-011312,FE-012005,2026-06-06,892337.0,Transferencia
PG-011313,FE-012090,2026-06-06,105088.0,Transferencia
PG-011314,FE-012154,2026-06-06,182536.0,Transferencia
PG-011315,FE-012252,2026-06-06,315244.0,PSE
PG-011316,FE-012275,2026-06-06,1206548.0,Consignación
PG-011317,FE-012293,2026-06-06,303438.0,Transferencia
PG-011318,FE-010190,2026-06-07,547194.0,Transferencia
PG-011319,FE-010233,2026-06-07,16542817.0,Transferencia
PG-011320,FE-010265,2026-06-07,3003699.0,Consignación
PG-011321,FE-010462,2026-06-07,3766793.0,Transferencia
PG-011322,FE-010520,2026-06-07,1950974.0,PSE
PG-011323,FE-010530,2026-06-07,2857255.0,Transferencia
PG-011324,FE-010608,2026-06-07,5250324.0,PSE
PG-011325,FE-010664,2026-06-07,2958772.0,Transferencia
PG-011326,FE-010677,2026-06-07,3840410.0,Consignación
PG-011327,FE-010681,2026-06-07,6071480.0,PSE
PG-011328,FE-010787,2026-06-07,1895324.0,Transferencia
PG-011329,FE-010816,2026-06-07,458231.0,PSE
PG-011330,FE-010872,2026-06-07,9185128.0,Transferencia
PG-011331,FE-010954,2026-06-07,281606.0,Cheque
PG-011332,FE-010988,2026-06-07,998174.0,Cheque
PG-011333,FE-011120,2026-06-07,1533484.0,Transferencia
PG-011334,FE-011176,2026-06-07,913070.0,PSE
PG-011335,FE-011207,2026-06-07,652667.0,Transferencia
PG-011336,FE-011248,2026-06-07,954341.0,Transferencia
PG-011337,FE-011261,2026-06-07,864348.0,Transferencia
PG-011338,FE-011265,2026-06-07,1920973.0,Transferencia
PG-011339,FE-011268,2026-06-07,1480541.0,Transferencia
PG-011340,FE-011273,2026-06-07,838475.0,Transferencia
PG-011341,FE-011276,2026-06-07,1962071.0,PSE
PG-011342,FE-011296,2026-06-07,6718183.0,PSE
PG-011343,FE-011329,2026-06-07,2501686.0,Transferencia
PG-011344,FE-011345,2026-06-07,1229433.0,PSE
PG-011345,FE-011349,2026-06-07,2928229.0,Transferencia
PG-011346,FE-011364,2026-06-07,2472782.0,PSE
PG-011347,FE-011408,2026-06-07,2813004.0,PSE
PG-011348,FE-011427,2026-06-07,959227.0,Consignación
PG-011349,FE-011435,2026-06-07,314887.0,Consignación
PG-011350,FE-011453,2026-06-07,1924547.0,Transferencia
PG-011351,FE-011461,2026-06-07,2197815.0,Consignación
PG-011352,FE-011472,2026-06-07,177954.0,Transferencia
PG-011353,FE-011519,2026-06-07,889623.0,Transferencia
PG-011354,FE-011540,2026-06-07,317371.0,Transferencia
PG-011355,FE-011548,2026-06-07,619979.0,Consignación
PG-011356,FE-011610,2026-06-07,262237.0,Transferencia
PG-011357,FE-011621,2026-06-07,331667.0,Transferencia
PG-011358,FE-011663,2026-06-07,247696.0,Transferencia
PG-011359,FE-011676,2026-06-07,392206.0,Cheque
PG-011360,FE-011693,2026-06-07,468842.0,Transferencia
PG-011361,FE-011702,2026-06-07,105672.0,PSE
PG-011362,FE-011787,2026-06-07,503474.0,PSE
PG-011363,FE-011802,2026-06-07,551736.0,Transferencia
PG-011364,FE-011860,2026-06-07,515938.0,Consignación
PG-011365,FE-011873,2026-06-07,335944.0,Transferencia
PG-011366,FE-011926,2026-06-07,2146265.0,Cheque
PG-011367,FE-011996,2026-06-07,425293.0,PSE
PG-011368,FE-012073,2026-06-07,617892.0,Transferencia
PG-011369,FE-012085,2026-06-07,1055384.0,Transferencia
PG-011370,FE-012207,2026-06-07,150992.0,Consignación
PG-011371,FE-012228,2026-06-07,211404.0,Consignación
PG-011372,FE-012272,2026-06-07,68642.0,Consignación
PG-011373,FE-012366,2026-06-07,975562.0,Transferencia
PG-011374,FE-012374,2026-06-07,215568.0,Cheque
PG-011375,FE-012398,2026-06-07,1403797.0,Transferencia
PG-011376,FE-012553,2026-06-07,263932.0,Transferencia
PG-011377,FE-012569,2026-06-07,188570.0,Cheque
PG-011378,FE-010201,2026-06-08,8235729.0,Transferencia
PG-011379,FE-010215,2026-06-08,407185.0,Transferencia
PG-011380,FE-010406,2026-06-08,2558596.0,Transferencia
PG-011381,FE-010486,2026-06-08,1439473.0,Cheque
PG-011382,FE-010523,2026-06-08,1003365.0,Transferencia
PG-011383,FE-010655,2026-06-08,3304701.0,Transferencia
PG-011384,FE-010757,2026-06-08,2972478.0,Transferencia
PG-011385,FE-010777,2026-06-08,7513665.0,Consignación
PG-011386,FE-010785,2026-06-08,6078524.0,PSE
PG-011387,FE-010797,2026-06-08,83806.0,PSE
PG-011388,FE-010803,2026-06-08,1613046.0,Transferencia
PG-011389,FE-010897,2026-06-08,1964922.0,PSE
PG-011390,FE-011028,2026-06-08,41888.0,Transferencia
PG-011391,FE-011036,2026-06-08,2531480.0,Transferencia
PG-011392,FE-011061,2026-06-08,1237530.0,Cheque
PG-011393,FE-011069,2026-06-08,1118773.0,PSE
PG-011394,FE-011081,2026-06-08,4233558.0,Cheque
PG-011395,FE-011126,2026-06-08,1855678.0,Transferencia
PG-011396,FE-011193,2026-06-08,680766.0,Transferencia
PG-011397,FE-011225,2026-06-08,292000.0,Transferencia
PG-011398,FE-011227,2026-06-08,315726.0,Transferencia
PG-011399,FE-011244,2026-06-08,696818.0,Transferencia
PG-011400,FE-011304,2026-06-08,1241520.0,Transferencia
PG-011401,FE-011358,2026-06-08,1748580.0,Transferencia
PG-011402,FE-011394,2026-06-08,738898.0,Cheque
PG-011403,FE-011407,2026-06-08,2055317.0,Cheque
PG-011404,FE-011412,2026-06-08,1556859.0,Transferencia
PG-011405,FE-011475,2026-06-08,2862812.0,Cheque
PG-011406,FE-011543,2026-06-08,2565934.0,PSE
PG-011407,FE-011595,2026-06-08,101636.0,Transferencia
PG-011408,FE-011611,2026-06-08,519963.0,Transferencia
PG-011409,FE-011667,2026-06-08,513462.0,Transferencia
PG-011410,FE-011671,2026-06-08,3126845.0,Transferencia
PG-011411,FE-011727,2026-06-08,662283.0,PSE
PG-011412,FE-011729,2026-06-08,261990.0,Transferencia
PG-011413,FE-011755,2026-06-08,388090.0,Transferencia
PG-011414,FE-011761,2026-06-08,177299.0,Transferencia
PG-011415,FE-011823,2026-06-08,143171.0,Transferencia
PG-011416,FE-011824,2026-06-08,1374160.0,Transferencia
PG-011417,FE-011844,2026-06-08,422604.0,PSE
PG-011418,FE-011868,2026-06-08,206417.0,Transferencia
PG-011419,FE-011880,2026-06-08,272921.0,Consignación
PG-011420,FE-011902,2026-06-08,199733.0,Transferencia
PG-011421,FE-011913,2026-06-08,692079.0,Transferencia
PG-011422,FE-011945,2026-06-08,1428313.0,PSE
PG-011423,FE-011947,2026-06-08,602491.0,Consignación
PG-011424,FE-011961,2026-06-08,269129.0,PSE
PG-011425,FE-011965,2026-06-08,72126.0,PSE
PG-011426,FE-012014,2026-06-08,83906.0,Transferencia
PG-011427,FE-012177,2026-06-08,693545.0,Cheque
PG-011428,FE-012369,2026-06-08,376327.0,PSE
PG-011429,FE-012555,2026-06-08,975316.0,Transferencia
PG-011430,FE-010049,2026-06-09,4639100.0,Transferencia
PG-011431,FE-010361,2026-06-09,6552377.0,Consignación
PG-011432,FE-010425,2026-06-09,1430937.0,Transferencia
PG-011433,FE-010466,2026-06-09,793462.0,Cheque
PG-011434,FE-010568,2026-06-09,2221287.0,Cheque
PG-011435,FE-010615,2026-06-09,214513.0,PSE
PG-011436,FE-010678,2026-06-09,3518548.0,Cheque
PG-011437,FE-010776,2026-06-09,532176.0,Consignación
PG-011438,FE-010820,2026-06-09,1835387.0,Transferencia
PG-011439,FE-010862,2026-06-09,2164774.0,Transferencia
PG-011440,FE-010871,2026-06-09,7983360.0,PSE
PG-011441,FE-010876,2026-06-09,3022764.0,Transferencia
PG-011442,FE-011040,2026-06-09,792864.0,PSE
PG-011443,FE-011110,2026-06-09,5887185.0,PSE
PG-011444,FE-011152,2026-06-09,1182996.0,Transferencia
PG-011445,FE-011204,2026-06-09,1131563.0,Transferencia
PG-011446,FE-011205,2026-06-09,768377.0,Transferencia
PG-011447,FE-011206,2026-06-09,1634198.0,Transferencia
PG-011448,FE-011212,2026-06-09,2456831.0,Transferencia
PG-011449,FE-011231,2026-06-09,3815056.0,Cheque
PG-011450,FE-011258,2026-06-09,1791969.0,PSE
PG-011451,FE-011277,2026-06-09,2393174.0,Transferencia
PG-011452,FE-011372,2026-06-09,508422.0,Consignación
PG-011453,FE-011546,2026-06-09,711131.0,Transferencia
PG-011454,FE-011571,2026-06-09,42483.0,Transferencia
PG-011455,FE-011608,2026-06-09,1477477.0,Transferencia
PG-011456,FE-011625,2026-06-09,975367.0,Consignación
PG-011457,FE-011627,2026-06-09,20544.0,PSE
PG-011458,FE-011674,2026-06-09,1570172.0,Transferencia
PG-011459,FE-011685,2026-06-09,838660.0,Transferencia
PG-011460,FE-011822,2026-06-09,530927.0,PSE
PG-011461,FE-011829,2026-06-09,1323858.0,PSE
PG-011462,FE-011840,2026-06-09,47837.0,PSE
PG-011463,FE-011842,2026-06-09,212452.0,PSE
PG-011464,FE-011881,2026-06-09,180882.0,PSE
PG-011465,FE-011893,2026-06-09,93984.0,PSE
PG-011466,FE-011899,2026-06-09,39689.0,Transferencia
PG-011467,FE-011950,2026-06-09,678390.0,PSE
PG-011468,FE-012076,2026-06-09,360681.0,Transferencia
PG-011469,FE-012119,2026-06-09,137792.0,Transferencia
PG-011470,FE-012184,2026-06-09,119215.0,Transferencia
PG-011471,FE-012270,2026-06-09,830547.0,PSE
PG-011472,FE-012330,2026-06-09,405747.0,Transferencia
PG-011473,FE-012351,2026-06-09,307695.0,Consignación
PG-011474,FE-012358,2026-06-09,386683.0,Transferencia
PG-011475,FE-012378,2026-06-09,442836.0,Transferencia
PG-011476,FE-012409,2026-06-09,694564.0,PSE
PG-011477,FE-012467,2026-06-09,1177159.0,Transferencia
PG-011478,FE-012663,2026-06-09,97296.0,Transferencia
PG-011479,FE-012785,2026-06-09,14125.0,Transferencia
PG-011480,FE-012871,2026-06-09,355200.0,Transferencia
PG-011481,FE-010168,2026-06-10,663520.0,Transferencia
PG-011482,FE-010399,2026-06-10,8830670.0,Consignación
PG-011483,FE-010657,2026-06-10,1160280.0,Transferencia
PG-011484,FE-010748,2026-06-10,2796306.0,Cheque
PG-011485,FE-010754,2026-06-10,3342199.0,PSE
PG-011486,FE-010805,2026-06-10,1427868.0,Transferencia
PG-011487,FE-010812,2026-06-10,1449956.0,Transferencia
PG-011488,FE-010818,2026-06-10,3130803.0,PSE
PG-011489,FE-010881,2026-06-10,1811142.0,Transferencia
PG-011490,FE-011071,2026-06-10,4633985.0,Transferencia
PG-011491,FE-011092,2026-06-10,4598413.0,Transferencia
PG-011492,FE-011118,2026-06-10,1201705.0,Transferencia
PG-011493,FE-011166,2026-06-10,1667722.0,Cheque
PG-011494,FE-011230,2026-06-10,1803421.0,Transferencia
PG-011495,FE-011250,2026-06-10,551212.0,PSE
PG-011496,FE-011275,2026-06-10,845857.0,Cheque
PG-011497,FE-011279,2026-06-10,1010973.0,Transferencia
PG-011498,FE-011284,2026-06-10,399138.0,Transferencia
PG-011499,FE-011305,2026-06-10,2341993.0,Consignación
PG-011500,FE-011315,2026-06-10,1431841.0,Transferencia
PG-011501,FE-011328,2026-06-10,3186847.0,PSE
PG-011502,FE-011411,2026-06-10,1417665.0,Transferencia
PG-011503,FE-011420,2026-06-10,2103745.0,Transferencia
PG-011504,FE-011424,2026-06-10,142448.0,Transferencia
PG-011505,FE-011480,2026-06-10,456403.0,PSE
PG-011506,FE-011494,2026-06-10,318075.0,Transferencia
PG-011507,FE-011518,2026-06-10,2684544.0,Transferencia
PG-011508,FE-011600,2026-06-10,157411.0,Transferencia
PG-011509,FE-011605,2026-06-10,222135.0,PSE
PG-011510,FE-011623,2026-06-10,2667887.0,Cheque
PG-011511,FE-011628,2026-06-10,1095869.0,PSE
PG-011512,FE-011669,2026-06-10,24588.0,Consignación
PG-011513,FE-011677,2026-06-10,1127564.0,Transferencia
PG-011514,FE-011678,2026-06-10,933436.0,Cheque
PG-011515,FE-011737,2026-06-10,201886.0,Transferencia
PG-011516,FE-011852,2026-06-10,318536.0,Transferencia
PG-011517,FE-011930,2026-06-10,80659.0,Consignación
PG-011518,FE-011988,2026-06-10,108920.0,Transferencia
PG-011519,FE-012009,2026-06-10,183863.0,Transferencia
PG-011520,FE-012031,2026-06-10,30554.0,Transferencia
PG-011521,FE-012051,2026-06-10,307425.0,Transferencia
PG-011522,FE-012065,2026-06-10,281092.0,PSE
PG-011523,FE-012092,2026-06-10,10032795.0,Cheque
PG-011524,FE-012105,2026-06-10,446622.0,Consignación
PG-011525,FE-012155,2026-06-10,543437.0,Transferencia
PG-011526,FE-012160,2026-06-10,215202.0,Transferencia
PG-011527,FE-012175,2026-06-10,602259.0,PSE
PG-011528,FE-012210,2026-06-10,139909.0,Transferencia
PG-011529,FE-012317,2026-06-10,113795.0,Transferencia
PG-011530,FE-012383,2026-06-10,313816.0,Transferencia
PG-011531,FE-012460,2026-06-10,90189.0,PSE
PG-011532,FE-012496,2026-06-10,132392.0,Transferencia
PG-011533,FE-012691,2026-06-10,1097886.0,Transferencia
PG-011534,FE-010405,2026-06-11,3505464.0,Cheque
PG-011535,FE-010423,2026-06-11,3257934.0,Transferencia
PG-011536,FE-010424,2026-06-11,3241986.0,PSE
PG-011537,FE-010539,2026-06-11,7447565.0,Cheque
PG-011538,FE-010586,2026-06-11,7171705.0,Transferencia
PG-011539,FE-010614,2026-06-11,1745740.0,Transferencia
PG-011540,FE-010835,2026-06-11,4160051.0,Transferencia
PG-011541,FE-010921,2026-06-11,1052027.0,Transferencia
PG-011542,FE-010924,2026-06-11,890985.0,Transferencia
PG-011543,FE-010943,2026-06-11,1471143.0,Transferencia
PG-011544,FE-010966,2026-06-11,2344176.0,Transferencia
PG-011545,FE-011021,2026-06-11,897248.0,Transferencia
PG-011546,FE-011106,2026-06-11,4406131.0,Transferencia
PG-011547,FE-011122,2026-06-11,495735.0,Consignación
PG-011548,FE-011196,2026-06-11,512566.0,Transferencia
PG-011549,FE-011254,2026-06-11,1796612.0,Transferencia
PG-011550,FE-011286,2026-06-11,858570.0,Transferencia
PG-011551,FE-011291,2026-06-11,1821097.0,Transferencia
PG-011552,FE-011325,2026-06-11,1109262.0,Transferencia
PG-011553,FE-011350,2026-06-11,2165075.0,Transferencia
PG-011554,FE-011374,2026-06-11,633357.0,Transferencia
PG-011555,FE-011409,2026-06-11,388718.0,Transferencia
PG-011556,FE-011419,2026-06-11,1001180.0,Transferencia
PG-011557,FE-011455,2026-06-11,562199.0,Transferencia
PG-011558,FE-011561,2026-06-11,191442.0,Transferencia
PG-011559,FE-011570,2026-06-11,485562.0,Transferencia
PG-011560,FE-011624,2026-06-11,147343.0,Transferencia
PG-011561,FE-011658,2026-06-11,1641140.0,Transferencia
PG-011562,FE-011659,2026-06-11,263549.0,Transferencia
PG-011563,FE-011668,2026-06-11,1888592.0,PSE
PG-011564,FE-011670,2026-06-11,528536.0,Transferencia
PG-011565,FE-011723,2026-06-11,3612108.0,Transferencia
PG-011566,FE-011795,2026-06-11,3427279.0,Transferencia
PG-011567,FE-011828,2026-06-11,322766.0,Transferencia
PG-011568,FE-011932,2026-06-11,672092.0,Transferencia
PG-011569,FE-011971,2026-06-11,5119016.0,PSE
PG-011570,FE-011977,2026-06-11,295851.0,PSE
PG-011571,FE-011991,2026-06-11,461652.0,Transferencia
PG-011572,FE-012021,2026-06-11,589913.0,Transferencia
PG-011573,FE-012022,2026-06-11,937077.0,Transferencia
PG-011574,FE-012066,2026-06-11,2082286.0,Transferencia
PG-011575,FE-012129,2026-06-11,184627.0,Transferencia
PG-011576,FE-012146,2026-06-11,362021.0,Transferencia
PG-011577,FE-012206,2026-06-11,278558.0,Transferencia
PG-011578,FE-012233,2026-06-11,127306.0,Transferencia
PG-011579,FE-012310,2026-06-11,330970.0,Cheque
PG-011580,FE-012364,2026-06-11,269959.0,Transferencia
PG-011581,FE-012404,2026-06-11,125657.0,PSE
PG-011582,FE-012562,2026-06-11,162372.0,Transferencia
PG-011583,FE-012713,2026-06-11,284284.0,Transferencia
PG-011584,FE-010736,2026-06-12,2499282.0,Transferencia
PG-011585,FE-011002,2026-06-12,726324.0,Transferencia
PG-011586,FE-011014,2026-06-12,553565.0,Transferencia
PG-011587,FE-011022,2026-06-12,1196441.0,Transferencia
PG-011588,FE-011045,2026-06-12,4302664.0,Transferencia
PG-011589,FE-011047,2026-06-12,1345369.0,Transferencia
PG-011590,FE-011087,2026-06-12,3271071.0,Transferencia
PG-011591,FE-011090,2026-06-12,417036.0,Transferencia
PG-011592,FE-011098,2026-06-12,2619855.0,Transferencia
PG-011593,FE-011099,2026-06-12,802845.0,Transferencia
PG-011594,FE-011125,2026-06-12,3891693.0,Transferencia
PG-011595,FE-011171,2026-06-12,1617043.0,Transferencia
PG-011596,FE-011172,2026-06-12,311516.0,Transferencia
PG-011597,FE-011198,2026-06-12,1630784.0,Cheque
PG-011598,FE-011243,2026-06-12,739039.0,Cheque
PG-011599,FE-011257,2026-06-12,894393.0,Cheque
PG-011600,FE-011267,2026-06-12,1024225.0,Consignación
PG-011601,FE-011272,2026-06-12,572597.0,Transferencia
PG-011602,FE-011432,2026-06-12,8654701.0,Transferencia
PG-011603,FE-011447,2026-06-12,1110972.0,Transferencia
PG-011604,FE-011465,2026-06-12,1791789.0,Transferencia
PG-011605,FE-011471,2026-06-12,4103891.0,Transferencia
PG-011606,FE-011485,2026-06-12,1492065.0,Transferencia
PG-011607,FE-011498,2026-06-12,1060453.0,Transferencia
PG-011608,FE-011511,2026-06-12,2235302.0,Transferencia
PG-011609,FE-011597,2026-06-12,1043394.0,Transferencia
PG-011610,FE-011607,2026-06-12,1830999.0,Transferencia
PG-011611,FE-011633,2026-06-12,423488.0,Consignación
PG-011612,FE-011636,2026-06-12,520207.0,Transferencia
PG-011613,FE-011643,2026-06-12,1337986.0,Transferencia
PG-011614,FE-011644,2026-06-12,1017988.0,Transferencia
PG-011615,FE-011735,2026-06-12,9699943.0,PSE
PG-011616,FE-011749,2026-06-12,948118.0,Cheque
PG-011617,FE-011862,2026-06-12,167299.0,PSE
PG-011618,FE-011874,2026-06-12,79349.0,Transferencia
PG-011619,FE-011944,2026-06-12,226499.0,PSE
PG-011620,FE-011953,2026-06-12,411537.0,Transferencia
PG-011621,FE-011970,2026-06-12,75598.0,PSE
PG-011622,FE-012035,2026-06-12,201678.0,Transferencia
PG-011623,FE-012106,2026-06-12,447331.0,Transferencia
PG-011624,FE-012179,2026-06-12,921503.0,Transferencia
PG-011625,FE-012180,2026-06-12,122997.0,PSE
PG-011626,FE-012193,2026-06-12,370580.0,Transferencia
PG-011627,FE-012278,2026-06-12,60740.0,Transferencia
PG-011628,FE-012320,2026-06-12,7555.0,PSE
PG-011629,FE-012387,2026-06-12,695785.0,Transferencia
PG-011630,FE-012430,2026-06-12,188320.0,Transferencia
PG-011631,FE-012486,2026-06-12,185402.0,Transferencia
PG-011632,FE-012677,2026-06-12,1512931.0,PSE
PG-011633,FE-012688,2026-06-12,464088.0,Transferencia
PG-011634,FE-012712,2026-06-12,485150.0,Transferencia
PG-011635,FE-012895,2026-06-12,328194.0,PSE
PG-011636,FE-010900,2026-06-13,739154.0,Consignación
PG-011637,FE-010928,2026-06-13,1624751.0,Transferencia
PG-011638,FE-010947,2026-06-13,3911895.0,Transferencia
PG-011639,FE-010969,2026-06-13,356666.0,PSE
PG-011640,FE-011003,2026-06-13,1360521.0,Transferencia
PG-011641,FE-011015,2026-06-13,2056117.0,Transferencia
PG-011642,FE-011053,2026-06-13,1553870.0,Transferencia
PG-011643,FE-011088,2026-06-13,2878868.0,Cheque
PG-011644,FE-011104,2026-06-13,1525992.0,Transferencia
PG-011645,FE-011107,2026-06-13,2236059.0,Transferencia
PG-011646,FE-011154,2026-06-13,2835394.0,Consignación
PG-011647,FE-011169,2026-06-13,610844.0,Transferencia
PG-011648,FE-011191,2026-06-13,2163528.0,PSE
PG-011649,FE-011210,2026-06-13,210629.0,Transferencia
PG-011650,FE-011259,2026-06-13,969312.0,Transferencia
PG-011651,FE-011327,2026-06-13,4037075.0,Transferencia
PG-011652,FE-011342,2026-06-13,1786357.0,Transferencia
PG-011653,FE-011357,2026-06-13,569702.0,Transferencia
PG-011654,FE-011450,2026-06-13,846822.0,Transferencia
PG-011655,FE-011457,2026-06-13,1417729.0,Cheque
PG-011656,FE-011469,2026-06-13,407495.0,Transferencia
PG-011657,FE-011484,2026-06-13,8544713.0,Transferencia
PG-011658,FE-011499,2026-06-13,450113.0,PSE
PG-011659,FE-011541,2026-06-13,3721745.0,PSE
PG-011660,FE-011556,2026-06-13,8907775.0,Cheque
PG-011661,FE-011609,2026-06-13,1222120.0,Transferencia
PG-011662,FE-011645,2026-06-13,239355.0,Consignación
PG-011663,FE-011662,2026-06-13,3191199.0,Consignación
PG-011664,FE-011697,2026-06-13,1039189.0,Transferencia
PG-011665,FE-011725,2026-06-13,2730992.0,Transferencia
PG-011666,FE-011775,2026-06-13,4401160.0,Transferencia
PG-011667,FE-011782,2026-06-13,150515.0,Transferencia
PG-011668,FE-011790,2026-06-13,2979397.0,Transferencia
PG-011669,FE-011806,2026-06-13,1524961.0,Transferencia
PG-011670,FE-011859,2026-06-13,426989.0,Cheque
PG-011671,FE-011889,2026-06-13,288870.0,PSE
PG-011672,FE-011901,2026-06-13,575651.0,Transferencia
PG-011673,FE-011941,2026-06-13,2331117.0,Consignación
PG-011674,FE-011976,2026-06-13,469794.0,Transferencia
PG-011675,FE-012178,2026-06-13,1439041.0,Transferencia
PG-011676,FE-012185,2026-06-13,871305.0,Consignación
PG-011677,FE-012230,2026-06-13,221355.0,PSE
PG-011678,FE-012295,2026-06-13,38388.0,PSE
PG-011679,FE-012319,2026-06-13,756650.0,Cheque
PG-011680,FE-012492,2026-06-13,347910.0,Consignación
PG-011681,FE-012628,2026-06-13,148865.0,PSE
PG-011682,FE-012640,2026-06-13,343845.0,Transferencia
PG-011683,FE-012681,2026-06-13,837973.0,Transferencia
PG-011684,FE-012812,2026-06-13,428663.0,Cheque
PG-011685,FE-012985,2026-06-13,507769.0,Cheque
PG-011686,FE-013020,2026-06-13,496339.0,Transferencia
PG-011687,FE-009886,2026-06-14,4524226.0,Transferencia
PG-011688,FE-010813,2026-06-14,2229503.0,Transferencia
PG-011689,FE-010931,2026-06-14,1095753.0,Cheque
PG-011690,FE-010977,2026-06-14,3334823.0,PSE
PG-011691,FE-011039,2026-06-14,95412.0,Transferencia
PG-011692,FE-011067,2026-06-14,189184.0,Transferencia
PG-011693,FE-011073,2026-06-14,2179957.0,Consignación
PG-011694,FE-011136,2026-06-14,3175892.0,Transferencia
PG-011695,FE-011165,2026-06-14,236186.0,Transferencia
PG-011696,FE-011197,2026-06-14,5478013.0,Transferencia
PG-011697,FE-011255,2026-06-14,833416.0,Transferencia
PG-011698,FE-011300,2026-06-14,2059804.0,Cheque
PG-011699,FE-011339,2026-06-14,4253316.0,Transferencia
PG-011700,FE-011496,2026-06-14,1845058.0,Consignación
PG-011701,FE-011545,2026-06-14,809487.0,Transferencia
PG-011702,FE-011565,2026-06-14,686719.0,Transferencia
PG-011703,FE-011587,2026-06-14,510067.0,PSE
PG-011704,FE-011639,2026-06-14,670941.0,Consignación
PG-011705,FE-011701,2026-06-14,343473.0,Transferencia
PG-011706,FE-011722,2026-06-14,108301.0,Transferencia
PG-011707,FE-011748,2026-06-14,1373701.0,Consignación
PG-011708,FE-011756,2026-06-14,219643.0,PSE
PG-011709,FE-011758,2026-06-14,1116210.0,Transferencia
PG-011710,FE-011765,2026-06-14,154363.0,Transferencia
PG-011711,FE-011783,2026-06-14,1547351.0,Transferencia
PG-011712,FE-011851,2026-06-14,753307.0,Transferencia
PG-011713,FE-011854,2026-06-14,696747.0,PSE
PG-011714,FE-011856,2026-06-14,4572661.0,Transferencia
PG-011715,FE-011883,2026-06-14,1132547.0,Transferencia
PG-011716,FE-011954,2026-06-14,1186873.0,Consignación
PG-011717,FE-011984,2026-06-14,3485834.0,Consignación
PG-011718,FE-012026,2026-06-14,128935.0,Consignación
PG-011719,FE-012047,2026-06-14,298966.0,Transferencia
PG-011720,FE-012052,2026-06-14,317280.0,Transferencia
PG-011721,FE-012100,2026-06-14,492389.0,Cheque
PG-011722,FE-012138,2026-06-14,292623.0,Transferencia
PG-011723,FE-012190,2026-06-14,1940339.0,PSE
PG-011724,FE-012268,2026-06-14,288086.0,PSE
PG-011725,FE-012342,2026-06-14,226703.0,Transferencia
PG-011726,FE-012567,2026-06-14,381271.0,Transferencia
PG-011727,FE-012611,2026-06-14,76740.0,Transferencia
PG-011728,FE-012780,2026-06-14,135373.0,Consignación
PG-011729,FE-012822,2026-06-14,342687.0,Transferencia
PG-011730,FE-012951,2026-06-14,92617.0,PSE
PG-011731,FE-010642,2026-06-15,2477125.0,Consignación
PG-011732,FE-010716,2026-06-15,4504775.0,Transferencia
PG-011733,FE-010730,2026-06-15,1436975.0,Transferencia
PG-011734,FE-010999,2026-06-15,1732859.0,Transferencia
PG-011735,FE-011078,2026-06-15,3645423.0,Consignación
PG-011736,FE-011091,2026-06-15,1704170.0,Transferencia
PG-011737,FE-011234,2026-06-15,649413.0,Transferencia
PG-011738,FE-011433,2026-06-15,999351.0,Transferencia
PG-011739,FE-011507,2026-06-15,4386852.0,Transferencia
PG-011740,FE-011614,2026-06-15,197059.0,Transferencia
PG-011741,FE-011661,2026-06-15,2623322.0,Transferencia
PG-011742,FE-011762,2026-06-15,711881.0,Transferencia
PG-011743,FE-011789,2026-06-15,1381064.0,Transferencia
PG-011744,FE-011821,2026-06-15,1622306.0,PSE
PG-011745,FE-011841,2026-06-15,1094468.0,Transferencia
PG-011746,FE-011915,2026-06-15,92860.0,Transferencia
PG-011747,FE-011920,2026-06-15,875645.0,Transferencia
PG-011748,FE-011921,2026-06-15,2247424.0,Transferencia
PG-011749,FE-011951,2026-06-15,1399623.0,PSE
PG-011750,FE-011966,2026-06-15,716354.0,Consignación
PG-011751,FE-011978,2026-06-15,152243.0,Transferencia
PG-011752,FE-012000,2026-06-15,3035895.0,Transferencia
PG-011753,FE-012003,2026-06-15,350237.0,Transferencia
PG-011754,FE-012023,2026-06-15,1525712.0,PSE
PG-011755,FE-012024,2026-06-15,479415.0,Transferencia
PG-011756,FE-012030,2026-06-15,280733.0,Transferencia
PG-011757,FE-012042,2026-06-15,593649.0,Transferencia
PG-011758,FE-012111,2026-06-15,710582.0,PSE
PG-011759,FE-012139,2026-06-15,444548.0,Transferencia
PG-011760,FE-012141,2026-06-15,560313.0,Cheque
PG-011761,FE-012176,2026-06-15,364399.0,PSE
PG-011762,FE-012194,2026-06-15,838487.0,PSE
PG-011763,FE-012290,2026-06-15,2838348.0,Transferencia
PG-011764,FE-012563,2026-06-15,311722.0,Transferencia
PG-011765,FE-013090,2026-06-15,518710.0,Cheque
PG-011766,FE-010743,2026-06-16,1154206.0,Transferencia
PG-011767,FE-010837,2026-06-16,10467884.0,Consignación
PG-011768,FE-010904,2026-06-16,1733678.0,Transferencia
PG-011769,FE-010908,2026-06-16,2294264.0,PSE
PG-011770,FE-010946,2026-06-16,2005599.0,Transferencia
PG-011771,FE-011102,2026-06-16,650869.0,Consignación
PG-011772,FE-011123,2026-06-16,2308665.0,Transferencia
PG-011773,FE-011161,2026-06-16,3150048.0,Transferencia
PG-011774,FE-011211,2026-06-16,3489289.0,Transferencia
PG-011775,FE-011247,2026-06-16,837278.0,Transferencia
PG-011776,FE-011302,2026-06-16,28247.0,Cheque
PG-011777,FE-011334,2026-06-16,3144850.0,Transferencia
PG-011778,FE-011387,2026-06-16,536661.0,PSE
PG-011779,FE-011421,2026-06-16,1647183.0,Transferencia
PG-011780,FE-011441,2026-06-16,3465468.0,Transferencia
PG-011781,FE-011451,2026-06-16,825812.0,Transferencia
PG-011782,FE-011458,2026-06-16,140746.0,Cheque
PG-011783,FE-011510,2026-06-16,442404.0,Transferencia
PG-011784,FE-011521,2026-06-16,5740947.0,Consignación
PG-011785,FE-011584,2026-06-16,2230885.0,Transferencia
PG-011786,FE-011650,2026-06-16,855152.0,Transferencia
PG-011787,FE-011696,2026-06-16,239173.0,Transferencia
PG-011788,FE-011726,2026-06-16,585617.0,Transferencia
PG-011789,FE-011769,2026-06-16,486336.0,Transferencia
PG-011790,FE-011774,2026-06-16,142529.0,Cheque
PG-011791,FE-011908,2026-06-16,2136405.0,Consignación
PG-011792,FE-011914,2026-06-16,1231493.0,Transferencia
PG-011793,FE-011959,2026-06-16,252230.0,PSE
PG-011794,FE-012053,2026-06-16,3398445.0,Cheque
PG-011795,FE-012083,2026-06-16,689898.0,Transferencia
PG-011796,FE-012096,2026-06-16,2451608.0,Transferencia
PG-011797,FE-012112,2026-06-16,174615.0,PSE
PG-011798,FE-012122,2026-06-16,880148.0,PSE
PG-011799,FE-012151,2026-06-16,1443684.0,Transferencia
PG-011800,FE-012229,2026-06-16,362825.0,Transferencia
PG-011801,FE-012231,2026-06-16,340150.0,Transferencia
PG-011802,FE-012234,2026-06-16,187242.0,Transferencia
PG-011803,FE-012235,2026-06-16,631702.0,PSE
PG-011804,FE-012318,2026-06-16,488371.0,Transferencia
PG-011805,FE-012336,2026-06-16,268644.0,Cheque
PG-011806,FE-012348,2026-06-16,715991.0,Consignación
PG-011807,FE-012392,2026-06-16,1144191.0,Consignación
PG-011808,FE-012402,2026-06-16,1140818.0,Transferencia
PG-011809,FE-012415,2026-06-16,279662.0,Transferencia
PG-011810,FE-012462,2026-06-16,146496.0,Transferencia
PG-011811,FE-012463,2026-06-16,363087.0,Cheque
PG-011812,FE-012484,2026-06-16,284327.0,PSE
PG-011813,FE-012520,2026-06-16,763350.0,Transferencia
PG-011814,FE-012584,2026-06-16,759929.0,Transferencia
PG-011815,FE-012855,2026-06-16,53088.0,Cheque
PG-011816,FE-013235,2026-06-16,103102.0,Transferencia
PG-011817,FE-010557,2026-06-17,131979.0,PSE
PG-011818,FE-010825,2026-06-17,763211.0,Transferencia
PG-011819,FE-011074,2026-06-17,200260.0,Transferencia
PG-011820,FE-011140,2026-06-17,906840.0,Transferencia
PG-011821,FE-011235,2026-06-17,801460.0,Transferencia
PG-011822,FE-011241,2026-06-17,927011.0,PSE
PG-011823,FE-011338,2026-06-17,6058216.0,PSE
PG-011824,FE-011446,2026-06-17,340151.0,Cheque
PG-011825,FE-011524,2026-06-17,2314094.0,Transferencia
PG-011826,FE-011547,2026-06-17,531315.0,Consignación
PG-011827,FE-011646,2026-06-17,959717.0,PSE
PG-011828,FE-011704,2026-06-17,1809050.0,Transferencia
PG-011829,FE-011778,2026-06-17,2181922.0,Transferencia
PG-011830,FE-011794,2026-06-17,1351477.0,Transferencia
PG-011831,FE-011816,2026-06-17,398056.0,Consignación
PG-011832,FE-011846,2026-06-17,2864143.0,Transferencia
PG-011833,FE-011865,2026-06-17,1465951.0,Cheque
PG-011834,FE-011898,2026-06-17,1051752.0,Cheque
PG-011835,FE-011958,2026-06-17,706661.0,Transferencia
PG-011836,FE-011963,2026-06-17,630874.0,Transferencia
PG-011837,FE-011994,2026-06-17,1722220.0,Transferencia
PG-011838,FE-012036,2026-06-17,569038.0,Consignación
PG-011839,FE-012038,2026-06-17,584305.0,Consignación
PG-011840,FE-012070,2026-06-17,1730198.0,Transferencia
PG-011841,FE-012123,2026-06-17,545385.0,Transferencia
PG-011842,FE-012124,2026-06-17,1042549.0,Transferencia
PG-011843,FE-012132,2026-06-17,675256.0,Transferencia
PG-011844,FE-012145,2026-06-17,918982.0,Transferencia
PG-011845,FE-012152,2026-06-17,375340.0,Transferencia
PG-011846,FE-012195,2026-06-17,671433.0,Consignación
PG-011847,FE-012209,2026-06-17,1065424.0,Transferencia
PG-011848,FE-012265,2026-06-17,282032.0,PSE
PG-011849,FE-012273,2026-06-17,1008391.0,Transferencia
PG-011850,FE-012282,2026-06-17,183492.0,Cheque
PG-011851,FE-012296,2026-06-17,1245950.0,Transferencia
PG-011852,FE-012309,2026-06-17,639890.0,Transferencia
PG-011853,FE-012340,2026-06-17,530679.0,Transferencia
PG-011854,FE-012375,2026-06-17,180553.0,Transferencia
PG-011855,FE-012453,2026-06-17,260842.0,Transferencia
PG-011856,FE-012503,2026-06-17,694290.0,Transferencia
PG-011857,FE-012515,2026-06-17,191432.0,Cheque
PG-011858,FE-012517,2026-06-17,339507.0,Transferencia
PG-011859,FE-012527,2026-06-17,675148.0,Transferencia
PG-011860,FE-012549,2026-06-17,754982.0,Transferencia
PG-011861,FE-012631,2026-06-17,503163.0,PSE
PG-011862,FE-012660,2026-06-17,73078.0,Transferencia
PG-011863,FE-012676,2026-06-17,506333.0,Transferencia
PG-011864,FE-012678,2026-06-17,647803.0,Transferencia
PG-011865,FE-012769,2026-06-17,149765.0,PSE
PG-011866,FE-012998,2026-06-17,89864.0,Cheque
PG-011867,FE-013135,2026-06-17,262713.0,Transferencia
PG-011868,FE-010356,2026-06-18,5206966.0,PSE
PG-011869,FE-010756,2026-06-18,3826330.0,Transferencia
PG-011870,FE-011075,2026-06-18,1202846.0,Transferencia
PG-011871,FE-011076,2026-06-18,1813004.0,PSE
PG-011872,FE-011314,2026-06-18,4287775.0,Consignación
PG-011873,FE-011320,2026-06-18,1616751.0,Transferencia
PG-011874,FE-011333,2026-06-18,955590.0,Transferencia
PG-011875,FE-011367,2026-06-18,1428142.0,Transferencia
PG-011876,FE-011505,2026-06-18,972752.0,Transferencia
PG-011877,FE-011616,2026-06-18,1129730.0,PSE
PG-011878,FE-011653,2026-06-18,2342363.0,Transferencia
PG-011879,FE-011664,2026-06-18,1160262.0,PSE
PG-011880,FE-011707,2026-06-18,86398.0,PSE
PG-011881,FE-011736,2026-06-18,3684989.0,Transferencia
PG-011882,FE-011768,2026-06-18,792626.0,Transferencia
PG-011883,FE-011855,2026-06-18,3046611.0,Transferencia
PG-011884,FE-012019,2026-06-18,139043.0,Consignación
PG-011885,FE-012101,2026-06-18,2662069.0,Consignación
PG-011886,FE-012116,2026-06-18,1720776.0,Transferencia
PG-011887,FE-012133,2026-06-18,195643.0,Cheque
PG-011888,FE-012167,2026-06-18,927242.0,PSE
PG-011889,FE-012173,2026-06-18,423339.0,PSE
PG-011890,FE-012239,2026-06-18,93832.0,Transferencia
PG-011891,FE-012243,2026-06-18,469206.0,PSE
PG-011892,FE-012258,2026-06-18,2306997.0,Consignación
PG-011893,FE-012267,2026-06-18,885737.0,Transferencia
PG-011894,FE-012297,2026-06-18,585919.0,Transferencia
PG-011895,FE-012395,2026-06-18,652497.0,Transferencia
PG-011896,FE-012405,2026-06-18,480345.0,Transferencia
PG-011897,FE-012509,2026-06-18,606398.0,Transferencia
PG-011898,FE-012511,2026-06-18,346044.0,Transferencia
PG-011899,FE-012522,2026-06-18,198179.0,Transferencia
PG-011900,FE-012606,2026-06-18,357108.0,Consignación
PG-011901,FE-012612,2026-06-18,730684.0,Transferencia
PG-011902,FE-012738,2026-06-18,87804.0,Transferencia
PG-011903,FE-012776,2026-06-18,437280.0,Transferencia
PG-011904,FE-012796,2026-06-18,166427.0,Transferencia
PG-011905,FE-010719,2026-06-19,4544554.0,Cheque
PG-011906,FE-010891,2026-06-19,5083557.0,Cheque
PG-011907,FE-011143,2026-06-19,750770.0,Consignación
PG-011908,FE-011151,2026-06-19,388174.0,Transferencia
PG-011909,FE-011155,2026-06-19,694977.0,Transferencia
PG-011910,FE-011168,2026-06-19,74782.0,Transferencia
PG-011911,FE-011170,2026-06-19,933993.0,Transferencia
PG-011912,FE-011203,2026-06-19,2315359.0,Transferencia
PG-011913,FE-011307,2026-06-19,899043.0,Consignación
PG-011914,FE-011376,2026-06-19,1691312.0,Transferencia
PG-011915,FE-011395,2026-06-19,831977.0,PSE
PG-011916,FE-011512,2026-06-19,1394223.0,Transferencia
PG-011917,FE-011530,2026-06-19,2235987.0,Consignación
PG-011918,FE-011568,2026-06-19,708264.0,PSE
PG-011919,FE-011588,2026-06-19,802951.0,Transferencia
PG-011920,FE-011599,2026-06-19,1206746.0,PSE
PG-011921,FE-011604,2026-06-19,820570.0,Consignación
PG-011922,FE-011631,2026-06-19,1545185.0,PSE
PG-011923,FE-011686,2026-06-19,1270971.0,Cheque
PG-011924,FE-011710,2026-06-19,862638.0,Consignación
PG-011925,FE-011739,2026-06-19,144542.0,Transferencia
PG-011926,FE-011785,2026-06-19,2924069.0,Transferencia
PG-011927,FE-011924,2026-06-19,933034.0,Cheque
PG-011928,FE-011936,2026-06-19,2861015.0,Cheque
PG-011929,FE-011940,2026-06-19,1252859.0,Transferencia
PG-011930,FE-012084,2026-06-19,1521855.0,Consignación
PG-011931,FE-012086,2026-06-19,723246.0,Transferencia
PG-011932,FE-012143,2026-06-19,412521.0,Transferencia
PG-011933,FE-012183,2026-06-19,2151071.0,Consignación
PG-011934,FE-012187,2026-06-19,3150982.0,PSE
PG-011935,FE-012240,2026-06-19,1656588.0,Cheque
PG-011936,FE-012262,2026-06-19,914463.0,PSE
PG-011937,FE-012269,2026-06-19,118475.0,Transferencia
PG-011938,FE-012287,2026-06-19,139512.0,PSE
PG-011939,FE-012302,2026-06-19,188157.0,PSE
PG-011940,FE-012357,2026-06-19,1987481.0,PSE
PG-011941,FE-012424,2026-06-19,141909.0,Transferencia
PG-011942,FE-012433,2026-06-19,420188.0,Transferencia
PG-011943,FE-012457,2026-06-19,209095.0,Transferencia
PG-011944,FE-012461,2026-06-19,520514.0,Transferencia
PG-011945,FE-012472,2026-06-19,2843360.0,Cheque
PG-011946,FE-012474,2026-06-19,279114.0,Transferencia
PG-011947,FE-012479,2026-06-19,342484.0,Transferencia
PG-011948,FE-012480,2026-06-19,752843.0,Transferencia
PG-011949,FE-012508,2026-06-19,496049.0,Transferencia
PG-011950,FE-012537,2026-06-19,284324.0,Cheque
PG-011951,FE-012633,2026-06-19,622214.0,Transferencia
PG-011952,FE-012685,2026-06-19,54954.0,Transferencia
PG-011953,FE-012701,2026-06-19,705839.0,PSE
PG-011954,FE-012729,2026-06-19,570211.0,Transferencia
PG-011955,FE-012737,2026-06-19,1167167.0,Cheque
PG-011956,FE-012760,2026-06-19,373435.0,Consignación
PG-011957,FE-012991,2026-06-19,440487.0,Transferencia
PG-011958,FE-011086,2026-06-20,2658872.0,Transferencia
PG-011959,FE-011103,2026-06-20,234332.0,Transferencia
PG-011960,FE-011363,2026-06-20,694560.0,Consignación
PG-011961,FE-011477,2026-06-20,3761078.0,Transferencia
PG-011962,FE-011488,2026-06-20,4054467.0,Transferencia
PG-011963,FE-011569,2026-06-20,4509268.0,Consignación
PG-011964,FE-011589,2026-06-20,4351083.0,Consignación
PG-011965,FE-011683,2026-06-20,337173.0,Transferencia
PG-011966,FE-011716,2026-06-20,10188976.0,Transferencia
PG-011967,FE-011773,2026-06-20,1778609.0,Transferencia
PG-011968,FE-011777,2026-06-20,60466.0,Transferencia
PG-011969,FE-011869,2026-06-20,1433841.0,Cheque
PG-011970,FE-011875,2026-06-20,1871630.0,Cheque
PG-011971,FE-011884,2026-06-20,1900887.0,Transferencia
PG-011972,FE-011888,2026-06-20,1401023.0,Transferencia
PG-011973,FE-011890,2026-06-20,5963786.0,Transferencia
PG-011974,FE-011896,2026-06-20,2918280.0,Transferencia
PG-011975,FE-011919,2026-06-20,627525.0,Transferencia
PG-011976,FE-012016,2026-06-20,581746.0,Transferencia
PG-011977,FE-012114,2026-06-20,1704721.0,Transferencia
PG-011978,FE-012120,2026-06-20,1790451.0,Transferencia
PG-011979,FE-012161,2026-06-20,309376.0,Consignación
PG-011980,FE-012169,2026-06-20,2842276.0,PSE
PG-011981,FE-012205,2026-06-20,174245.0,Transferencia
PG-011982,FE-012257,2026-06-20,446752.0,Transferencia
PG-011983,FE-012289,2026-06-20,178988.0,Transferencia
PG-011984,FE-012311,2026-06-20,5105.0,Transferencia
PG-011985,FE-012316,2026-06-20,1639744.0,Transferencia
PG-011986,FE-012326,2026-06-20,1146385.0,Transferencia
PG-011987,FE-012376,2026-06-20,130498.0,Transferencia
PG-011988,FE-012380,2026-06-20,2282109.0,Consignación
PG-011989,FE-012401,2026-06-20,1451670.0,Transferencia
PG-011990,FE-012414,2026-06-20,776786.0,Transferencia
PG-011991,FE-012429,2026-06-20,468367.0,Consignación
PG-011992,FE-012436,2026-06-20,568993.0,Consignación
PG-011993,FE-012449,2026-06-20,1813716.0,PSE
PG-011994,FE-012530,2026-06-20,1021506.0,PSE
PG-011995,FE-012534,2026-06-20,731970.0,Consignación
PG-011996,FE-012548,2026-06-20,1132766.0,Transferencia
PG-011997,FE-012587,2026-06-20,601970.0,PSE
PG-011998,FE-012602,2026-06-20,684235.0,Transferencia
PG-011999,FE-012610,2026-06-20,387977.0,PSE
PG-012000,FE-012702,2026-06-20,176640.0,Transferencia
PG-012001,FE-012764,2026-06-20,199163.0,PSE
PG-012002,FE-012825,2026-06-20,497446.0,Transferencia
PG-012003,FE-012848,2026-06-20,487109.0,Transferencia
PG-012004,FE-012971,2026-06-20,413329.0,Transferencia
PG-012005,FE-012973,2026-06-20,164861.0,Consignación
PG-012006,FE-012974,2026-06-20,235603.0,PSE
PG-012007,FE-012996,2026-06-20,442654.0,Consignación
PG-012008,FE-010755,2026-06-21,47281.0,Transferencia
PG-012009,FE-010962,2026-06-21,3344953.0,Cheque
PG-012010,FE-011116,2026-06-21,2067285.0,Transferencia
PG-012011,FE-011232,2026-06-21,5777699.0,Cheque
PG-012012,FE-011242,2026-06-21,2339801.0,PSE
PG-012013,FE-011266,2026-06-21,593100.0,Transferencia
PG-012014,FE-011323,2026-06-21,1787294.0,Transferencia
PG-012015,FE-011331,2026-06-21,783099.0,Transferencia
PG-012016,FE-011406,2026-06-21,2500648.0,Transferencia
PG-012017,FE-011448,2026-06-21,1560993.0,Cheque
PG-012018,FE-011502,2026-06-21,2100648.0,Transferencia
PG-012019,FE-011534,2026-06-21,250691.0,Transferencia
PG-012020,FE-011613,2026-06-21,594599.0,PSE
PG-012021,FE-011638,2026-06-21,421744.0,Transferencia
PG-012022,FE-011691,2026-06-21,4423898.0,Consignación
PG-012023,FE-011695,2026-06-21,310780.0,Transferencia
PG-012024,FE-011708,2026-06-21,936526.0,PSE
PG-012025,FE-011721,2026-06-21,1254736.0,Transferencia
PG-012026,FE-011766,2026-06-21,2181945.0,Transferencia
PG-012027,FE-011772,2026-06-21,7210599.0,Transferencia
PG-012028,FE-011780,2026-06-21,782556.0,Transferencia
PG-012029,FE-011809,2026-06-21,275084.0,PSE
PG-012030,FE-011853,2026-06-21,698914.0,Cheque
PG-012031,FE-011870,2026-06-21,2629554.0,PSE
PG-012032,FE-011882,2026-06-21,3814978.0,Transferencia
PG-012033,FE-011892,2026-06-21,1287127.0,Transferencia
PG-012034,FE-011916,2026-06-21,3797695.0,Transferencia
PG-012035,FE-011938,2026-06-21,606387.0,PSE
PG-012036,FE-011957,2026-06-21,1491083.0,Transferencia
PG-012037,FE-011990,2026-06-21,6488405.0,Transferencia
PG-012038,FE-011993,2026-06-21,152355.0,Transferencia
PG-012039,FE-012015,2026-06-21,1807712.0,PSE
PG-012040,FE-012025,2026-06-21,1655568.0,Consignación
PG-012041,FE-012049,2026-06-21,379124.0,Consignación
PG-012042,FE-012061,2026-06-21,25139.0,Transferencia
PG-012043,FE-012062,2026-06-21,1971433.0,PSE
PG-012044,FE-012079,2026-06-21,267655.0,PSE
PG-012045,FE-012087,2026-06-21,910532.0,Transferencia
PG-012046,FE-012102,2026-06-21,1987696.0,Cheque
PG-012047,FE-012149,2026-06-21,244946.0,Transferencia
PG-012048,FE-012159,2026-06-21,3645329.0,Transferencia
PG-012049,FE-012168,2026-06-21,462952.0,PSE
PG-012050,FE-012186,2026-06-21,1078656.0,PSE
PG-012051,FE-012203,2026-06-21,599633.0,PSE
PG-012052,FE-012219,2026-06-21,3394637.0,Consignación
PG-012053,FE-012244,2026-06-21,1614121.0,PSE
PG-012054,FE-012251,2026-06-21,4163120.0,Transferencia
PG-012055,FE-012281,2026-06-21,304118.0,Cheque
PG-012056,FE-012324,2026-06-21,249174.0,Consignación
PG-012057,FE-012331,2026-06-21,933731.0,Transferencia
PG-012058,FE-012333,2026-06-21,1578495.0,Consignación
PG-012059,FE-012337,2026-06-21,1424014.0,Transferencia
PG-012060,FE-012367,2026-06-21,482691.0,Transferencia
PG-012061,FE-012406,2026-06-21,237901.0,Transferencia
PG-012062,FE-012477,2026-06-21,4316821.0,Cheque
PG-012063,FE-012494,2026-06-21,987087.0,Transferencia
PG-012064,FE-012544,2026-06-21,163752.0,Transferencia
PG-012065,FE-012552,2026-06-21,653199.0,Transferencia
PG-012066,FE-012605,2026-06-21,394836.0,Transferencia
PG-012067,FE-012639,2026-06-21,1005183.0,Transferencia
PG-012068,FE-012697,2026-06-21,493005.0,Transferencia
PG-012069,FE-012708,2026-06-21,822401.0,Transferencia
PG-012070,FE-012786,2026-06-21,342050.0,Consignación
PG-012071,FE-012963,2026-06-21,448867.0,Transferencia
PG-012072,FE-013205,2026-06-21,1305524.0,Transferencia
PG-012073,FE-013261,2026-06-21,222941.0,Transferencia
PG-012074,FE-011064,2026-06-22,1029463.0,Cheque
PG-012075,FE-011119,2026-06-22,1381566.0,PSE
PG-012076,FE-011150,2026-06-22,5955619.0,Transferencia
PG-012077,FE-011160,2026-06-22,1664340.0,PSE
PG-012078,FE-011332,2026-06-22,2783143.0,Consignación
PG-012079,FE-011370,2026-06-22,2416814.0,Cheque
PG-012080,FE-011576,2026-06-22,1496160.0,PSE
PG-012081,FE-011637,2026-06-22,444789.0,Transferencia
PG-012082,FE-011684,2026-06-22,928215.0,Transferencia
PG-012083,FE-011730,2026-06-22,2123686.0,Transferencia
PG-012084,FE-011781,2026-06-22,1319077.0,Transferencia
PG-012085,FE-011857,2026-06-22,377804.0,Transferencia
PG-012086,FE-011866,2026-06-22,223440.0,PSE
PG-012087,FE-011931,2026-06-22,2910997.0,Transferencia
PG-012088,FE-012069,2026-06-22,768084.0,Transferencia
PG-012089,FE-012081,2026-06-22,547726.0,PSE
PG-012090,FE-012131,2026-06-22,920038.0,Cheque
PG-012091,FE-012245,2026-06-22,236516.0,PSE
PG-012092,FE-012247,2026-06-22,4828689.0,Transferencia
PG-012093,FE-012274,2026-06-22,1079586.0,PSE
PG-012094,FE-012306,2026-06-22,150141.0,Transferencia
PG-012095,FE-012307,2026-06-22,565176.0,Transferencia
PG-012096,FE-012322,2026-06-22,125276.0,PSE
PG-012097,FE-012325,2026-06-22,248465.0,PSE
PG-012098,FE-012360,2026-06-22,325012.0,Transferencia
PG-012099,FE-012363,2026-06-22,1053751.0,PSE
PG-012100,FE-012412,2026-06-22,427239.0,Transferencia
PG-012101,FE-012442,2026-06-22,2352161.0,PSE
PG-012102,FE-012443,2026-06-22,141203.0,PSE
PG-012103,FE-012572,2026-06-22,1256747.0,Transferencia
PG-012104,FE-012601,2026-06-22,190185.0,Transferencia
PG-012105,FE-012634,2026-06-22,142248.0,Consignación
PG-012106,FE-012774,2026-06-22,538718.0,PSE
PG-012107,FE-012818,2026-06-22,128841.0,Transferencia
PG-012108,FE-012821,2026-06-22,81622.0,Consignación
PG-012109,FE-012876,2026-06-22,779202.0,Transferencia
PG-012110,FE-012959,2026-06-22,511379.0,Transferencia
PG-012111,FE-012964,2026-06-22,573989.0,Transferencia
PG-012112,FE-012969,2026-06-22,129712.0,Transferencia
PG-012113,FE-013080,2026-06-22,276708.0,PSE
PG-012114,FE-013230,2026-06-22,373722.0,Transferencia
PG-012115,FE-013336,2026-06-22,627921.0,PSE
PG-012116,FE-013354,2026-06-22,295458.0,Transferencia
PG-012117,FE-011402,2026-06-23,3916929.0,PSE
PG-012118,FE-011482,2026-06-23,1352680.0,Consignación
PG-012119,FE-011527,2026-06-23,2223238.0,Transferencia
PG-012120,FE-011564,2026-06-23,10056082.0,Consignación
PG-012121,FE-011647,2026-06-23,985170.0,Transferencia
PG-012122,FE-011681,2026-06-23,809715.0,Transferencia
PG-012123,FE-011732,2026-06-23,1653891.0,Transferencia
PG-012124,FE-011744,2026-06-23,1137959.0,Transferencia
PG-012125,FE-011788,2026-06-23,1705221.0,Consignación
PG-012126,FE-011792,2026-06-23,1616559.0,Transferencia
PG-012127,FE-011796,2026-06-23,1299230.0,Transferencia
PG-012128,FE-011810,2026-06-23,1754775.0,PSE
PG-012129,FE-011904,2026-06-23,3224178.0,PSE
PG-012130,FE-011942,2026-06-23,591553.0,Transferencia
PG-012131,FE-011946,2026-06-23,652066.0,Cheque
PG-012132,FE-011960,2026-06-23,902427.0,Transferencia
PG-012133,FE-012043,2026-06-23,645596.0,Transferencia
PG-012134,FE-012064,2026-06-23,3475477.0,Cheque
PG-012135,FE-012126,2026-06-23,816864.0,Transferencia
PG-012136,FE-012144,2026-06-23,409384.0,Consignación
PG-012137,FE-012157,2026-06-23,510129.0,PSE
PG-012138,FE-012172,2026-06-23,1735483.0,Transferencia
PG-012139,FE-012174,2026-06-23,1297155.0,Transferencia
PG-012140,FE-012202,2026-06-23,1937946.0,Transferencia
PG-012141,FE-012248,2026-06-23,1400073.0,Transferencia
PG-012142,FE-012291,2026-06-23,2346367.0,Cheque
PG-012143,FE-012365,2026-06-23,349160.0,PSE
PG-012144,FE-012407,2026-06-23,134458.0,PSE
PG-012145,FE-012408,2026-06-23,2171418.0,Transferencia
PG-012146,FE-012550,2026-06-23,6290057.0,Consignación
PG-012147,FE-012557,2026-06-23,260971.0,Transferencia
PG-012148,FE-012566,2026-06-23,798197.0,Transferencia
PG-012149,FE-012579,2026-06-23,846233.0,Transferencia
PG-012150,FE-012583,2026-06-23,395556.0,Transferencia
PG-012151,FE-012592,2026-06-23,2887083.0,Transferencia
PG-012152,FE-012625,2026-06-23,413446.0,Transferencia
PG-012153,FE-012651,2026-06-23,277385.0,Transferencia
PG-012154,FE-012657,2026-06-23,125401.0,Transferencia
PG-012155,FE-012662,2026-06-23,376706.0,PSE
PG-012156,FE-012739,2026-06-23,73463.0,Cheque
PG-012157,FE-012754,2026-06-23,730196.0,Consignación
PG-012158,FE-012761,2026-06-23,376872.0,Transferencia
PG-012159,FE-012765,2026-06-23,298293.0,Cheque
PG-012160,FE-012781,2026-06-23,518310.0,Transferencia
PG-012161,FE-012803,2026-06-23,268589.0,Transferencia
PG-012162,FE-012813,2026-06-23,311142.0,Transferencia
PG-012163,FE-012880,2026-06-23,29988.0,Transferencia
PG-012164,FE-012881,2026-06-23,343179.0,Transferencia
PG-012165,FE-012889,2026-06-23,1286897.0,Transferencia
PG-012166,FE-012899,2026-06-23,207300.0,Consignación
PG-012167,FE-012905,2026-06-23,85453.0,Transferencia
PG-012168,FE-013036,2026-06-23,259806.0,Transferencia
PG-012169,FE-013052,2026-06-23,38289.0,Transferencia
PG-012170,FE-013095,2026-06-23,113102.0,Transferencia
PG-012171,FE-010939,2026-06-24,241342.0,Transferencia
PG-012172,FE-011096,2026-06-24,6141766.0,Transferencia
PG-012173,FE-011245,2026-06-24,6185515.0,Transferencia
PG-012174,FE-011330,2026-06-24,1999524.0,Cheque
PG-012175,FE-011371,2026-06-24,4992678.0,PSE
PG-012176,FE-011463,2026-06-24,5026696.0,Consignación
PG-012177,FE-011495,2026-06-24,870201.0,Consignación
PG-012178,FE-011514,2026-06-24,864428.0,PSE
PG-012179,FE-011523,2026-06-24,1320384.0,Transferencia
PG-012180,FE-011528,2026-06-24,1530396.0,Transferencia
PG-012181,FE-011581,2026-06-24,219523.0,Transferencia
PG-012182,FE-011714,2026-06-24,2502108.0,Consignación
PG-012183,FE-011776,2026-06-24,3784908.0,Consignación
PG-012184,FE-011784,2026-06-24,2909204.0,Transferencia
PG-012185,FE-011793,2026-06-24,2364695.0,PSE
PG-012186,FE-011798,2026-06-24,1160413.0,Transferencia
PG-012187,FE-011800,2026-06-24,1101055.0,Transferencia
PG-012188,FE-011895,2026-06-24,658995.0,PSE
PG-012189,FE-012056,2026-06-24,470862.0,Transferencia
PG-012190,FE-012075,2026-06-24,1253381.0,PSE
PG-012191,FE-012099,2026-06-24,2788584.0,Consignación
PG-012192,FE-012191,2026-06-24,665152.0,Transferencia
PG-012193,FE-012222,2026-06-24,1790954.0,Consignación
PG-012194,FE-012241,2026-06-24,1793144.0,Transferencia
PG-012195,FE-012315,2026-06-24,2768365.0,Transferencia
PG-012196,FE-012332,2026-06-24,565348.0,Transferencia
PG-012197,FE-012382,2026-06-24,194198.0,Consignación
PG-012198,FE-012393,2026-06-24,42349.0,Transferencia
PG-012199,FE-012423,2026-06-24,271264.0,Transferencia
PG-012200,FE-012427,2026-06-24,3469472.0,Cheque
PG-012201,FE-012452,2026-06-24,301816.0,Transferencia
PG-012202,FE-012464,2026-06-24,768182.0,Transferencia
PG-012203,FE-012497,2026-06-24,884454.0,Transferencia
PG-012204,FE-012525,2026-06-24,776673.0,Transferencia
PG-012205,FE-012528,2026-06-24,413744.0,Transferencia
PG-012206,FE-012540,2026-06-24,588578.0,Transferencia
PG-012207,FE-012582,2026-06-24,58098.0,PSE
PG-012208,FE-012650,2026-06-24,268184.0,PSE
PG-012209,FE-012656,2026-06-24,330430.0,Transferencia
PG-012210,FE-012694,2026-06-24,348681.0,Transferencia
PG-012211,FE-012703,2026-06-24,591579.0,Transferencia
PG-012212,FE-012704,2026-06-24,377255.0,Transferencia
PG-012213,FE-012709,2026-06-24,998602.0,PSE
PG-012214,FE-012857,2026-06-24,1143050.0,Cheque
PG-012215,FE-012865,2026-06-24,418480.0,Cheque
PG-012216,FE-012878,2026-06-24,389570.0,Transferencia
PG-012217,FE-012879,2026-06-24,914930.0,Consignación
PG-012218,FE-012901,2026-06-24,1601402.0,Transferencia
PG-012219,FE-012929,2026-06-24,319773.0,Consignación
PG-012220,FE-012932,2026-06-24,358987.0,Consignación
PG-012221,FE-013063,2026-06-24,473163.0,Consignación
PG-012222,FE-013067,2026-06-24,174531.0,Transferencia
PG-012223,FE-013083,2026-06-24,3820588.0,Transferencia
PG-012224,FE-013103,2026-06-24,280030.0,Transferencia
PG-012225,FE-013139,2026-06-24,534654.0,PSE
PG-012226,FE-013234,2026-06-24,60269.0,Transferencia
PG-012227,FE-010955,2026-06-25,1764081.0,Consignación
PG-012228,FE-011287,2026-06-25,1858955.0,PSE
PG-012229,FE-011306,2026-06-25,7652224.0,PSE
PG-012230,FE-011336,2026-06-25,14511059.0,Transferencia
PG-012231,FE-011381,2026-06-25,1167016.0,Transferencia
PG-012232,FE-011423,2026-06-25,3803416.0,Transferencia
PG-012233,FE-011508,2026-06-25,1201400.0,Consignación
PG-012234,FE-011529,2026-06-25,2422021.0,Transferencia
PG-012235,FE-011550,2026-06-25,1694810.0,Transferencia
PG-012236,FE-011558,2026-06-25,821215.0,PSE
PG-012237,FE-011601,2026-06-25,506330.0,PSE
PG-012238,FE-011603,2026-06-25,706925.0,Transferencia
PG-012239,FE-011635,2026-06-25,2096823.0,Cheque
PG-012240,FE-011718,2026-06-25,159753.0,Transferencia
PG-012241,FE-011837,2026-06-25,1287238.0,Transferencia
PG-012242,FE-011864,2026-06-25,4708572.0,Transferencia
PG-012243,FE-011925,2026-06-25,1728886.0,Transferencia
PG-012244,FE-011929,2026-06-25,162135.0,PSE
PG-012245,FE-011987,2026-06-25,1441678.0,Transferencia
PG-012246,FE-012017,2026-06-25,3075336.0,Consignación
PG-012247,FE-012059,2026-06-25,2390924.0,Consignación
PG-012248,FE-012097,2026-06-25,364334.0,Transferencia
PG-012249,FE-012156,2026-06-25,466167.0,Transferencia
PG-012250,FE-012221,2026-06-25,1686651.0,Transferencia
PG-012251,FE-012254,2026-06-25,2324958.0,Transferencia
PG-012252,FE-012256,2026-06-25,595511.0,Transferencia
PG-012253,FE-012261,2026-06-25,539855.0,Cheque
PG-012254,FE-012283,2026-06-25,2632240.0,Transferencia
PG-012255,FE-012386,2026-06-25,5062511.0,Consignación
PG-012256,FE-012421,2026-06-25,1145714.0,PSE
PG-012257,FE-012468,2026-06-25,292880.0,Cheque
PG-012258,FE-012483,2026-06-25,1981013.0,PSE
PG-012259,FE-012501,2026-06-25,2544733.0,PSE
PG-012260,FE-012560,2026-06-25,1894535.0,Transferencia
PG-012261,FE-012570,2026-06-25,132282.0,Cheque
PG-012262,FE-012593,2026-06-25,865987.0,Transferencia
PG-012263,FE-012595,2026-06-25,460922.0,Transferencia
PG-012264,FE-012621,2026-06-25,2556058.0,PSE
PG-012265,FE-012624,2026-06-25,553681.0,Transferencia
PG-012266,FE-012626,2026-06-25,325480.0,Consignación
PG-012267,FE-012671,2026-06-25,6267656.0,PSE
PG-012268,FE-012693,2026-06-25,1211857.0,Transferencia
PG-012269,FE-012778,2026-06-25,285504.0,Transferencia
PG-012270,FE-012798,2026-06-25,803066.0,Consignación
PG-012271,FE-012838,2026-06-25,41053.0,Transferencia
PG-012272,FE-012882,2026-06-25,1416111.0,PSE
PG-012273,FE-012896,2026-06-25,784903.0,PSE
PG-012274,FE-012907,2026-06-25,976197.0,PSE
PG-012275,FE-013019,2026-06-25,762022.0,Cheque
PG-012276,FE-013104,2026-06-25,114802.0,PSE
PG-012277,FE-013134,2026-06-25,322272.0,Transferencia
PG-012278,FE-013145,2026-06-25,320969.0,Transferencia
PG-012279,FE-013175,2026-06-25,570419.0,Transferencia
PG-012280,FE-013384,2026-06-25,329554.0,Consignación
PG-012281,FE-013640,2026-06-25,2311395.0,PSE
PG-012282,FE-010826,2026-06-26,868214.0,Transferencia
PG-012283,FE-011147,2026-06-26,854506.0,Transferencia
PG-012284,FE-011192,2026-06-26,2659123.0,Consignación
PG-012285,FE-011360,2026-06-26,3422934.0,PSE
PG-012286,FE-011396,2026-06-26,4728830.0,Transferencia
PG-012287,FE-011442,2026-06-26,1967798.0,Transferencia
PG-012288,FE-011539,2026-06-26,3711405.0,Transferencia
PG-012289,FE-011555,2026-06-26,9120015.0,Cheque
PG-012290,FE-011612,2026-06-26,5344586.0,Transferencia
PG-012291,FE-011630,2026-06-26,1822020.0,Consignación
PG-012292,FE-011717,2026-06-26,2296793.0,Transferencia
PG-012293,FE-011811,2026-06-26,1094162.0,Consignación
PG-012294,FE-011813,2026-06-26,1044490.0,PSE
PG-012295,FE-011894,2026-06-26,3143199.0,Cheque
PG-012296,FE-011937,2026-06-26,1374952.0,Transferencia
PG-012297,FE-011939,2026-06-26,339985.0,Transferencia
PG-012298,FE-011974,2026-06-26,506319.0,Consignación
PG-012299,FE-012018,2026-06-26,3866383.0,Transferencia
PG-012300,FE-012027,2026-06-26,2613612.0,Consignación
PG-012301,FE-012055,2026-06-26,5440910.0,PSE
PG-012302,FE-012071,2026-06-26,4032070.0,Transferencia
PG-012303,FE-012080,2026-06-26,1767108.0,Transferencia
PG-012304,FE-012150,2026-06-26,5510548.0,Cheque
PG-012305,FE-012223,2026-06-26,2920437.0,Transferencia
PG-012306,FE-012285,2026-06-26,898118.0,Consignación
PG-012307,FE-012288,2026-06-26,35255.0,Transferencia
PG-012308,FE-012292,2026-06-26,1412052.0,Transferencia
PG-012309,FE-012368,2026-06-26,90817.0,Transferencia
PG-012310,FE-012377,2026-06-26,1261061.0,PSE
PG-012311,FE-012403,2026-06-26,3152887.0,Transferencia
PG-012312,FE-012465,2026-06-26,386075.0,Transferencia
PG-012313,FE-012578,2026-06-26,503335.0,Transferencia
PG-012314,FE-012580,2026-06-26,3297665.0,PSE
PG-012315,FE-012620,2026-06-26,1310438.0,Cheque
PG-012316,FE-012644,2026-06-26,684927.0,Transferencia
PG-012317,FE-012667,2026-06-26,475955.0,Transferencia
PG-012318,FE-012675,2026-06-26,475462.0,Transferencia
PG-012319,FE-012768,2026-06-26,942150.0,Transferencia
PG-012320,FE-012772,2026-06-26,583683.0,Transferencia
PG-012321,FE-012794,2026-06-26,97943.0,Transferencia
PG-012322,FE-012815,2026-06-26,470424.0,Transferencia
PG-012323,FE-012846,2026-06-26,8672110.0,PSE
PG-012324,FE-012860,2026-06-26,146662.0,Transferencia
PG-012325,FE-012958,2026-06-26,108635.0,Transferencia
PG-012326,FE-012962,2026-06-26,360202.0,Transferencia
PG-012327,FE-013010,2026-06-26,436478.0,Transferencia
PG-012328,FE-013115,2026-06-26,245292.0,PSE
PG-012329,FE-013133,2026-06-26,79611.0,Transferencia
PG-012330,FE-013288,2026-06-26,978078.0,Consignación
PG-012331,FE-011417,2026-06-27,3716399.0,Transferencia
PG-012332,FE-011436,2026-06-27,3027642.0,Transferencia
PG-012333,FE-011506,2026-06-27,1966091.0,Transferencia
PG-012334,FE-011517,2026-06-27,6148753.0,Transferencia
PG-012335,FE-011567,2026-06-27,3642736.0,Transferencia
PG-012336,FE-011720,2026-06-27,1377866.0,Consignación
PG-012337,FE-011770,2026-06-27,3419183.0,Transferencia
PG-012338,FE-011801,2026-06-27,2682944.0,PSE
PG-012339,FE-011815,2026-06-27,1369943.0,Transferencia
PG-012340,FE-011917,2026-06-27,3519170.0,Transferencia
PG-012341,FE-011968,2026-06-27,539477.0,Consignación
PG-012342,FE-011985,2026-06-27,1313585.0,Consignación
PG-012343,FE-011992,2026-06-27,5879181.0,Transferencia
PG-012344,FE-012020,2026-06-27,3270414.0,Transferencia
PG-012345,FE-012037,2026-06-27,1351349.0,Transferencia
PG-012346,FE-012046,2026-06-27,1801524.0,Transferencia
PG-012347,FE-012091,2026-06-27,410932.0,Consignación
PG-012348,FE-012125,2026-06-27,2904377.0,Transferencia
PG-012349,FE-012153,2026-06-27,3454944.0,Transferencia
PG-012350,FE-012163,2026-06-27,138963.0,Transferencia
PG-012351,FE-012165,2026-06-27,4179004.0,Transferencia
PG-012352,FE-012211,2026-06-27,1084919.0,Consignación
PG-012353,FE-012255,2026-06-27,3503271.0,Transferencia
PG-012354,FE-012314,2026-06-27,163655.0,Cheque
PG-012355,FE-012328,2026-06-27,209040.0,Transferencia
PG-012356,FE-012344,2026-06-27,1099984.0,Transferencia
PG-012357,FE-012352,2026-06-27,1244238.0,PSE
PG-012358,FE-012355,2026-06-27,338046.0,Cheque
PG-012359,FE-012397,2026-06-27,470376.0,Transferencia
PG-012360,FE-012413,2026-06-27,350198.0,Cheque
PG-012361,FE-012437,2026-06-27,441542.0,PSE
PG-012362,FE-012581,2026-06-27,2922070.0,Transferencia
PG-012363,FE-012589,2026-06-27,207052.0,Transferencia
PG-012364,FE-012623,2026-06-27,674147.0,Consignación
PG-012365,FE-012661,2026-06-27,266610.0,Cheque
PG-012366,FE-012736,2026-06-27,1725095.0,PSE
PG-012367,FE-012814,2026-06-27,35257.0,Consignación
PG-012368,FE-012893,2026-06-27,142023.0,PSE
PG-012369,FE-012898,2026-06-27,395022.0,Transferencia
PG-012370,FE-012906,2026-06-27,372333.0,PSE
PG-012371,FE-012970,2026-06-27,703767.0,Transferencia
PG-012372,FE-012972,2026-06-27,270586.0,PSE
PG-012373,FE-013084,2026-06-27,205678.0,Consignación
PG-012374,FE-013085,2026-06-27,363878.0,Transferencia
PG-012375,FE-013132,2026-06-27,880824.0,Transferencia
PG-012376,FE-013161,2026-06-27,403045.0,Transferencia
PG-012377,FE-013162,2026-06-27,340195.0,Transferencia
PG-012378,FE-013193,2026-06-27,265413.0,Transferencia
PG-012379,FE-013219,2026-06-27,187724.0,Transferencia
PG-012380,FE-013319,2026-06-27,139431.0,PSE
PG-012381,FE-013328,2026-06-27,1187374.0,Cheque
PG-012382,FE-013719,2026-06-27,323266.0,Cheque
PG-012383,FE-011201,2026-06-28,3703086.0,PSE
PG-012384,FE-011400,2026-06-28,1682045.0,Transferencia
PG-012385,FE-011466,2026-06-28,3560066.0,Transferencia
PG-012386,FE-011501,2026-06-28,2597972.0,Transferencia
PG-012387,FE-011634,2026-06-28,191172.0,PSE
PG-012388,FE-011956,2026-06-28,956346.0,Consignación
PG-012389,FE-012010,2026-06-28,970700.0,Transferencia
PG-012390,FE-012039,2026-06-28,2766617.0,Cheque
PG-012391,FE-012057,2026-06-28,2330607.0,Transferencia
PG-012392,FE-012103,2026-06-28,675187.0,Cheque
PG-012393,FE-012162,2026-06-28,3668957.0,PSE
PG-012394,FE-012170,2026-06-28,1797626.0,Transferencia
PG-012395,FE-012236,2026-06-28,947042.0,PSE
PG-012396,FE-012266,2026-06-28,78356.0,PSE
PG-012397,FE-012271,2026-06-28,260998.0,Transferencia
PG-012398,FE-012276,2026-06-28,1499744.0,PSE
PG-012399,FE-012313,2026-06-28,3128541.0,Transferencia
PG-012400,FE-012394,2026-06-28,112938.0,Transferencia
PG-012401,FE-012418,2026-06-28,1025571.0,PSE
PG-012402,FE-012434,2026-06-28,1309516.0,Transferencia
PG-012403,FE-012521,2026-06-28,1518459.0,Transferencia
PG-012404,FE-012559,2026-06-28,486554.0,Transferencia
PG-012405,FE-012565,2026-06-28,1701560.0,Transferencia
PG-012406,FE-012585,2026-06-28,126286.0,Transferencia
PG-012407,FE-012622,2026-06-28,615744.0,PSE
PG-012408,FE-012666,2026-06-28,1495189.0,Transferencia
PG-012409,FE-012705,2026-06-28,1359158.0,Transferencia
PG-012410,FE-012850,2026-06-28,1323936.0,Transferencia
PG-012411,FE-012853,2026-06-28,1514943.0,Transferencia
PG-012412,FE-012890,2026-06-28,2437350.0,Transferencia
PG-012413,FE-013038,2026-06-28,262563.0,Transferencia
PG-012414,FE-013065,2026-06-28,158671.0,PSE
PG-012415,FE-013076,2026-06-28,425028.0,Transferencia
PG-012416,FE-013096,2026-06-28,553231.0,PSE
PG-012417,FE-013189,2026-06-28,163299.0,Cheque
PG-012418,FE-013247,2026-06-28,44830.0,PSE
PG-012419,FE-013394,2026-06-28,333751.0,Transferencia
PG-012420,FE-013424,2026-06-28,221563.0,Consignación
PG-012421,FE-013431,2026-06-28,212212.0,Transferencia
PG-012422,FE-013441,2026-06-28,449658.0,Transferencia
PG-012423,FE-013476,2026-06-28,127836.0,PSE
PG-012424,FE-013508,2026-06-28,250934.0,Transferencia
PG-012425,FE-013512,2026-06-28,702263.0,Transferencia
PG-012426,FE-011236,2026-06-29,862538.0,Transferencia
PG-012427,FE-011426,2026-06-29,2060195.0,Transferencia
PG-012428,FE-011438,2026-06-29,1907220.0,Transferencia
PG-012429,FE-011672,2026-06-29,753919.0,Transferencia
PG-012430,FE-011733,2026-06-29,3439839.0,PSE
PG-012431,FE-011734,2026-06-29,2903969.0,Transferencia
PG-012432,FE-011909,2026-06-29,1780896.0,PSE
PG-012433,FE-011933,2026-06-29,3104448.0,Transferencia
PG-012434,FE-012033,2026-06-29,1836785.0,Transferencia
PG-012435,FE-012060,2026-06-29,1131415.0,Transferencia
PG-012436,FE-012078,2026-06-29,3875947.0,Transferencia
PG-012437,FE-012093,2026-06-29,4752040.0,Transferencia
PG-012438,FE-012094,2026-06-29,3079687.0,PSE
PG-012439,FE-012140,2026-06-29,2038670.0,Transferencia
PG-012440,FE-012166,2026-06-29,1943651.0,Transferencia
PG-012441,FE-012201,2026-06-29,2191554.0,Consignación
PG-012442,FE-012217,2026-06-29,4195478.0,Transferencia
PG-012443,FE-012253,2026-06-29,5040942.0,PSE
PG-012444,FE-012286,2026-06-29,1792516.0,Transferencia
PG-012445,FE-012354,2026-06-29,2354129.0,Transferencia
PG-012446,FE-012450,2026-06-29,642488.0,Consignación
PG-012447,FE-012485,2026-06-29,1711434.0,Consignación
PG-012448,FE-012487,2026-06-29,94149.0,Transferencia
PG-012449,FE-012490,2026-06-29,668099.0,Transferencia
PG-012450,FE-012513,2026-06-29,4154394.0,Consignación
PG-012451,FE-012538,2026-06-29,337066.0,Transferencia
PG-012452,FE-012543,2026-06-29,971787.0,Transferencia
PG-012453,FE-012558,2026-06-29,2909295.0,Transferencia
PG-012454,FE-012629,2026-06-29,5176424.0,Transferencia
PG-012455,FE-012648,2026-06-29,317791.0,Transferencia
PG-012456,FE-012670,2026-06-29,511093.0,Transferencia
PG-012457,FE-012775,2026-06-29,3462382.0,Cheque
PG-012458,FE-012965,2026-06-29,706859.0,Transferencia
PG-012459,FE-012995,2026-06-29,642828.0,Consignación
PG-012460,FE-013003,2026-06-29,413978.0,Transferencia
PG-012461,FE-013077,2026-06-29,607401.0,PSE
PG-012462,FE-013202,2026-06-29,690162.0,Consignación
PG-012463,FE-013211,2026-06-29,1003642.0,Cheque
PG-012464,FE-013225,2026-06-29,204682.0,Transferencia
PG-012465,FE-013279,2026-06-29,97620.0,PSE
PG-012466,FE-013311,2026-06-29,122296.0,Transferencia
PG-012467,FE-013393,2026-06-29,289492.0,Transferencia
PG-012468,FE-011175,2026-06-30,4183679.0,Consignación
PG-012469,FE-011492,2026-06-30,4980419.0,PSE
PG-012470,FE-011525,2026-06-30,3188724.0,Transferencia
PG-012471,FE-011580,2026-06-30,187386.0,Transferencia
PG-012472,FE-011703,2026-06-30,1702559.0,Transferencia
PG-012473,FE-011803,2026-06-30,998630.0,Transferencia
PG-012474,FE-011836,2026-06-30,1498787.0,PSE
PG-012475,FE-011847,2026-06-30,1484037.0,Transferencia
PG-012476,FE-011858,2026-06-30,821306.0,Transferencia
PG-012477,FE-011871,2026-06-30,2165351.0,Consignación
PG-012478,FE-012012,2026-06-30,1424819.0,Transferencia
PG-012479,FE-012048,2026-06-30,507918.0,PSE
PG-012480,FE-012108,2026-06-30,3865527.0,Transferencia
PG-012481,FE-012135,2026-06-30,1792981.0,Cheque
PG-012482,FE-012277,2026-06-30,2108343.0,PSE
PG-012483,FE-012298,2026-06-30,1341846.0,Transferencia
PG-012484,FE-012419,2026-06-30,1677852.0,PSE
PG-012485,FE-012445,2026-06-30,3850613.0,Transferencia
PG-012486,FE-012488,2026-06-30,2357670.0,Transferencia
PG-012487,FE-012529,2026-06-30,727395.0,PSE
PG-012488,FE-012536,2026-06-30,66734.0,PSE
PG-012489,FE-012539,2026-06-30,138938.0,Transferencia
PG-012490,FE-012551,2026-06-30,120701.0,Transferencia
PG-012491,FE-012616,2026-06-30,109712.0,Transferencia
PG-012492,FE-012654,2026-06-30,2666564.0,PSE
PG-012493,FE-012673,2026-06-30,1676798.0,Consignación
PG-012494,FE-012714,2026-06-30,2055994.0,Transferencia
PG-012495,FE-012766,2026-06-30,1064938.0,Transferencia
PG-012496,FE-012777,2026-06-30,1949078.0,PSE
PG-012497,FE-012779,2026-06-30,286164.0,Transferencia
PG-012498,FE-012820,2026-06-30,616337.0,Cheque
PG-012499,FE-012918,2026-06-30,165544.0,Transferencia
PG-012500,FE-012927,2026-06-30,776868.0,Transferencia
PG-012501,FE-013039,2026-06-30,494071.0,Transferencia
PG-012502,FE-013047,2026-06-30,2020084.0,Transferencia
PG-012503,FE-013051,2026-06-30,29432.0,Transferencia
PG-012504,FE-013057,2026-06-30,515704.0,PSE
PG-012505,FE-013109,2026-06-30,722723.0,Transferencia
PG-012506,FE-013149,2026-06-30,116914.0,PSE
PG-012507,FE-013163,2026-06-30,1029293.0,PSE
PG-012508,FE-013260,2026-06-30,468048.0,Consignación
PG-012509,FE-013360,2026-06-30,200773.0,Transferencia
PG-012510,FE-013362,2026-06-30,701503.0,PSE
PG-012511,FE-013417,2026-06-30,84818.0,PSE
PG-012512,FE-013487,2026-06-30,280390.0,PSE
PG-012513,FE-013606,2026-06-30,72976.0,Transferencia
PG-012514,FE-011368,2026-07-01,801113.0,Transferencia
PG-012515,FE-011425,2026-07-01,3904530.0,Consignación
PG-012516,FE-011459,2026-07-01,2404685.0,PSE
PG-012517,FE-011504,2026-07-01,2913923.0,Transferencia
PG-012518,FE-011537,2026-07-01,1890151.0,Transferencia
PG-012519,FE-011563,2026-07-01,833578.0,Transferencia
PG-012520,FE-011655,2026-07-01,1779708.0,PSE
PG-012521,FE-011682,2026-07-01,4482809.0,Transferencia
PG-012522,FE-011740,2026-07-01,1917052.0,Transferencia
PG-012523,FE-011743,2026-07-01,2428982.0,Cheque
PG-012524,FE-011746,2026-07-01,693670.0,Transferencia
PG-012525,FE-011839,2026-07-01,1160783.0,Transferencia
PG-012526,FE-011876,2026-07-01,292043.0,Transferencia
PG-012527,FE-011910,2026-07-01,3177508.0,Transferencia
PG-012528,FE-011935,2026-07-01,13088422.0,Transferencia
PG-012529,FE-012013,2026-07-01,1202631.0,PSE
PG-012530,FE-012063,2026-07-01,179153.0,Transferencia
PG-012531,FE-012082,2026-07-01,121683.0,PSE
PG-012532,FE-012118,2026-07-01,479138.0,Transferencia
PG-012533,FE-012192,2026-07-01,4050722.0,Consignación
PG-012534,FE-012220,2026-07-01,1277070.0,Transferencia
PG-012535,FE-012237,2026-07-01,1118423.0,PSE
PG-012536,FE-012259,2026-07-01,1169270.0,Transferencia
PG-012537,FE-012263,2026-07-01,4086986.0,Transferencia
PG-012538,FE-012264,2026-07-01,2657721.0,Transferencia
PG-012539,FE-012346,2026-07-01,1147123.0,PSE
PG-012540,FE-012347,2026-07-01,290763.0,Transferencia
PG-012541,FE-012384,2026-07-01,2684665.0,Consignación
PG-012542,FE-012399,2026-07-01,19417.0,Transferencia
PG-012543,FE-012420,2026-07-01,3682399.0,Cheque
PG-012544,FE-012422,2026-07-01,2098187.0,Cheque
PG-012545,FE-012454,2026-07-01,1241482.0,Transferencia
PG-012546,FE-012471,2026-07-01,978134.0,Consignación
PG-012547,FE-012491,2026-07-01,2366252.0,Transferencia
PG-012548,FE-012507,2026-07-01,4530714.0,Consignación
PG-012549,FE-012613,2026-07-01,454899.0,Transferencia
PG-012550,FE-012627,2026-07-01,5673357.0,PSE
PG-012551,FE-012646,2026-07-01,3936960.0,Transferencia
PG-012552,FE-012665,2026-07-01,1042315.0,Transferencia
PG-012553,FE-012680,2026-07-01,1224565.0,Transferencia
PG-012554,FE-012733,2026-07-01,1131154.0,Transferencia
PG-012555,FE-012740,2026-07-01,2403746.0,PSE
PG-012556,FE-012758,2026-07-01,26331.0,PSE
PG-012557,FE-012817,2026-07-01,1448272.0,PSE
PG-012558,FE-012883,2026-07-01,306399.0,Transferencia
PG-012559,FE-012909,2026-07-01,302894.0,Transferencia
PG-012560,FE-012928,2026-07-01,61297.0,PSE
PG-012561,FE-012931,2026-07-01,489610.0,Transferencia
PG-012562,FE-012949,2026-07-01,221652.0,Transferencia
PG-012563,FE-012961,2026-07-01,312489.0,Consignación
PG-012564,FE-013005,2026-07-01,571195.0,Transferencia
PG-012565,FE-013027,2026-07-01,253205.0,Transferencia
PG-012566,FE-013031,2026-07-01,2910467.0,PSE
PG-012567,FE-013037,2026-07-01,123205.0,Cheque
PG-012568,FE-013086,2026-07-01,331294.0,Transferencia
PG-012569,FE-013100,2026-07-01,541577.0,PSE
PG-012570,FE-013111,2026-07-01,5661456.0,Transferencia
PG-012571,FE-013120,2026-07-01,348740.0,Transferencia
PG-012572,FE-013128,2026-07-01,486054.0,Transferencia
PG-012573,FE-013192,2026-07-01,1289921.0,Transferencia
PG-012574,FE-013207,2026-07-01,189220.0,PSE
PG-012575,FE-013212,2026-07-01,776499.0,PSE
PG-012576,FE-013254,2026-07-01,859577.0,Consignación
PG-012577,FE-013275,2026-07-01,230679.0,Transferencia
PG-012578,FE-013388,2026-07-01,272810.0,PSE
PG-012579,FE-013492,2026-07-01,865537.0,Transferencia
PG-012580,FE-013539,2026-07-01,299387.0,PSE
PG-012581,FE-013715,2026-07-01,358852.0,Transferencia
PG-012582,FE-013795,2026-07-01,599289.0,Transferencia
PG-012583,FE-011316,2026-07-02,4478772.0,Transferencia
PG-012584,FE-011474,2026-07-02,4930203.0,Consignación
PG-012585,FE-011622,2026-07-02,8178558.0,Transferencia
PG-012586,FE-011831,2026-07-02,6258052.0,Transferencia
PG-012587,FE-011962,2026-07-02,3076643.0,Transferencia
PG-012588,FE-011997,2026-07-02,1289672.0,Transferencia
PG-012589,FE-011999,2026-07-02,2886773.0,Transferencia
PG-012590,FE-012077,2026-07-02,233639.0,Transferencia
PG-012591,FE-012109,2026-07-02,2077483.0,PSE
PG-012592,FE-012199,2026-07-02,3364711.0,Cheque
PG-012593,FE-012213,2026-07-02,4667530.0,Transferencia
PG-012594,FE-012227,2026-07-02,1224155.0,Transferencia
PG-012595,FE-012305,2026-07-02,1723018.0,PSE
PG-012596,FE-012345,2026-07-02,463867.0,Transferencia
PG-012597,FE-012435,2026-07-02,1022466.0,Cheque
PG-012598,FE-012441,2026-07-02,2565282.0,PSE
PG-012599,FE-012446,2026-07-02,1288204.0,Transferencia
PG-012600,FE-012499,2026-07-02,5762575.0,Transferencia
PG-012601,FE-012526,2026-07-02,291242.0,Consignación
PG-012602,FE-012575,2026-07-02,4943353.0,Transferencia
PG-012603,FE-012652,2026-07-02,1222040.0,Transferencia
PG-012604,FE-012655,2026-07-02,1001905.0,Transferencia
PG-012605,FE-012682,2026-07-02,2964889.0,Transferencia
PG-012606,FE-012800,2026-07-02,307609.0,PSE
PG-012607,FE-012856,2026-07-02,213535.0,Transferencia
PG-012608,FE-012863,2026-07-02,548352.0,PSE
PG-012609,FE-012873,2026-07-02,400198.0,PSE
PG-012610,FE-012900,2026-07-02,114255.0,PSE
PG-012611,FE-012919,2026-07-02,604318.0,Transferencia
PG-012612,FE-012977,2026-07-02,276018.0,Transferencia
PG-012613,FE-013048,2026-07-02,303953.0,Consignación
PG-012614,FE-013094,2026-07-02,532034.0,Transferencia
PG-012615,FE-013264,2026-07-02,631770.0,Transferencia
PG-012616,FE-013294,2026-07-02,413411.0,Transferencia
PG-012617,FE-013459,2026-07-02,157029.0,Transferencia
PG-012618,FE-013463,2026-07-02,270776.0,Transferencia
PG-012619,FE-013474,2026-07-02,16134.0,Cheque
PG-012620,FE-013671,2026-07-02,198350.0,Cheque
PG-012621,FE-014055,2026-07-02,166695.0,Transferencia
PG-012622,FE-011473,2026-07-03,1246661.0,Transferencia
PG-012623,FE-011487,2026-07-03,1627855.0,PSE
PG-012624,FE-011585,2026-07-03,610459.0,Transferencia
PG-012625,FE-011719,2026-07-03,1402450.0,Transferencia
PG-012626,FE-011753,2026-07-03,4036618.0,Transferencia
PG-012627,FE-011848,2026-07-03,3067011.0,Transferencia
PG-012628,FE-011905,2026-07-03,1466944.0,Transferencia
PG-012629,FE-011964,2026-07-03,17870404.0,Transferencia
PG-012630,FE-012045,2026-07-03,324033.0,Transferencia
PG-012631,FE-012128,2026-07-03,2805590.0,Transferencia
PG-012632,FE-012142,2026-07-03,1782204.0,Consignación
PG-012633,FE-012216,2026-07-03,460413.0,PSE
PG-012634,FE-012250,2026-07-03,1589087.0,PSE
PG-012635,FE-012260,2026-07-03,6035559.0,Transferencia
PG-012636,FE-012341,2026-07-03,9270743.0,Transferencia
PG-012637,FE-012343,2026-07-03,2465487.0,PSE
PG-012638,FE-012416,2026-07-03,1801965.0,Transferencia
PG-012639,FE-012431,2026-07-03,5263222.0,PSE
PG-012640,FE-012470,2026-07-03,791637.0,Transferencia
PG-012641,FE-012476,2026-07-03,1997622.0,Transferencia
PG-012642,FE-012506,2026-07-03,2257130.0,Transferencia
PG-012643,FE-012519,2026-07-03,2134308.0,Transferencia
PG-012644,FE-012617,2026-07-03,323337.0,PSE
PG-012645,FE-012645,2026-07-03,876164.0,PSE
PG-012646,FE-012715,2026-07-03,941917.0,PSE
PG-012647,FE-012773,2026-07-03,904069.0,Transferencia
PG-012648,FE-012795,2026-07-03,867197.0,Cheque
PG-012649,FE-012829,2026-07-03,1248894.0,Consignación
PG-012650,FE-012847,2026-07-03,1638742.0,Transferencia
PG-012651,FE-012908,2026-07-03,714036.0,Transferencia
PG-012652,FE-012913,2026-07-03,2957356.0,Transferencia
PG-012653,FE-012924,2026-07-03,1904728.0,PSE
PG-012654,FE-012938,2026-07-03,649282.0,Transferencia
PG-012655,FE-012976,2026-07-03,926620.0,Transferencia
PG-012656,FE-012986,2026-07-03,2232853.0,PSE
PG-012657,FE-013018,2026-07-03,36176.0,Transferencia
PG-012658,FE-013029,2026-07-03,782845.0,PSE
PG-012659,FE-013055,2026-07-03,587916.0,Transferencia
PG-012660,FE-013089,2026-07-03,621147.0,Transferencia
PG-012661,FE-013268,2026-07-03,85970.0,Transferencia
PG-012662,FE-013284,2026-07-03,307997.0,Consignación
PG-012663,FE-013286,2026-07-03,666627.0,Transferencia
PG-012664,FE-013307,2026-07-03,161316.0,Cheque
PG-012665,FE-013315,2026-07-03,670723.0,Transferencia
PG-012666,FE-013400,2026-07-03,769176.0,Cheque
PG-012667,FE-013401,2026-07-03,524176.0,Transferencia
PG-012668,FE-013409,2026-07-03,231118.0,PSE
PG-012669,FE-013418,2026-07-03,503641.0,Consignación
PG-012670,FE-013435,2026-07-03,694137.0,Transferencia
PG-012671,FE-013482,2026-07-03,99836.0,Transferencia
PG-012672,FE-013591,2026-07-03,805643.0,PSE
PG-012673,FE-013678,2026-07-03,843497.0,Transferencia
PG-012674,FE-013775,2026-07-03,906065.0,PSE
PG-012675,FE-011326,2026-07-04,5073020.0,Transferencia
PG-012676,FE-011557,2026-07-04,2349161.0,Transferencia
PG-012677,FE-011698,2026-07-04,2865150.0,PSE
PG-012678,FE-011731,2026-07-04,3320766.0,Transferencia
PG-012679,FE-011760,2026-07-04,2266700.0,Transferencia
PG-012680,FE-011817,2026-07-04,1104205.0,Transferencia
PG-012681,FE-011863,2026-07-04,3465205.0,Transferencia
PG-012682,FE-011886,2026-07-04,6398635.0,Transferencia
PG-012683,FE-011903,2026-07-04,540475.0,Transferencia
PG-012684,FE-011934,2026-07-04,1109943.0,Transferencia
PG-012685,FE-011972,2026-07-04,611629.0,Transferencia
PG-012686,FE-012054,2026-07-04,1197717.0,Transferencia
PG-012687,FE-012197,2026-07-04,1614641.0,Transferencia
PG-012688,FE-012200,2026-07-04,4878441.0,PSE
PG-012689,FE-012204,2026-07-04,1120998.0,Transferencia
PG-012690,FE-012232,2026-07-04,1052027.0,PSE
PG-012691,FE-012312,2026-07-04,5357562.0,PSE
PG-012692,FE-012361,2026-07-04,2268974.0,Consignación
PG-012693,FE-012396,2026-07-04,3304000.0,Transferencia
PG-012694,FE-012439,2026-07-04,564472.0,PSE
PG-012695,FE-012510,2026-07-04,1288505.0,Transferencia
PG-012696,FE-012532,2026-07-04,3112983.0,Transferencia
PG-012697,FE-012533,2026-07-04,122631.0,Transferencia
PG-012698,FE-012547,2026-07-04,955651.0,Transferencia
PG-012699,FE-012635,2026-07-04,285590.0,Transferencia
PG-012700,FE-012642,2026-07-04,2021292.0,PSE
PG-012701,FE-012647,2026-07-04,2525641.0,PSE
PG-012702,FE-012664,2026-07-04,607244.0,Transferencia
PG-012703,FE-012679,2026-07-04,3735539.0,Transferencia
PG-012704,FE-012684,2026-07-04,3937948.0,Cheque
PG-012705,FE-012757,2026-07-04,253220.0,Transferencia
PG-012706,FE-012771,2026-07-04,4983593.0,Transferencia
PG-012707,FE-012787,2026-07-04,131716.0,Transferencia
PG-012708,FE-012824,2026-07-04,353144.0,Transferencia
PG-012709,FE-012828,2026-07-04,1356605.0,Transferencia
PG-012710,FE-012843,2026-07-04,203770.0,Transferencia
PG-012711,FE-012867,2026-07-04,378763.0,Transferencia
PG-012712,FE-012925,2026-07-04,455920.0,Transferencia
PG-012713,FE-012944,2026-07-04,2093588.0,Transferencia
PG-012714,FE-013024,2026-07-04,1776226.0,Transferencia
PG-012715,FE-013153,2026-07-04,496905.0,Cheque
PG-012716,FE-013186,2026-07-04,359386.0,Transferencia
PG-012717,FE-013206,2026-07-04,181295.0,Transferencia
PG-012718,FE-013241,2026-07-04,487561.0,Transferencia
PG-012719,FE-013292,2026-07-04,518587.0,Transferencia
PG-012720,FE-013343,2026-07-04,125365.0,Transferencia
PG-012721,FE-013397,2026-07-04,491156.0,Transferencia
PG-012722,FE-013452,2026-07-04,1025318.0,Transferencia
PG-012723,FE-013465,2026-07-04,353518.0,PSE
PG-012724,FE-013622,2026-07-04,245160.0,PSE
PG-012725,FE-013811,2026-07-04,191795.0,Consignación
PG-012726,FE-014148,2026-07-04,74130.0,Transferencia
PG-012727,FE-011583,2026-07-05,6111018.0,PSE
PG-012728,FE-011649,2026-07-05,5640347.0,Transferencia
PG-012729,FE-011689,2026-07-05,3007456.0,PSE
PG-012730,FE-011885,2026-07-05,15552679.0,Consignación
PG-012731,FE-011952,2026-07-05,4817909.0,PSE
PG-012732,FE-012034,2026-07-05,3251470.0,PSE
PG-012733,FE-012072,2026-07-05,7411569.0,Transferencia
PG-012734,FE-012115,2026-07-05,3498338.0,Cheque
PG-012735,FE-012130,2026-07-05,4550915.0,Transferencia
PG-012736,FE-012137,2026-07-05,1720685.0,Consignación
PG-012737,FE-012246,2026-07-05,27234.0,Consignación
PG-012738,FE-012329,2026-07-05,657437.0,Transferencia
PG-012739,FE-012359,2026-07-05,985920.0,Transferencia
PG-012740,FE-012447,2026-07-05,849774.0,Transferencia
PG-012741,FE-012455,2026-07-05,5641604.0,Transferencia
PG-012742,FE-012482,2026-07-05,598562.0,Transferencia
PG-012743,FE-012554,2026-07-05,1116808.0,Consignación
PG-012744,FE-012576,2026-07-05,3065245.0,Cheque
PG-012745,FE-012659,2026-07-05,3064762.0,Consignación
PG-012746,FE-012725,2026-07-05,1224292.0,PSE
PG-012747,FE-012728,2026-07-05,1096393.0,Transferencia
PG-012748,FE-012763,2026-07-05,4912683.0,Consignación
PG-012749,FE-012845,2026-07-05,578994.0,Consignación
PG-012750,FE-012911,2026-07-05,2194378.0,Transferencia
PG-012751,FE-012920,2026-07-05,2026625.0,Transferencia
PG-012752,FE-013004,2026-07-05,61743.0,Transferencia
PG-012753,FE-013011,2026-07-05,161545.0,PSE
PG-012754,FE-013023,2026-07-05,74907.0,Transferencia
PG-012755,FE-013049,2026-07-05,790609.0,Transferencia
PG-012756,FE-013102,2026-07-05,649007.0,Consignación
PG-012757,FE-013129,2026-07-05,408872.0,Transferencia
PG-012758,FE-013136,2026-07-05,1058806.0,Transferencia
PG-012759,FE-013160,2026-07-05,126022.0,Transferencia
PG-012760,FE-013165,2026-07-05,290778.0,Transferencia
PG-012761,FE-013179,2026-07-05,168252.0,Transferencia
PG-012762,FE-013210,2026-07-05,126180.0,PSE
PG-012763,FE-013216,2026-07-05,121542.0,Transferencia
PG-012764,FE-013250,2026-07-05,397577.0,Transferencia
PG-012765,FE-013296,2026-07-05,674732.0,Consignación
PG-012766,FE-013326,2026-07-05,849342.0,Transferencia
PG-012767,FE-013337,2026-07-05,107219.0,Transferencia
PG-012768,FE-013359,2026-07-05,586913.0,Cheque
PG-012769,FE-013457,2026-07-05,410421.0,Transferencia
PG-012770,FE-013494,2026-07-05,279944.0,PSE
PG-012771,FE-013502,2026-07-05,282079.0,Transferencia
PG-012772,FE-013570,2026-07-05,485973.0,Transferencia
PG-012773,FE-013639,2026-07-05,204264.0,Consignación
PG-012774,FE-013664,2026-07-05,179609.0,Consignación
PG-012775,FE-013824,2026-07-05,171018.0,PSE
PG-012776,FE-011834,2026-07-06,1989494.0,Transferencia
PG-012777,FE-011995,2026-07-06,3756339.0,Transferencia
PG-012778,FE-012002,2026-07-06,883992.0,PSE
PG-012779,FE-012028,2026-07-06,1497100.0,PSE
PG-012780,FE-012104,2026-07-06,1183043.0,Transferencia
PG-012781,FE-012121,2026-07-06,1130326.0,Transferencia
PG-012782,FE-012158,2026-07-06,83558.0,Transferencia
PG-012783,FE-012218,2026-07-06,5468693.0,Transferencia
PG-012784,FE-012280,2026-07-06,1141891.0,PSE
PG-012785,FE-012334,2026-07-06,124285.0,Cheque
PG-012786,FE-012531,2026-07-06,1809077.0,Transferencia
PG-012787,FE-012535,2026-07-06,1449093.0,Transferencia
PG-012788,FE-012541,2026-07-06,1624586.0,Transferencia
PG-012789,FE-012561,2026-07-06,1859310.0,Transferencia
PG-012790,FE-012588,2026-07-06,342669.0,Cheque
PG-012791,FE-012590,2026-07-06,888117.0,Transferencia
PG-012792,FE-012600,2026-07-06,1188610.0,Transferencia
PG-012793,FE-012603,2026-07-06,397687.0,Transferencia
PG-012794,FE-012609,2026-07-06,4944575.0,Transferencia
PG-012795,FE-012672,2026-07-06,1546748.0,Transferencia
PG-012796,FE-012711,2026-07-06,676469.0,Consignación
PG-012797,FE-012751,2026-07-06,305480.0,Cheque
PG-012798,FE-012784,2026-07-06,1664742.0,Transferencia
PG-012799,FE-012840,2026-07-06,24588.0,Transferencia
PG-012800,FE-012875,2026-07-06,722824.0,PSE
PG-012801,FE-012877,2026-07-06,323192.0,Transferencia
PG-012802,FE-012933,2026-07-06,456566.0,Consignación
PG-012803,FE-012936,2026-07-06,632479.0,Cheque
PG-012804,FE-012947,2026-07-06,1426363.0,Consignación
PG-012805,FE-012956,2026-07-06,5844270.0,Cheque
PG-012806,FE-012978,2026-07-06,187870.0,Transferencia
PG-012807,FE-012980,2026-07-06,294166.0,Transferencia
PG-012808,FE-013035,2026-07-06,941852.0,Transferencia
PG-012809,FE-013098,2026-07-06,640691.0,Transferencia
PG-012810,FE-013176,2026-07-06,890479.0,Transferencia
PG-012811,FE-013251,2026-07-06,434902.0,Transferencia
PG-012812,FE-013267,2026-07-06,776745.0,PSE
PG-012813,FE-013308,2026-07-06,454173.0,PSE
PG-012814,FE-013327,2026-07-06,2027357.0,Transferencia
PG-012815,FE-013351,2026-07-06,157764.0,Cheque
PG-012816,FE-013373,2026-07-06,442528.0,Transferencia
PG-012817,FE-013376,2026-07-06,260546.0,PSE
PG-012818,FE-013437,2026-07-06,301747.0,Consignación
PG-012819,FE-013458,2026-07-06,445463.0,Transferencia
PG-012820,FE-013468,2026-07-06,516317.0,Transferencia
PG-012821,FE-013473,2026-07-06,752921.0,Transferencia
PG-012822,FE-013498,2026-07-06,393149.0,Transferencia
PG-012823,FE-013654,2026-07-06,317447.0,PSE
PG-012824,FE-013679,2026-07-06,189817.0,Transferencia
PG-012825,FE-013781,2026-07-06,844463.0,Transferencia
PG-012826,FE-013782,2026-07-06,385580.0,Transferencia
PG-012827,FE-013855,2026-07-06,169128.0,Transferencia
PG-012828,FE-011592,2026-07-07,1969806.0,Transferencia
PG-012829,FE-011819,2026-07-07,2347006.0,Consignación
PG-012830,FE-011975,2026-07-07,1642471.0,Consignación
PG-012831,FE-012041,2026-07-07,1012901.0,Consignación
PG-012832,FE-012088,2026-07-07,1110251.0,Transferencia
PG-012833,FE-012147,2026-07-07,965478.0,Cheque
PG-012834,FE-012242,2026-07-07,394368.0,Transferencia
PG-012835,FE-012279,2026-07-07,1330902.0,PSE
PG-012836,FE-012338,2026-07-07,489359.0,PSE
PG-012837,FE-012381,2026-07-07,2411436.0,Consignación
PG-012838,FE-012385,2026-07-07,349964.0,PSE
PG-012839,FE-012400,2026-07-07,1342043.0,PSE
PG-012840,FE-012459,2026-07-07,1655827.0,PSE
PG-012841,FE-012523,2026-07-07,560357.0,Transferencia
PG-012842,FE-012594,2026-07-07,1142098.0,Consignación
PG-012843,FE-012716,2026-07-07,1305603.0,Transferencia
PG-012844,FE-012722,2026-07-07,1875347.0,Consignación
PG-012845,FE-012767,2026-07-07,3541972.0,Transferencia
PG-012846,FE-012789,2026-07-07,1613918.0,Transferencia
PG-012847,FE-012790,2026-07-07,2058406.0,Transferencia
PG-012848,FE-012851,2026-07-07,411614.0,Transferencia
PG-012849,FE-012892,2026-07-07,1302781.0,Transferencia
PG-012850,FE-012957,2026-07-07,4859812.0,PSE
PG-012851,FE-012975,2026-07-07,872652.0,PSE
PG-012852,FE-013026,2026-07-07,481428.0,PSE
PG-012853,FE-013041,2026-07-07,3555644.0,Transferencia
PG-012854,FE-013046,2026-07-07,860344.0,Consignación
PG-012855,FE-013191,2026-07-07,2164944.0,Transferencia
PG-012856,FE-013228,2026-07-07,77531.0,PSE
PG-012857,FE-013242,2026-07-07,180430.0,Transferencia
PG-012858,FE-013289,2026-07-07,555425.0,Consignación
PG-012859,FE-013295,2026-07-07,249016.0,Transferencia
PG-012860,FE-013358,2026-07-07,255724.0,PSE
PG-012861,FE-013380,2026-07-07,348209.0,PSE
PG-012862,FE-013410,2026-07-07,415061.0,PSE
PG-012863,FE-013515,2026-07-07,625765.0,PSE
PG-012864,FE-013661,2026-07-07,148314.0,Cheque
PG-012865,FE-013728,2026-07-07,618658.0,Transferencia
PG-012866,FE-013799,2026-07-07,104495.0,Transferencia
PG-012867,FE-013893,2026-07-07,174740.0,Transferencia
PG-012868,FE-011754,2026-07-08,3331428.0,PSE
PG-012869,FE-011814,2026-07-08,1752989.0,Transferencia
PG-012870,FE-011998,2026-07-08,3221073.0,Cheque
PG-012871,FE-012339,2026-07-08,217227.0,Transferencia
PG-012872,FE-012370,2026-07-08,521441.0,Transferencia
PG-012873,FE-012456,2026-07-08,217021.0,PSE
PG-012874,FE-012489,2026-07-08,1187227.0,PSE
PG-012875,FE-012577,2026-07-08,3344609.0,Transferencia
PG-012876,FE-012598,2026-07-08,1229120.0,Transferencia
PG-012877,FE-012618,2026-07-08,1025014.0,PSE
PG-012878,FE-012630,2026-07-08,993035.0,Transferencia
PG-012879,FE-012700,2026-07-08,1522150.0,Transferencia
PG-012880,FE-012706,2026-07-08,345190.0,Transferencia
PG-012881,FE-012743,2026-07-08,666346.0,Transferencia
PG-012882,FE-012748,2026-07-08,3091367.0,Transferencia
PG-012883,FE-012750,2026-07-08,76851.0,Transferencia
PG-012884,FE-012804,2026-07-08,261098.0,Transferencia
PG-012885,FE-012805,2026-07-08,741301.0,PSE
PG-012886,FE-012806,2026-07-08,39913.0,PSE
PG-012887,FE-012832,2026-07-08,931956.0,Transferencia
PG-012888,FE-012852,2026-07-08,3707896.0,Cheque
PG-012889,FE-012866,2026-07-08,221823.0,Transferencia
PG-012890,FE-012872,2026-07-08,250574.0,Transferencia
PG-012891,FE-012894,2026-07-08,1439492.0,Consignación
PG-012892,FE-012902,2026-07-08,904454.0,Transferencia
PG-012893,FE-012930,2026-07-08,2453743.0,Transferencia
PG-012894,FE-013075,2026-07-08,1206142.0,Transferencia
PG-012895,FE-013093,2026-07-08,541268.0,Cheque
PG-012896,FE-013152,2026-07-08,835012.0,Transferencia
PG-012897,FE-013184,2026-07-08,1845771.0,Transferencia
PG-012898,FE-013203,2026-07-08,187163.0,Transferencia
PG-012899,FE-013214,2026-07-08,236809.0,Transferencia
PG-012900,FE-013274,2026-07-08,5727455.0,Transferencia
PG-012901,FE-013341,2026-07-08,3153442.0,PSE
PG-012902,FE-013342,2026-07-08,552794.0,Consignación
PG-012903,FE-013352,2026-07-08,425295.0,Cheque
PG-012904,FE-013425,2026-07-08,226837.0,PSE
PG-012905,FE-013450,2026-07-08,38556.0,Transferencia
PG-012906,FE-013480,2026-07-08,331540.0,Transferencia
PG-012907,FE-013529,2026-07-08,459993.0,Consignación
PG-012908,FE-013550,2026-07-08,1420520.0,Transferencia
PG-012909,FE-013614,2026-07-08,426855.0,Cheque
PG-012910,FE-013724,2026-07-08,953185.0,Transferencia
PG-012911,FE-013788,2026-07-08,891060.0,Transferencia
PG-012912,FE-013827,2026-07-08,407851.0,Transferencia
PG-012913,FE-013914,2026-07-08,547833.0,Consignación
PG-012914,FE-013952,2026-07-08,953576.0,Transferencia
PG-012915,FE-013975,2026-07-08,235149.0,Transferencia
PG-012916,FE-014270,2026-07-08,990833.0,Consignación
PG-012917,FE-011728,2026-07-09,7130363.0,Cheque
PG-012918,FE-011981,2026-07-09,1573079.0,Transferencia
PG-012919,FE-011989,2026-07-09,1243983.0,Transferencia
PG-012920,FE-012113,2026-07-09,3777041.0,Transferencia
PG-012921,FE-012208,2026-07-09,2093560.0,Transferencia
PG-012922,FE-012304,2026-07-09,1682354.0,Transferencia
PG-012923,FE-012356,2026-07-09,638970.0,Transferencia
PG-012924,FE-012493,2026-07-09,473070.0,Consignación
PG-012925,FE-012504,2026-07-09,6205119.0,Transferencia
PG-012926,FE-012516,2026-07-09,1569368.0,PSE
PG-012927,FE-012518,2026-07-09,2132650.0,Transferencia
PG-012928,FE-012545,2026-07-09,175441.0,Transferencia
PG-012929,FE-012571,2026-07-09,748247.0,PSE
PG-012930,FE-012597,2026-07-09,824394.0,Cheque
PG-012931,FE-012599,2026-07-09,671576.0,Transferencia
PG-012932,FE-012607,2026-07-09,723969.0,Consignación
PG-012933,FE-012608,2026-07-09,1007086.0,Transferencia
PG-012934,FE-012615,2026-07-09,1084019.0,PSE
PG-012935,FE-012658,2026-07-09,386214.0,PSE
PG-012936,FE-012696,2026-07-09,2332380.0,Transferencia
PG-012937,FE-012699,2026-07-09,2114788.0,Consignación
PG-012938,FE-012742,2026-07-09,1107684.0,PSE
PG-012939,FE-012762,2026-07-09,3435338.0,PSE
PG-012940,FE-012770,2026-07-09,131477.0,Transferencia
PG-012941,FE-012811,2026-07-09,2884702.0,Consignación
PG-012942,FE-012816,2026-07-09,2555514.0,Transferencia
PG-012943,FE-012836,2026-07-09,3125151.0,Consignación
PG-012944,FE-012854,2026-07-09,2976821.0,Transferencia
PG-012945,FE-012861,2026-07-09,1664015.0,PSE
PG-012946,FE-012903,2026-07-09,1120804.0,Transferencia
PG-012947,FE-012987,2026-07-09,7633955.0,Consignación
PG-012948,FE-013000,2026-07-09,109415.0,Transferencia
PG-012949,FE-013034,2026-07-09,15805009.0,Transferencia
PG-012950,FE-013074,2026-07-09,4070158.0,Transferencia
PG-012951,FE-013110,2026-07-09,2623203.0,Transferencia
PG-012952,FE-013121,2026-07-09,1406252.0,Consignación
PG-012953,FE-013137,2026-07-09,1093643.0,Consignación
PG-012954,FE-013237,2026-07-09,114029.0,PSE
PG-012955,FE-013257,2026-07-09,3041702.0,Transferencia
PG-012956,FE-013378,2026-07-09,1052005.0,Transferencia
PG-012957,FE-013396,2026-07-09,566778.0,Cheque
PG-012958,FE-013399,2026-07-09,201585.0,Consignación
PG-012959,FE-013414,2026-07-09,557450.0,Transferencia
PG-012960,FE-013446,2026-07-09,127631.0,Transferencia
PG-012961,FE-013447,2026-07-09,7962363.0,PSE
PG-012962,FE-013460,2026-07-09,245878.0,PSE
PG-012963,FE-013536,2026-07-09,343840.0,Transferencia
PG-012964,FE-013578,2026-07-09,750272.0,PSE
PG-012965,FE-013613,2026-07-09,145660.0,Transferencia
PG-012966,FE-013662,2026-07-09,852302.0,PSE
PG-012967,FE-013667,2026-07-09,196461.0,PSE
PG-012968,FE-013692,2026-07-09,90078.0,Transferencia
PG-012969,FE-013761,2026-07-09,316107.0,Consignación
PG-012970,FE-013773,2026-07-09,339757.0,PSE
PG-012971,FE-013779,2026-07-09,1027077.0,Transferencia
PG-012972,FE-013828,2026-07-09,197173.0,Transferencia
PG-012973,FE-011640,2026-07-10,4961171.0,Transferencia
PG-012974,FE-011764,2026-07-10,3927776.0,Transferencia
PG-012975,FE-011861,2026-07-10,1723608.0,Transferencia
PG-012976,FE-011867,2026-07-10,6771907.0,Consignación
PG-012977,FE-011887,2026-07-10,6173865.0,Transferencia
PG-012978,FE-012171,2026-07-10,1195979.0,Transferencia
PG-012979,FE-012308,2026-07-10,1472398.0,Transferencia
PG-012980,FE-012321,2026-07-10,1003065.0,Transferencia
PG-012981,FE-012353,2026-07-10,7166773.0,Transferencia
PG-012982,FE-012362,2026-07-10,4622758.0,Transferencia
PG-012983,FE-012425,2026-07-10,1246895.0,PSE
PG-012984,FE-012478,2026-07-10,607334.0,Transferencia
PG-012985,FE-012505,2026-07-10,3324401.0,Transferencia
PG-012986,FE-012698,2026-07-10,418674.0,Transferencia
PG-012987,FE-012730,2026-07-10,255937.0,Transferencia
PG-012988,FE-012732,2026-07-10,102334.0,Transferencia
PG-012989,FE-012734,2026-07-10,507549.0,Transferencia
PG-012990,FE-012793,2026-07-10,913091.0,PSE
PG-012991,FE-012819,2026-07-10,301360.0,PSE
PG-012992,FE-012884,2026-07-10,358176.0,Transferencia
PG-012993,FE-012910,2026-07-10,598063.0,Transferencia
PG-012994,FE-012922,2026-07-10,670895.0,Transferencia
PG-012995,FE-012983,2026-07-10,1920583.0,PSE
PG-012996,FE-012997,2026-07-10,700251.0,Transferencia
PG-012997,FE-013071,2026-07-10,2842313.0,Transferencia
PG-012998,FE-013097,2026-07-10,192901.0,Transferencia
PG-012999,FE-013159,2026-07-10,2511456.0,Transferencia
PG-013000,FE-013181,2026-07-10,1892470.0,PSE
PG-013001,FE-013204,2026-07-10,3081500.0,Transferencia
PG-013002,FE-013232,2026-07-10,2500561.0,Transferencia
PG-013003,FE-013270,2026-07-10,736454.0,Consignación
PG-013004,FE-013276,2026-07-10,3159650.0,Consignación
PG-013005,FE-013301,2026-07-10,75297.0,Transferencia
PG-013006,FE-013321,2026-07-10,693819.0,Cheque
PG-013007,FE-013353,2026-07-10,184354.0,PSE
PG-013008,FE-013363,2026-07-10,503033.0,Transferencia
PG-013009,FE-013371,2026-07-10,1451257.0,PSE
PG-013010,FE-013398,2026-07-10,188659.0,Cheque
PG-013011,FE-013436,2026-07-10,683618.0,Transferencia
PG-013012,FE-013442,2026-07-10,124159.0,Transferencia
PG-013013,FE-013467,2026-07-10,119249.0,Consignación
PG-013014,FE-013525,2026-07-10,307927.0,Transferencia
PG-013015,FE-013574,2026-07-10,959313.0,Consignación
PG-013016,FE-013600,2026-07-10,44796.0,PSE
PG-013017,FE-013637,2026-07-10,677477.0,Cheque
PG-013018,FE-013698,2026-07-10,537741.0,Transferencia
PG-013019,FE-013822,2026-07-10,1154508.0,Transferencia
PG-013020,FE-013929,2026-07-10,418243.0,Transferencia
PG-013021,FE-013976,2026-07-10,786193.0,Transferencia
PG-013022,FE-014014,2026-07-10,159928.0,Transferencia
PG-013023,FE-014016,2026-07-10,450739.0,Transferencia
PG-013024,FE-014029,2026-07-10,272064.0,Transferencia
PG-013025,FE-014038,2026-07-10,407677.0,Transferencia
PG-013026,FE-014047,2026-07-10,495792.0,Cheque
PG-013027,FE-014074,2026-07-10,255053.0,Transferencia
PG-013028,FE-014179,2026-07-10,1139774.0,Transferencia
PG-013029,FE-014251,2026-07-10,299045.0,Consignación
PG-013030,FE-011675,2026-07-11,1764329.0,Transferencia
PG-013031,FE-011820,2026-07-11,9807328.0,Cheque
PG-013032,FE-011918,2026-07-11,4541374.0,Cheque
PG-013033,FE-012136,2026-07-11,952428.0,Transferencia
PG-013034,FE-012181,2026-07-11,1193115.0,Transferencia
PG-013035,FE-012238,2026-07-11,332550.0,Consignación
PG-013036,FE-012411,2026-07-11,6082395.0,PSE
PG-013037,FE-012469,2026-07-11,186717.0,Transferencia
PG-013038,FE-012586,2026-07-11,2766738.0,PSE
PG-013039,FE-012707,2026-07-11,120225.0,Consignación
PG-013040,FE-012724,2026-07-11,1068344.0,Transferencia
PG-013041,FE-012749,2026-07-11,2849094.0,Transferencia
PG-013042,FE-012752,2026-07-11,828655.0,Transferencia
PG-013043,FE-012756,2026-07-11,1398505.0,PSE
PG-013044,FE-012783,2026-07-11,4147631.0,Transferencia
PG-013045,FE-012833,2026-07-11,2008239.0,Transferencia
PG-013046,FE-012912,2026-07-11,212820.0,Transferencia
PG-013047,FE-012923,2026-07-11,1439929.0,Consignación
PG-013048,FE-013007,2026-07-11,2900580.0,Cheque
PG-013049,FE-013066,2026-07-11,2180113.0,PSE
PG-013050,FE-013072,2026-07-11,4372952.0,Transferencia
PG-013051,FE-013105,2026-07-11,519811.0,Transferencia
PG-013052,FE-013107,2026-07-11,129208.0,Transferencia
PG-013053,FE-013117,2026-07-11,1796992.0,Transferencia
PG-013054,FE-013171,2026-07-11,281396.0,PSE
PG-013055,FE-013173,2026-07-11,264497.0,Consignación
PG-013056,FE-013245,2026-07-11,744614.0,Transferencia
PG-013057,FE-013277,2026-07-11,663242.0,Transferencia
PG-013058,FE-013290,2026-07-11,181342.0,PSE
PG-013059,FE-013293,2026-07-11,1373740.0,Transferencia
PG-013060,FE-013300,2026-07-11,5586726.0,Cheque
PG-013061,FE-013365,2026-07-11,643040.0,Transferencia
PG-013062,FE-013372,2026-07-11,671455.0,Transferencia
PG-013063,FE-013402,2026-07-11,392614.0,Transferencia
PG-013064,FE-013408,2026-07-11,25340.0,PSE
PG-013065,FE-013448,2026-07-11,966958.0,Transferencia
PG-013066,FE-013527,2026-07-11,420188.0,PSE
PG-013067,FE-013538,2026-07-11,229594.0,Transferencia
PG-013068,FE-013549,2026-07-11,450533.0,Transferencia
PG-013069,FE-013604,2026-07-11,279651.0,Transferencia
PG-013070,FE-013617,2026-07-11,361255.0,Consignación
PG-013071,FE-013636,2026-07-11,752038.0,Transferencia
PG-013072,FE-013766,2026-07-11,540978.0,Transferencia
PG-013073,FE-013800,2026-07-11,343167.0,Transferencia
PG-013074,FE-013939,2026-07-11,61603.0,Cheque
PG-013075,FE-013940,2026-07-11,636940.0,Transferencia
PG-013076,FE-014118,2026-07-11,123433.0,Consignación
PG-013077,FE-012182,2026-07-12,4287193.0,Transferencia
PG-013078,FE-012225,2026-07-12,3406520.0,Transferencia
PG-013079,FE-012335,2026-07-12,6063707.0,Transferencia
PG-013080,FE-012349,2026-07-12,3927877.0,PSE
PG-013081,FE-012350,2026-07-12,3588426.0,PSE
PG-013082,FE-012391,2026-07-12,395874.0,Transferencia
PG-013083,FE-012458,2026-07-12,1753081.0,Transferencia
PG-013084,FE-012481,2026-07-12,4224075.0,Transferencia
PG-013085,FE-012556,2026-07-12,1737649.0,Transferencia
PG-013086,FE-012604,2026-07-12,1201629.0,Transferencia
PG-013087,FE-012641,2026-07-12,2811593.0,Transferencia
PG-013088,FE-012726,2026-07-12,1216060.0,PSE
PG-013089,FE-012731,2026-07-12,24510.0,Transferencia
PG-013090,FE-012826,2026-07-12,64506.0,Transferencia
PG-013091,FE-012859,2026-07-12,13701816.0,Transferencia
PG-013092,FE-012874,2026-07-12,1097499.0,Consignación
PG-013093,FE-012888,2026-07-12,6139828.0,Cheque
PG-013094,FE-012915,2026-07-12,1069949.0,Transferencia
PG-013095,FE-012946,2026-07-12,2801913.0,PSE
PG-013096,FE-013001,2026-07-12,126517.0,Transferencia
PG-013097,FE-013012,2026-07-12,3688431.0,PSE
PG-013098,FE-013073,2026-07-12,945257.0,Transferencia
PG-013099,FE-013082,2026-07-12,3652997.0,Transferencia
PG-013100,FE-013124,2026-07-12,111576.0,Transferencia
PG-013101,FE-013256,2026-07-12,479001.0,Transferencia
PG-013102,FE-013263,2026-07-12,3345696.0,Transferencia
PG-013103,FE-013291,2026-07-12,1929119.0,Transferencia
PG-013104,FE-013340,2026-07-12,765586.0,Transferencia
PG-013105,FE-013370,2026-07-12,1798590.0,Consignación
PG-013106,FE-013382,2026-07-12,179561.0,Consignación
PG-013107,FE-013406,2026-07-12,266938.0,Consignación
PG-013108,FE-013451,2026-07-12,98094.0,Transferencia
PG-013109,FE-013530,2026-07-12,356473.0,Transferencia
PG-013110,FE-013564,2026-07-12,1785553.0,Consignación
PG-013111,FE-013603,2026-07-12,1796632.0,PSE
PG-013112,FE-013626,2026-07-12,16421.0,Transferencia
PG-013113,FE-013643,2026-07-12,214780.0,PSE
PG-013114,FE-013711,2026-07-12,366729.0,Consignación
PG-013115,FE-013717,2026-07-12,394818.0,Cheque
PG-013116,FE-013730,2026-07-12,44824.0,Transferencia
PG-013117,FE-013809,2026-07-12,495387.0,Transferencia
PG-013118,FE-013865,2026-07-12,572549.0,Transferencia
PG-013119,FE-013875,2026-07-12,114009.0,Transferencia
PG-013120,FE-013879,2026-07-12,226927.0,Transferencia
PG-013121,FE-013954,2026-07-12,646852.0,PSE
PG-013122,FE-013985,2026-07-12,446129.0,Transferencia
PG-013123,FE-014091,2026-07-12,568768.0,PSE
PG-013124,FE-014162,2026-07-12,514225.0,Transferencia
PG-013125,FE-014173,2026-07-12,466951.0,Transferencia
PG-013126,FE-014248,2026-07-12,152675.0,Cheque
PG-013127,FE-012372,2026-07-13,1640309.0,Transferencia
PG-013128,FE-012373,2026-07-13,1579513.0,Transferencia
PG-013129,FE-012417,2026-07-13,10668667.0,PSE
PG-013130,FE-012653,2026-07-13,3225214.0,Transferencia
PG-013131,FE-012687,2026-07-13,1304113.0,Transferencia
PG-013132,FE-012921,2026-07-13,2628378.0,Consignación
PG-013133,FE-012937,2026-07-13,435527.0,Consignación
PG-013134,FE-012942,2026-07-13,158290.0,Transferencia
PG-013135,FE-013061,2026-07-13,5158228.0,Transferencia
PG-013136,FE-013099,2026-07-13,3198853.0,PSE
PG-013137,FE-013119,2026-07-13,6014881.0,Transferencia
PG-013138,FE-013158,2026-07-13,73610.0,Transferencia
PG-013139,FE-013209,2026-07-13,1270913.0,Transferencia
PG-013140,FE-013269,2026-07-13,676016.0,Transferencia
PG-013141,FE-013344,2026-07-13,2109361.0,Cheque
PG-013142,FE-013405,2026-07-13,413213.0,Transferencia
PG-013143,FE-013517,2026-07-13,862786.0,PSE
PG-013144,FE-013520,2026-07-13,119635.0,Transferencia
PG-013145,FE-013552,2026-07-13,572413.0,Cheque
PG-013146,FE-013559,2026-07-13,310296.0,Transferencia
PG-013147,FE-013652,2026-07-13,580484.0,Cheque
PG-013148,FE-013653,2026-07-13,373108.0,Transferencia
PG-013149,FE-013740,2026-07-13,897693.0,Transferencia
PG-013150,FE-013744,2026-07-13,958474.0,Transferencia
PG-013151,FE-013758,2026-07-13,464327.0,Consignación
PG-013152,FE-013759,2026-07-13,710497.0,PSE
PG-013153,FE-013794,2026-07-13,93283.0,Cheque
PG-013154,FE-013826,2026-07-13,252307.0,Transferencia
PG-013155,FE-013872,2026-07-13,349705.0,Transferencia
PG-013156,FE-013899,2026-07-13,1281952.0,Transferencia
PG-013157,FE-013908,2026-07-13,129370.0,PSE
PG-013158,FE-013928,2026-07-13,977627.0,Transferencia
PG-013159,FE-013933,2026-07-13,771446.0,PSE
PG-013160,FE-013971,2026-07-13,324507.0,PSE
PG-013161,FE-014015,2026-07-13,662945.0,Transferencia
PG-013162,FE-014019,2026-07-13,674579.0,PSE
PG-013163,FE-014083,2026-07-13,857771.0,Transferencia
PG-013164,FE-014167,2026-07-13,818111.0,Transferencia
PG-013165,FE-014306,2026-07-13,138902.0,Transferencia
PG-013166,FE-011833,2026-07-14,4158874.0,Cheque
PG-013167,FE-011877,2026-07-14,2473790.0,Cheque
PG-013168,FE-012067,2026-07-14,12099555.0,Cheque
PG-013169,FE-012110,2026-07-14,10482890.0,PSE
PG-013170,FE-012188,2026-07-14,3498590.0,Transferencia
PG-013171,FE-012294,2026-07-14,4003907.0,PSE
PG-013172,FE-012303,2026-07-14,1175545.0,Transferencia
PG-013173,FE-012410,2026-07-14,7257304.0,PSE
PG-013174,FE-012448,2026-07-14,1301616.0,Consignación
PG-013175,FE-012500,2026-07-14,552544.0,PSE
PG-013176,FE-012512,2026-07-14,843009.0,PSE
PG-013177,FE-012514,2026-07-14,4498801.0,Transferencia
PG-013178,FE-012619,2026-07-14,690067.0,PSE
PG-013179,FE-012632,2026-07-14,853902.0,Transferencia
PG-013180,FE-012755,2026-07-14,3163101.0,PSE
PG-013181,FE-012788,2026-07-14,2518678.0,Transferencia
PG-013182,FE-012797,2026-07-14,1636063.0,PSE
PG-013183,FE-012827,2026-07-14,1671204.0,Consignación
PG-013184,FE-012837,2026-07-14,2595457.0,Transferencia
PG-013185,FE-012844,2026-07-14,724066.0,Transferencia
PG-013186,FE-012948,2026-07-14,514293.0,Cheque
PG-013187,FE-012955,2026-07-14,987118.0,Transferencia
PG-013188,FE-012966,2026-07-14,1559903.0,Transferencia
PG-013189,FE-013025,2026-07-14,4141386.0,Transferencia
PG-013190,FE-013028,2026-07-14,289170.0,PSE
PG-013191,FE-013042,2026-07-14,536434.0,PSE
PG-013192,FE-013058,2026-07-14,496215.0,Consignación
PG-013193,FE-013068,2026-07-14,1305870.0,PSE
PG-013194,FE-013069,2026-07-14,890721.0,Consignación
PG-013195,FE-013116,2026-07-14,8806574.0,Transferencia
PG-013196,FE-013140,2026-07-14,1015060.0,Transferencia
PG-013197,FE-013148,2026-07-14,3148927.0,Consignación
PG-013198,FE-013150,2026-07-14,6294035.0,Transferencia
PG-013199,FE-013164,2026-07-14,2772719.0,Transferencia
PG-013200,FE-013182,2026-07-14,181842.0,PSE
PG-013201,FE-013185,2026-07-14,288513.0,Transferencia
PG-013202,FE-013197,2026-07-14,1433542.0,PSE
PG-013203,FE-013310,2026-07-14,549294.0,PSE
PG-013204,FE-013478,2026-07-14,153342.0,PSE
PG-013205,FE-013612,2026-07-14,207894.0,PSE
PG-013206,FE-013651,2026-07-14,879603.0,Transferencia
PG-013207,FE-013673,2026-07-14,344249.0,Cheque
PG-013208,FE-013685,2026-07-14,1707187.0,PSE
PG-013209,FE-013710,2026-07-14,149556.0,Transferencia
PG-013210,FE-013727,2026-07-14,357195.0,Transferencia
PG-013211,FE-013834,2026-07-14,3714966.0,Cheque
PG-013212,FE-013867,2026-07-14,254784.0,Transferencia
PG-013213,FE-013950,2026-07-14,643846.0,Transferencia
PG-013214,FE-013970,2026-07-14,357262.0,Transferencia
PG-013215,FE-014108,2026-07-14,362497.0,Transferencia
PG-013216,FE-014238,2026-07-14,160875.0,Transferencia
PG-013217,FE-012198,2026-07-15,7118567.0,Transferencia
PG-013218,FE-012224,2026-07-15,3251251.0,Transferencia
PG-013219,FE-012249,2026-07-15,6410609.0,Transferencia
PG-013220,FE-012327,2026-07-15,788997.0,Consignación
PG-013221,FE-012388,2026-07-15,414464.0,Consignación
PG-013222,FE-012432,2026-07-15,960498.0,PSE
PG-013223,FE-012495,2026-07-15,6284196.0,Transferencia
PG-013224,FE-012524,2026-07-15,4113597.0,Consignación
PG-013225,FE-012638,2026-07-15,7364329.0,Transferencia
PG-013226,FE-012686,2026-07-15,2085362.0,Transferencia
PG-013227,FE-012690,2026-07-15,4353811.0,Transferencia
PG-013228,FE-012727,2026-07-15,150902.0,Transferencia
PG-013229,FE-012745,2026-07-15,3074123.0,Transferencia
PG-013230,FE-012799,2026-07-15,1945405.0,Transferencia
PG-013231,FE-012807,2026-07-15,527219.0,Transferencia
PG-013232,FE-012950,2026-07-15,369463.0,Transferencia
PG-013233,FE-012960,2026-07-15,445650.0,PSE
PG-013234,FE-012979,2026-07-15,549753.0,PSE
PG-013235,FE-012989,2026-07-15,4601229.0,Transferencia
PG-013236,FE-013016,2026-07-15,5257024.0,Transferencia
PG-013237,FE-013056,2026-07-15,474341.0,Consignación
PG-013238,FE-013092,2026-07-15,435555.0,Transferencia
PG-013239,FE-013112,2026-07-15,737547.0,Transferencia
PG-013240,FE-013114,2026-07-15,1934293.0,Cheque
PG-013241,FE-013168,2026-07-15,595549.0,Transferencia
PG-013242,FE-013174,2026-07-15,899675.0,Consignación
PG-013243,FE-013178,2026-07-15,1452115.0,Transferencia
PG-013244,FE-013198,2026-07-15,405209.0,Transferencia
PG-013245,FE-013297,2026-07-15,93054.0,Transferencia
PG-013246,FE-013338,2026-07-15,2303208.0,Transferencia
PG-013247,FE-013368,2026-07-15,26989.0,Transferencia
PG-013248,FE-013453,2026-07-15,882962.0,Transferencia
PG-013249,FE-013464,2026-07-15,166718.0,Consignación
PG-013250,FE-013491,2026-07-15,99027.0,PSE
PG-013251,FE-013497,2026-07-15,642895.0,PSE
PG-013252,FE-013560,2026-07-15,275047.0,Transferencia
PG-013253,FE-013621,2026-07-15,262331.0,Cheque
PG-013254,FE-013688,2026-07-15,433862.0,Cheque
PG-013255,FE-013700,2026-07-15,574458.0,Transferencia
PG-013256,FE-013739,2026-07-15,560720.0,Transferencia
PG-013257,FE-013747,2026-07-15,307145.0,Transferencia
PG-013258,FE-013764,2026-07-15,646185.0,Transferencia
PG-013259,FE-013787,2026-07-15,220524.0,Transferencia
PG-013260,FE-013802,2026-07-15,316865.0,Consignación
PG-013261,FE-013836,2026-07-15,249134.0,Transferencia
PG-013262,FE-013849,2026-07-15,76646.0,Transferencia
PG-013263,FE-013878,2026-07-15,88089.0,Transferencia
PG-013264,FE-013927,2026-07-15,20495.0,PSE
PG-013265,FE-013995,2026-07-15,337545.0,Transferencia
PG-013266,FE-014039,2026-07-15,601545.0,Cheque
PG-013267,FE-014223,2026-07-15,808901.0,PSE
PG-013268,FE-014249,2026-07-15,220407.0,Transferencia
PG-013269,FE-014271,2026-07-15,159553.0,Transferencia
PG-013270,FE-014346,2026-07-15,538204.0,Transferencia
PG-013271,FE-014352,2026-07-15,383036.0,Transferencia
PG-013272,FE-014436,2026-07-15,376803.0,PSE
PG-013273,FE-014558,2026-07-15,539201.0,Consignación
PG-013274,FE-012189,2026-07-16,453624.0,Consignación
PG-013275,FE-012299,2026-07-16,6606268.0,PSE
PG-013276,FE-012498,2026-07-16,1719769.0,Transferencia
PG-013277,FE-012649,2026-07-16,895580.0,Cheque
PG-013278,FE-012674,2026-07-16,2086306.0,PSE
PG-013279,FE-012710,2026-07-16,3220230.0,Transferencia
PG-013280,FE-012801,2026-07-16,48488.0,Transferencia
PG-013281,FE-012834,2026-07-16,942062.0,Cheque
PG-013282,FE-012839,2026-07-16,3283504.0,Transferencia
PG-013283,FE-012858,2026-07-16,511736.0,Transferencia
PG-013284,FE-012939,2026-07-16,1178214.0,Consignación
PG-013285,FE-012953,2026-07-16,2466880.0,Cheque
PG-013286,FE-012981,2026-07-16,2121374.0,Transferencia
PG-013287,FE-013017,2026-07-16,1202316.0,Transferencia
PG-013288,FE-013030,2026-07-16,6303400.0,Transferencia
PG-013289,FE-013040,2026-07-16,661582.0,Consignación
PG-013290,FE-013064,2026-07-16,4198822.0,Transferencia
PG-013291,FE-013106,2026-07-16,878419.0,Transferencia
PG-013292,FE-013141,2026-07-16,1409055.0,Transferencia
PG-013293,FE-013156,2026-07-16,661337.0,PSE
PG-013294,FE-013177,2026-07-16,6124416.0,PSE
PG-013295,FE-013194,2026-07-16,842267.0,PSE
PG-013296,FE-013223,2026-07-16,599001.0,Cheque
PG-013297,FE-013258,2026-07-16,980059.0,Transferencia
PG-013298,FE-013304,2026-07-16,6620251.0,Transferencia
PG-013299,FE-013306,2026-07-16,1537769.0,Transferencia
PG-013300,FE-013313,2026-07-16,646869.0,Transferencia
PG-013301,FE-013361,2026-07-16,864151.0,Transferencia
PG-013302,FE-013456,2026-07-16,2068147.0,Transferencia
PG-013303,FE-013472,2026-07-16,642927.0,Transferencia
PG-013304,FE-013485,2026-07-16,239852.0,PSE
PG-013305,FE-013524,2026-07-16,2048602.0,Transferencia
PG-013306,FE-013543,2026-07-16,185250.0,Consignación
PG-013307,FE-013669,2026-07-16,274528.0,Transferencia
PG-013308,FE-013731,2026-07-16,599745.0,Consignación
PG-013309,FE-013743,2026-07-16,200295.0,PSE
PG-013310,FE-013752,2026-07-16,631584.0,Cheque
PG-013311,FE-013797,2026-07-16,506151.0,Transferencia
PG-013312,FE-013840,2026-07-16,46280.0,Consignación
PG-013313,FE-013846,2026-07-16,147691.0,PSE
PG-013314,FE-013866,2026-07-16,335104.0,PSE
PG-013315,FE-013941,2026-07-16,91106.0,PSE
PG-013316,FE-014066,2026-07-16,473046.0,Consignación
PG-013317,FE-014093,2026-07-16,254268.0,Cheque
PG-013318,FE-014109,2026-07-16,518103.0,Transferencia
PG-013319,FE-014112,2026-07-16,663475.0,Transferencia
PG-013320,FE-014219,2026-07-16,157351.0,PSE
PG-013321,FE-014276,2026-07-16,526111.0,Transferencia
PG-013322,FE-014278,2026-07-16,455909.0,Cheque
PG-013323,FE-012095,2026-07-17,875613.0,Transferencia
PG-013324,FE-012574,2026-07-17,1353405.0,Consignación
PG-013325,FE-012614,2026-07-17,956837.0,Transferencia
PG-013326,FE-012689,2026-07-17,220849.0,Transferencia
PG-013327,FE-012717,2026-07-17,6151437.0,Transferencia
PG-013328,FE-012810,2026-07-17,3636570.0,PSE
PG-013329,FE-012870,2026-07-17,276454.0,Transferencia
PG-013330,FE-012916,2026-07-17,795333.0,Transferencia
PG-013331,FE-012940,2026-07-17,221717.0,Cheque
PG-013332,FE-012945,2026-07-17,1158710.0,Transferencia
PG-013333,FE-012992,2026-07-17,1076545.0,Transferencia
PG-013334,FE-012993,2026-07-17,969212.0,Cheque
PG-013335,FE-013013,2026-07-17,3998231.0,Transferencia
PG-013336,FE-013022,2026-07-17,1128938.0,Transferencia
PG-013337,FE-013081,2026-07-17,1829992.0,Consignación
PG-013338,FE-013113,2026-07-17,247989.0,Transferencia
PG-013339,FE-013126,2026-07-17,558565.0,Transferencia
PG-013340,FE-013127,2026-07-17,6446624.0,Transferencia
PG-013341,FE-013151,2026-07-17,2674094.0,Transferencia
PG-013342,FE-013166,2026-07-17,4066792.0,Transferencia
PG-013343,FE-013222,2026-07-17,654656.0,Transferencia
PG-013344,FE-013299,2026-07-17,1539834.0,Transferencia
PG-013345,FE-013335,2026-07-17,535861.0,PSE
PG-013346,FE-013489,2026-07-17,11261030.0,Transferencia
PG-013347,FE-013514,2026-07-17,432839.0,PSE
PG-013348,FE-013594,2026-07-17,492654.0,Transferencia
PG-013349,FE-013630,2026-07-17,536168.0,PSE
PG-013350,FE-013686,2026-07-17,6423581.0,Consignación
PG-013351,FE-013760,2026-07-17,749824.0,Consignación
PG-013352,FE-013815,2026-07-17,293596.0,Transferencia
PG-013353,FE-013871,2026-07-17,63672.0,PSE
PG-013354,FE-013890,2026-07-17,358108.0,Consignación
PG-013355,FE-013903,2026-07-17,23378.0,Transferencia
PG-013356,FE-013905,2026-07-17,210550.0,Transferencia
PG-013357,FE-013967,2026-07-17,311084.0,Cheque
PG-013358,FE-013974,2026-07-17,220596.0,Cheque
PG-013359,FE-014035,2026-07-17,705155.0,Transferencia
PG-013360,FE-014099,2026-07-17,727432.0,Transferencia
PG-013361,FE-014122,2026-07-17,128973.0,Transferencia
PG-013362,FE-014128,2026-07-17,90286.0,Transferencia
PG-013363,FE-014359,2026-07-17,537002.0,Consignación
PG-013364,FE-014372,2026-07-17,379095.0,PSE
PG-013365,FE-014377,2026-07-17,371217.0,Transferencia
PG-013366,FE-014437,2026-07-17,146748.0,Transferencia
PG-013367,FE-014488,2026-07-17,1368933.0,Transferencia
PG-013368,FE-014604,2026-07-17,429987.0,Transferencia
PG-013369,FE-012040,2026-07-18,3567682.0,Transferencia
PG-013370,FE-012428,2026-07-18,5127913.0,PSE
PG-013371,FE-012444,2026-07-18,932020.0,PSE
PG-013372,FE-012451,2026-07-18,3801617.0,PSE
PG-013373,FE-012759,2026-07-18,929353.0,Transferencia
PG-013374,FE-012792,2026-07-18,1777341.0,Transferencia
PG-013375,FE-012808,2026-07-18,502369.0,Cheque
PG-013376,FE-012891,2026-07-18,676389.0,Consignación
PG-013377,FE-012914,2026-07-18,509777.0,Transferencia
PG-013378,FE-012982,2026-07-18,1466583.0,Transferencia
PG-013379,FE-012999,2026-07-18,861107.0,Transferencia
PG-013380,FE-013009,2026-07-18,1302598.0,PSE
PG-013381,FE-013091,2026-07-18,5891467.0,Transferencia
PG-013382,FE-013146,2026-07-18,3231272.0,Cheque
PG-013383,FE-013157,2026-07-18,857308.0,PSE
PG-013384,FE-013180,2026-07-18,844053.0,Transferencia
PG-013385,FE-013236,2026-07-18,2190290.0,Transferencia
PG-013386,FE-013249,2026-07-18,669717.0,PSE
PG-013387,FE-013266,2026-07-18,2676565.0,Transferencia
PG-013388,FE-013283,2026-07-18,1775054.0,PSE
PG-013389,FE-013330,2026-07-18,1720752.0,Cheque
PG-013390,FE-013356,2026-07-18,3127879.0,Consignación
PG-013391,FE-013364,2026-07-18,701222.0,Cheque
PG-013392,FE-013369,2026-07-18,651023.0,PSE
PG-013393,FE-013427,2026-07-18,926996.0,Transferencia
PG-013394,FE-013481,2026-07-18,238083.0,Transferencia
PG-013395,FE-013501,2026-07-18,1882139.0,Transferencia
PG-013396,FE-013510,2026-07-18,12268069.0,Transferencia
PG-013397,FE-013568,2026-07-18,930886.0,Cheque
PG-013398,FE-013586,2026-07-18,584485.0,Transferencia
PG-013399,FE-013592,2026-07-18,2161533.0,Transferencia
PG-013400,FE-013623,2026-07-18,1582094.0,PSE
PG-013401,FE-013676,2026-07-18,156894.0,PSE
PG-013402,FE-013699,2026-07-18,287800.0,PSE
PG-013403,FE-013729,2026-07-18,485727.0,Transferencia
PG-013404,FE-013748,2026-07-18,492933.0,Transferencia
PG-013405,FE-013771,2026-07-18,719598.0,PSE
PG-013406,FE-013798,2026-07-18,891997.0,Transferencia
PG-013407,FE-013829,2026-07-18,92707.0,PSE
PG-013408,FE-013917,2026-07-18,1652904.0,PSE
PG-013409,FE-013997,2026-07-18,155012.0,Transferencia
PG-013410,FE-014027,2026-07-18,383567.0,Transferencia
PG-013411,FE-014090,2026-07-18,254508.0,Transferencia
PG-013412,FE-014144,2026-07-18,412026.0,Consignación
PG-013413,FE-014171,2026-07-18,297933.0,Transferencia
PG-013414,FE-014294,2026-07-18,354756.0,Transferencia
PG-013415,FE-012226,2026-07-19,915490.0,PSE
PG-013416,FE-012301,2026-07-19,5167557.0,PSE
PG-013417,FE-012542,2026-07-19,773793.0,Transferencia
PG-013418,FE-012637,2026-07-19,1250859.0,Transferencia
PG-013419,FE-012668,2026-07-19,205603.0,Consignación
PG-013420,FE-012746,2026-07-19,1235794.0,Transferencia
PG-013421,FE-012782,2026-07-19,3602757.0,Transferencia
PG-013422,FE-012823,2026-07-19,1357542.0,Consignación
PG-013423,FE-012830,2026-07-19,2330220.0,Transferencia
PG-013424,FE-012869,2026-07-19,2269265.0,Transferencia
PG-013425,FE-012886,2026-07-19,2285074.0,PSE
PG-013426,FE-012897,2026-07-19,8367098.0,PSE
PG-013427,FE-012934,2026-07-19,2395015.0,Transferencia
PG-013428,FE-013002,2026-07-19,4701557.0,Consignación
PG-013429,FE-013183,2026-07-19,4793626.0,PSE
PG-013430,FE-013188,2026-07-19,556568.0,PSE
PG-013431,FE-013190,2026-07-19,9798290.0,Transferencia
PG-013432,FE-013231,2026-07-19,751668.0,Transferencia
PG-013433,FE-013240,2026-07-19,3721463.0,Consignación
PG-013434,FE-013243,2026-07-19,239512.0,Transferencia
PG-013435,FE-013287,2026-07-19,248846.0,Consignación
PG-013436,FE-013421,2026-07-19,1974741.0,Transferencia
PG-013437,FE-013429,2026-07-19,1744196.0,PSE
PG-013438,FE-013443,2026-07-19,986001.0,Transferencia
PG-013439,FE-013558,2026-07-19,490541.0,Transferencia
PG-013440,FE-013575,2026-07-19,3881412.0,PSE
PG-013441,FE-013583,2026-07-19,326525.0,Cheque
PG-013442,FE-013663,2026-07-19,1211089.0,Transferencia
PG-013443,FE-013677,2026-07-19,669827.0,Transferencia
PG-013444,FE-013680,2026-07-19,466261.0,Transferencia
PG-013445,FE-013701,2026-07-19,435425.0,Transferencia
PG-013446,FE-013810,2026-07-19,351357.0,Transferencia
PG-013447,FE-013856,2026-07-19,194795.0,Transferencia
PG-013448,FE-013956,2026-07-19,704029.0,Transferencia
PG-013449,FE-014023,2026-07-19,481075.0,Consignación
PG-013450,FE-014086,2026-07-19,48145.0,PSE
PG-013451,FE-014107,2026-07-19,796469.0,Cheque
PG-013452,FE-014111,2026-07-19,289784.0,Transferencia
PG-013453,FE-014116,2026-07-19,75720.0,Consignación
PG-013454,FE-014135,2026-07-19,107005.0,PSE
PG-013455,FE-014161,2026-07-19,400326.0,Transferencia
PG-013456,FE-014198,2026-07-19,1081472.0,Cheque
PG-013457,FE-014222,2026-07-19,614944.0,Transferencia
PG-013458,FE-014296,2026-07-19,486714.0,Transferencia
PG-013459,FE-014338,2026-07-19,477399.0,Transferencia
PG-013460,FE-014395,2026-07-19,249719.0,Transferencia
PG-013461,FE-014563,2026-07-19,689166.0,PSE
PG-013462,FE-012134,2026-07-20,2881127.0,Transferencia
PG-013463,FE-012379,2026-07-20,4858407.0,Cheque
PG-013464,FE-012389,2026-07-20,5376625.0,Transferencia
PG-013465,FE-012683,2026-07-20,1006675.0,Cheque
PG-013466,FE-012718,2026-07-20,5013787.0,Transferencia
PG-013467,FE-012723,2026-07-20,352621.0,Transferencia
PG-013468,FE-013050,2026-07-20,1717304.0,Transferencia
PG-013469,FE-013172,2026-07-20,3437940.0,Transferencia
PG-013470,FE-013233,2026-07-20,1044227.0,Consignación
PG-013471,FE-013309,2026-07-20,4525821.0,Cheque
PG-013472,FE-013317,2026-07-20,478157.0,Transferencia
PG-013473,FE-013348,2026-07-20,470013.0,Transferencia
PG-013474,FE-013355,2026-07-20,1155663.0,Consignación
PG-013475,FE-013413,2026-07-20,408957.0,Transferencia
PG-013476,FE-013434,2026-07-20,1396797.0,PSE
PG-013477,FE-013499,2026-07-20,426396.0,Transferencia
PG-013478,FE-013576,2026-07-20,2388390.0,Consignación
PG-013479,FE-013585,2026-07-20,2773099.0,Transferencia
PG-013480,FE-013625,2026-07-20,1590647.0,Transferencia
PG-013481,FE-013647,2026-07-20,405678.0,Transferencia
PG-013482,FE-013683,2026-07-20,1116310.0,Transferencia
PG-013483,FE-013722,2026-07-20,124545.0,PSE
PG-013484,FE-013784,2026-07-20,1953867.0,Cheque
PG-013485,FE-013792,2026-07-20,3503531.0,PSE
PG-013486,FE-013832,2026-07-20,227989.0,Transferencia
PG-013487,FE-013845,2026-07-20,1678093.0,Transferencia
PG-013488,FE-013860,2026-07-20,529061.0,Transferencia
PG-013489,FE-013891,2026-07-20,3020081.0,Consignación
PG-013490,FE-013897,2026-07-20,241315.0,Consignación
PG-013491,FE-013911,2026-07-20,56283.0,Transferencia
PG-013492,FE-013926,2026-07-20,92725.0,PSE
PG-013493,FE-013959,2026-07-20,393351.0,PSE
PG-013494,FE-014043,2026-07-20,768622.0,Transferencia
PG-013495,FE-014052,2026-07-20,1091686.0,PSE
PG-013496,FE-014056,2026-07-20,205087.0,Transferencia
PG-013497,FE-014098,2026-07-20,488826.0,Transferencia
PG-013498,FE-014200,2026-07-20,791548.0,Transferencia
PG-013499,FE-014260,2026-07-20,433663.0,Transferencia
PG-013500,FE-014281,2026-07-20,344119.0,PSE
PG-013501,FE-014290,2026-07-20,224852.0,PSE
PG-013502,FE-014398,2026-07-20,280256.0,Transferencia
PG-013503,FE-014409,2026-07-20,1194660.0,Transferencia
PG-013504,FE-014530,2026-07-20,119690.0,Transferencia
PG-013505,FE-014595,2026-07-20,244313.0,Transferencia
PG-013506,FE-014698,2026-07-20,489177.0,PSE
PG-013507,FE-012546,2026-07-21,1804094.0,Cheque
PG-013508,FE-012564,2026-07-21,291643.0,Transferencia
PG-013509,FE-012568,2026-07-21,160493.0,Transferencia
PG-013510,FE-012573,2026-07-21,3204055.0,Transferencia
PG-013511,FE-012695,2026-07-21,1242098.0,Transferencia
PG-013512,FE-012721,2026-07-21,343202.0,Transferencia
PG-013513,FE-012753,2026-07-21,1074215.0,Transferencia
PG-013514,FE-012791,2026-07-21,4111983.0,Transferencia
PG-013515,FE-012809,2026-07-21,1425390.0,PSE
PG-013516,FE-012831,2026-07-21,6499671.0,Transferencia
PG-013517,FE-013021,2026-07-21,443706.0,Cheque
PG-013518,FE-013032,2026-07-21,2731877.0,Transferencia
PG-013519,FE-013088,2026-07-21,440095.0,Transferencia
PG-013520,FE-013108,2026-07-21,1138781.0,Transferencia
PG-013521,FE-013200,2026-07-21,2285208.0,Transferencia
PG-013522,FE-013303,2026-07-21,4464336.0,PSE
PG-013523,FE-013426,2026-07-21,896431.0,Cheque
PG-013524,FE-013454,2026-07-21,1537688.0,PSE
PG-013525,FE-013509,2026-07-21,1623306.0,Transferencia
PG-013526,FE-013513,2026-07-21,2098790.0,Transferencia
PG-013527,FE-013598,2026-07-21,114779.0,Consignación
PG-013528,FE-013610,2026-07-21,137172.0,Transferencia
PG-013529,FE-013615,2026-07-21,1646420.0,Transferencia
PG-013530,FE-013642,2026-07-21,8263951.0,Cheque
PG-013531,FE-013649,2026-07-21,129902.0,Transferencia
PG-013532,FE-013666,2026-07-21,887254.0,Transferencia
PG-013533,FE-013703,2026-07-21,1319000.0,Transferencia
PG-013534,FE-013757,2026-07-21,284379.0,PSE
PG-013535,FE-013803,2026-07-21,1437844.0,Transferencia
PG-013536,FE-013861,2026-07-21,3755421.0,Transferencia
PG-013537,FE-013947,2026-07-21,185208.0,Transferencia
PG-013538,FE-013966,2026-07-21,213882.0,PSE
PG-013539,FE-013984,2026-07-21,1205756.0,Consignación
PG-013540,FE-013990,2026-07-21,1323775.0,Transferencia
PG-013541,FE-014033,2026-07-21,548949.0,Transferencia
PG-013542,FE-014132,2026-07-21,194488.0,PSE
PG-013543,FE-014192,2026-07-21,560955.0,Consignación
PG-013544,FE-014231,2026-07-21,197448.0,PSE
PG-013545,FE-014240,2026-07-21,94117.0,Transferencia
PG-013546,FE-014269,2026-07-21,295830.0,Transferencia
PG-013547,FE-014367,2026-07-21,16221.0,Consignación
PG-013548,FE-014381,2026-07-21,113336.0,Consignación
PG-013549,FE-014397,2026-07-21,640095.0,Transferencia
PG-013550,FE-014838,2026-07-21,291638.0,Cheque
PG-013551,FE-012300,2026-07-22,2529081.0,Transferencia
PG-013552,FE-012502,2026-07-22,494280.0,PSE
PG-013553,FE-012636,2026-07-22,3739327.0,PSE
PG-013554,FE-012720,2026-07-22,2405402.0,PSE
PG-013555,FE-012744,2026-07-22,4285225.0,Consignación
PG-013556,FE-012849,2026-07-22,178840.0,Transferencia
PG-013557,FE-012926,2026-07-22,756340.0,PSE
PG-013558,FE-012988,2026-07-22,2408847.0,PSE
PG-013559,FE-013014,2026-07-22,2091237.0,Consignación
PG-013560,FE-013062,2026-07-22,915016.0,Consignación
PG-013561,FE-013087,2026-07-22,2922266.0,Transferencia
PG-013562,FE-013213,2026-07-22,328134.0,Consignación
PG-013563,FE-013381,2026-07-22,3163388.0,PSE
PG-013564,FE-013383,2026-07-22,1212010.0,Consignación
PG-013565,FE-013419,2026-07-22,2100355.0,Cheque
PG-013566,FE-013471,2026-07-22,3279976.0,Transferencia
PG-013567,FE-013483,2026-07-22,895206.0,PSE
PG-013568,FE-013486,2026-07-22,1157771.0,Cheque
PG-013569,FE-013500,2026-07-22,6002315.0,Transferencia
PG-013570,FE-013511,2026-07-22,432754.0,Transferencia
PG-013571,FE-013516,2026-07-22,896639.0,Transferencia
PG-013572,FE-013540,2026-07-22,957829.0,PSE
PG-013573,FE-013548,2026-07-22,271543.0,Transferencia
PG-013574,FE-013589,2026-07-22,4220076.0,Transferencia
PG-013575,FE-013597,2026-07-22,140099.0,Transferencia
PG-013576,FE-013607,2026-07-22,1853645.0,Transferencia
PG-013577,FE-013608,2026-07-22,5563396.0,Transferencia
PG-013578,FE-013627,2026-07-22,1952861.0,PSE
PG-013579,FE-013646,2026-07-22,58859.0,PSE
PG-013580,FE-013656,2026-07-22,199388.0,Consignación
PG-013581,FE-013841,2026-07-22,4404943.0,Transferencia
PG-013582,FE-013883,2026-07-22,1499573.0,Cheque
PG-013583,FE-013932,2026-07-22,653381.0,Transferencia
PG-013584,FE-013951,2026-07-22,2573567.0,Transferencia
PG-013585,FE-014017,2026-07-22,1542998.0,PSE
PG-013586,FE-014018,2026-07-22,127096.0,Transferencia
PG-013587,FE-014114,2026-07-22,151618.0,Cheque
PG-013588,FE-014117,2026-07-22,591342.0,PSE
PG-013589,FE-014209,2026-07-22,687173.0,Cheque
PG-013590,FE-014273,2026-07-22,575710.0,Transferencia
PG-013591,FE-014318,2026-07-22,268284.0,Consignación
PG-013592,FE-014337,2026-07-22,499419.0,Transferencia
PG-013593,FE-014366,2026-07-22,512657.0,Transferencia
PG-013594,FE-014443,2026-07-22,255069.0,Consignación
PG-013595,FE-014601,2026-07-22,424562.0,PSE
PG-013596,FE-014743,2026-07-22,515202.0,Transferencia
PG-013597,FE-012692,2026-07-23,1994615.0,Transferencia
PG-013598,FE-012735,2026-07-23,1816448.0,Transferencia
PG-013599,FE-012741,2026-07-23,4200608.0,Consignación
PG-013600,FE-012864,2026-07-23,2248519.0,Transferencia
PG-013601,FE-012968,2026-07-23,1259472.0,Transferencia
PG-013602,FE-013008,2026-07-23,1229587.0,PSE
PG-013603,FE-013045,2026-07-23,8855366.0,PSE
PG-013604,FE-013059,2026-07-23,3842900.0,PSE
PG-013605,FE-013131,2026-07-23,235046.0,Transferencia
PG-013606,FE-013154,2026-07-23,1585969.0,Cheque
PG-013607,FE-013262,2026-07-23,642406.0,Transferencia
PG-013608,FE-013312,2026-07-23,2196163.0,Transferencia
PG-013609,FE-013316,2026-07-23,202647.0,PSE
PG-013610,FE-013324,2026-07-23,521451.0,Transferencia
PG-013611,FE-013334,2026-07-23,2402805.0,Transferencia
PG-013612,FE-013422,2026-07-23,650268.0,Cheque
PG-013613,FE-013479,2026-07-23,1295026.0,Cheque
PG-013614,FE-013493,2026-07-23,951074.0,PSE
PG-013615,FE-013519,2026-07-23,2676505.0,Consignación
PG-013616,FE-013523,2026-07-23,6992933.0,Transferencia
PG-013617,FE-013537,2026-07-23,1404314.0,Transferencia
PG-013618,FE-013562,2026-07-23,6090831.0,Transferencia
PG-013619,FE-013660,2026-07-23,1261481.0,Transferencia
PG-013620,FE-013684,2026-07-23,2193500.0,PSE
PG-013621,FE-013689,2026-07-23,3506242.0,Consignación
PG-013622,FE-013702,2026-07-23,627769.0,PSE
PG-013623,FE-013741,2026-07-23,102804.0,Transferencia
PG-013624,FE-013796,2026-07-23,652482.0,PSE
PG-013625,FE-013823,2026-07-23,161483.0,PSE
PG-013626,FE-013857,2026-07-23,1231849.0,Transferencia
PG-013627,FE-013885,2026-07-23,3154099.0,PSE
PG-013628,FE-013888,2026-07-23,161194.0,Transferencia
PG-013629,FE-013922,2026-07-23,500816.0,Cheque
PG-013630,FE-013930,2026-07-23,1318061.0,Transferencia
PG-013631,FE-013934,2026-07-23,339195.0,Transferencia
PG-013632,FE-013946,2026-07-23,3852038.0,Transferencia
PG-013633,FE-014036,2026-07-23,135267.0,Transferencia
PG-013634,FE-014079,2026-07-23,1496136.0,Transferencia
PG-013635,FE-014127,2026-07-23,301909.0,Consignación
PG-013636,FE-014262,2026-07-23,3755316.0,PSE
PG-013637,FE-014280,2026-07-23,110804.0,PSE
PG-013638,FE-014451,2026-07-23,768997.0,PSE
PG-013639,FE-014455,2026-07-23,181143.0,Transferencia
PG-013640,FE-014512,2026-07-23,451952.0,Transferencia
PG-013641,FE-014538,2026-07-23,1052861.0,PSE
PG-013642,FE-014710,2026-07-23,520662.0,Transferencia
PG-013643,FE-012284,2026-07-24,5322300.0,Transferencia
PG-013644,FE-012475,2026-07-24,5363348.0,Transferencia
PG-013645,FE-012596,2026-07-24,1136226.0,Consignación
PG-013646,FE-012669,2026-07-24,5805759.0,Transferencia
PG-013647,FE-012719,2026-07-24,2277359.0,Transferencia
PG-013648,FE-012842,2026-07-24,788037.0,Transferencia
PG-013649,FE-012862,2026-07-24,374172.0,PSE
PG-013650,FE-012917,2026-07-24,955013.0,Transferencia
PG-013651,FE-012967,2026-07-24,2524009.0,Transferencia
PG-013652,FE-013044,2026-07-24,1453909.0,Transferencia
PG-013653,FE-013122,2026-07-24,568883.0,PSE
PG-013654,FE-013167,2026-07-24,906866.0,Consignación
PG-013655,FE-013248,2026-07-24,1033263.0,Cheque
PG-013656,FE-013280,2026-07-24,1268269.0,PSE
PG-013657,FE-013318,2026-07-24,590188.0,Cheque
PG-013658,FE-013477,2026-07-24,436153.0,Transferencia
PG-013659,FE-013488,2026-07-24,834208.0,PSE
PG-013660,FE-013531,2026-07-24,778306.0,Cheque
PG-013661,FE-013584,2026-07-24,2963305.0,Consignación
PG-013662,FE-013634,2026-07-24,289028.0,PSE
PG-013663,FE-013645,2026-07-24,5292513.0,Consignación
PG-013664,FE-013659,2026-07-24,4341826.0,Consignación
PG-013665,FE-013672,2026-07-24,1085491.0,Transferencia
PG-013666,FE-013697,2026-07-24,1739947.0,Transferencia
PG-013667,FE-013791,2026-07-24,511824.0,PSE
PG-013668,FE-013813,2026-07-24,413734.0,PSE
PG-013669,FE-013814,2026-07-24,442649.0,Transferencia
PG-013670,FE-013887,2026-07-24,164535.0,Transferencia
PG-013671,FE-013896,2026-07-24,311950.0,PSE
PG-013672,FE-013904,2026-07-24,366151.0,Transferencia
PG-013673,FE-013919,2026-07-24,71800.0,Transferencia
PG-013674,FE-013923,2026-07-24,329548.0,PSE
PG-013675,FE-013938,2026-07-24,1292616.0,Transferencia
PG-013676,FE-013977,2026-07-24,1043435.0,PSE
PG-013677,FE-014048,2026-07-24,502895.0,Transferencia
PG-013678,FE-014061,2026-07-24,415873.0,PSE
PG-013679,FE-014067,2026-07-24,146318.0,Consignación
PG-013680,FE-014155,2026-07-24,109823.0,Transferencia
PG-013681,FE-014159,2026-07-24,1019543.0,Transferencia
PG-013682,FE-014180,2026-07-24,680472.0,PSE
PG-013683,FE-014189,2026-07-24,247820.0,Transferencia
PG-013684,FE-014214,2026-07-24,142172.0,Transferencia
PG-013685,FE-014419,2026-07-24,262419.0,Transferencia
PG-013686,FE-014434,2026-07-24,348345.0,PSE
PG-013687,FE-014439,2026-07-24,264566.0,Transferencia
PG-013688,FE-014459,2026-07-24,223350.0,Transferencia
PG-013689,FE-014461,2026-07-24,848242.0,Consignación
PG-013690,FE-014581,2026-07-24,487254.0,PSE
PG-013691,FE-014593,2026-07-24,332687.0,Transferencia
PG-013692,FE-014683,2026-07-24,157952.0,Transferencia
PG-013693,FE-014751,2026-07-24,59669.0,Transferencia
PG-013694,FE-012904,2026-07-25,116994.0,Cheque
PG-013695,FE-012994,2026-07-25,46757.0,Consignación
PG-013696,FE-013147,2026-07-25,584326.0,Cheque
PG-013697,FE-013155,2026-07-25,2958096.0,Transferencia
PG-013698,FE-013227,2026-07-25,1695335.0,Transferencia
PG-013699,FE-013229,2026-07-25,3364173.0,Transferencia
PG-013700,FE-013244,2026-07-25,2281819.0,Transferencia
PG-013701,FE-013278,2026-07-25,4873328.0,Transferencia
PG-013702,FE-013298,2026-07-25,2959200.0,Transferencia
PG-013703,FE-013325,2026-07-25,1376712.0,PSE
PG-013704,FE-013347,2026-07-25,1121601.0,Transferencia
PG-013705,FE-013349,2026-07-25,197272.0,Cheque
PG-013706,FE-013357,2026-07-25,532346.0,Transferencia
PG-013707,FE-013379,2026-07-25,906289.0,Transferencia
PG-013708,FE-013404,2026-07-25,14956579.0,Transferencia
PG-013709,FE-013420,2026-07-25,1695191.0,PSE
PG-013710,FE-013439,2026-07-25,1500507.0,Transferencia
PG-013711,FE-013518,2026-07-25,3322893.0,PSE
PG-013712,FE-013526,2026-07-25,685338.0,Transferencia
PG-013713,FE-013534,2026-07-25,600310.0,Transferencia
PG-013714,FE-013545,2026-07-25,1049797.0,Transferencia
PG-013715,FE-013577,2026-07-25,292297.0,Transferencia
PG-013716,FE-013624,2026-07-25,1622985.0,Cheque
PG-013717,FE-013687,2026-07-25,1030458.0,Transferencia
PG-013718,FE-013709,2026-07-25,1473390.0,PSE
PG-013719,FE-013713,2026-07-25,2107948.0,Transferencia
PG-013720,FE-013720,2026-07-25,22030.0,Transferencia
PG-013721,FE-013733,2026-07-25,2509097.0,Consignación
PG-013722,FE-013736,2026-07-25,2441982.0,PSE
PG-013723,FE-013738,2026-07-25,1126636.0,Transferencia
PG-013724,FE-013769,2026-07-25,2448601.0,PSE
PG-013725,FE-013790,2026-07-25,344412.0,Transferencia
PG-013726,FE-013807,2026-07-25,121717.0,Transferencia
PG-013727,FE-013816,2026-07-25,3405540.0,Transferencia
PG-013728,FE-013835,2026-07-25,870311.0,Consignación
PG-013729,FE-013859,2026-07-25,4006970.0,Transferencia
PG-013730,FE-013886,2026-07-25,1091200.0,Consignación
PG-013731,FE-013925,2026-07-25,1423999.0,PSE
PG-013732,FE-013955,2026-07-25,692893.0,Transferencia
PG-013733,FE-013981,2026-07-25,1099878.0,Transferencia
PG-013734,FE-013999,2026-07-25,851983.0,Transferencia
PG-013735,FE-014031,2026-07-25,409440.0,PSE
PG-013736,FE-014040,2026-07-25,271134.0,Transferencia
PG-013737,FE-014065,2026-07-25,1757566.0,PSE
PG-013738,FE-014089,2026-07-25,732866.0,Transferencia
PG-013739,FE-014115,2026-07-25,1382925.0,PSE
PG-013740,FE-014186,2026-07-25,801361.0,Transferencia
PG-013741,FE-014220,2026-07-25,1901447.0,Cheque
PG-013742,FE-014233,2026-07-25,1296052.0,Transferencia
PG-013743,FE-014242,2026-07-25,75235.0,PSE
PG-013744,FE-014252,2026-07-25,146108.0,Consignación
PG-013745,FE-014263,2026-07-25,717474.0,Transferencia
PG-013746,FE-014320,2026-07-25,186329.0,Transferencia
PG-013747,FE-014344,2026-07-25,4046065.0,Consignación
PG-013748,FE-014394,2026-07-25,338572.0,Consignación
PG-013749,FE-014420,2026-07-25,301996.0,Transferencia
PG-013750,FE-014432,2026-07-25,505976.0,Consignación
PG-013751,FE-014438,2026-07-25,466966.0,Transferencia
PG-013752,FE-014446,2026-07-25,538214.0,PSE
PG-013753,FE-014486,2026-07-25,673937.0,Transferencia
PG-013754,FE-014508,2026-07-25,32493.0,Transferencia
PG-013755,FE-014516,2026-07-25,68130.0,PSE
PG-013756,FE-014523,2026-07-25,1645920.0,Transferencia
PG-013757,FE-015132,2026-07-25,892789.0,Transferencia
PG-013758,FE-012841,2026-07-26,2360084.0,Transferencia
PG-013759,FE-012941,2026-07-26,2672413.0,Transferencia
PG-013760,FE-013070,2026-07-26,989472.0,Transferencia
PG-013761,FE-013187,2026-07-26,6255987.0,Consignación
PG-013762,FE-013195,2026-07-26,3504166.0,Transferencia
PG-013763,FE-013224,2026-07-26,660336.0,Transferencia
PG-013764,FE-013333,2026-07-26,549311.0,Consignación
PG-013765,FE-013385,2026-07-26,476906.0,Transferencia
PG-013766,FE-013407,2026-07-26,2444667.0,Consignación
PG-013767,FE-013430,2026-07-26,1477753.0,Consignación
PG-013768,FE-013461,2026-07-26,1757791.0,Consignación
PG-013769,FE-013628,2026-07-26,2196705.0,Transferencia
PG-013770,FE-013756,2026-07-26,794067.0,PSE
PG-013771,FE-013777,2026-07-26,551966.0,Consignación
PG-013772,FE-013789,2026-07-26,322301.0,PSE
PG-013773,FE-013863,2026-07-26,3269236.0,Transferencia
PG-013774,FE-013889,2026-07-26,626821.0,Cheque
PG-013775,FE-013993,2026-07-26,2281820.0,Consignación
PG-013776,FE-014007,2026-07-26,233860.0,Transferencia
PG-013777,FE-014068,2026-07-26,189829.0,PSE
PG-013778,FE-014076,2026-07-26,1486295.0,Transferencia
PG-013779,FE-014080,2026-07-26,181632.0,PSE
PG-013780,FE-014170,2026-07-26,143904.0,Transferencia
PG-013781,FE-014187,2026-07-26,1293105.0,Transferencia
PG-013782,FE-014324,2026-07-26,399519.0,PSE
PG-013783,FE-014339,2026-07-26,264662.0,PSE
PG-013784,FE-014390,2026-07-26,12531.0,PSE
PG-013785,FE-014429,2026-07-26,213961.0,Consignación
PG-013786,FE-014454,2026-07-26,73171.0,PSE
PG-013787,FE-014460,2026-07-26,70410.0,Cheque
PG-013788,FE-014554,2026-07-26,275574.0,Transferencia
PG-013789,FE-014667,2026-07-26,692187.0,Transferencia
PG-013790,FE-014723,2026-07-26,476439.0,Consignación
PG-013791,FE-014805,2026-07-26,615354.0,Transferencia
PG-013792,FE-014926,2026-07-26,184363.0,Transferencia
PG-013793,FE-015052,2026-07-26,525028.0,Transferencia
PG-013794,FE-012591,2026-07-27,786710.0,Consignación
PG-013795,FE-012868,2026-07-27,5347102.0,Transferencia
PG-013796,FE-012887,2026-07-27,859687.0,PSE
PG-013797,FE-012943,2026-07-27,3507961.0,Transferencia
PG-013798,FE-013196,2026-07-27,11554340.0,Transferencia
PG-013799,FE-013252,2026-07-27,2741045.0,Transferencia
PG-013800,FE-013282,2026-07-27,1022790.0,Transferencia
PG-013801,FE-013331,2026-07-27,1064225.0,Transferencia
PG-013802,FE-013391,2026-07-27,767263.0,PSE
PG-013803,FE-013462,2026-07-27,665127.0,Cheque
PG-013804,FE-013470,2026-07-27,976121.0,Transferencia
PG-013805,FE-013532,2026-07-27,448084.0,Transferencia
PG-013806,FE-013535,2026-07-27,944824.0,Transferencia
PG-013807,FE-013565,2026-07-27,3076307.0,Transferencia
PG-013808,FE-013566,2026-07-27,2475233.0,Consignación
PG-013809,FE-013770,2026-07-27,1118767.0,Transferencia
PG-013810,FE-013783,2026-07-27,331636.0,Transferencia
PG-013811,FE-013806,2026-07-27,1546034.0,Transferencia
PG-013812,FE-013853,2026-07-27,443141.0,Transferencia
PG-013813,FE-013920,2026-07-27,1430337.0,Transferencia
PG-013814,FE-013948,2026-07-27,905932.0,Transferencia
PG-013815,FE-013958,2026-07-27,251924.0,Transferencia
PG-013816,FE-013965,2026-07-27,6326877.0,PSE
PG-013817,FE-013996,2026-07-27,13078727.0,Cheque
PG-013818,FE-014004,2026-07-27,408234.0,PSE
PG-013819,FE-014100,2026-07-27,317875.0,Transferencia
PG-013820,FE-014139,2026-07-27,146857.0,PSE
PG-013821,FE-014226,2026-07-27,569580.0,Transferencia
PG-013822,FE-014228,2026-07-27,2355668.0,Transferencia
PG-013823,FE-014230,2026-07-27,545640.0,Consignación
PG-013824,FE-014265,2026-07-27,217033.0,Transferencia
PG-013825,FE-014295,2026-07-27,632849.0,Transferencia
PG-013826,FE-014302,2026-07-27,783602.0,Consignación
PG-013827,FE-014358,2026-07-27,1013494.0,Transferencia
PG-013828,FE-014365,2026-07-27,255041.0,Transferencia
PG-013829,FE-014370,2026-07-27,149507.0,Transferencia
PG-013830,FE-014405,2026-07-27,483917.0,Consignación
PG-013831,FE-014518,2026-07-27,537945.0,PSE
PG-013832,FE-014529,2026-07-27,1238895.0,PSE
PG-013833,FE-014536,2026-07-27,248883.0,Transferencia
PG-013834,FE-014613,2026-07-27,118480.0,Transferencia
PG-013835,FE-014632,2026-07-27,481637.0,Transferencia
PG-013836,FE-014706,2026-07-27,285926.0,Transferencia
PG-013837,FE-014776,2026-07-27,282643.0,Cheque
PG-013838,FE-014797,2026-07-27,137469.0,Cheque
PG-013839,FE-014864,2026-07-27,908413.0,Transferencia
PG-013840,FE-015040,2026-07-27,856723.0,Transferencia
PG-013841,FE-015216,2026-07-27,714038.0,PSE
PG-013842,FE-012747,2026-07-28,5127680.0,Transferencia
PG-013843,FE-012954,2026-07-28,2071371.0,Transferencia
PG-013844,FE-013015,2026-07-28,1006633.0,PSE
PG-013845,FE-013060,2026-07-28,2461475.0,Transferencia
PG-013846,FE-013078,2026-07-28,620932.0,PSE
PG-013847,FE-013118,2026-07-28,4042374.0,Cheque
PG-013848,FE-013144,2026-07-28,2188489.0,Transferencia
PG-013849,FE-013218,2026-07-28,1050324.0,Transferencia
PG-013850,FE-013220,2026-07-28,1045356.0,Transferencia
PG-013851,FE-013322,2026-07-28,276943.0,Transferencia
PG-013852,FE-013389,2026-07-28,502022.0,PSE
PG-013853,FE-013423,2026-07-28,674736.0,Cheque
PG-013854,FE-013504,2026-07-28,868652.0,Transferencia
PG-013855,FE-013522,2026-07-28,4129185.0,Consignación
PG-013856,FE-013541,2026-07-28,893565.0,Transferencia
PG-013857,FE-013551,2026-07-28,2770482.0,Transferencia
PG-013858,FE-013556,2026-07-28,281130.0,Transferencia
PG-013859,FE-013567,2026-07-28,1967698.0,Cheque
PG-013860,FE-013587,2026-07-28,2922583.0,Transferencia
PG-013861,FE-013602,2026-07-28,75629.0,Transferencia
PG-013862,FE-013629,2026-07-28,3488423.0,Transferencia
PG-013863,FE-013657,2026-07-28,1572679.0,Transferencia
PG-013864,FE-013690,2026-07-28,890066.0,PSE
PG-013865,FE-013725,2026-07-28,833051.0,Transferencia
PG-013866,FE-013735,2026-07-28,2361545.0,Transferencia
PG-013867,FE-013858,2026-07-28,1608637.0,Transferencia
PG-013868,FE-013877,2026-07-28,1344078.0,Consignación
PG-013869,FE-013915,2026-07-28,2841238.0,Transferencia
PG-013870,FE-014000,2026-07-28,352403.0,Transferencia
PG-013871,FE-014006,2026-07-28,254734.0,Transferencia
PG-013872,FE-014110,2026-07-28,83137.0,PSE
PG-013873,FE-014131,2026-07-28,848070.0,Transferencia
PG-013874,FE-014136,2026-07-28,292946.0,Transferencia
PG-013875,FE-014151,2026-07-28,559882.0,Transferencia
PG-013876,FE-014152,2026-07-28,504440.0,PSE
PG-013877,FE-014212,2026-07-28,60147.0,Transferencia
PG-013878,FE-014329,2026-07-28,786526.0,Transferencia
PG-013879,FE-014391,2026-07-28,165385.0,Transferencia
PG-013880,FE-014392,2026-07-28,739603.0,Transferencia
PG-013881,FE-014402,2026-07-28,181817.0,Consignación
PG-013882,FE-014428,2026-07-28,1083550.0,PSE
PG-013883,FE-014441,2026-07-28,273562.0,Transferencia
PG-013884,FE-014445,2026-07-28,1172804.0,Transferencia
PG-013885,FE-014502,2026-07-28,350604.0,PSE
PG-013886,FE-014586,2026-07-28,544226.0,Transferencia
PG-013887,FE-014687,2026-07-28,645183.0,Cheque
PG-013888,FE-014755,2026-07-28,763417.0,PSE
PG-013889,FE-014773,2026-07-28,156109.0,Transferencia
PG-013890,FE-014821,2026-07-28,597779.0,PSE
PG-013891,FE-014863,2026-07-28,404513.0,Transferencia
PG-013892,FE-014873,2026-07-28,294275.0,Transferencia
PG-013893,FE-014967,2026-07-28,28915.0,Transferencia
PG-013894,FE-012802,2026-07-29,4635108.0,Transferencia
PG-013895,FE-012935,2026-07-29,843174.0,Transferencia
PG-013896,FE-012990,2026-07-29,887483.0,PSE
PG-013897,FE-013079,2026-07-29,2910208.0,Transferencia
PG-013898,FE-013123,2026-07-29,2430181.0,Transferencia
PG-013899,FE-013125,2026-07-29,3573915.0,Transferencia
PG-013900,FE-013169,2026-07-29,2669014.0,PSE
PG-013901,FE-013199,2026-07-29,624775.0,Consignación
PG-013902,FE-013239,2026-07-29,4826852.0,PSE
PG-013903,FE-013305,2026-07-29,1211100.0,Transferencia
PG-013904,FE-013314,2026-07-29,1973070.0,Transferencia
PG-013905,FE-013367,2026-07-29,1210162.0,Transferencia
PG-013906,FE-013390,2026-07-29,2010147.0,Transferencia
PG-013907,FE-013392,2026-07-29,956944.0,Transferencia
PG-013908,FE-013412,2026-07-29,4084004.0,Transferencia
PG-013909,FE-013415,2026-07-29,1282449.0,Transferencia
PG-013910,FE-013490,2026-07-29,3295254.0,PSE
PG-013911,FE-013495,2026-07-29,2762008.0,Consignación
PG-013912,FE-013507,2026-07-29,2713918.0,Cheque
PG-013913,FE-013554,2026-07-29,615899.0,PSE
PG-013914,FE-013611,2026-07-29,924741.0,Transferencia
PG-013915,FE-013632,2026-07-29,2760852.0,Transferencia
PG-013916,FE-013638,2026-07-29,1285287.0,Transferencia
PG-013917,FE-013682,2026-07-29,909999.0,Consignación
PG-013918,FE-013695,2026-07-29,5720009.0,Transferencia
PG-013919,FE-013732,2026-07-29,3772192.0,Transferencia
PG-013920,FE-013737,2026-07-29,2435754.0,Transferencia
PG-013921,FE-013749,2026-07-29,473564.0,Transferencia
PG-013922,FE-013768,2026-07-29,1010041.0,Consignación
PG-013923,FE-013804,2026-07-29,1848996.0,Transferencia
PG-013924,FE-013833,2026-07-29,3588494.0,Transferencia
PG-013925,FE-013844,2026-07-29,865042.0,Cheque
PG-013926,FE-013852,2026-07-29,59305.0,Transferencia
PG-013927,FE-013902,2026-07-29,4445349.0,Cheque
PG-013928,FE-013936,2026-07-29,1888229.0,Transferencia
PG-013929,FE-014084,2026-07-29,223364.0,PSE
PG-013930,FE-014138,2026-07-29,3723032.0,Transferencia
PG-013931,FE-014188,2026-07-29,5737593.0,Transferencia
PG-013932,FE-014239,2026-07-29,570017.0,Consignación
PG-013933,FE-014255,2026-07-29,273011.0,Transferencia
PG-013934,FE-014279,2026-07-29,93890.0,Transferencia
PG-013935,FE-014286,2026-07-29,963791.0,PSE
PG-013936,FE-014307,2026-07-29,275359.0,Cheque
PG-013937,FE-014314,2026-07-29,446696.0,PSE
PG-013938,FE-014347,2026-07-29,323978.0,PSE
PG-013939,FE-014379,2026-07-29,515953.0,PSE
PG-013940,FE-014386,2026-07-29,2667621.0,Transferencia
PG-013941,FE-014410,2026-07-29,612197.0,PSE
PG-013942,FE-014447,2026-07-29,1041860.0,PSE
PG-013943,FE-014452,2026-07-29,369296.0,Consignación
PG-013944,FE-014483,2026-07-29,5637555.0,Transferencia
PG-013945,FE-014564,2026-07-29,455457.0,Transferencia
PG-013946,FE-014582,2026-07-29,764325.0,Cheque
PG-013947,FE-014606,2026-07-29,107797.0,Transferencia
PG-013948,FE-014713,2026-07-29,285048.0,Consignación
PG-013949,FE-014749,2026-07-29,887268.0,PSE
PG-013950,FE-014836,2026-07-29,155922.0,Transferencia
PG-013951,FE-014839,2026-07-29,504721.0,PSE
PG-013952,FE-014859,2026-07-29,921594.0,Transferencia
PG-013953,FE-014867,2026-07-29,159351.0,PSE
PG-013954,FE-014883,2026-07-29,239746.0,Cheque
PG-013955,FE-013006,2026-07-30,1451311.0,Transferencia
PG-013956,FE-013138,2026-07-30,3051479.0,PSE
PG-013957,FE-013259,2026-07-30,664375.0,Transferencia
PG-013958,FE-013345,2026-07-30,2684141.0,Consignación
PG-013959,FE-013366,2026-07-30,2242379.0,PSE
PG-013960,FE-013455,2026-07-30,1661737.0,Transferencia
PG-013961,FE-013496,2026-07-30,2243781.0,Transferencia
PG-013962,FE-013503,2026-07-30,375381.0,Transferencia
PG-013963,FE-013546,2026-07-30,1049388.0,Transferencia
PG-013964,FE-013569,2026-07-30,894171.0,Consignación
PG-013965,FE-013596,2026-07-30,410621.0,Transferencia
PG-013966,FE-013723,2026-07-30,201879.0,PSE
PG-013967,FE-013745,2026-07-30,797581.0,Transferencia
PG-013968,FE-013847,2026-07-30,87098.0,Transferencia
PG-013969,FE-013881,2026-07-30,1579961.0,Transferencia
PG-013970,FE-013894,2026-07-30,144510.0,Transferencia
PG-013971,FE-013921,2026-07-30,214513.0,Cheque
PG-013972,FE-014070,2026-07-30,3105670.0,PSE
PG-013973,FE-014075,2026-07-30,2009451.0,Transferencia
PG-013974,FE-014165,2026-07-30,59401.0,PSE
PG-013975,FE-014175,2026-07-30,3305669.0,Cheque
PG-013976,FE-014193,2026-07-30,602803.0,Transferencia
PG-013977,FE-014274,2026-07-30,243813.0,Cheque
PG-013978,FE-014287,2026-07-30,43095.0,Transferencia
PG-013979,FE-014309,2026-07-30,69666.0,Consignación
PG-013980,FE-014343,2026-07-30,2435778.0,Transferencia
PG-013981,FE-014353,2026-07-30,186519.0,Transferencia
PG-013982,FE-014396,2026-07-30,587642.0,PSE
PG-013983,FE-014408,2026-07-30,3685974.0,Transferencia
PG-013984,FE-014457,2026-07-30,97036.0,Consignación
PG-013985,FE-014487,2026-07-30,170897.0,Transferencia
PG-013986,FE-014511,2026-07-30,111063.0,Transferencia
PG-013987,FE-014597,2026-07-30,186894.0,Transferencia
PG-013988,FE-014598,2026-07-30,361599.0,Consignación
PG-013989,FE-014651,2026-07-30,197702.0,Transferencia
PG-013990,FE-014691,2026-07-30,588534.0,Transferencia
PG-013991,FE-014697,2026-07-30,168765.0,Consignación
PG-013992,FE-014796,2026-07-30,475168.0,Transferencia
PG-013993,FE-014866,2026-07-30,477342.0,Transferencia
PG-013994,FE-014978,2026-07-30,271746.0,PSE
PG-013995,FE-015066,2026-07-30,377416.0,Transferencia
PG-013996,FE-015190,2026-07-30,157633.0,Transferencia
PG-013997,FE-013208,2026-07-31,663938.0,Consignación
PG-013998,FE-013215,2026-07-31,1969067.0,PSE
PG-013999,FE-013221,2026-07-31,7334992.0,Cheque
PG-014000,FE-013285,2026-07-31,325103.0,Consignación
PG-014001,FE-013346,2026-07-31,1342713.0,PSE
PG-014002,FE-013533,2026-07-31,2780474.0,Transferencia
PG-014003,FE-013542,2026-07-31,642834.0,Transferencia
PG-014004,FE-013544,2026-07-31,765815.0,Transferencia
PG-014005,FE-013547,2026-07-31,139420.0,Transferencia
PG-014006,FE-013618,2026-07-31,3426586.0,Transferencia
PG-014007,FE-013633,2026-07-31,2956490.0,Transferencia
PG-014008,FE-013641,2026-07-31,3406611.0,Transferencia
PG-014009,FE-013658,2026-07-31,2600382.0,Consignación
PG-014010,FE-013714,2026-07-31,681664.0,Transferencia
PG-014011,FE-013870,2026-07-31,612655.0,PSE
PG-014012,FE-013880,2026-07-31,960630.0,Cheque
PG-014013,FE-014021,2026-07-31,2192917.0,Transferencia
PG-014014,FE-014022,2026-07-31,2641687.0,PSE
PG-014015,FE-014124,2026-07-31,1808274.0,Transferencia
PG-014016,FE-014168,2026-07-31,483614.0,Transferencia
PG-014017,FE-014183,2026-07-31,5128324.0,Transferencia
PG-014018,FE-014206,2026-07-31,402582.0,PSE
PG-014019,FE-014272,2026-07-31,2447122.0,Transferencia
PG-014020,FE-014289,2026-07-31,719578.0,Transferencia
PG-014021,FE-014291,2026-07-31,406112.0,Transferencia
PG-014022,FE-014293,2026-07-31,499698.0,Transferencia
PG-014023,FE-014334,2026-07-31,1259722.0,Consignación
PG-014024,FE-014415,2026-07-31,2314833.0,Transferencia
PG-014025,FE-014422,2026-07-31,609694.0,Transferencia
PG-014026,FE-014425,2026-07-31,537638.0,PSE
PG-014027,FE-014448,2026-07-31,309847.0,Consignación
PG-014028,FE-014476,2026-07-31,1476872.0,Transferencia
PG-014029,FE-014481,2026-07-31,76302.0,Consignación
PG-014030,FE-014513,2026-07-31,1243889.0,Transferencia
PG-014031,FE-014535,2026-07-31,1461105.0,Transferencia
PG-014032,FE-014562,2026-07-31,296715.0,PSE
PG-014033,FE-014602,2026-07-31,482099.0,Consignación
PG-014034,FE-014605,2026-07-31,490667.0,Transferencia
PG-014035,FE-014700,2026-07-31,165901.0,Transferencia
PG-014036,FE-014714,2026-07-31,741234.0,Transferencia
PG-014037,FE-014758,2026-07-31,578503.0,Transferencia
PG-014038,FE-014765,2026-07-31,905759.0,Cheque
PG-014039,FE-014778,2026-07-31,763713.0,Consignación
PG-014040,FE-014848,2026-07-31,768952.0,Consignación
PG-014041,FE-014965,2026-07-31,183124.0,PSE
PG-014042,FE-015100,2026-07-31,1047702.0,Transferencia
PG-014043,FE-015182,2026-07-31,294254.0,PSE
PG-014044,FE-012984,2026-08-01,5014308.0,Transferencia
PG-014045,FE-013043,2026-08-01,1154376.0,PSE
PG-014046,FE-013053,2026-08-01,2956492.0,Transferencia
PG-014047,FE-013320,2026-08-01,1417009.0,Transferencia
PG-014048,FE-013323,2026-08-01,3221155.0,PSE
PG-014049,FE-013339,2026-08-01,1384212.0,Transferencia
PG-014050,FE-013444,2026-08-01,1273404.0,Consignación
PG-014051,FE-013484,2026-08-01,2332022.0,Transferencia
PG-014052,FE-013505,2026-08-01,201660.0,PSE
PG-014053,FE-013593,2026-08-01,1134000.0,Transferencia
PG-014054,FE-013595,2026-08-01,1963374.0,Transferencia
PG-014055,FE-013601,2026-08-01,737612.0,Consignación
PG-014056,FE-013620,2026-08-01,5572393.0,Transferencia
PG-014057,FE-013648,2026-08-01,1316041.0,Transferencia
PG-014058,FE-013694,2026-08-01,959889.0,Transferencia
PG-014059,FE-013751,2026-08-01,1285384.0,PSE
PG-014060,FE-013755,2026-08-01,3169473.0,Transferencia
PG-014061,FE-013793,2026-08-01,976932.0,Transferencia
PG-014062,FE-013817,2026-08-01,1295316.0,Transferencia
PG-014063,FE-013848,2026-08-01,2250072.0,Cheque
PG-014064,FE-013854,2026-08-01,311343.0,Transferencia
PG-014065,FE-013873,2026-08-01,5760427.0,Consignación
PG-014066,FE-013882,2026-08-01,813973.0,PSE
PG-014067,FE-013901,2026-08-01,1079253.0,Transferencia
PG-014068,FE-013906,2026-08-01,871952.0,Consignación
PG-014069,FE-013937,2026-08-01,724213.0,Transferencia
PG-014070,FE-013991,2026-08-01,193701.0,Transferencia
PG-014071,FE-014013,2026-08-01,265240.0,Transferencia
PG-014072,FE-014030,2026-08-01,762132.0,Transferencia
PG-014073,FE-014041,2026-08-01,4529069.0,Cheque
PG-014074,FE-014057,2026-08-01,1081714.0,Consignación
PG-014075,FE-014077,2026-08-01,3828063.0,Consignación
PG-014076,FE-014101,2026-08-01,2211929.0,Transferencia
PG-014077,FE-014103,2026-08-01,305580.0,Transferencia
PG-014078,FE-014163,2026-08-01,137368.0,PSE
PG-014079,FE-014164,2026-08-01,867624.0,Transferencia
PG-014080,FE-014213,2026-08-01,164256.0,PSE
PG-014081,FE-014229,2026-08-01,443423.0,PSE
PG-014082,FE-014256,2026-08-01,2029431.0,Transferencia
PG-014083,FE-014382,2026-08-01,140263.0,PSE
PG-014084,FE-014498,2026-08-01,1051391.0,Transferencia
PG-014085,FE-014509,2026-08-01,280452.0,Cheque
PG-014086,FE-014567,2026-08-01,220858.0,Transferencia
PG-014087,FE-014590,2026-08-01,656239.0,Transferencia
PG-014088,FE-014618,2026-08-01,89445.0,Transferencia
PG-014089,FE-014623,2026-08-01,436707.0,Transferencia
PG-014090,FE-014675,2026-08-01,1499833.0,PSE
PG-014091,FE-014741,2026-08-01,884532.0,PSE
PG-014092,FE-014772,2026-08-01,16805.0,Transferencia
PG-014093,FE-014861,2026-08-01,656499.0,Transferencia
PG-014094,FE-014887,2026-08-01,524377.0,Transferencia
PG-014095,FE-015021,2026-08-01,385158.0,Consignación
PG-014096,FE-015143,2026-08-01,239893.0,Transferencia
PG-014097,FE-015229,2026-08-01,216793.0,Consignación
PG-014098,FE-015252,2026-08-01,740287.0,Transferencia
PG-014099,FE-013238,2026-08-02,1492625.0,Transferencia
PG-014100,FE-013255,2026-08-02,1929781.0,PSE
PG-014101,FE-013265,2026-08-02,659941.0,Transferencia
PG-014102,FE-013302,2026-08-02,7341628.0,Transferencia
PG-014103,FE-013440,2026-08-02,3514452.0,Transferencia
PG-014104,FE-013605,2026-08-02,1173950.0,PSE
PG-014105,FE-013778,2026-08-02,380995.0,Transferencia
PG-014106,FE-013786,2026-08-02,2246033.0,PSE
PG-014107,FE-013818,2026-08-02,1121442.0,Cheque
PG-014108,FE-013898,2026-08-02,768826.0,Transferencia
PG-014109,FE-013945,2026-08-02,912413.0,Transferencia
PG-014110,FE-013960,2026-08-02,1163722.0,Transferencia
PG-014111,FE-013962,2026-08-02,932990.0,Transferencia
PG-014112,FE-013972,2026-08-02,821912.0,Transferencia
PG-014113,FE-013980,2026-08-02,311343.0,Transferencia
PG-014114,FE-013986,2026-08-02,447565.0,Transferencia
PG-014115,FE-013987,2026-08-02,1198279.0,Transferencia
PG-014116,FE-013994,2026-08-02,4517323.0,Transferencia
PG-014117,FE-013998,2026-08-02,410318.0,Transferencia
PG-014118,FE-014020,2026-08-02,1209869.0,Transferencia
PG-014119,FE-014026,2026-08-02,1468201.0,Transferencia
PG-014120,FE-014046,2026-08-02,564641.0,Transferencia
PG-014121,FE-014060,2026-08-02,3503141.0,Transferencia
PG-014122,FE-014081,2026-08-02,4335966.0,Cheque
PG-014123,FE-014121,2026-08-02,1239441.0,Transferencia
PG-014124,FE-014315,2026-08-02,496811.0,Transferencia
PG-014125,FE-014316,2026-08-02,175308.0,Transferencia
PG-014126,FE-014331,2026-08-02,1316586.0,Transferencia
PG-014127,FE-014364,2026-08-02,188277.0,Transferencia
PG-014128,FE-014494,2026-08-02,387989.0,Transferencia
PG-014129,FE-014505,2026-08-02,332618.0,Transferencia
PG-014130,FE-014520,2026-08-02,507107.0,PSE
PG-014131,FE-014528,2026-08-02,803198.0,PSE
PG-014132,FE-014540,2026-08-02,271158.0,PSE
PG-014133,FE-014589,2026-08-02,534774.0,Consignación
PG-014134,FE-014611,2026-08-02,4378670.0,PSE
PG-014135,FE-014728,2026-08-02,1245925.0,Cheque
PG-014136,FE-014775,2026-08-02,570008.0,Transferencia
PG-014137,FE-014801,2026-08-02,401831.0,Transferencia
PG-014138,FE-014842,2026-08-02,600630.0,Transferencia
PG-014139,FE-014875,2026-08-02,348519.0,Transferencia
PG-014140,FE-014899,2026-08-02,328020.0,Transferencia
PG-014141,FE-014942,2026-08-02,1667881.0,PSE
PG-014142,FE-014954,2026-08-02,660457.0,PSE
PG-014143,FE-014964,2026-08-02,384113.0,Transferencia
PG-014144,FE-014983,2026-08-02,277086.0,Transferencia
PG-014145,FE-015060,2026-08-02,378770.0,Transferencia
PG-014146,FE-015284,2026-08-02,483940.0,Consignación
PG-014147,FE-013033,2026-08-03,3299958.0,PSE
PG-014148,FE-013201,2026-08-03,1713517.0,Transferencia
PG-014149,FE-013246,2026-08-03,4757469.0,Transferencia
PG-014150,FE-013329,2026-08-03,9551057.0,Transferencia
PG-014151,FE-013350,2026-08-03,5164153.0,Transferencia
PG-014152,FE-013411,2026-08-03,1260831.0,PSE
PG-014153,FE-013432,2026-08-03,6366570.0,Transferencia
PG-014154,FE-013475,2026-08-03,2120222.0,Transferencia
PG-014155,FE-013528,2026-08-03,1037853.0,Transferencia
PG-014156,FE-013553,2026-08-03,274263.0,Transferencia
PG-014157,FE-013557,2026-08-03,5034078.0,Transferencia
PG-014158,FE-013563,2026-08-03,430836.0,PSE
PG-014159,FE-013580,2026-08-03,2713114.0,Transferencia
PG-014160,FE-013681,2026-08-03,1535994.0,Transferencia
PG-014161,FE-013691,2026-08-03,547945.0,Consignación
PG-014162,FE-013716,2026-08-03,4241283.0,Transferencia
PG-014163,FE-013742,2026-08-03,1466076.0,Cheque
PG-014164,FE-013746,2026-08-03,2118614.0,Transferencia
PG-014165,FE-013762,2026-08-03,1587905.0,Transferencia
PG-014166,FE-013805,2026-08-03,1632310.0,Consignación
PG-014167,FE-013839,2026-08-03,2005295.0,PSE
PG-014168,FE-013935,2026-08-03,597005.0,Transferencia
PG-014169,FE-014002,2026-08-03,3367738.0,PSE
PG-014170,FE-014003,2026-08-03,129855.0,PSE
PG-014171,FE-014005,2026-08-03,2450192.0,Cheque
PG-014172,FE-014051,2026-08-03,955758.0,Consignación
PG-014173,FE-014062,2026-08-03,380611.0,PSE
PG-014174,FE-014063,2026-08-03,1167175.0,PSE
PG-014175,FE-014185,2026-08-03,1244696.0,Transferencia
PG-014176,FE-014236,2026-08-03,659975.0,Transferencia
PG-014177,FE-014261,2026-08-03,1107331.0,Cheque
PG-014178,FE-014317,2026-08-03,5170485.0,Transferencia
PG-014179,FE-014326,2026-08-03,2613953.0,Transferencia
PG-014180,FE-014350,2026-08-03,345932.0,Cheque
PG-014181,FE-014373,2026-08-03,411459.0,Transferencia
PG-014182,FE-014400,2026-08-03,2645767.0,Transferencia
PG-014183,FE-014401,2026-08-03,570111.0,PSE
PG-014184,FE-014444,2026-08-03,423039.0,Transferencia
PG-014185,FE-014462,2026-08-03,147641.0,Transferencia
PG-014186,FE-014484,2026-08-03,56126.0,Transferencia
PG-014187,FE-014499,2026-08-03,235322.0,Transferencia
PG-014188,FE-014517,2026-08-03,7441980.0,Transferencia
PG-014189,FE-014559,2026-08-03,69060.0,PSE
PG-014190,FE-014561,2026-08-03,311383.0,Consignación
PG-014191,FE-014578,2026-08-03,108760.0,Transferencia
PG-014192,FE-014609,2026-08-03,304233.0,Transferencia
PG-014193,FE-014630,2026-08-03,787784.0,Transferencia
PG-014194,FE-014636,2026-08-03,825864.0,Transferencia
PG-014195,FE-014649,2026-08-03,3589799.0,Transferencia
PG-014196,FE-014661,2026-08-03,475443.0,Transferencia
PG-014197,FE-014699,2026-08-03,133575.0,Transferencia
PG-014198,FE-014747,2026-08-03,281777.0,Transferencia
PG-014199,FE-014781,2026-08-03,282526.0,Transferencia
PG-014200,FE-014794,2026-08-03,709973.0,Transferencia
PG-014201,FE-014888,2026-08-03,856633.0,Transferencia
PG-014202,FE-014941,2026-08-03,617758.0,Transferencia
PG-014203,FE-015053,2026-08-03,83150.0,PSE
PG-014204,FE-015192,2026-08-03,485841.0,Cheque
PG-014205,FE-015311,2026-08-03,580408.0,Transferencia
PG-014206,FE-015503,2026-08-03,106535.0,Transferencia
PG-014207,FE-013142,2026-08-04,2750505.0,Transferencia
PG-014208,FE-013143,2026-08-04,269828.0,PSE
PG-014209,FE-013217,2026-08-04,3485148.0,Cheque
PG-014210,FE-013253,2026-08-04,646140.0,Transferencia
PG-014211,FE-013332,2026-08-04,2266048.0,Transferencia
PG-014212,FE-013387,2026-08-04,2518931.0,Transferencia
PG-014213,FE-013395,2026-08-04,3124059.0,Transferencia
PG-014214,FE-013416,2026-08-04,4201936.0,Transferencia
PG-014215,FE-013438,2026-08-04,849909.0,Transferencia
PG-014216,FE-013631,2026-08-04,445453.0,Transferencia
PG-014217,FE-013635,2026-08-04,1184632.0,PSE
PG-014218,FE-013644,2026-08-04,1312881.0,PSE
PG-014219,FE-013650,2026-08-04,667289.0,Transferencia
PG-014220,FE-013704,2026-08-04,633992.0,Transferencia
PG-014221,FE-013780,2026-08-04,3094822.0,Transferencia
PG-014222,FE-013785,2026-08-04,744331.0,Transferencia
PG-014223,FE-013825,2026-08-04,61880.0,Consignación
PG-014224,FE-013864,2026-08-04,2124540.0,Transferencia
PG-014225,FE-013912,2026-08-04,3049968.0,Transferencia
PG-014226,FE-013964,2026-08-04,4652516.0,Cheque
PG-014227,FE-014069,2026-08-04,911194.0,Transferencia
PG-014228,FE-014087,2026-08-04,1918693.0,Transferencia
PG-014229,FE-014137,2026-08-04,149733.0,PSE
PG-014230,FE-014157,2026-08-04,1927126.0,Transferencia
PG-014231,FE-014197,2026-08-04,1757392.0,Transferencia
PG-014232,FE-014357,2026-08-04,400934.0,Consignación
PG-014233,FE-014378,2026-08-04,754381.0,PSE
PG-014234,FE-014388,2026-08-04,1425947.0,Transferencia
PG-014235,FE-014424,2026-08-04,36853.0,Transferencia
PG-014236,FE-014475,2026-08-04,232033.0,PSE
PG-014237,FE-014539,2026-08-04,429685.0,Transferencia
PG-014238,FE-014569,2026-08-04,10382.0,Transferencia
PG-014239,FE-014634,2026-08-04,59105.0,PSE
PG-014240,FE-014650,2026-08-04,499400.0,PSE
PG-014241,FE-014666,2026-08-04,368775.0,Cheque
PG-014242,FE-014745,2026-08-04,344758.0,PSE
PG-014243,FE-014780,2026-08-04,440499.0,Transferencia
PG-014244,FE-014931,2026-08-04,475987.0,PSE
PG-014245,FE-014938,2026-08-04,113346.0,Cheque
PG-014246,FE-015153,2026-08-04,306928.0,Transferencia
PG-014247,FE-015165,2026-08-04,56418.0,Cheque
PG-014248,FE-015304,2026-08-04,317591.0,Transferencia
PG-014249,FE-015393,2026-08-04,155518.0,Transferencia
PG-014250,FE-012885,2026-08-05,3172639.0,Transferencia
PG-014251,FE-012952,2026-08-05,3624001.0,Transferencia
PG-014252,FE-013273,2026-08-05,247626.0,Consignación
PG-014253,FE-013403,2026-08-05,495887.0,Transferencia
PG-014254,FE-013428,2026-08-05,7391612.0,Transferencia
PG-014255,FE-013579,2026-08-05,3368845.0,PSE
PG-014256,FE-013581,2026-08-05,9080832.0,Transferencia
PG-014257,FE-013590,2026-08-05,1791842.0,Transferencia
PG-014258,FE-013668,2026-08-05,2102879.0,Transferencia
PG-014259,FE-013674,2026-08-05,1763705.0,Cheque
PG-014260,FE-013708,2026-08-05,4405040.0,Transferencia
PG-014261,FE-013812,2026-08-05,1973703.0,Cheque
PG-014262,FE-013876,2026-08-05,1130664.0,Transferencia
PG-014263,FE-013900,2026-08-05,1367028.0,Consignación
PG-014264,FE-013913,2026-08-05,472053.0,Transferencia
PG-014265,FE-013918,2026-08-05,6559166.0,PSE
PG-014266,FE-013989,2026-08-05,1239016.0,Transferencia
PG-014267,FE-014011,2026-08-05,3828025.0,PSE
PG-014268,FE-014028,2026-08-05,7161250.0,Transferencia
PG-014269,FE-014034,2026-08-05,2375148.0,Transferencia
PG-014270,FE-014123,2026-08-05,909187.0,Transferencia
PG-014271,FE-014147,2026-08-05,1356990.0,Transferencia
PG-014272,FE-014182,2026-08-05,1502242.0,PSE
PG-014273,FE-014203,2026-08-05,1889626.0,Transferencia
PG-014274,FE-014250,2026-08-05,352617.0,Transferencia
PG-014275,FE-014327,2026-08-05,4126983.0,Transferencia
PG-014276,FE-014369,2026-08-05,1702860.0,Consignación
PG-014277,FE-014478,2026-08-05,532471.0,Transferencia
PG-014278,FE-014479,2026-08-05,2175033.0,PSE
PG-014279,FE-014506,2026-08-05,189963.0,Cheque
PG-014280,FE-014519,2026-08-05,203461.0,Transferencia
PG-014281,FE-014545,2026-08-05,1865637.0,Transferencia
PG-014282,FE-014546,2026-08-05,1521056.0,Transferencia
PG-014283,FE-014620,2026-08-05,291638.0,Transferencia
PG-014284,FE-014727,2026-08-05,140372.0,Cheque
PG-014285,FE-014738,2026-08-05,412111.0,Transferencia
PG-014286,FE-014739,2026-08-05,333741.0,Transferencia
PG-014287,FE-014768,2026-08-05,267437.0,Transferencia
PG-014288,FE-014793,2026-08-05,1905816.0,Transferencia
PG-014289,FE-014815,2026-08-05,1595290.0,PSE
PG-014290,FE-014824,2026-08-05,319044.0,Transferencia
PG-014291,FE-014835,2026-08-05,924490.0,Transferencia
PG-014292,FE-014896,2026-08-05,364910.0,PSE
PG-014293,FE-014963,2026-08-05,358288.0,PSE
PG-014294,FE-014984,2026-08-05,177502.0,Transferencia
PG-014295,FE-015005,2026-08-05,53579.0,Cheque
PG-014296,FE-015032,2026-08-05,81075.0,Consignación
PG-014297,FE-015131,2026-08-05,776689.0,Transferencia
PG-014298,FE-015139,2026-08-05,109016.0,Transferencia
PG-014299,FE-015241,2026-08-05,473427.0,Transferencia
PG-014300,FE-015242,2026-08-05,10273.0,Transferencia
PG-014301,FE-015463,2026-08-05,338208.0,PSE
PG-014302,FE-013101,2026-08-06,6555274.0,Transferencia
PG-014303,FE-013445,2026-08-06,2875089.0,PSE
PG-014304,FE-013521,2026-08-06,1361679.0,Consignación
PG-014305,FE-013693,2026-08-06,3992480.0,Transferencia
PG-014306,FE-013767,2026-08-06,3502487.0,Transferencia
PG-014307,FE-013884,2026-08-06,2358598.0,Transferencia
PG-014308,FE-013916,2026-08-06,665954.0,Transferencia
PG-014309,FE-013943,2026-08-06,2316760.0,Transferencia
PG-014310,FE-013973,2026-08-06,2858952.0,Cheque
PG-014311,FE-013982,2026-08-06,635780.0,PSE
PG-014312,FE-014050,2026-08-06,320418.0,Transferencia
PG-014313,FE-014097,2026-08-06,2122728.0,Transferencia
PG-014314,FE-014113,2026-08-06,456759.0,Cheque
PG-014315,FE-014149,2026-08-06,1414492.0,PSE
PG-014316,FE-014190,2026-08-06,246789.0,PSE
PG-014317,FE-014201,2026-08-06,2432370.0,Transferencia
PG-014318,FE-014243,2026-08-06,1765215.0,Consignación
PG-014319,FE-014254,2026-08-06,975687.0,Consignación
PG-014320,FE-014277,2026-08-06,1467422.0,Transferencia
PG-014321,FE-014292,2026-08-06,596804.0,Transferencia
PG-014322,FE-014319,2026-08-06,681656.0,Transferencia
PG-014323,FE-014341,2026-08-06,6326773.0,Consignación
PG-014324,FE-014351,2026-08-06,264247.0,Transferencia
PG-014325,FE-014368,2026-08-06,840061.0,Transferencia
PG-014326,FE-014399,2026-08-06,125390.0,Transferencia
PG-014327,FE-014403,2026-08-06,3607124.0,Consignación
PG-014328,FE-014456,2026-08-06,469205.0,Transferencia
PG-014329,FE-014600,2026-08-06,707110.0,Transferencia
PG-014330,FE-014603,2026-08-06,1184897.0,Transferencia
PG-014331,FE-014641,2026-08-06,3389277.0,Consignación
PG-014332,FE-014663,2026-08-06,383264.0,Transferencia
PG-014333,FE-014670,2026-08-06,312602.0,Cheque
PG-014334,FE-014694,2026-08-06,340697.0,PSE
PG-014335,FE-014716,2026-08-06,407956.0,Transferencia
PG-014336,FE-014779,2026-08-06,608511.0,Transferencia
PG-014337,FE-014786,2026-08-06,920971.0,Transferencia
PG-014338,FE-014795,2026-08-06,163161.0,PSE
PG-014339,FE-014820,2026-08-06,245528.0,Transferencia
PG-014340,FE-014843,2026-08-06,888944.0,Consignación
PG-014341,FE-014996,2026-08-06,192806.0,Transferencia
PG-014342,FE-015089,2026-08-06,428646.0,Transferencia
PG-014343,FE-015205,2026-08-06,372039.0,Cheque
PG-014344,FE-015232,2026-08-06,179376.0,Transferencia
PG-014345,FE-015380,2026-08-06,77395.0,Transferencia
PG-014346,FE-015396,2026-08-06,353050.0,Consignación
PG-014347,FE-015491,2026-08-06,279706.0,Transferencia
PG-014348,FE-015509,2026-08-06,657943.0,Transferencia
PG-014349,FE-013571,2026-08-07,3510254.0,Transferencia
PG-014350,FE-013572,2026-08-07,1304449.0,Transferencia
PG-014351,FE-013588,2026-08-07,3334074.0,Transferencia
PG-014352,FE-013619,2026-08-07,9507872.0,Transferencia
PG-014353,FE-013696,2026-08-07,739912.0,PSE
PG-014354,FE-013750,2026-08-07,1890359.0,Consignación
PG-014355,FE-013772,2026-08-07,1546278.0,PSE
PG-014356,FE-013843,2026-08-07,841486.0,Transferencia
PG-014357,FE-013874,2026-08-07,1544544.0,Consignación
PG-014358,FE-013944,2026-08-07,599462.0,Transferencia
PG-014359,FE-013949,2026-08-07,2125407.0,PSE
PG-014360,FE-014045,2026-08-07,370130.0,PSE
PG-014361,FE-014096,2026-08-07,1926452.0,PSE
PG-014362,FE-014130,2026-08-07,818476.0,Transferencia
PG-014363,FE-014140,2026-08-07,2307862.0,Transferencia
PG-014364,FE-014153,2026-08-07,1585661.0,PSE
PG-014365,FE-014160,2026-08-07,384565.0,Transferencia
PG-014366,FE-014208,2026-08-07,799625.0,Transferencia
PG-014367,FE-014301,2026-08-07,786528.0,PSE
PG-014368,FE-014323,2026-08-07,205456.0,Consignación
PG-014369,FE-014387,2026-08-07,1737313.0,Transferencia
PG-014370,FE-014414,2026-08-07,2673882.0,Transferencia
PG-014371,FE-014418,2026-08-07,2214089.0,Transferencia
PG-014372,FE-014521,2026-08-07,1614192.0,Transferencia
PG-014373,FE-014525,2026-08-07,2870818.0,Transferencia
PG-014374,FE-014534,2026-08-07,5848987.0,Consignación
PG-014375,FE-014541,2026-08-07,538545.0,Transferencia
PG-014376,FE-014557,2026-08-07,2729479.0,Transferencia
PG-014377,FE-014560,2026-08-07,599345.0,Transferencia
PG-014378,FE-014568,2026-08-07,930848.0,Transferencia
PG-014379,FE-014574,2026-08-07,569768.0,Transferencia
PG-014380,FE-014583,2026-08-07,682989.0,Transferencia
PG-014381,FE-014626,2026-08-07,631199.0,Transferencia
PG-014382,FE-014643,2026-08-07,482067.0,Transferencia
PG-014383,FE-014684,2026-08-07,1224448.0,PSE
PG-014384,FE-014696,2026-08-07,3029584.0,Transferencia
PG-014385,FE-014711,2026-08-07,3452706.0,Cheque
PG-014386,FE-014730,2026-08-07,396432.0,Transferencia
PG-014387,FE-014810,2026-08-07,315399.0,Transferencia
PG-014388,FE-014837,2026-08-07,338993.0,Transferencia
PG-014389,FE-014858,2026-08-07,188435.0,Transferencia
PG-014390,FE-014973,2026-08-07,297592.0,Consignación
PG-014391,FE-014995,2026-08-07,128430.0,Transferencia
PG-014392,FE-015001,2026-08-07,120241.0,Transferencia
PG-014393,FE-015015,2026-08-07,124937.0,Transferencia
PG-014394,FE-015037,2026-08-07,1469143.0,Transferencia
PG-014395,FE-015044,2026-08-07,307423.0,Consignación
PG-014396,FE-015126,2026-08-07,447429.0,Transferencia
PG-014397,FE-015160,2026-08-07,1016016.0,Consignación
PG-014398,FE-015213,2026-08-07,517683.0,Cheque
PG-014399,FE-015282,2026-08-07,435614.0,Transferencia
PG-014400,FE-015434,2026-08-07,772110.0,Transferencia
PG-014401,FE-015504,2026-08-07,1041513.0,Transferencia
PG-014402,FE-013377,2026-08-08,4512042.0,Transferencia
PG-014403,FE-013506,2026-08-08,8658472.0,Consignación
PG-014404,FE-013561,2026-08-08,3209550.0,Transferencia
PG-014405,FE-013670,2026-08-08,483140.0,Transferencia
PG-014406,FE-013705,2026-08-08,5922551.0,Transferencia
PG-014407,FE-013707,2026-08-08,1450472.0,PSE
PG-014408,FE-013765,2026-08-08,171555.0,Cheque
PG-014409,FE-013774,2026-08-08,374294.0,Consignación
PG-014410,FE-013808,2026-08-08,1700759.0,PSE
PG-014411,FE-013830,2026-08-08,1026736.0,Consignación
PG-014412,FE-013842,2026-08-08,2108999.0,Cheque
PG-014413,FE-013892,2026-08-08,2527011.0,Transferencia
PG-014414,FE-013907,2026-08-08,753097.0,Transferencia
PG-014415,FE-013961,2026-08-08,2285807.0,Transferencia
PG-014416,FE-014044,2026-08-08,1139440.0,Transferencia
PG-014417,FE-014053,2026-08-08,7781222.0,Transferencia
PG-014418,FE-014085,2026-08-08,1170761.0,Transferencia
PG-014419,FE-014146,2026-08-08,3526476.0,Transferencia
PG-014420,FE-014184,2026-08-08,1684600.0,Consignación
PG-014421,FE-014204,2026-08-08,441783.0,Transferencia
PG-014422,FE-014211,2026-08-08,1364428.0,Consignación
PG-014423,FE-014224,2026-08-08,806719.0,Transferencia
PG-014424,FE-014225,2026-08-08,1931766.0,Transferencia
PG-014425,FE-014244,2026-08-08,3729721.0,PSE
PG-014426,FE-014325,2026-08-08,2546727.0,Transferencia
PG-014427,FE-014333,2026-08-08,117032.0,PSE
PG-014428,FE-014375,2026-08-08,1812955.0,Transferencia
PG-014429,FE-014380,2026-08-08,197272.0,Transferencia
PG-014430,FE-014411,2026-08-08,1164354.0,Transferencia
PG-014431,FE-014480,2026-08-08,1995009.0,Transferencia
PG-014432,FE-014485,2026-08-08,348887.0,Transferencia
PG-014433,FE-014527,2026-08-08,134688.0,PSE
PG-014434,FE-014599,2026-08-08,2437609.0,Transferencia
PG-014435,FE-014608,2026-08-08,93734.0,Transferencia
PG-014436,FE-014624,2026-08-08,905619.0,Cheque
PG-014437,FE-014627,2026-08-08,774096.0,Transferencia
PG-014438,FE-014719,2026-08-08,346348.0,PSE
PG-014439,FE-014729,2026-08-08,676697.0,Transferencia
PG-014440,FE-014803,2026-08-08,938280.0,Transferencia
PG-014441,FE-014826,2026-08-08,2919447.0,PSE
PG-014442,FE-014832,2026-08-08,340771.0,Transferencia
PG-014443,FE-014892,2026-08-08,697566.0,Transferencia
PG-014444,FE-014953,2026-08-08,496097.0,Transferencia
PG-014445,FE-015046,2026-08-08,117969.0,Transferencia
PG-014446,FE-015063,2026-08-08,859512.0,Transferencia
PG-014447,FE-015081,2026-08-08,110068.0,Cheque
PG-014448,FE-015112,2026-08-08,681646.0,Transferencia
PG-014449,FE-015158,2026-08-08,209370.0,PSE
PG-014450,FE-015179,2026-08-08,1784047.0,PSE
PG-014451,FE-015185,2026-08-08,332222.0,Transferencia
PG-014452,FE-015189,2026-08-08,711293.0,PSE
PG-014453,FE-015219,2026-08-08,460538.0,Transferencia
PG-014454,FE-015220,2026-08-08,417864.0,Transferencia
PG-014455,FE-015367,2026-08-08,183790.0,Transferencia
PG-014456,FE-015801,2026-08-08,576501.0,Transferencia
PG-014457,FE-013226,2026-08-09,808830.0,PSE
PG-014458,FE-013433,2026-08-09,1439171.0,Cheque
PG-014459,FE-013469,2026-08-09,2300172.0,Transferencia
PG-014460,FE-013573,2026-08-09,2779018.0,PSE
PG-014461,FE-013599,2026-08-09,994402.0,Cheque
PG-014462,FE-013609,2026-08-09,1115126.0,Cheque
PG-014463,FE-013655,2026-08-09,4756885.0,PSE
PG-014464,FE-013665,2026-08-09,2839490.0,Transferencia
PG-014465,FE-013675,2026-08-09,2602836.0,Transferencia
PG-014466,FE-013706,2026-08-09,951284.0,Consignación
PG-014467,FE-013820,2026-08-09,2203082.0,Transferencia
PG-014468,FE-013862,2026-08-09,3319844.0,Transferencia
PG-014469,FE-013869,2026-08-09,1792902.0,Transferencia
PG-014470,FE-013957,2026-08-09,2513372.0,Consignación
PG-014471,FE-014042,2026-08-09,3908816.0,Transferencia
PG-014472,FE-014064,2026-08-09,862999.0,Transferencia
PG-014473,FE-014073,2026-08-09,1009772.0,Transferencia
PG-014474,FE-014126,2026-08-09,3134173.0,PSE
PG-014475,FE-014143,2026-08-09,1334611.0,PSE
PG-014476,FE-014177,2026-08-09,638443.0,Transferencia
PG-014477,FE-014221,2026-08-09,508279.0,Transferencia
PG-014478,FE-014300,2026-08-09,923213.0,Transferencia
PG-014479,FE-014321,2026-08-09,2299862.0,Cheque
PG-014480,FE-014355,2026-08-09,2438599.0,Transferencia
PG-014481,FE-014406,2026-08-09,2179954.0,Transferencia
PG-014482,FE-014489,2026-08-09,2747359.0,Transferencia
PG-014483,FE-014507,2026-08-09,733855.0,PSE
PG-014484,FE-014555,2026-08-09,2614256.0,Transferencia
PG-014485,FE-014556,2026-08-09,2226210.0,PSE
PG-014486,FE-014664,2026-08-09,5720343.0,Transferencia
PG-014487,FE-014722,2026-08-09,3106875.0,Transferencia
PG-014488,FE-014808,2026-08-09,656674.0,Transferencia
PG-014489,FE-014884,2026-08-09,1184688.0,Consignación
PG-014490,FE-014925,2026-08-09,274354.0,Transferencia
PG-014491,FE-015027,2026-08-09,532675.0,Transferencia
PG-014492,FE-015057,2026-08-09,797044.0,Cheque
PG-014493,FE-015141,2026-08-09,34229.0,Transferencia
PG-014494,FE-015166,2026-08-09,560664.0,Transferencia
PG-014495,FE-015221,2026-08-09,758404.0,Transferencia
PG-014496,FE-015318,2026-08-09,369255.0,Transferencia
PG-014497,FE-015391,2026-08-09,254716.0,PSE
PG-014498,FE-015411,2026-08-09,866794.0,Transferencia
PG-014499,FE-015541,2026-08-09,68079.0,Cheque
PG-014500,FE-013375,2026-08-10,1158529.0,Transferencia
PG-014501,FE-013386,2026-08-10,3906351.0,Transferencia
PG-014502,FE-013449,2026-08-10,940857.0,Transferencia
PG-014503,FE-013555,2026-08-10,2923329.0,PSE
PG-014504,FE-013931,2026-08-10,1253062.0,Transferencia
PG-014505,FE-013992,2026-08-10,707117.0,Transferencia
PG-014506,FE-014001,2026-08-10,2470997.0,PSE
PG-014507,FE-014024,2026-08-10,3208565.0,Transferencia
PG-014508,FE-014120,2026-08-10,1417949.0,Transferencia
PG-014509,FE-014150,2026-08-10,2806753.0,PSE
PG-014510,FE-014178,2026-08-10,3221330.0,Transferencia
PG-014511,FE-014207,2026-08-10,990552.0,Consignación
PG-014512,FE-014210,2026-08-10,2596271.0,Transferencia
PG-014513,FE-014259,2026-08-10,321881.0,PSE
PG-014514,FE-014288,2026-08-10,934690.0,Transferencia
PG-014515,FE-014427,2026-08-10,203123.0,Transferencia
PG-014516,FE-014440,2026-08-10,1181482.0,PSE
PG-014517,FE-014548,2026-08-10,1558514.0,Transferencia
PG-014518,FE-014571,2026-08-10,2130013.0,Consignación
PG-014519,FE-014580,2026-08-10,3393920.0,Transferencia
PG-014520,FE-014588,2026-08-10,2015651.0,Consignación
PG-014521,FE-014629,2026-08-10,267206.0,Consignación
PG-014522,FE-014645,2026-08-10,3714905.0,Transferencia
PG-014523,FE-014672,2026-08-10,1373930.0,Transferencia
PG-014524,FE-014674,2026-08-10,281635.0,Transferencia
PG-014525,FE-014678,2026-08-10,32413.0,Cheque
PG-014526,FE-014690,2026-08-10,49179.0,Transferencia
PG-014527,FE-014814,2026-08-10,4789953.0,Transferencia
PG-014528,FE-014935,2026-08-10,2240056.0,Transferencia
PG-014529,FE-014993,2026-08-10,71138.0,Consignación
PG-014530,FE-015018,2026-08-10,135938.0,PSE
PG-014531,FE-015056,2026-08-10,1105566.0,Transferencia
PG-014532,FE-015077,2026-08-10,393712.0,PSE
PG-014533,FE-015121,2026-08-10,388051.0,Transferencia
PG-014534,FE-015225,2026-08-10,594268.0,PSE
PG-014535,FE-015249,2026-08-10,59775.0,PSE
PG-014536,FE-015264,2026-08-10,161735.0,Consignación
PG-014537,FE-015322,2026-08-10,373891.0,Transferencia
PG-014538,FE-015379,2026-08-10,296380.0,Transferencia
PG-014539,FE-015400,2026-08-10,190029.0,Transferencia
PG-014540,FE-015407,2026-08-10,408208.0,Transferencia
PG-014541,FE-015413,2026-08-10,786779.0,Consignación
PG-014542,FE-015521,2026-08-10,273591.0,Transferencia
PG-014543,FE-015654,2026-08-10,116856.0,Transferencia
PG-014544,FE-015895,2026-08-10,438079.0,Transferencia
PG-014545,FE-013718,2026-08-11,4083885.0,Transferencia
PG-014546,FE-013734,2026-08-11,578970.0,Transferencia
PG-014547,FE-013776,2026-08-11,677970.0,Transferencia
PG-014548,FE-013988,2026-08-11,1159926.0,Consignación
PG-014549,FE-014088,2026-08-11,870182.0,PSE
PG-014550,FE-014104,2026-08-11,1306689.0,PSE
PG-014551,FE-014105,2026-08-11,2171336.0,Transferencia
PG-014552,FE-014125,2026-08-11,773748.0,Transferencia
PG-014553,FE-014194,2026-08-11,1679417.0,Transferencia
PG-014554,FE-014215,2026-08-11,642212.0,PSE
PG-014555,FE-014218,2026-08-11,3409172.0,Transferencia
PG-014556,FE-014282,2026-08-11,1062245.0,Transferencia
PG-014557,FE-014308,2026-08-11,3941523.0,Cheque
PG-014558,FE-014335,2026-08-11,646400.0,Cheque
PG-014559,FE-014374,2026-08-11,3604198.0,Transferencia
PG-014560,FE-014376,2026-08-11,885455.0,Transferencia
PG-014561,FE-014385,2026-08-11,1734181.0,Transferencia
PG-014562,FE-014430,2026-08-11,3291768.0,Transferencia
PG-014563,FE-014442,2026-08-11,2372865.0,Consignación
PG-014564,FE-014463,2026-08-11,191689.0,Cheque
PG-014565,FE-014471,2026-08-11,654847.0,Transferencia
PG-014566,FE-014491,2026-08-11,13514122.0,Transferencia
PG-014567,FE-014501,2026-08-11,1450924.0,PSE
PG-014568,FE-014575,2026-08-11,2523384.0,Transferencia
PG-014569,FE-014584,2026-08-11,1883107.0,Transferencia
PG-014570,FE-014612,2026-08-11,3580955.0,Transferencia
PG-014571,FE-014631,2026-08-11,283698.0,Transferencia
PG-014572,FE-014655,2026-08-11,1036062.0,Cheque
PG-014573,FE-014746,2026-08-11,520723.0,Transferencia
PG-014574,FE-014828,2026-08-11,189911.0,Transferencia
PG-014575,FE-014844,2026-08-11,448009.0,Transferencia
PG-014576,FE-014847,2026-08-11,2426024.0,Transferencia
PG-014577,FE-014852,2026-08-11,4027728.0,Transferencia
PG-014578,FE-014853,2026-08-11,901872.0,PSE
PG-014579,FE-014865,2026-08-11,768600.0,Transferencia
PG-014580,FE-014924,2026-08-11,209667.0,PSE
PG-014581,FE-014928,2026-08-11,301245.0,Consignación
PG-014582,FE-014960,2026-08-11,226716.0,Cheque
PG-014583,FE-015009,2026-08-11,821839.0,Consignación
PG-014584,FE-015043,2026-08-11,2838412.0,Transferencia
PG-014585,FE-015054,2026-08-11,798886.0,Cheque
PG-014586,FE-015068,2026-08-11,468784.0,Cheque
PG-014587,FE-015071,2026-08-11,330457.0,Consignación
PG-014588,FE-015080,2026-08-11,180740.0,Consignación
PG-014589,FE-015118,2026-08-11,362417.0,PSE
PG-014590,FE-015161,2026-08-11,412195.0,PSE
PG-014591,FE-015226,2026-08-11,429441.0,Transferencia
PG-014592,FE-015357,2026-08-11,220336.0,Transferencia
PG-014593,FE-015472,2026-08-11,335213.0,Transferencia
PG-014594,FE-015473,2026-08-11,266103.0,Consignación
PG-014595,FE-013712,2026-08-12,1662832.0,Consignación
PG-014596,FE-013850,2026-08-12,5916030.0,PSE
PG-014597,FE-013895,2026-08-12,1076800.0,Transferencia
PG-014598,FE-013910,2026-08-12,1900456.0,PSE
PG-014599,FE-014037,2026-08-12,865154.0,Transferencia
PG-014600,FE-014092,2026-08-12,2578272.0,Transferencia
PG-014601,FE-014095,2026-08-12,4222058.0,Transferencia
PG-014602,FE-014154,2026-08-12,1767348.0,PSE
PG-014603,FE-014166,2026-08-12,1924819.0,Transferencia
PG-014604,FE-014181,2026-08-12,2374834.0,Transferencia
PG-014605,FE-014234,2026-08-12,1614409.0,Cheque
PG-014606,FE-014237,2026-08-12,2207983.0,Transferencia
PG-014607,FE-014247,2026-08-12,5714687.0,Transferencia
PG-014608,FE-014285,2026-08-12,691286.0,PSE
PG-014609,FE-014299,2026-08-12,893368.0,Transferencia
PG-014610,FE-014304,2026-08-12,101888.0,Cheque
PG-014611,FE-014310,2026-08-12,2876746.0,Transferencia
PG-014612,FE-014322,2026-08-12,127629.0,Consignación
PG-014613,FE-014345,2026-08-12,330838.0,Transferencia
PG-014614,FE-014514,2026-08-12,456730.0,Transferencia
PG-014615,FE-014524,2026-08-12,1302982.0,Cheque
PG-014616,FE-014547,2026-08-12,1255575.0,PSE
PG-014617,FE-014565,2026-08-12,6237060.0,Transferencia
PG-014618,FE-014572,2026-08-12,323266.0,PSE
PG-014619,FE-014647,2026-08-12,2159519.0,Transferencia
PG-014620,FE-014679,2026-08-12,974483.0,Transferencia
PG-014621,FE-014688,2026-08-12,333289.0,Transferencia
PG-014622,FE-014724,2026-08-12,5209820.0,Transferencia
PG-014623,FE-014748,2026-08-12,2455379.0,Transferencia
PG-014624,FE-014798,2026-08-12,635003.0,Transferencia
PG-014625,FE-014891,2026-08-12,347336.0,Transferencia
PG-014626,FE-014929,2026-08-12,185868.0,Transferencia
PG-014627,FE-014969,2026-08-12,79960.0,Transferencia
PG-014628,FE-014974,2026-08-12,498540.0,Transferencia
PG-014629,FE-015022,2026-08-12,426777.0,Transferencia
PG-014630,FE-015050,2026-08-12,136851.0,Transferencia
PG-014631,FE-015093,2026-08-12,217014.0,PSE
PG-014632,FE-015115,2026-08-12,387271.0,Transferencia
PG-014633,FE-015120,2026-08-12,302604.0,Consignación
PG-014634,FE-015128,2026-08-12,1756410.0,Transferencia
PG-014635,FE-015184,2026-08-12,318176.0,Transferencia
PG-014636,FE-015186,2026-08-12,254408.0,Consignación
PG-014637,FE-015295,2026-08-12,223302.0,PSE
PG-014638,FE-015320,2026-08-12,381777.0,Transferencia
PG-014639,FE-015758,2026-08-12,257485.0,Transferencia
PG-014640,FE-016116,2026-08-12,202515.0,Cheque
PG-014641,FE-013271,2026-08-13,312117.0,PSE
PG-014642,FE-013374,2026-08-13,2780842.0,Transferencia
PG-014643,FE-013831,2026-08-13,2931212.0,Transferencia
PG-014644,FE-013851,2026-08-13,7012011.0,Transferencia
PG-014645,FE-013979,2026-08-13,6904400.0,PSE
PG-014646,FE-014012,2026-08-13,646633.0,PSE
PG-014647,FE-014119,2026-08-13,2150361.0,Transferencia
PG-014648,FE-014141,2026-08-13,2809241.0,Transferencia
PG-014649,FE-014202,2026-08-13,1653898.0,Transferencia
PG-014650,FE-014241,2026-08-13,294373.0,Transferencia
PG-014651,FE-014284,2026-08-13,895646.0,Transferencia
PG-014652,FE-014297,2026-08-13,1377105.0,PSE
PG-014653,FE-014303,2026-08-13,3349644.0,Cheque
PG-014654,FE-014336,2026-08-13,376809.0,Transferencia
PG-014655,FE-014340,2026-08-13,3828905.0,Consignación
PG-014656,FE-014348,2026-08-13,718491.0,Consignación
PG-014657,FE-014354,2026-08-13,2290368.0,Transferencia
PG-014658,FE-014423,2026-08-13,2528958.0,Transferencia
PG-014659,FE-014435,2026-08-13,1812213.0,Transferencia
PG-014660,FE-014532,2026-08-13,370263.0,Transferencia
PG-014661,FE-014577,2026-08-13,351559.0,Consignación
PG-014662,FE-014653,2026-08-13,1800196.0,Transferencia
PG-014663,FE-014654,2026-08-13,4346819.0,Consignación
PG-014664,FE-014673,2026-08-13,2580773.0,Cheque
PG-014665,FE-014764,2026-08-13,1772747.0,Transferencia
PG-014666,FE-014777,2026-08-13,47924.0,Transferencia
PG-014667,FE-014819,2026-08-13,2753164.0,Consignación
PG-014668,FE-014846,2026-08-13,555394.0,Cheque
PG-014669,FE-014909,2026-08-13,217106.0,Consignación
PG-014670,FE-014910,2026-08-13,408072.0,PSE
PG-014671,FE-014932,2026-08-13,244707.0,Transferencia
PG-014672,FE-014981,2026-08-13,457616.0,PSE
PG-014673,FE-015007,2026-08-13,989953.0,Transferencia
PG-014674,FE-015019,2026-08-13,626729.0,Consignación
PG-014675,FE-015035,2026-08-13,999949.0,Transferencia
PG-014676,FE-015136,2026-08-13,540985.0,Transferencia
PG-014677,FE-015144,2026-08-13,785079.0,Transferencia
PG-014678,FE-015155,2026-08-13,389111.0,Consignación
PG-014679,FE-015164,2026-08-13,255128.0,Consignación
PG-014680,FE-015173,2026-08-13,120620.0,Transferencia
PG-014681,FE-015180,2026-08-13,639268.0,Cheque
PG-014682,FE-015214,2026-08-13,141324.0,Transferencia
PG-014683,FE-015227,2026-08-13,180021.0,PSE
PG-014684,FE-015235,2026-08-13,182978.0,Transferencia
PG-014685,FE-015276,2026-08-13,526627.0,Transferencia
PG-014686,FE-015291,2026-08-13,310181.0,Transferencia
PG-014687,FE-015371,2026-08-13,644981.0,Transferencia
PG-014688,FE-015378,2026-08-13,157994.0,Transferencia
PG-014689,FE-015390,2026-08-13,637143.0,Transferencia
PG-014690,FE-015482,2026-08-13,537665.0,PSE
PG-014691,FE-015523,2026-08-13,256456.0,Transferencia
PG-014692,FE-015639,2026-08-13,821950.0,Consignación
PG-014693,FE-015708,2026-08-13,304851.0,Consignación
PG-014694,FE-015916,2026-08-13,779332.0,PSE
PG-014695,FE-013281,2026-08-14,3097739.0,PSE
PG-014696,FE-013466,2026-08-14,2021116.0,Transferencia
PG-014697,FE-013616,2026-08-14,2469841.0,Transferencia
PG-014698,FE-013754,2026-08-14,734170.0,Transferencia
PG-014699,FE-013837,2026-08-14,3241384.0,Transferencia
PG-014700,FE-013838,2026-08-14,2654488.0,Transferencia
PG-014701,FE-013963,2026-08-14,835889.0,Transferencia
PG-014702,FE-014145,2026-08-14,3577053.0,Cheque
PG-014703,FE-014169,2026-08-14,1749004.0,PSE
PG-014704,FE-014172,2026-08-14,178049.0,Consignación
PG-014705,FE-014174,2026-08-14,794734.0,Transferencia
PG-014706,FE-014217,2026-08-14,1872545.0,Consignación
PG-014707,FE-014253,2026-08-14,42780.0,Transferencia
PG-014708,FE-014257,2026-08-14,1906979.0,Transferencia
PG-014709,FE-014305,2026-08-14,2182769.0,Consignación
PG-014710,FE-014313,2026-08-14,674772.0,Transferencia
PG-014711,FE-014356,2026-08-14,183963.0,Transferencia
PG-014712,FE-014360,2026-08-14,1065119.0,Consignación
PG-014713,FE-014384,2026-08-14,2105856.0,Transferencia
PG-014714,FE-014416,2026-08-14,2270318.0,Transferencia
PG-014715,FE-014417,2026-08-14,1070216.0,Transferencia
PG-014716,FE-014449,2026-08-14,4548577.0,Transferencia
PG-014717,FE-014472,2026-08-14,2398453.0,PSE
PG-014718,FE-014474,2026-08-14,3015177.0,Transferencia
PG-014719,FE-014477,2026-08-14,630231.0,Transferencia
PG-014720,FE-014553,2026-08-14,184812.0,Transferencia
PG-014721,FE-014610,2026-08-14,2111015.0,Consignación
PG-014722,FE-014615,2026-08-14,625823.0,Transferencia
PG-014723,FE-014668,2026-08-14,4856878.0,Consignación
PG-014724,FE-014733,2026-08-14,888003.0,Transferencia
PG-014725,FE-014754,2026-08-14,138234.0,Transferencia
PG-014726,FE-014804,2026-08-14,1747956.0,Cheque
PG-014727,FE-014822,2026-08-14,2874979.0,PSE
PG-014728,FE-014872,2026-08-14,1260390.0,Transferencia
PG-014729,FE-014933,2026-08-14,2123371.0,Cheque
PG-014730,FE-014936,2026-08-14,2485739.0,Transferencia
PG-014731,FE-014977,2026-08-14,419556.0,Transferencia
PG-014732,FE-014985,2026-08-14,263046.0,PSE
PG-014733,FE-015003,2026-08-14,375756.0,Cheque
PG-014734,FE-015096,2026-08-14,251967.0,PSE
PG-014735,FE-015224,2026-08-14,738167.0,Transferencia
PG-014736,FE-015245,2026-08-14,920567.0,Transferencia
PG-014737,FE-015319,2026-08-14,475624.0,PSE
PG-014738,FE-015362,2026-08-14,746066.0,Transferencia
PG-014739,FE-015433,2026-08-14,100532.0,PSE
PG-014740,FE-015577,2026-08-14,309862.0,Transferencia
PG-014741,FE-016025,2026-08-14,895713.0,Transferencia
PG-014742,FE-013272,2026-08-15,1838214.0,Cheque
PG-014743,FE-013721,2026-08-15,5045010.0,Transferencia
PG-014744,FE-013953,2026-08-15,4316147.0,Cheque
PG-014745,FE-013983,2026-08-15,3575317.0,Transferencia
PG-014746,FE-014032,2026-08-15,3528301.0,Transferencia
PG-014747,FE-014072,2026-08-15,1141145.0,Cheque
PG-014748,FE-014102,2026-08-15,3168617.0,PSE
PG-014749,FE-014158,2026-08-15,2173575.0,Consignación
PG-014750,FE-014205,2026-08-15,2039681.0,Cheque
PG-014751,FE-014227,2026-08-15,1044362.0,Transferencia
PG-014752,FE-014245,2026-08-15,2304616.0,Transferencia
PG-014753,FE-014264,2026-08-15,2902367.0,Consignación
PG-014754,FE-014383,2026-08-15,1370192.0,PSE
PG-014755,FE-014389,2026-08-15,1064542.0,Transferencia
PG-014756,FE-014412,2026-08-15,3178458.0,Consignación
PG-014757,FE-014431,2026-08-15,1488011.0,Transferencia
PG-014758,FE-014470,2026-08-15,658870.0,PSE
PG-014759,FE-014533,2026-08-15,2298679.0,Transferencia
PG-014760,FE-014549,2026-08-15,87271.0,Transferencia
PG-014761,FE-014607,2026-08-15,1999832.0,Transferencia
PG-014762,FE-014677,2026-08-15,83230.0,Transferencia
PG-014763,FE-014682,2026-08-15,1970785.0,Transferencia
PG-014764,FE-014718,2026-08-15,292019.0,PSE
PG-014765,FE-014721,2026-08-15,1516330.0,Transferencia
PG-014766,FE-014734,2026-08-15,2476175.0,Transferencia
PG-014767,FE-014737,2026-08-15,1369604.0,PSE
PG-014768,FE-014782,2026-08-15,637927.0,Transferencia
PG-014769,FE-014813,2026-08-15,1453656.0,Transferencia
PG-014770,FE-014833,2026-08-15,263879.0,Transferencia
PG-014771,FE-014845,2026-08-15,212289.0,Transferencia
PG-014772,FE-014906,2026-08-15,499458.0,Transferencia
PG-014773,FE-014921,2026-08-15,1047470.0,Transferencia
PG-014774,FE-014943,2026-08-15,4459993.0,Transferencia
PG-014775,FE-014948,2026-08-15,1277435.0,Transferencia
PG-014776,FE-014962,2026-08-15,167201.0,Transferencia
PG-014777,FE-015010,2026-08-15,1126962.0,PSE
PG-014778,FE-015020,2026-08-15,739942.0,Transferencia
PG-014779,FE-015023,2026-08-15,304767.0,Transferencia
PG-014780,FE-015024,2026-08-15,304585.0,Transferencia
PG-014781,FE-015026,2026-08-15,306454.0,Transferencia
PG-014782,FE-015049,2026-08-15,2342626.0,PSE
PG-014783,FE-015073,2026-08-15,4920963.0,Cheque
PG-014784,FE-015078,2026-08-15,307836.0,Consignación
PG-014785,FE-015079,2026-08-15,246251.0,PSE
PG-014786,FE-015098,2026-08-15,371630.0,Consignación
PG-014787,FE-015110,2026-08-15,282292.0,Transferencia
PG-014788,FE-015119,2026-08-15,473334.0,Transferencia
PG-014789,FE-015195,2026-08-15,712548.0,Transferencia
PG-014790,FE-015237,2026-08-15,1344567.0,Consignación
PG-014791,FE-015238,2026-08-15,289899.0,Transferencia
PG-014792,FE-015259,2026-08-15,2027770.0,Cheque
PG-014793,FE-015272,2026-08-15,222100.0,Transferencia
PG-014794,FE-015331,2026-08-15,346376.0,Transferencia
PG-014795,FE-015385,2026-08-15,59381.0,PSE
PG-014796,FE-015417,2026-08-15,175022.0,Consignación
PG-014797,FE-015447,2026-08-15,293112.0,Consignación
PG-014798,FE-015488,2026-08-15,401884.0,Cheque
PG-014799,FE-015513,2026-08-15,184708.0,PSE
PG-014800,FE-015668,2026-08-15,257736.0,Cheque
PG-014801,FE-015731,2026-08-15,197294.0,Transferencia
PG-014802,FE-015796,2026-08-15,131558.0,Transferencia
PG-014803,FE-015862,2026-08-15,18892.0,Transferencia
PG-014804,FE-016168,2026-08-15,245637.0,Transferencia
PG-014805,FE-013582,2026-08-16,523924.0,Transferencia
PG-014806,FE-013763,2026-08-16,15600757.0,Transferencia
PG-014807,FE-013819,2026-08-16,2037943.0,Transferencia
PG-014808,FE-013968,2026-08-16,412490.0,Transferencia
PG-014809,FE-013978,2026-08-16,3368190.0,Transferencia
PG-014810,FE-014071,2026-08-16,1463598.0,Transferencia
PG-014811,FE-014078,2026-08-16,6908972.0,PSE
PG-014812,FE-014129,2026-08-16,915736.0,Transferencia
PG-014813,FE-014156,2026-08-16,1668420.0,Transferencia
PG-014814,FE-014199,2026-08-16,856213.0,Transferencia
PG-014815,FE-014361,2026-08-16,647027.0,Transferencia
PG-014816,FE-014573,2026-08-16,883301.0,PSE
PG-014817,FE-014660,2026-08-16,433484.0,Transferencia
PG-014818,FE-014740,2026-08-16,57842.0,Transferencia
PG-014819,FE-014763,2026-08-16,387678.0,Transferencia
PG-014820,FE-014785,2026-08-16,2820434.0,PSE
PG-014821,FE-014811,2026-08-16,3332397.0,Transferencia
PG-014822,FE-014840,2026-08-16,1927895.0,Transferencia
PG-014823,FE-014841,2026-08-16,1658398.0,Transferencia
PG-014824,FE-014851,2026-08-16,2412129.0,Transferencia
PG-014825,FE-014890,2026-08-16,2087227.0,PSE
PG-014826,FE-014902,2026-08-16,800439.0,Transferencia
PG-014827,FE-014908,2026-08-16,2827998.0,PSE
PG-014828,FE-014971,2026-08-16,402760.0,Transferencia
PG-014829,FE-015094,2026-08-16,85653.0,Transferencia
PG-014830,FE-015172,2026-08-16,1087960.0,Transferencia
PG-014831,FE-015194,2026-08-16,727798.0,PSE
PG-014832,FE-015251,2026-08-16,436712.0,Transferencia
PG-014833,FE-015270,2026-08-16,1483149.0,Transferencia
PG-014834,FE-015277,2026-08-16,270689.0,PSE
PG-014835,FE-015344,2026-08-16,181108.0,Transferencia
PG-014836,FE-015383,2026-08-16,584309.0,Transferencia
PG-014837,FE-015416,2026-08-16,550515.0,Transferencia
PG-014838,FE-015425,2026-08-16,1239343.0,Cheque
PG-014839,FE-015426,2026-08-16,745070.0,Transferencia
PG-014840,FE-015466,2026-08-16,539924.0,Transferencia
PG-014841,FE-015496,2026-08-16,1091349.0,Transferencia
PG-014842,FE-015499,2026-08-16,109728.0,Consignación
PG-014843,FE-015660,2026-08-16,156257.0,Cheque
PG-014844,FE-015742,2026-08-16,717989.0,Cheque
PG-014845,FE-015755,2026-08-16,404719.0,Consignación
PG-014846,FE-015777,2026-08-16,307328.0,Transferencia
PG-014847,FE-015805,2026-08-16,468369.0,Transferencia
PG-014848,FE-015826,2026-08-16,1188271.0,Transferencia
PG-014849,FE-015849,2026-08-16,799930.0,PSE
PG-014850,FE-013726,2026-08-17,1857197.0,Consignación
PG-014851,FE-013969,2026-08-17,3881079.0,PSE
PG-014852,FE-014025,2026-08-17,327383.0,PSE
PG-014853,FE-014094,2026-08-17,6414900.0,PSE
PG-014854,FE-014134,2026-08-17,1273094.0,Transferencia
PG-014855,FE-014404,2026-08-17,437701.0,PSE
PG-014856,FE-014464,2026-08-17,2140765.0,PSE
PG-014857,FE-014473,2026-08-17,3220573.0,Transferencia
PG-014858,FE-014635,2026-08-17,1886879.0,Transferencia
PG-014859,FE-014638,2026-08-17,895990.0,PSE
PG-014860,FE-014644,2026-08-17,270844.0,Transferencia
PG-014861,FE-014656,2026-08-17,529713.0,Cheque
PG-014862,FE-014662,2026-08-17,452697.0,Consignación
PG-014863,FE-014676,2026-08-17,541264.0,Transferencia
PG-014864,FE-014689,2026-08-17,1628228.0,Transferencia
PG-014865,FE-014769,2026-08-17,630432.0,Transferencia
PG-014866,FE-014770,2026-08-17,2387975.0,Consignación
PG-014867,FE-014789,2026-08-17,3153093.0,PSE
PG-014868,FE-014791,2026-08-17,987961.0,Transferencia
PG-014869,FE-014857,2026-08-17,950806.0,Transferencia
PG-014870,FE-014881,2026-08-17,89038.0,Transferencia
PG-014871,FE-014905,2026-08-17,597752.0,PSE
PG-014872,FE-014912,2026-08-17,1048119.0,Transferencia
PG-014873,FE-014917,2026-08-17,878088.0,Transferencia
PG-014874,FE-014918,2026-08-17,674887.0,Transferencia
PG-014875,FE-014930,2026-08-17,2354779.0,Transferencia
PG-014876,FE-015036,2026-08-17,3581323.0,Consignación
PG-014877,FE-015108,2026-08-17,4209318.0,PSE
PG-014878,FE-015145,2026-08-17,1063166.0,Transferencia
PG-014879,FE-015167,2026-08-17,1143088.0,Transferencia
PG-014880,FE-015258,2026-08-17,63665.0,Transferencia
PG-014881,FE-015336,2026-08-17,34246.0,Transferencia
PG-014882,FE-015352,2026-08-17,509851.0,Consignación
PG-014883,FE-015365,2026-08-17,118160.0,Transferencia
PG-014884,FE-015388,2026-08-17,685107.0,Cheque
PG-014885,FE-015437,2026-08-17,602630.0,Transferencia
PG-014886,FE-015438,2026-08-17,177993.0,Transferencia
PG-014887,FE-015497,2026-08-17,695797.0,Consignación
PG-014888,FE-015507,2026-08-17,639965.0,PSE
PG-014889,FE-015537,2026-08-17,50958.0,Transferencia
PG-014890,FE-015590,2026-08-17,586426.0,Cheque
PG-014891,FE-015620,2026-08-17,1093207.0,Transferencia
PG-014892,FE-015653,2026-08-17,377712.0,Transferencia
PG-014893,FE-015658,2026-08-17,159910.0,PSE
PG-014894,FE-015693,2026-08-17,324116.0,Transferencia
PG-014895,FE-015707,2026-08-17,729407.0,Cheque
PG-014896,FE-015773,2026-08-17,835700.0,Transferencia
PG-014897,FE-015815,2026-08-17,114919.0,PSE
PG-014898,FE-015878,2026-08-17,560857.0,Transferencia
PG-014899,FE-015913,2026-08-17,264453.0,Cheque
PG-014900,FE-015969,2026-08-17,1603499.0,Consignación
PG-014901,FE-015976,2026-08-17,523038.0,Transferencia
PG-014902,FE-016036,2026-08-17,976475.0,Transferencia
PG-014903,FE-013753,2026-08-18,4494244.0,Cheque
PG-014904,FE-013821,2026-08-18,2294866.0,Transferencia
PG-014905,FE-013909,2026-08-18,2617964.0,Transferencia
PG-014906,FE-013942,2026-08-18,1473698.0,Cheque
PG-014907,FE-014008,2026-08-18,922106.0,PSE
PG-014908,FE-014191,2026-08-18,1882021.0,Consignación
PG-014909,FE-014235,2026-08-18,4357745.0,Transferencia
PG-014910,FE-014371,2026-08-18,1061130.0,Cheque
PG-014911,FE-014413,2026-08-18,1453655.0,Transferencia
PG-014912,FE-014450,2026-08-18,466024.0,Transferencia
PG-014913,FE-014458,2026-08-18,2634997.0,Transferencia
PG-014914,FE-014466,2026-08-18,2791670.0,Transferencia
PG-014915,FE-014500,2026-08-18,183867.0,Transferencia
PG-014916,FE-014542,2026-08-18,1745039.0,Transferencia
PG-014917,FE-014552,2026-08-18,545124.0,Transferencia
PG-014918,FE-014587,2026-08-18,700516.0,Transferencia
PG-014919,FE-014640,2026-08-18,3186164.0,Consignación
PG-014920,FE-014681,2026-08-18,606213.0,Transferencia
PG-014921,FE-014726,2026-08-18,952477.0,Transferencia
PG-014922,FE-014732,2026-08-18,534253.0,PSE
PG-014923,FE-014744,2026-08-18,909694.0,Transferencia
PG-014924,FE-014760,2026-08-18,4066354.0,PSE
PG-014925,FE-014771,2026-08-18,3644356.0,PSE
PG-014926,FE-014783,2026-08-18,1086671.0,Transferencia
PG-014927,FE-014790,2026-08-18,3945453.0,PSE
PG-014928,FE-014869,2026-08-18,120966.0,Cheque
PG-014929,FE-014889,2026-08-18,1437052.0,Transferencia
PG-014930,FE-014904,2026-08-18,3827372.0,Consignación
PG-014931,FE-014922,2026-08-18,2590622.0,Transferencia
PG-014932,FE-014939,2026-08-18,968064.0,PSE
PG-014933,FE-014944,2026-08-18,3900420.0,Transferencia
PG-014934,FE-014988,2026-08-18,324481.0,PSE
PG-014935,FE-015017,2026-08-18,3610477.0,Transferencia
PG-014936,FE-015039,2026-08-18,1388719.0,Transferencia
PG-014937,FE-015058,2026-08-18,3197375.0,Consignación
PG-014938,FE-015067,2026-08-18,1745492.0,Transferencia
PG-014939,FE-015086,2026-08-18,809788.0,PSE
PG-014940,FE-015111,2026-08-18,321199.0,Cheque
PG-014941,FE-015197,2026-08-18,264851.0,Transferencia
PG-014942,FE-015200,2026-08-18,478535.0,Transferencia
PG-014943,FE-015250,2026-08-18,991296.0,Transferencia
PG-014944,FE-015299,2026-08-18,860263.0,Transferencia
PG-014945,FE-015363,2026-08-18,250358.0,PSE
PG-014946,FE-015481,2026-08-18,2562634.0,Transferencia
PG-014947,FE-015579,2026-08-18,53295.0,Consignación
PG-014948,FE-015624,2026-08-18,409848.0,Transferencia
PG-014949,FE-015807,2026-08-18,53276.0,PSE
PG-014950,FE-015843,2026-08-18,1092466.0,Consignación
PG-014951,FE-015860,2026-08-18,351050.0,Transferencia
PG-014952,FE-015877,2026-08-18,183040.0,Transferencia
PG-014953,FE-015884,2026-08-18,383876.0,Transferencia
PG-014954,FE-015964,2026-08-18,348675.0,Transferencia
PG-014955,FE-016315,2026-08-18,46455.0,Transferencia
PG-014956,FE-016406,2026-08-18,332936.0,Transferencia
PG-014957,FE-013801,2026-08-19,3867584.0,Transferencia
PG-014958,FE-014049,2026-08-19,2330207.0,PSE
PG-014959,FE-014106,2026-08-19,270580.0,Transferencia
PG-014960,FE-014232,2026-08-19,3729687.0,Transferencia
PG-014961,FE-014298,2026-08-19,669176.0,PSE
PG-014962,FE-014311,2026-08-19,2544985.0,Transferencia
PG-014963,FE-014349,2026-08-19,1237186.0,Transferencia
PG-014964,FE-014362,2026-08-19,779813.0,Transferencia
PG-014965,FE-014407,2026-08-19,515061.0,Cheque
PG-014966,FE-014453,2026-08-19,195574.0,Consignación
PG-014967,FE-014469,2026-08-19,293618.0,PSE
PG-014968,FE-014493,2026-08-19,3123241.0,Transferencia
PG-014969,FE-014596,2026-08-19,136757.0,Transferencia
PG-014970,FE-014701,2026-08-19,511908.0,PSE
PG-014971,FE-014705,2026-08-19,1020271.0,PSE
PG-014972,FE-014707,2026-08-19,1169643.0,Cheque
PG-014973,FE-014735,2026-08-19,450786.0,PSE
PG-014974,FE-014742,2026-08-19,150395.0,Transferencia
PG-014975,FE-014809,2026-08-19,608962.0,Transferencia
PG-014976,FE-014870,2026-08-19,2831672.0,PSE
PG-014977,FE-014898,2026-08-19,745923.0,Transferencia
PG-014978,FE-014979,2026-08-19,2778458.0,PSE
PG-014979,FE-015016,2026-08-19,656873.0,PSE
PG-014980,FE-015085,2026-08-19,2420149.0,Transferencia
PG-014981,FE-015178,2026-08-19,1599765.0,Transferencia
PG-014982,FE-015210,2026-08-19,962442.0,PSE
PG-014983,FE-015271,2026-08-19,615545.0,Transferencia
PG-014984,FE-015292,2026-08-19,49973.0,Transferencia
PG-014985,FE-015307,2026-08-19,799334.0,Transferencia
PG-014986,FE-015339,2026-08-19,100211.0,Consignación
PG-014987,FE-015372,2026-08-19,576098.0,Transferencia
PG-014988,FE-015420,2026-08-19,250375.0,Transferencia
PG-014989,FE-015469,2026-08-19,105795.0,Transferencia
PG-014990,FE-015480,2026-08-19,624286.0,Transferencia
PG-014991,FE-015483,2026-08-19,429329.0,Transferencia
PG-014992,FE-015622,2026-08-19,1734312.0,Transferencia
PG-014993,FE-015652,2026-08-19,319771.0,Transferencia
PG-014994,FE-015679,2026-08-19,9192.0,Transferencia
PG-014995,FE-015729,2026-08-19,179528.0,Transferencia
PG-014996,FE-015752,2026-08-19,526385.0,PSE
PG-014997,FE-015784,2026-08-19,155055.0,PSE
PG-014998,FE-015811,2026-08-19,1210569.0,PSE
PG-014999,FE-015881,2026-08-19,599065.0,PSE
PG-015000,FE-016188,2026-08-19,600031.0,Transferencia
PG-015001,FE-013868,2026-08-20,2143183.0,PSE
PG-015002,FE-014010,2026-08-20,5139097.0,Transferencia
PG-015003,FE-014058,2026-08-20,3832988.0,PSE
PG-015004,FE-014082,2026-08-20,1797619.0,Consignación
PG-015005,FE-014258,2026-08-20,541118.0,PSE
PG-015006,FE-014433,2026-08-20,1703798.0,Transferencia
PG-015007,FE-014465,2026-08-20,1945805.0,Transferencia
PG-015008,FE-014566,2026-08-20,450778.0,Transferencia
PG-015009,FE-014665,2026-08-20,261147.0,PSE
PG-015010,FE-014692,2026-08-20,956211.0,Transferencia
PG-015011,FE-014695,2026-08-20,1243233.0,Consignación
PG-015012,FE-014708,2026-08-20,1700667.0,Transferencia
PG-015013,FE-014715,2026-08-20,143503.0,Transferencia
PG-015014,FE-014800,2026-08-20,1837489.0,Transferencia
PG-015015,FE-014812,2026-08-20,1356676.0,Cheque
PG-015016,FE-014911,2026-08-20,2491848.0,Consignación
PG-015017,FE-014951,2026-08-20,2308195.0,PSE
PG-015018,FE-014952,2026-08-20,676344.0,Transferencia
PG-015019,FE-015075,2026-08-20,179085.0,Transferencia
PG-015020,FE-015083,2026-08-20,1311965.0,Transferencia
PG-015021,FE-015107,2026-08-20,538674.0,Consignación
PG-015022,FE-015114,2026-08-20,249507.0,Transferencia
PG-015023,FE-015135,2026-08-20,2231520.0,Transferencia
PG-015024,FE-015183,2026-08-20,654106.0,Consignación
PG-015025,FE-015266,2026-08-20,443387.0,Transferencia
PG-015026,FE-015280,2026-08-20,1027838.0,Transferencia
PG-015027,FE-015354,2026-08-20,2595836.0,Consignación
PG-015028,FE-015382,2026-08-20,1065616.0,Transferencia
PG-015029,FE-015421,2026-08-20,167395.0,Transferencia
PG-015030,FE-015441,2026-08-20,262293.0,PSE
PG-015031,FE-015538,2026-08-20,589839.0,PSE
PG-015032,FE-015546,2026-08-20,185541.0,Cheque
PG-015033,FE-015567,2026-08-20,535294.0,Transferencia
PG-015034,FE-015651,2026-08-20,521045.0,Consignación
PG-015035,FE-015684,2026-08-20,232839.0,Transferencia
PG-015036,FE-015736,2026-08-20,137117.0,Transferencia
PG-015037,FE-015768,2026-08-20,462482.0,Transferencia
PG-015038,FE-015770,2026-08-20,891018.0,Transferencia
PG-015039,FE-015890,2026-08-20,178554.0,PSE
PG-015040,FE-015917,2026-08-20,236430.0,Transferencia
PG-015041,FE-014059,2026-08-21,6743333.0,Transferencia
PG-015042,FE-014133,2026-08-21,6594781.0,Consignación
PG-015043,FE-014195,2026-08-21,1684453.0,Transferencia
PG-015044,FE-014246,2026-08-21,6479322.0,Transferencia
PG-015045,FE-014330,2026-08-21,7587707.0,Transferencia
PG-015046,FE-014393,2026-08-21,2381479.0,PSE
PG-015047,FE-014510,2026-08-21,1421481.0,Transferencia
PG-015048,FE-014537,2026-08-21,3765331.0,Transferencia
PG-015049,FE-014576,2026-08-21,2205550.0,Transferencia
PG-015050,FE-014617,2026-08-21,4401013.0,PSE
PG-015051,FE-014659,2026-08-21,1909171.0,Transferencia
PG-015052,FE-014680,2026-08-21,4013240.0,PSE
PG-015053,FE-014792,2026-08-21,1088934.0,Transferencia
PG-015054,FE-014806,2026-08-21,1956052.0,Transferencia
PG-015055,FE-014831,2026-08-21,1461534.0,PSE
PG-015056,FE-014876,2026-08-21,3680334.0,PSE
PG-015057,FE-014901,2026-08-21,996029.0,Transferencia
PG-015058,FE-014903,2026-08-21,697758.0,Transferencia
PG-015059,FE-014919,2026-08-21,2667420.0,PSE
PG-015060,FE-014950,2026-08-21,5241157.0,Transferencia
PG-015061,FE-014972,2026-08-21,3473786.0,Transferencia
PG-015062,FE-014975,2026-08-21,564585.0,Consignación
PG-015063,FE-015047,2026-08-21,866077.0,Consignación
PG-015064,FE-015103,2026-08-21,254718.0,Transferencia
PG-015065,FE-015106,2026-08-21,1934534.0,PSE
PG-015066,FE-015123,2026-08-21,2203618.0,Transferencia
PG-015067,FE-015201,2026-08-21,526607.0,Transferencia
PG-015068,FE-015239,2026-08-21,744140.0,Transferencia
PG-015069,FE-015285,2026-08-21,3025257.0,Transferencia
PG-015070,FE-015386,2026-08-21,796341.0,Transferencia
PG-015071,FE-015392,2026-08-21,251861.0,Transferencia
PG-015072,FE-015408,2026-08-21,828316.0,Transferencia
PG-015073,FE-015415,2026-08-21,1016214.0,Transferencia
PG-015074,FE-015419,2026-08-21,192563.0,PSE
PG-015075,FE-015423,2026-08-21,447570.0,Transferencia
PG-015076,FE-015430,2026-08-21,533923.0,Transferencia
PG-015077,FE-015448,2026-08-21,2920740.0,PSE
PG-015078,FE-015462,2026-08-21,232664.0,Cheque
PG-015079,FE-015492,2026-08-21,505554.0,Transferencia
PG-015080,FE-015544,2026-08-21,1066987.0,Transferencia
PG-015081,FE-015547,2026-08-21,550388.0,PSE
PG-015082,FE-015548,2026-08-21,568240.0,Transferencia
PG-015083,FE-015588,2026-08-21,451975.0,PSE
PG-015084,FE-015605,2026-08-21,546184.0,PSE
PG-015085,FE-015636,2026-08-21,426721.0,Transferencia
PG-015086,FE-015664,2026-08-21,1030032.0,Cheque
PG-015087,FE-015678,2026-08-21,100111.0,PSE
PG-015088,FE-015714,2026-08-21,912412.0,Transferencia
PG-015089,FE-015744,2026-08-21,905617.0,Transferencia
PG-015090,FE-015782,2026-08-21,356354.0,Transferencia
PG-015091,FE-015852,2026-08-21,535723.0,Consignación
PG-015092,FE-015897,2026-08-21,285075.0,Transferencia
PG-015093,FE-015901,2026-08-21,65390.0,Transferencia
PG-015094,FE-015924,2026-08-21,171578.0,Transferencia
PG-015095,FE-015977,2026-08-21,637775.0,Cheque
PG-015096,FE-016114,2026-08-21,110270.0,PSE
PG-015097,FE-016161,2026-08-21,380242.0,Cheque
PG-015098,FE-016222,2026-08-21,749596.0,Transferencia
PG-015099,FE-016241,2026-08-21,207818.0,Transferencia
PG-015100,FE-016316,2026-08-21,128430.0,Consignación
PG-015101,FE-013924,2026-08-22,4580887.0,Consignación
PG-015102,FE-014054,2026-08-22,158900.0,Consignación
PG-015103,FE-014196,2026-08-22,90909.0,Cheque
PG-015104,FE-014216,2026-08-22,1897331.0,Consignación
PG-015105,FE-014275,2026-08-22,9687847.0,PSE
PG-015106,FE-014342,2026-08-22,2224422.0,Transferencia
PG-015107,FE-014363,2026-08-22,3028120.0,Transferencia
PG-015108,FE-014468,2026-08-22,2583139.0,Transferencia
PG-015109,FE-014544,2026-08-22,4819844.0,Cheque
PG-015110,FE-014616,2026-08-22,1498773.0,Transferencia
PG-015111,FE-014669,2026-08-22,1676662.0,Cheque
PG-015112,FE-014671,2026-08-22,2535083.0,Transferencia
PG-015113,FE-014703,2026-08-22,2369939.0,Transferencia
PG-015114,FE-014787,2026-08-22,1644682.0,Transferencia
PG-015115,FE-014827,2026-08-22,1473057.0,Transferencia
PG-015116,FE-014829,2026-08-22,1477366.0,Consignación
PG-015117,FE-014850,2026-08-22,4668666.0,Cheque
PG-015118,FE-014868,2026-08-22,2287686.0,Transferencia
PG-015119,FE-014880,2026-08-22,2112552.0,Transferencia
PG-015120,FE-014958,2026-08-22,526279.0,Cheque
PG-015121,FE-014970,2026-08-22,405631.0,Transferencia
PG-015122,FE-014980,2026-08-22,886239.0,Transferencia
PG-015123,FE-015004,2026-08-22,432078.0,Consignación
PG-015124,FE-015006,2026-08-22,318777.0,Transferencia
PG-015125,FE-015011,2026-08-22,1499606.0,PSE
PG-015126,FE-015065,2026-08-22,701367.0,Transferencia
PG-015127,FE-015091,2026-08-22,4768118.0,Transferencia
PG-015128,FE-015101,2026-08-22,2892690.0,Transferencia
PG-015129,FE-015105,2026-08-22,3577355.0,PSE
PG-015130,FE-015127,2026-08-22,5687999.0,Transferencia
PG-015131,FE-015152,2026-08-22,458741.0,Consignación
PG-015132,FE-015157,2026-08-22,1653597.0,PSE
PG-015133,FE-015257,2026-08-22,1664376.0,Cheque
PG-015134,FE-015267,2026-08-22,1766016.0,Consignación
PG-015135,FE-015283,2026-08-22,375515.0,Transferencia
PG-015136,FE-015297,2026-08-22,355376.0,PSE
PG-015137,FE-015314,2026-08-22,479870.0,Cheque
PG-015138,FE-015330,2026-08-22,477246.0,PSE
PG-015139,FE-015334,2026-08-22,445473.0,Transferencia
PG-015140,FE-015338,2026-08-22,250553.0,Transferencia
PG-015141,FE-015418,2026-08-22,606438.0,Transferencia
PG-015142,FE-015578,2026-08-22,281003.0,PSE
PG-015143,FE-015586,2026-08-22,338096.0,Transferencia
PG-015144,FE-015623,2026-08-22,293412.0,Transferencia
PG-015145,FE-015641,2026-08-22,671916.0,Transferencia
PG-015146,FE-015642,2026-08-22,59419.0,Transferencia
PG-015147,FE-015659,2026-08-22,508361.0,Consignación
PG-015148,FE-015702,2026-08-22,373304.0,PSE
PG-015149,FE-015711,2026-08-22,47642.0,Transferencia
PG-015150,FE-015785,2026-08-22,520176.0,PSE
PG-015151,FE-015787,2026-08-22,197525.0,Transferencia
PG-015152,FE-015792,2026-08-22,123814.0,Transferencia
PG-015153,FE-015841,2026-08-22,312224.0,PSE
PG-015154,FE-015972,2026-08-22,669693.0,Consignación
PG-015155,FE-016173,2026-08-22,220925.0,Transferencia
PG-015156,FE-016261,2026-08-22,163270.0,Cheque
PG-015157,FE-016286,2026-08-22,235306.0,Transferencia
PG-015158,FE-014142,2026-08-23,3426562.0,Transferencia
PG-015159,FE-014283,2026-08-23,5012971.0,Transferencia
PG-015160,FE-014492,2026-08-23,3065175.0,Transferencia
PG-015161,FE-014503,2026-08-23,2959263.0,PSE
PG-015162,FE-014515,2026-08-23,1614060.0,Transferencia
PG-015163,FE-014526,2026-08-23,1810716.0,Cheque
PG-015164,FE-014625,2026-08-23,306652.0,Transferencia
PG-015165,FE-014628,2026-08-23,644009.0,Transferencia
PG-015166,FE-014720,2026-08-23,1515558.0,PSE
PG-015167,FE-014856,2026-08-23,1626052.0,Transferencia
PG-015168,FE-015070,2026-08-23,2981672.0,Consignación
PG-015169,FE-015211,2026-08-23,330769.0,Transferencia
PG-015170,FE-015233,2026-08-23,156366.0,Transferencia
PG-015171,FE-015240,2026-08-23,1219325.0,PSE
PG-015172,FE-015274,2026-08-23,2588174.0,PSE
PG-015173,FE-015328,2026-08-23,3437808.0,Transferencia
PG-015174,FE-015381,2026-08-23,183419.0,Consignación
PG-015175,FE-015427,2026-08-23,2193172.0,Transferencia
PG-015176,FE-015431,2026-08-23,1369362.0,Consignación
PG-015177,FE-015530,2026-08-23,241439.0,Transferencia
PG-015178,FE-015569,2026-08-23,401099.0,Transferencia
PG-015179,FE-015730,2026-08-23,199628.0,Consignación
PG-015180,FE-015812,2026-08-23,846432.0,Transferencia
PG-015181,FE-015829,2026-08-23,282541.0,Transferencia
PG-015182,FE-015869,2026-08-23,384112.0,Transferencia
PG-015183,FE-015906,2026-08-23,134328.0,Transferencia
PG-015184,FE-015930,2026-08-23,385292.0,Cheque
PG-015185,FE-015937,2026-08-23,618351.0,Transferencia
PG-015186,FE-016048,2026-08-23,118908.0,Transferencia
PG-015187,FE-016055,2026-08-23,74634.0,Transferencia
PG-015188,FE-016187,2026-08-23,384077.0,Consignación
PG-015189,FE-016195,2026-08-23,184204.0,Transferencia
PG-015190,FE-016219,2026-08-23,133332.0,Transferencia
PG-015191,FE-016264,2026-08-23,437924.0,Transferencia
PG-015192,FE-016422,2026-08-23,267206.0,PSE
PG-015193,FE-014266,2026-08-24,1179870.0,Transferencia
PG-015194,FE-014328,2026-08-24,4709739.0,Cheque
PG-015195,FE-014490,2026-08-24,3235934.0,Consignación
PG-015196,FE-014496,2026-08-24,111724.0,PSE
PG-015197,FE-014570,2026-08-24,1268245.0,Transferencia
PG-015198,FE-014594,2026-08-24,2633148.0,Transferencia
PG-015199,FE-014621,2026-08-24,1327529.0,Transferencia
PG-015200,FE-014753,2026-08-24,7991396.0,Transferencia
PG-015201,FE-014762,2026-08-24,1081609.0,Transferencia
PG-015202,FE-014767,2026-08-24,4062884.0,Transferencia
PG-015203,FE-014871,2026-08-24,2661049.0,Transferencia
PG-015204,FE-014900,2026-08-24,1435214.0,Transferencia
PG-015205,FE-015028,2026-08-24,252851.0,Consignación
PG-015206,FE-015034,2026-08-24,935164.0,Transferencia
PG-015207,FE-015092,2026-08-24,2478283.0,Transferencia
PG-015208,FE-015122,2026-08-24,819357.0,Transferencia
PG-015209,FE-015133,2026-08-24,264852.0,Transferencia
PG-015210,FE-015196,2026-08-24,524195.0,Transferencia
PG-015211,FE-015198,2026-08-24,955933.0,PSE
PG-015212,FE-015273,2026-08-24,1938923.0,PSE
PG-015213,FE-015275,2026-08-24,1230931.0,PSE
PG-015214,FE-015315,2026-08-24,575510.0,PSE
PG-015215,FE-015326,2026-08-24,4359928.0,Consignación
PG-015216,FE-015389,2026-08-24,1148023.0,PSE
PG-015217,FE-015394,2026-08-24,2693008.0,Transferencia
PG-015218,FE-015452,2026-08-24,1607716.0,Transferencia
PG-015219,FE-015486,2026-08-24,125950.0,Transferencia
PG-015220,FE-015597,2026-08-24,551908.0,Transferencia
PG-015221,FE-015613,2026-08-24,16022.0,Transferencia
PG-015222,FE-015618,2026-08-24,2287032.0,Transferencia
PG-015223,FE-015619,2026-08-24,299674.0,Consignación
PG-015224,FE-015635,2026-08-24,318323.0,Transferencia
PG-015225,FE-015657,2026-08-24,202004.0,Consignación
PG-015226,FE-015673,2026-08-24,407051.0,PSE
PG-015227,FE-015681,2026-08-24,181886.0,Transferencia
PG-015228,FE-015691,2026-08-24,1057181.0,Transferencia
PG-015229,FE-015751,2026-08-24,492608.0,Consignación
PG-015230,FE-015819,2026-08-24,1036745.0,Transferencia
PG-015231,FE-015851,2026-08-24,1156880.0,PSE
PG-015232,FE-015868,2026-08-24,734920.0,PSE
PG-015233,FE-015952,2026-08-24,40725.0,Transferencia
PG-015234,FE-015981,2026-08-24,417459.0,Transferencia
PG-015235,FE-016131,2026-08-24,447797.0,PSE
PG-015236,FE-016204,2026-08-24,687400.0,PSE
PG-015237,FE-016212,2026-08-24,318275.0,Transferencia
PG-015238,FE-016409,2026-08-24,209533.0,Transferencia
PG-015239,FE-016501,2026-08-24,122759.0,Transferencia
PG-015240,FE-014009,2026-08-25,2810774.0,Transferencia
PG-015241,FE-014585,2026-08-25,5081750.0,Cheque
PG-015242,FE-014592,2026-08-25,82905.0,Transferencia
PG-015243,FE-014622,2026-08-25,62687.0,Transferencia
PG-015244,FE-014652,2026-08-25,996533.0,Transferencia
PG-015245,FE-014750,2026-08-25,474684.0,Transferencia
PG-015246,FE-014817,2026-08-25,109585.0,PSE
PG-015247,FE-014895,2026-08-25,1464645.0,Transferencia
PG-015248,FE-014897,2026-08-25,1044705.0,PSE
PG-015249,FE-015059,2026-08-25,753688.0,Transferencia
PG-015250,FE-015097,2026-08-25,2073462.0,Transferencia
PG-015251,FE-015169,2026-08-25,2182715.0,PSE
PG-015252,FE-015191,2026-08-25,295055.0,Transferencia
PG-015253,FE-015203,2026-08-25,2662135.0,PSE
PG-015254,FE-015228,2026-08-25,927664.0,Consignación
PG-015255,FE-015230,2026-08-25,911596.0,PSE
PG-015256,FE-015234,2026-08-25,2889650.0,Transferencia
PG-015257,FE-015293,2026-08-25,2367047.0,Cheque
PG-015258,FE-015359,2026-08-25,729994.0,Transferencia
PG-015259,FE-015443,2026-08-25,1511143.0,Cheque
PG-015260,FE-015445,2026-08-25,1279576.0,Transferencia
PG-015261,FE-015602,2026-08-25,182980.0,Transferencia
PG-015262,FE-015609,2026-08-25,192923.0,PSE
PG-015263,FE-015610,2026-08-25,4309191.0,Transferencia
PG-015264,FE-015631,2026-08-25,768418.0,Transferencia
PG-015265,FE-015669,2026-08-25,237633.0,Transferencia
PG-015266,FE-015677,2026-08-25,391917.0,Transferencia
PG-015267,FE-015698,2026-08-25,933592.0,Transferencia
PG-015268,FE-015717,2026-08-25,389229.0,Transferencia
PG-015269,FE-015737,2026-08-25,192014.0,PSE
PG-015270,FE-015746,2026-08-25,258142.0,PSE
PG-015271,FE-015863,2026-08-25,394439.0,PSE
PG-015272,FE-015875,2026-08-25,59574.0,Transferencia
PG-015273,FE-015896,2026-08-25,127448.0,Transferencia
PG-015274,FE-015921,2026-08-25,301569.0,Transferencia
PG-015275,FE-015939,2026-08-25,178575.0,Cheque
PG-015276,FE-015978,2026-08-25,473081.0,PSE
PG-015277,FE-016028,2026-08-25,228175.0,Consignación
PG-015278,FE-016031,2026-08-25,94784.0,Transferencia
PG-015279,FE-016229,2026-08-25,769024.0,Transferencia
PG-015280,FE-014267,2026-08-26,2969862.0,Transferencia
PG-015281,FE-014312,2026-08-26,3784041.0,Consignación
PG-015282,FE-014332,2026-08-26,643235.0,Cheque
PG-015283,FE-014522,2026-08-26,1034391.0,Transferencia
PG-015284,FE-014551,2026-08-26,848488.0,Transferencia
PG-015285,FE-014591,2026-08-26,1014124.0,Transferencia
PG-015286,FE-014648,2026-08-26,1707249.0,Transferencia
PG-015287,FE-014658,2026-08-26,4741807.0,Cheque
PG-015288,FE-014685,2026-08-26,1748423.0,PSE
PG-015289,FE-014709,2026-08-26,725519.0,Transferencia
PG-015290,FE-014766,2026-08-26,2820018.0,Transferencia
PG-015291,FE-014784,2026-08-26,3273711.0,Consignación
PG-015292,FE-014886,2026-08-26,2240407.0,Transferencia
PG-015293,FE-014914,2026-08-26,663436.0,PSE
PG-015294,FE-014955,2026-08-26,2753766.0,Transferencia
PG-015295,FE-014956,2026-08-26,1804279.0,Consignación
PG-015296,FE-014987,2026-08-26,590641.0,Consignación
PG-015297,FE-014997,2026-08-26,3034786.0,PSE
PG-015298,FE-015061,2026-08-26,3140249.0,Transferencia
PG-015299,FE-015072,2026-08-26,1876698.0,Transferencia
PG-015300,FE-015074,2026-08-26,1426215.0,Transferencia
PG-015301,FE-015082,2026-08-26,3052633.0,PSE
PG-015302,FE-015102,2026-08-26,2348440.0,PSE
PG-015303,FE-015140,2026-08-26,1791046.0,Transferencia
PG-015304,FE-015150,2026-08-26,1110404.0,Transferencia
PG-015305,FE-015296,2026-08-26,170019.0,Transferencia
PG-015306,FE-015341,2026-08-26,628502.0,Transferencia
PG-015307,FE-015347,2026-08-26,41746.0,Transferencia
PG-015308,FE-015350,2026-08-26,1221646.0,Transferencia
PG-015309,FE-015387,2026-08-26,841692.0,Transferencia
PG-015310,FE-015410,2026-08-26,141739.0,Transferencia
PG-015311,FE-015450,2026-08-26,436158.0,PSE
PG-015312,FE-015461,2026-08-26,275915.0,Transferencia
PG-015313,FE-015510,2026-08-26,1491785.0,Cheque
PG-015314,FE-015522,2026-08-26,246691.0,Transferencia
PG-015315,FE-015553,2026-08-26,450288.0,PSE
PG-015316,FE-015596,2026-08-26,66795.0,Consignación
PG-015317,FE-015632,2026-08-26,1537996.0,Transferencia
PG-015318,FE-015633,2026-08-26,1071499.0,PSE
PG-015319,FE-015667,2026-08-26,707786.0,Transferencia
PG-015320,FE-015680,2026-08-26,361386.0,Consignación
PG-015321,FE-015688,2026-08-26,7886893.0,PSE
PG-015322,FE-015716,2026-08-26,126881.0,Transferencia
PG-015323,FE-015725,2026-08-26,2717536.0,Transferencia
PG-015324,FE-015728,2026-08-26,278508.0,Transferencia
PG-015325,FE-015734,2026-08-26,635190.0,Transferencia
PG-015326,FE-015747,2026-08-26,319496.0,Transferencia
PG-015327,FE-015778,2026-08-26,1085237.0,Transferencia
PG-015328,FE-015846,2026-08-26,32374.0,Transferencia
PG-015329,FE-015949,2026-08-26,312736.0,PSE
PG-015330,FE-015963,2026-08-26,316134.0,Transferencia
PG-015331,FE-015970,2026-08-26,779809.0,Transferencia
PG-015332,FE-016009,2026-08-26,349701.0,Transferencia
PG-015333,FE-016010,2026-08-26,157604.0,PSE
PG-015334,FE-016032,2026-08-26,671421.0,Transferencia
PG-015335,FE-016207,2026-08-26,383600.0,PSE
PG-015336,FE-016262,2026-08-26,702583.0,Transferencia
PG-015337,FE-016345,2026-08-26,377298.0,Transferencia
PG-015338,FE-016507,2026-08-26,929037.0,Transferencia
PG-015339,FE-014176,2026-08-27,7298151.0,Cheque
PG-015340,FE-014268,2026-08-27,830854.0,Transferencia
PG-015341,FE-014497,2026-08-27,1018760.0,Transferencia
PG-015342,FE-014550,2026-08-27,690269.0,Transferencia
PG-015343,FE-014774,2026-08-27,839074.0,PSE
PG-015344,FE-014825,2026-08-27,2561834.0,PSE
PG-015345,FE-014915,2026-08-27,181637.0,PSE
PG-015346,FE-015030,2026-08-27,1088056.0,Transferencia
PG-015347,FE-015087,2026-08-27,3231121.0,Transferencia
PG-015348,FE-015148,2026-08-27,503483.0,Transferencia
PG-015349,FE-015174,2026-08-27,460341.0,Transferencia
PG-015350,FE-015187,2026-08-27,3384776.0,Transferencia
PG-015351,FE-015207,2026-08-27,1574043.0,Transferencia
PG-015352,FE-015248,2026-08-27,184107.0,Transferencia
PG-015353,FE-015255,2026-08-27,573993.0,PSE
PG-015354,FE-015262,2026-08-27,980107.0,Transferencia
PG-015355,FE-015288,2026-08-27,2040215.0,PSE
PG-015356,FE-015321,2026-08-27,1536740.0,Transferencia
PG-015357,FE-015459,2026-08-27,510721.0,Transferencia
PG-015358,FE-015478,2026-08-27,495892.0,Transferencia
PG-015359,FE-015487,2026-08-27,1195247.0,Consignación
PG-015360,FE-015493,2026-08-27,662500.0,Cheque
PG-015361,FE-015495,2026-08-27,1293601.0,Transferencia
PG-015362,FE-015519,2026-08-27,8193164.0,Transferencia
PG-015363,FE-015589,2026-08-27,1435584.0,Transferencia
PG-015364,FE-015644,2026-08-27,679500.0,Transferencia
PG-015365,FE-015676,2026-08-27,540998.0,Transferencia
PG-015366,FE-015713,2026-08-27,202615.0,Transferencia
PG-015367,FE-015733,2026-08-27,566641.0,Transferencia
PG-015368,FE-015820,2026-08-27,515171.0,Transferencia
PG-015369,FE-015892,2026-08-27,152290.0,PSE
PG-015370,FE-015910,2026-08-27,429707.0,Cheque
PG-015371,FE-015923,2026-08-27,4125668.0,Consignación
PG-015372,FE-016002,2026-08-27,148173.0,Transferencia
PG-015373,FE-016016,2026-08-27,356404.0,Transferencia
PG-015374,FE-016085,2026-08-27,397020.0,PSE
PG-015375,FE-016089,2026-08-27,334209.0,PSE
PG-015376,FE-016144,2026-08-27,317492.0,PSE
PG-015377,FE-016165,2026-08-27,728334.0,Transferencia
PG-015378,FE-016178,2026-08-27,242433.0,PSE
PG-015379,FE-016184,2026-08-27,877423.0,Cheque
PG-015380,FE-016186,2026-08-27,1463088.0,PSE
PG-015381,FE-016289,2026-08-27,324740.0,PSE
PG-015382,FE-016307,2026-08-27,227642.0,Transferencia
PG-015383,FE-016331,2026-08-27,388090.0,Transferencia
PG-015384,FE-014543,2026-08-28,994535.0,Transferencia
PG-015385,FE-014633,2026-08-28,15177289.0,PSE
PG-015386,FE-014642,2026-08-28,1128615.0,Transferencia
PG-015387,FE-014702,2026-08-28,754074.0,PSE
PG-015388,FE-014855,2026-08-28,2543677.0,Consignación
PG-015389,FE-014860,2026-08-28,1984982.0,Cheque
PG-015390,FE-014894,2026-08-28,1098308.0,Cheque
PG-015391,FE-014920,2026-08-28,6709030.0,Consignación
PG-015392,FE-014961,2026-08-28,2302449.0,Transferencia
PG-015393,FE-014982,2026-08-28,1017160.0,Transferencia
PG-015394,FE-014994,2026-08-28,1838099.0,Transferencia
PG-015395,FE-015000,2026-08-28,804267.0,PSE
PG-015396,FE-015029,2026-08-28,2724490.0,Transferencia
PG-015397,FE-015069,2026-08-28,1813208.0,Consignación
PG-015398,FE-015076,2026-08-28,4245676.0,Transferencia
PG-015399,FE-015104,2026-08-28,1573144.0,Transferencia
PG-015400,FE-015109,2026-08-28,2855418.0,Transferencia
PG-015401,FE-015188,2026-08-28,747801.0,Transferencia
PG-015402,FE-015199,2026-08-28,5036028.0,Transferencia
PG-015403,FE-015202,2026-08-28,3078942.0,PSE
PG-015404,FE-015206,2026-08-28,1683595.0,Transferencia
PG-015405,FE-015261,2026-08-28,3467809.0,Transferencia
PG-015406,FE-015343,2026-08-28,1315682.0,Transferencia
PG-015407,FE-015451,2026-08-28,5857982.0,Transferencia
PG-015408,FE-015542,2026-08-28,955496.0,PSE
PG-015409,FE-015554,2026-08-28,112325.0,Transferencia
PG-015410,FE-015565,2026-08-28,220330.0,Cheque
PG-015411,FE-015571,2026-08-28,66847.0,Transferencia
PG-015412,FE-015604,2026-08-28,111695.0,PSE
PG-015413,FE-015661,2026-08-28,410850.0,Transferencia
PG-015414,FE-015759,2026-08-28,225645.0,Transferencia
PG-015415,FE-015786,2026-08-28,709933.0,Transferencia
PG-015416,FE-015833,2026-08-28,130530.0,Transferencia
PG-015417,FE-015889,2026-08-28,898906.0,Consignación
PG-015418,FE-015936,2026-08-28,243667.0,Transferencia
PG-015419,FE-015960,2026-08-28,824565.0,Transferencia
PG-015420,FE-016008,2026-08-28,332042.0,Cheque
PG-015421,FE-016018,2026-08-28,401538.0,Consignación
PG-015422,FE-016043,2026-08-28,474789.0,Transferencia
PG-015423,FE-016093,2026-08-28,1065612.0,PSE
PG-015424,FE-016107,2026-08-28,364360.0,Consignación
PG-015425,FE-016189,2026-08-28,643202.0,Transferencia
PG-015426,FE-016202,2026-08-28,233407.0,PSE
PG-015427,FE-016205,2026-08-28,575244.0,Transferencia
PG-015428,FE-016214,2026-08-28,643696.0,PSE
PG-015429,FE-016223,2026-08-28,759638.0,PSE
PG-015430,FE-016338,2026-08-28,131982.0,Transferencia
PG-015431,FE-016353,2026-08-28,416302.0,Transferencia
PG-015432,FE-016428,2026-08-28,513818.0,Cheque
PG-015433,FE-016774,2026-08-28,74160.0,Transferencia
PG-015434,FE-014639,2026-08-29,6376678.0,Transferencia
PG-015435,FE-014752,2026-08-29,3575544.0,Transferencia
PG-015436,FE-014759,2026-08-29,2915125.0,Transferencia
PG-015437,FE-014788,2026-08-29,869556.0,Transferencia
PG-015438,FE-014834,2026-08-29,417784.0,Transferencia
PG-015439,FE-014849,2026-08-29,2861178.0,Transferencia
PG-015440,FE-014923,2026-08-29,3038403.0,Transferencia
PG-015441,FE-014940,2026-08-29,2411641.0,Transferencia
PG-015442,FE-014947,2026-08-29,1114550.0,Transferencia
PG-015443,FE-014957,2026-08-29,1520326.0,PSE
PG-015444,FE-014989,2026-08-29,1765733.0,Transferencia
PG-015445,FE-015045,2026-08-29,3607002.0,Cheque
PG-015446,FE-015125,2026-08-29,1967057.0,Cheque
PG-015447,FE-015138,2026-08-29,1254057.0,Transferencia
PG-015448,FE-015147,2026-08-29,3451251.0,Consignación
PG-015449,FE-015212,2026-08-29,2462782.0,Consignación
PG-015450,FE-015236,2026-08-29,1860591.0,Transferencia
PG-015451,FE-015269,2026-08-29,779129.0,Transferencia
PG-015452,FE-015294,2026-08-29,2090907.0,Transferencia
PG-015453,FE-015340,2026-08-29,717668.0,Transferencia
PG-015454,FE-015346,2026-08-29,5724916.0,Transferencia
PG-015455,FE-015358,2026-08-29,3125687.0,Transferencia
PG-015456,FE-015424,2026-08-29,375006.0,Consignación
PG-015457,FE-015477,2026-08-29,51923.0,PSE
PG-015458,FE-015535,2026-08-29,122073.0,PSE
PG-015459,FE-015557,2026-08-29,869395.0,Consignación
PG-015460,FE-015574,2026-08-29,683574.0,PSE
PG-015461,FE-015591,2026-08-29,1980210.0,Transferencia
PG-015462,FE-015621,2026-08-29,370091.0,Transferencia
PG-015463,FE-015645,2026-08-29,40850.0,Transferencia
PG-015464,FE-015696,2026-08-29,509271.0,PSE
PG-015465,FE-015709,2026-08-29,1949378.0,Cheque
PG-015466,FE-015724,2026-08-29,2461747.0,Transferencia
PG-015467,FE-015797,2026-08-29,2629354.0,Consignación
PG-015468,FE-015808,2026-08-29,482526.0,Cheque
PG-015469,FE-015847,2026-08-29,2792763.0,Transferencia
PG-015470,FE-015902,2026-08-29,866189.0,Transferencia
PG-015471,FE-015931,2026-08-29,338437.0,Transferencia
PG-015472,FE-016001,2026-08-29,315670.0,Transferencia
PG-015473,FE-016007,2026-08-29,943653.0,Transferencia
PG-015474,FE-016040,2026-08-29,1916865.0,Transferencia
PG-015475,FE-016056,2026-08-29,193876.0,Transferencia
PG-015476,FE-016081,2026-08-29,753581.0,Consignación
PG-015477,FE-016084,2026-08-29,147986.0,Transferencia
PG-015478,FE-016127,2026-08-29,593119.0,PSE
PG-015479,FE-016191,2026-08-29,700904.0,Transferencia
PG-015480,FE-016225,2026-08-29,160932.0,Transferencia
PG-015481,FE-016235,2026-08-29,1851485.0,Transferencia
PG-015482,FE-016236,2026-08-29,442030.0,Transferencia
PG-015483,FE-016275,2026-08-29,110048.0,Transferencia
PG-015484,FE-016386,2026-08-29,255386.0,Consignación
PG-015485,FE-016427,2026-08-29,212549.0,Transferencia
PG-015486,FE-016548,2026-08-29,368701.0,PSE
PG-015487,FE-016608,2026-08-29,657995.0,Transferencia
PG-015488,FE-016726,2026-08-29,597501.0,Cheque
PG-015489,FE-014421,2026-08-30,1938410.0,Transferencia
PG-015490,FE-014426,2026-08-30,4533067.0,Transferencia
PG-015491,FE-014646,2026-08-30,2804289.0,Transferencia
PG-015492,FE-014657,2026-08-30,3058800.0,PSE
PG-015493,FE-014693,2026-08-30,1299261.0,PSE
PG-015494,FE-014712,2026-08-30,9191910.0,Consignación
PG-015495,FE-014874,2026-08-30,3548883.0,Cheque
PG-015496,FE-014937,2026-08-30,2646060.0,PSE
PG-015497,FE-014976,2026-08-30,3217752.0,PSE
PG-015498,FE-015014,2026-08-30,3152943.0,Transferencia
PG-015499,FE-015038,2026-08-30,4384249.0,PSE
PG-015500,FE-015042,2026-08-30,1140223.0,Transferencia
PG-015501,FE-015048,2026-08-30,1895720.0,Transferencia
PG-015502,FE-015124,2026-08-30,1552080.0,Transferencia
PG-015503,FE-015181,2026-08-30,2190516.0,Transferencia
PG-015504,FE-015208,2026-08-30,602670.0,PSE
PG-015505,FE-015254,2026-08-30,1573735.0,Transferencia
PG-015506,FE-015256,2026-08-30,3634516.0,Transferencia
PG-015507,FE-015332,2026-08-30,364545.0,Transferencia
PG-015508,FE-015337,2026-08-30,5294057.0,Transferencia
PG-015509,FE-015348,2026-08-30,1017374.0,Transferencia
PG-015510,FE-015395,2026-08-30,316715.0,Transferencia
PG-015511,FE-015465,2026-08-30,309364.0,Consignación
PG-015512,FE-015511,2026-08-30,1375060.0,PSE
PG-015513,FE-015525,2026-08-30,4004941.0,Transferencia
PG-015514,FE-015555,2026-08-30,2073830.0,Consignación
PG-015515,FE-015563,2026-08-30,2373392.0,Transferencia
PG-015516,FE-015564,2026-08-30,7411305.0,Transferencia
PG-015517,FE-015570,2026-08-30,1228824.0,Transferencia
PG-015518,FE-015739,2026-08-30,1638085.0,Cheque
PG-015519,FE-015760,2026-08-30,2439883.0,Transferencia
PG-015520,FE-015767,2026-08-30,331407.0,Transferencia
PG-015521,FE-015772,2026-08-30,62584.0,Cheque
PG-015522,FE-015783,2026-08-30,752921.0,Transferencia
PG-015523,FE-015830,2026-08-30,2055220.0,PSE
PG-015524,FE-015850,2026-08-30,327368.0,Transferencia
PG-015525,FE-015879,2026-08-30,1385216.0,Transferencia
PG-015526,FE-015882,2026-08-30,308235.0,Transferencia
PG-015527,FE-015883,2026-08-30,684392.0,Cheque
PG-015528,FE-015914,2026-08-30,19645.0,Transferencia
PG-015529,FE-015943,2026-08-30,3595804.0,Transferencia
PG-015530,FE-015961,2026-08-30,2517859.0,Consignación
PG-015531,FE-016134,2026-08-30,555240.0,Transferencia
PG-015532,FE-016169,2026-08-30,766254.0,PSE
PG-015533,FE-016176,2026-08-30,242041.0,Consignación
PG-015534,FE-016246,2026-08-30,619477.0,Transferencia
PG-015535,FE-016249,2026-08-30,971509.0,PSE
PG-015536,FE-016397,2026-08-30,274067.0,Cheque
PG-015537,FE-016417,2026-08-30,267071.0,Transferencia
PG-015538,FE-016421,2026-08-30,256149.0,Transferencia
PG-015539,FE-016497,2026-08-30,349409.0,PSE
PG-015540,FE-016522,2026-08-30,1023172.0,Transferencia
PG-015541,FE-016554,2026-08-30,705074.0,Transferencia
PG-015542,FE-014467,2026-08-31,5468973.0,Transferencia
PG-015543,FE-014495,2026-08-31,3012013.0,Transferencia
PG-015544,FE-014614,2026-08-31,9881308.0,Transferencia
PG-015545,FE-014619,2026-08-31,1165357.0,Transferencia
PG-015546,FE-014731,2026-08-31,4555744.0,PSE
PG-015547,FE-014802,2026-08-31,3140492.0,Transferencia
PG-015548,FE-014807,2026-08-31,436481.0,Cheque
PG-015549,FE-014854,2026-08-31,2174015.0,Transferencia
PG-015550,FE-014862,2026-08-31,773226.0,Transferencia
PG-015551,FE-014916,2026-08-31,861334.0,Transferencia
PG-015552,FE-015129,2026-08-31,6397008.0,Consignación
PG-015553,FE-015162,2026-08-31,3288916.0,PSE
PG-015554,FE-015218,2026-08-31,3745799.0,Consignación
PG-015555,FE-015268,2026-08-31,3637217.0,Transferencia
PG-015556,FE-015300,2026-08-31,1390811.0,PSE
PG-015557,FE-015369,2026-08-31,666132.0,Transferencia
PG-015558,FE-015377,2026-08-31,400176.0,Transferencia
PG-015559,FE-015439,2026-08-31,1358873.0,Transferencia
PG-015560,FE-015458,2026-08-31,4300621.0,Transferencia
PG-015561,FE-015498,2026-08-31,3503840.0,Consignación
PG-015562,FE-015514,2026-08-31,2039352.0,Cheque
PG-015563,FE-015516,2026-08-31,365846.0,PSE
PG-015564,FE-015539,2026-08-31,476496.0,Transferencia
PG-015565,FE-015595,2026-08-31,162296.0,Transferencia
PG-015566,FE-015683,2026-08-31,1734474.0,PSE
PG-015567,FE-015712,2026-08-31,5391284.0,Transferencia
PG-015568,FE-015715,2026-08-31,2434026.0,Transferencia
PG-015569,FE-015816,2026-08-31,160796.0,Consignación
PG-015570,FE-015836,2026-08-31,617916.0,Transferencia
PG-015571,FE-015933,2026-08-31,764230.0,Transferencia
PG-015572,FE-015938,2026-08-31,222431.0,Cheque
PG-015573,FE-016057,2026-08-31,558499.0,Transferencia
PG-015574,FE-016063,2026-08-31,361296.0,Consignación
PG-015575,FE-016068,2026-08-31,554721.0,Cheque
PG-015576,FE-016119,2026-08-31,319721.0,Consignación
PG-015577,FE-016135,2026-08-31,12056.0,Cheque
PG-015578,FE-016211,2026-08-31,326168.0,Cheque
PG-015579,FE-016277,2026-08-31,187390.0,Transferencia
PG-015580,FE-016278,2026-08-31,490473.0,Transferencia
PG-015581,FE-016281,2026-08-31,64767.0,PSE
PG-015582,FE-016305,2026-08-31,15202.0,Transferencia
PG-015583,FE-016312,2026-08-31,306651.0,Transferencia
PG-015584,FE-016408,2026-08-31,281046.0,Transferencia
PG-015585,FE-016450,2026-08-31,246424.0,Consignación
PG-015586,FE-016452,2026-08-31,226183.0,Consignación
PG-015587,FE-014482,2026-09-01,2736891.0,PSE
PG-015588,FE-014579,2026-09-01,1158286.0,PSE
PG-015589,FE-014725,2026-09-01,7040987.0,Transferencia
PG-015590,FE-014757,2026-09-01,1226965.0,Transferencia
PG-015591,FE-014816,2026-09-01,3762479.0,PSE
PG-015592,FE-014913,2026-09-01,470327.0,Transferencia
PG-015593,FE-014927,2026-09-01,1011565.0,Transferencia
PG-015594,FE-015013,2026-09-01,2771612.0,PSE
PG-015595,FE-015134,2026-09-01,4838207.0,Transferencia
PG-015596,FE-015156,2026-09-01,388329.0,Transferencia
PG-015597,FE-015163,2026-09-01,2280015.0,Transferencia
PG-015598,FE-015177,2026-09-01,8726847.0,PSE
PG-015599,FE-015193,2026-09-01,1190892.0,Consignación
PG-015600,FE-015215,2026-09-01,4627601.0,Cheque
PG-015601,FE-015355,2026-09-01,429657.0,Transferencia
PG-015602,FE-015399,2026-09-01,920672.0,Consignación
PG-015603,FE-015406,2026-09-01,2213319.0,Transferencia
PG-015604,FE-015500,2026-09-01,3599918.0,Consignación
PG-015605,FE-015505,2026-09-01,1872413.0,PSE
PG-015606,FE-015512,2026-09-01,312220.0,Transferencia
PG-015607,FE-015526,2026-09-01,985913.0,Transferencia
PG-015608,FE-015568,2026-09-01,110680.0,Cheque
PG-015609,FE-015643,2026-09-01,942437.0,Transferencia
PG-015610,FE-015832,2026-09-01,2379917.0,Consignación
PG-015611,FE-015951,2026-09-01,3612473.0,Cheque
PG-015612,FE-015996,2026-09-01,1422833.0,Transferencia
PG-015613,FE-015997,2026-09-01,319929.0,Transferencia
PG-015614,FE-015999,2026-09-01,608033.0,Transferencia
PG-015615,FE-016064,2026-09-01,308469.0,Transferencia
PG-015616,FE-016106,2026-09-01,28571.0,Transferencia
PG-015617,FE-016149,2026-09-01,628416.0,Transferencia
PG-015618,FE-016218,2026-09-01,73264.0,Transferencia
PG-015619,FE-016242,2026-09-01,909349.0,Transferencia
PG-015620,FE-016255,2026-09-01,177724.0,PSE
PG-015621,FE-016392,2026-09-01,517405.0,PSE
PG-015622,FE-016508,2026-09-01,503602.0,Transferencia
PG-015623,FE-016540,2026-09-01,1081170.0,Transferencia
PG-015624,FE-016564,2026-09-01,194571.0,Transferencia
PG-015625,FE-014531,2026-09-02,2785353.0,PSE
PG-015626,FE-014637,2026-09-02,1199505.0,Cheque
PG-015627,FE-014686,2026-09-02,991601.0,Transferencia
PG-015628,FE-014946,2026-09-02,2279687.0,Cheque
PG-015629,FE-015008,2026-09-02,5221794.0,Transferencia
PG-015630,FE-015064,2026-09-02,1253611.0,Consignación
PG-015631,FE-015146,2026-09-02,1410639.0,PSE
PG-015632,FE-015289,2026-09-02,1026530.0,Consignación
PG-015633,FE-015303,2026-09-02,448624.0,Transferencia
PG-015634,FE-015309,2026-09-02,453547.0,Transferencia
PG-015635,FE-015329,2026-09-02,3208727.0,Transferencia
PG-015636,FE-015384,2026-09-02,1248346.0,Transferencia
PG-015637,FE-015402,2026-09-02,3415570.0,Transferencia
PG-015638,FE-015403,2026-09-02,1276519.0,Transferencia
PG-015639,FE-015467,2026-09-02,3719953.0,Transferencia
PG-015640,FE-015508,2026-09-02,618723.0,PSE
PG-015641,FE-015520,2026-09-02,1266748.0,PSE
PG-015642,FE-015593,2026-09-02,616496.0,Transferencia
PG-015643,FE-015601,2026-09-02,1162519.0,Transferencia
PG-015644,FE-015675,2026-09-02,565632.0,Transferencia
PG-015645,FE-015687,2026-09-02,877218.0,Transferencia
PG-015646,FE-015738,2026-09-02,731817.0,Transferencia
PG-015647,FE-015769,2026-09-02,114604.0,Transferencia
PG-015648,FE-015775,2026-09-02,432570.0,Transferencia
PG-015649,FE-015806,2026-09-02,356599.0,Consignación
PG-015650,FE-015915,2026-09-02,874978.0,Transferencia
PG-015651,FE-015979,2026-09-02,221106.0,PSE
PG-015652,FE-015985,2026-09-02,3454475.0,Transferencia
PG-015653,FE-016097,2026-09-02,964088.0,Transferencia
PG-015654,FE-016117,2026-09-02,1211208.0,Transferencia
PG-015655,FE-016125,2026-09-02,230398.0,Transferencia
PG-015656,FE-016148,2026-09-02,162810.0,Transferencia
PG-015657,FE-016172,2026-09-02,578973.0,Cheque
PG-015658,FE-016201,2026-09-02,5552503.0,PSE
PG-015659,FE-016271,2026-09-02,598531.0,Transferencia
PG-015660,FE-016323,2026-09-02,6994645.0,Transferencia
PG-015661,FE-016511,2026-09-02,369928.0,Transferencia
PG-015662,FE-016598,2026-09-02,151100.0,Transferencia
PG-015663,FE-016600,2026-09-02,335998.0,PSE
PG-015664,FE-016701,2026-09-02,82300.0,Consignación
PG-015665,FE-016747,2026-09-02,641711.0,Transferencia
PG-015666,FE-016800,2026-09-02,597927.0,PSE
PG-015667,FE-014704,2026-09-03,1400172.0,Transferencia
PG-015668,FE-014736,2026-09-03,1451912.0,PSE
PG-015669,FE-014877,2026-09-03,1427999.0,PSE
PG-015670,FE-015033,2026-09-03,4507599.0,Transferencia
PG-015671,FE-015062,2026-09-03,3059793.0,PSE
PG-015672,FE-015095,2026-09-03,4512591.0,Transferencia
PG-015673,FE-015151,2026-09-03,3276797.0,Consignación
PG-015674,FE-015154,2026-09-03,1342546.0,Transferencia
PG-015675,FE-015308,2026-09-03,1523932.0,PSE
PG-015676,FE-015364,2026-09-03,1538161.0,PSE
PG-015677,FE-015370,2026-09-03,669506.0,Consignación
PG-015678,FE-015414,2026-09-03,5333089.0,Transferencia
PG-015679,FE-015501,2026-09-03,1043989.0,PSE
PG-015680,FE-015531,2026-09-03,1885576.0,Transferencia
PG-015681,FE-015630,2026-09-03,1800634.0,Transferencia
PG-015682,FE-015649,2026-09-03,2814562.0,Consignación
PG-015683,FE-015656,2026-09-03,190296.0,PSE
PG-015684,FE-015685,2026-09-03,219579.0,PSE
PG-015685,FE-015753,2026-09-03,2203303.0,Transferencia
PG-015686,FE-015756,2026-09-03,3422073.0,Transferencia
PG-015687,FE-015771,2026-09-03,821196.0,Consignación
PG-015688,FE-015885,2026-09-03,262385.0,Transferencia
PG-015689,FE-015886,2026-09-03,138595.0,PSE
PG-015690,FE-015888,2026-09-03,1471932.0,Consignación
PG-015691,FE-015919,2026-09-03,2222628.0,Transferencia
PG-015692,FE-015948,2026-09-03,1357387.0,Transferencia
PG-015693,FE-016060,2026-09-03,301952.0,Transferencia
PG-015694,FE-016115,2026-09-03,4034738.0,Transferencia
PG-015695,FE-016132,2026-09-03,3816908.0,Transferencia
PG-015696,FE-016133,2026-09-03,27202.0,Transferencia
PG-015697,FE-016150,2026-09-03,438448.0,Transferencia
PG-015698,FE-016200,2026-09-03,1342650.0,PSE
PG-015699,FE-016224,2026-09-03,2379792.0,Consignación
PG-015700,FE-016301,2026-09-03,1580391.0,Transferencia
PG-015701,FE-016319,2026-09-03,595161.0,Transferencia
PG-015702,FE-016370,2026-09-03,77589.0,PSE
PG-015703,FE-016478,2026-09-03,194344.0,Transferencia
PG-015704,FE-016585,2026-09-03,225404.0,Consignación
PG-015705,FE-016636,2026-09-03,571727.0,Transferencia
PG-015706,FE-016870,2026-09-03,185284.0,Transferencia
PG-015707,FE-017010,2026-09-03,295095.0,PSE
PG-015708,FE-014799,2026-09-04,4863877.0,Transferencia
PG-015709,FE-014830,2026-09-04,3288331.0,Transferencia
PG-015710,FE-014885,2026-09-04,838813.0,Transferencia
PG-015711,FE-014959,2026-09-04,917029.0,Consignación
PG-015712,FE-015051,2026-09-04,578320.0,Transferencia
PG-015713,FE-015137,2026-09-04,148395.0,Transferencia
PG-015714,FE-015149,2026-09-04,6603869.0,PSE
PG-015715,FE-015168,2026-09-04,1248367.0,Transferencia
PG-015716,FE-015223,2026-09-04,1582682.0,Transferencia
PG-015717,FE-015244,2026-09-04,1435934.0,Transferencia
PG-015718,FE-015281,2026-09-04,1691343.0,Transferencia
PG-015719,FE-015324,2026-09-04,1127350.0,Consignación
PG-015720,FE-015375,2026-09-04,5251632.0,Transferencia
PG-015721,FE-015398,2026-09-04,335762.0,Transferencia
PG-015722,FE-015405,2026-09-04,1469416.0,PSE
PG-015723,FE-015435,2026-09-04,2201383.0,Transferencia
PG-015724,FE-015460,2026-09-04,6699264.0,PSE
PG-015725,FE-015527,2026-09-04,1910802.0,Transferencia
PG-015726,FE-015529,2026-09-04,1979878.0,Transferencia
PG-015727,FE-015532,2026-09-04,5618553.0,Transferencia
PG-015728,FE-015540,2026-09-04,1650256.0,Transferencia
PG-015729,FE-015545,2026-09-04,448811.0,Transferencia
PG-015730,FE-015549,2026-09-04,169875.0,Transferencia
PG-015731,FE-015581,2026-09-04,612500.0,Transferencia
PG-015732,FE-015615,2026-09-04,93839.0,Transferencia
PG-015733,FE-015628,2026-09-04,594810.0,Transferencia
PG-015734,FE-015638,2026-09-04,432901.0,Cheque
PG-015735,FE-015650,2026-09-04,1231088.0,Transferencia
PG-015736,FE-015663,2026-09-04,1092355.0,Transferencia
PG-015737,FE-015665,2026-09-04,1695763.0,Transferencia
PG-015738,FE-015749,2026-09-04,227837.0,Transferencia
PG-015739,FE-015835,2026-09-04,5174283.0,PSE
PG-015740,FE-015842,2026-09-04,650302.0,PSE
PG-015741,FE-015857,2026-09-04,1010185.0,Transferencia
PG-015742,FE-015873,2026-09-04,44054.0,PSE
PG-015743,FE-015874,2026-09-04,57805.0,Consignación
PG-015744,FE-015927,2026-09-04,161252.0,Transferencia
PG-015745,FE-015992,2026-09-04,1550602.0,Transferencia
PG-015746,FE-016012,2026-09-04,245216.0,Transferencia
PG-015747,FE-016070,2026-09-04,1352796.0,Cheque
PG-015748,FE-016171,2026-09-04,993693.0,Transferencia
PG-015749,FE-016318,2026-09-04,411352.0,Transferencia
PG-015750,FE-016342,2026-09-04,85066.0,Transferencia
PG-015751,FE-016391,2026-09-04,628258.0,Transferencia
PG-015752,FE-016458,2026-09-04,244296.0,Transferencia
PG-015753,FE-016531,2026-09-04,238637.0,Transferencia
PG-015754,FE-016592,2026-09-04,1494268.0,Consignación
PG-015755,FE-016834,2026-09-04,455468.0,PSE
PG-015756,FE-017036,2026-09-04,533704.0,Transferencia
PG-015757,FE-014504,2026-09-05,1897054.0,Cheque
PG-015758,FE-014934,2026-09-05,5590334.0,Transferencia
PG-015759,FE-014999,2026-09-05,3321104.0,Transferencia
PG-015760,FE-015025,2026-09-05,320418.0,Transferencia
PG-015761,FE-015041,2026-09-05,1573838.0,Consignación
PG-015762,FE-015116,2026-09-05,178719.0,Transferencia
PG-015763,FE-015159,2026-09-05,4393394.0,Transferencia
PG-015764,FE-015171,2026-09-05,2412685.0,Transferencia
PG-015765,FE-015287,2026-09-05,1360477.0,Transferencia
PG-015766,FE-015290,2026-09-05,7603582.0,PSE
PG-015767,FE-015302,2026-09-05,1430662.0,Transferencia
PG-015768,FE-015305,2026-09-05,2441500.0,Consignación
PG-015769,FE-015306,2026-09-05,2149789.0,Transferencia
PG-015770,FE-015429,2026-09-05,3607564.0,Cheque
PG-015771,FE-015449,2026-09-05,2181364.0,Transferencia
PG-015772,FE-015471,2026-09-05,903102.0,Transferencia
PG-015773,FE-015515,2026-09-05,1546134.0,Transferencia
PG-015774,FE-015517,2026-09-05,901358.0,Transferencia
PG-015775,FE-015572,2026-09-05,2051429.0,Transferencia
PG-015776,FE-015710,2026-09-05,1070386.0,Transferencia
PG-015777,FE-015726,2026-09-05,199425.0,Cheque
PG-015778,FE-015732,2026-09-05,1501594.0,Transferencia
PG-015779,FE-015735,2026-09-05,1218616.0,Transferencia
PG-015780,FE-015754,2026-09-05,1683280.0,Transferencia
PG-015781,FE-015763,2026-09-05,645148.0,PSE
PG-015782,FE-015795,2026-09-05,1672516.0,Transferencia
PG-015783,FE-015804,2026-09-05,187538.0,Transferencia
PG-015784,FE-015856,2026-09-05,33151.0,PSE
PG-015785,FE-015893,2026-09-05,2416541.0,Cheque
PG-015786,FE-015941,2026-09-05,1089765.0,Transferencia
PG-015787,FE-016035,2026-09-05,1049016.0,PSE
PG-015788,FE-016037,2026-09-05,1350299.0,Transferencia
PG-015789,FE-016067,2026-09-05,2336732.0,PSE
PG-015790,FE-016083,2026-09-05,380736.0,Cheque
PG-015791,FE-016088,2026-09-05,304047.0,Transferencia
PG-015792,FE-016227,2026-09-05,3600813.0,Transferencia
PG-015793,FE-016257,2026-09-05,359260.0,PSE
PG-015794,FE-016302,2026-09-05,111250.0,Consignación
PG-015795,FE-016309,2026-09-05,550467.0,Consignación
PG-015796,FE-016344,2026-09-05,641540.0,Transferencia
PG-015797,FE-016350,2026-09-05,649244.0,Transferencia
PG-015798,FE-016352,2026-09-05,7888594.0,PSE
PG-015799,FE-016365,2026-09-05,574358.0,Transferencia
PG-015800,FE-016407,2026-09-05,914539.0,Transferencia
PG-015801,FE-016416,2026-09-05,1028747.0,PSE
PG-015802,FE-016449,2026-09-05,155006.0,Transferencia
PG-015803,FE-016491,2026-09-05,30707.0,Transferencia
PG-015804,FE-016562,2026-09-05,348800.0,PSE
PG-015805,FE-016566,2026-09-05,514078.0,PSE
PG-015806,FE-016581,2026-09-05,76222.0,Transferencia
PG-015807,FE-016647,2026-09-05,84119.0,PSE
PG-015808,FE-016683,2026-09-05,64322.0,Cheque
PG-015809,FE-016753,2026-09-05,713702.0,Transferencia
PG-015810,FE-016769,2026-09-05,255801.0,Cheque
PG-015811,FE-016830,2026-09-05,481381.0,Transferencia
PG-015812,FE-014818,2026-09-06,675242.0,Transferencia
PG-015813,FE-014823,2026-09-06,1197041.0,Transferencia
PG-015814,FE-014878,2026-09-06,1162988.0,Cheque
PG-015815,FE-014907,2026-09-06,18104966.0,Transferencia
PG-015816,FE-014945,2026-09-06,3124738.0,Transferencia
PG-015817,FE-015012,2026-09-06,5196429.0,Transferencia
PG-015818,FE-015088,2026-09-06,965455.0,Transferencia
PG-015819,FE-015099,2026-09-06,6526664.0,Transferencia
PG-015820,FE-015436,2026-09-06,3456775.0,PSE
PG-015821,FE-015440,2026-09-06,1697581.0,Transferencia
PG-015822,FE-015442,2026-09-06,542531.0,Cheque
PG-015823,FE-015489,2026-09-06,165575.0,Transferencia
PG-015824,FE-015536,2026-09-06,1144800.0,Transferencia
PG-015825,FE-015607,2026-09-06,4728508.0,Consignación
PG-015826,FE-015612,2026-09-06,1000548.0,Transferencia
PG-015827,FE-015723,2026-09-06,813816.0,Transferencia
PG-015828,FE-015743,2026-09-06,2187607.0,Transferencia
PG-015829,FE-015761,2026-09-06,1054025.0,Transferencia
PG-015830,FE-015764,2026-09-06,4463933.0,PSE
PG-015831,FE-015813,2026-09-06,1321026.0,Transferencia
PG-015832,FE-015814,2026-09-06,3845190.0,Transferencia
PG-015833,FE-015854,2026-09-06,699407.0,Consignación
PG-015834,FE-015880,2026-09-06,3175260.0,Transferencia
PG-015835,FE-015940,2026-09-06,1775657.0,Transferencia
PG-015836,FE-016024,2026-09-06,310273.0,Transferencia
PG-015837,FE-016090,2026-09-06,2549291.0,Consignación
PG-015838,FE-016121,2026-09-06,340013.0,PSE
PG-015839,FE-016137,2026-09-06,55874.0,Transferencia
PG-015840,FE-016140,2026-09-06,176036.0,Transferencia
PG-015841,FE-016174,2026-09-06,1427880.0,Transferencia
PG-015842,FE-016199,2026-09-06,449643.0,Consignación
PG-015843,FE-016226,2026-09-06,1142100.0,Transferencia
PG-015844,FE-016276,2026-09-06,319252.0,Transferencia
PG-015845,FE-016298,2026-09-06,1774809.0,Transferencia
PG-015846,FE-016341,2026-09-06,416817.0,Transferencia
PG-015847,FE-016362,2026-09-06,181758.0,Transferencia
PG-015848,FE-016368,2026-09-06,181786.0,PSE
PG-015849,FE-016399,2026-09-06,176860.0,Transferencia
PG-015850,FE-016404,2026-09-06,36454.0,Consignación
PG-015851,FE-016439,2026-09-06,212672.0,PSE
PG-015852,FE-016464,2026-09-06,351649.0,Transferencia
PG-015853,FE-016494,2026-09-06,182384.0,Transferencia
PG-015854,FE-016606,2026-09-06,267072.0,Consignación
PG-015855,FE-016688,2026-09-06,425589.0,Transferencia
PG-015856,FE-016736,2026-09-06,24535.0,Consignación
PG-015857,FE-016893,2026-09-06,547745.0,PSE
PG-015858,FE-017131,2026-09-06,416492.0,Transferencia
PG-015859,FE-014717,2026-09-07,2610737.0,Transferencia
PG-015860,FE-014879,2026-09-07,535555.0,Transferencia
PG-015861,FE-014986,2026-09-07,5286507.0,Transferencia
PG-015862,FE-015055,2026-09-07,3554124.0,Transferencia
PG-015863,FE-015253,2026-09-07,390380.0,Transferencia
PG-015864,FE-015260,2026-09-07,1333659.0,Transferencia
PG-015865,FE-015310,2026-09-07,1375832.0,Cheque
PG-015866,FE-015325,2026-09-07,1272385.0,Transferencia
PG-015867,FE-015327,2026-09-07,496291.0,Transferencia
PG-015868,FE-015446,2026-09-07,1105019.0,Transferencia
PG-015869,FE-015475,2026-09-07,3059614.0,Transferencia
PG-015870,FE-015476,2026-09-07,1846309.0,Cheque
PG-015871,FE-015543,2026-09-07,651332.0,Transferencia
PG-015872,FE-015551,2026-09-07,1146842.0,PSE
PG-015873,FE-015558,2026-09-07,1079791.0,Transferencia
PG-015874,FE-015582,2026-09-07,8356367.0,Transferencia
PG-015875,FE-015637,2026-09-07,730116.0,Transferencia
PG-015876,FE-015671,2026-09-07,1021859.0,PSE
PG-015877,FE-015690,2026-09-07,483849.0,PSE
PG-015878,FE-015703,2026-09-07,263903.0,Consignación
PG-015879,FE-015719,2026-09-07,1803773.0,Transferencia
PG-015880,FE-015818,2026-09-07,184490.0,PSE
PG-015881,FE-015858,2026-09-07,565289.0,Transferencia
PG-015882,FE-015912,2026-09-07,5016452.0,Consignación
PG-015883,FE-015934,2026-09-07,2160733.0,Transferencia
PG-015884,FE-015967,2026-09-07,3649171.0,PSE
PG-015885,FE-015990,2026-09-07,1415068.0,PSE
PG-015886,FE-015998,2026-09-07,364264.0,PSE
PG-015887,FE-016026,2026-09-07,1160821.0,PSE
PG-015888,FE-016045,2026-09-07,1397587.0,PSE
PG-015889,FE-016066,2026-09-07,3791373.0,PSE
PG-015890,FE-016071,2026-09-07,1266281.0,Transferencia
PG-015891,FE-016078,2026-09-07,2039042.0,PSE
PG-015892,FE-016091,2026-09-07,2330644.0,Transferencia
PG-015893,FE-016095,2026-09-07,282072.0,Consignación
PG-015894,FE-016142,2026-09-07,442606.0,Transferencia
PG-015895,FE-016170,2026-09-07,695864.0,Transferencia
PG-015896,FE-016193,2026-09-07,898824.0,PSE
PG-015897,FE-016240,2026-09-07,582356.0,PSE
PG-015898,FE-016326,2026-09-07,204413.0,Transferencia
PG-015899,FE-016327,2026-09-07,187631.0,Transferencia
PG-015900,FE-016336,2026-09-07,3884199.0,PSE
PG-015901,FE-016381,2026-09-07,201442.0,Transferencia
PG-015902,FE-016394,2026-09-07,203370.0,Transferencia
PG-015903,FE-016445,2026-09-07,1187807.0,Cheque
PG-015904,FE-016462,2026-09-07,43097.0,Transferencia
PG-015905,FE-016486,2026-09-07,206097.0,Transferencia
PG-015906,FE-016512,2026-09-07,61597.0,Transferencia
PG-015907,FE-016518,2026-09-07,665299.0,PSE
PG-015908,FE-016528,2026-09-07,369195.0,Transferencia
PG-015909,FE-016620,2026-09-07,598464.0,Transferencia
PG-015910,FE-016760,2026-09-07,335625.0,Consignación
PG-015911,FE-016770,2026-09-07,1090046.0,PSE
PG-015912,FE-016812,2026-09-07,230367.0,Consignación
PG-015913,FE-017057,2026-09-07,607306.0,Transferencia
PG-015914,FE-015031,2026-09-08,4168228.0,PSE
PG-015915,FE-015130,2026-09-08,2256570.0,PSE
PG-015916,FE-015204,2026-09-08,849376.0,Transferencia
PG-015917,FE-015246,2026-09-08,1766723.0,PSE
PG-015918,FE-015312,2026-09-08,2173694.0,Transferencia
PG-015919,FE-015342,2026-09-08,2012950.0,Cheque
PG-015920,FE-015376,2026-09-08,1542941.0,Transferencia
PG-015921,FE-015401,2026-09-08,5389381.0,Transferencia
PG-015922,FE-015490,2026-09-08,186605.0,Transferencia
PG-015923,FE-015550,2026-09-08,629165.0,PSE
PG-015924,FE-015592,2026-09-08,279038.0,PSE
PG-015925,FE-015614,2026-09-08,1753522.0,Transferencia
PG-015926,FE-015625,2026-09-08,2206192.0,Cheque
PG-015927,FE-015689,2026-09-08,837478.0,Consignación
PG-015928,FE-015789,2026-09-08,788543.0,Transferencia
PG-015929,FE-015831,2026-09-08,558698.0,Transferencia
PG-015930,FE-015995,2026-09-08,2453448.0,Consignación
PG-015931,FE-016003,2026-09-08,1137802.0,PSE
PG-015932,FE-016100,2026-09-08,2295708.0,PSE
PG-015933,FE-016158,2026-09-08,270477.0,Transferencia
PG-015934,FE-016256,2026-09-08,519458.0,Transferencia
PG-015935,FE-016304,2026-09-08,302722.0,Transferencia
PG-015936,FE-016313,2026-09-08,294274.0,Transferencia
PG-015937,FE-016374,2026-09-08,393498.0,PSE
PG-015938,FE-016463,2026-09-08,31976.0,PSE
PG-015939,FE-016468,2026-09-08,129771.0,Transferencia
PG-015940,FE-016489,2026-09-08,133468.0,Transferencia
PG-015941,FE-016492,2026-09-08,275658.0,Transferencia
PG-015942,FE-016558,2026-09-08,742631.0,Consignación
PG-015943,FE-016563,2026-09-08,84793.0,Transferencia
PG-015944,FE-016737,2026-09-08,1151739.0,Transferencia
PG-015945,FE-016776,2026-09-08,281148.0,Transferencia
PG-015946,FE-017107,2026-09-08,291677.0,Transferencia
PG-015947,FE-017448,2026-09-08,130594.0,PSE
PG-015948,FE-014761,2026-09-09,2064181.0,Transferencia
PG-015949,FE-014949,2026-09-09,1594812.0,Transferencia
PG-015950,FE-014966,2026-09-09,2144961.0,PSE
PG-015951,FE-014991,2026-09-09,6912258.0,PSE
PG-015952,FE-015247,2026-09-09,1882496.0,Transferencia
PG-015953,FE-015298,2026-09-09,3225891.0,Transferencia
PG-015954,FE-015333,2026-09-09,3444578.0,Consignación
PG-015955,FE-015335,2026-09-09,4853853.0,Transferencia
PG-015956,FE-015374,2026-09-09,1289856.0,Transferencia
PG-015957,FE-015524,2026-09-09,7955100.0,Transferencia
PG-015958,FE-015556,2026-09-09,2658415.0,PSE
PG-015959,FE-015560,2026-09-09,231622.0,Transferencia
PG-015960,FE-015603,2026-09-09,4468700.0,Transferencia
PG-015961,FE-015611,2026-09-09,4148211.0,Transferencia
PG-015962,FE-015674,2026-09-09,374004.0,PSE
PG-015963,FE-015694,2026-09-09,1022985.0,Consignación
PG-015964,FE-015718,2026-09-09,525327.0,Transferencia
PG-015965,FE-015810,2026-09-09,1105228.0,Consignación
PG-015966,FE-015817,2026-09-09,2258020.0,Transferencia
PG-015967,FE-015825,2026-09-09,970169.0,Transferencia
PG-015968,FE-015845,2026-09-09,1527300.0,Transferencia
PG-015969,FE-015876,2026-09-09,1627902.0,Transferencia
PG-015970,FE-015894,2026-09-09,2123397.0,Transferencia
PG-015971,FE-015907,2026-09-09,1022287.0,Consignación
PG-015972,FE-015973,2026-09-09,1779052.0,Transferencia
PG-015973,FE-016017,2026-09-09,1836388.0,Transferencia
PG-015974,FE-016062,2026-09-09,1757346.0,Transferencia
PG-015975,FE-016209,2026-09-09,1031824.0,PSE
PG-015976,FE-016228,2026-09-09,1096595.0,Transferencia
PG-015977,FE-016253,2026-09-09,583474.0,Cheque
PG-015978,FE-016266,2026-09-09,455694.0,Transferencia
PG-015979,FE-016324,2026-09-09,2244077.0,Transferencia
PG-015980,FE-016355,2026-09-09,985362.0,Transferencia
PG-015981,FE-016357,2026-09-09,2125937.0,Transferencia
PG-015982,FE-016515,2026-09-09,589603.0,Transferencia
PG-015983,FE-016517,2026-09-09,335024.0,Transferencia
PG-015984,FE-016524,2026-09-09,2645230.0,Cheque
PG-015985,FE-016537,2026-09-09,1162106.0,Transferencia
PG-015986,FE-016557,2026-09-09,641038.0,Transferencia
PG-015987,FE-016561,2026-09-09,575398.0,Transferencia
PG-015988,FE-016567,2026-09-09,236392.0,PSE
PG-015989,FE-016590,2026-09-09,1006920.0,Transferencia
PG-015990,FE-016797,2026-09-09,259018.0,Transferencia
PG-015991,FE-016857,2026-09-09,73008.0,Transferencia
PG-015992,FE-014756,2026-09-10,1932916.0,Transferencia
PG-015993,FE-014992,2026-09-10,684289.0,Transferencia
PG-015994,FE-015002,2026-09-10,3756698.0,Cheque
PG-015995,FE-015084,2026-09-10,1451278.0,Transferencia
PG-015996,FE-015117,2026-09-10,466043.0,Transferencia
PG-015997,FE-015175,2026-09-10,647998.0,Transferencia
PG-015998,FE-015209,2026-09-10,2406255.0,Transferencia
PG-015999,FE-015278,2026-09-10,9546206.0,Transferencia
PG-016000,FE-015349,2026-09-10,174514.0,Transferencia
PG-016001,FE-015353,2026-09-10,110126.0,PSE
PG-016002,FE-015453,2026-09-10,2413222.0,Cheque
PG-016003,FE-015464,2026-09-10,425333.0,Transferencia
PG-016004,FE-015502,2026-09-10,1748258.0,Transferencia
PG-016005,FE-015608,2026-09-10,1336508.0,Consignación
PG-016006,FE-015701,2026-09-10,396726.0,Transferencia
PG-016007,FE-015706,2026-09-10,1343794.0,Transferencia
PG-016008,FE-015741,2026-09-10,937849.0,Transferencia
PG-016009,FE-015748,2026-09-10,2077354.0,Transferencia
PG-016010,FE-015780,2026-09-10,867949.0,Cheque
PG-016011,FE-015781,2026-09-10,2038311.0,Transferencia
PG-016012,FE-015803,2026-09-10,5426288.0,Consignación
PG-016013,FE-015864,2026-09-10,2466114.0,Consignación
PG-016014,FE-015867,2026-09-10,247770.0,Cheque
PG-016015,FE-015953,2026-09-10,2370528.0,Transferencia
PG-016016,FE-015958,2026-09-10,1634352.0,Transferencia
PG-016017,FE-015975,2026-09-10,230315.0,Transferencia
PG-016018,FE-016041,2026-09-10,567328.0,Cheque
PG-016019,FE-016042,2026-09-10,2812417.0,Transferencia
PG-016020,FE-016122,2026-09-10,1319315.0,PSE
PG-016021,FE-016192,2026-09-10,505335.0,Transferencia
PG-016022,FE-016196,2026-09-10,414202.0,Consignación
PG-016023,FE-016244,2026-09-10,469138.0,Transferencia
PG-016024,FE-016260,2026-09-10,23726.0,Transferencia
PG-016025,FE-016292,2026-09-10,2164972.0,PSE
PG-016026,FE-016294,2026-09-10,188589.0,Transferencia
PG-016027,FE-016351,2026-09-10,412735.0,PSE
PG-016028,FE-016369,2026-09-10,1026072.0,Transferencia
PG-016029,FE-016382,2026-09-10,2993897.0,Transferencia
PG-016030,FE-016400,2026-09-10,2179452.0,Transferencia
PG-016031,FE-016433,2026-09-10,1932552.0,Consignación
PG-016032,FE-016457,2026-09-10,874862.0,Transferencia
PG-016033,FE-016485,2026-09-10,1275620.0,Transferencia
PG-016034,FE-016546,2026-09-10,475002.0,Transferencia
PG-016035,FE-016547,2026-09-10,170754.0,Transferencia
PG-016036,FE-016693,2026-09-10,1042902.0,Transferencia
PG-016037,FE-016717,2026-09-10,391554.0,Transferencia
PG-016038,FE-016771,2026-09-10,242158.0,Transferencia
PG-016039,FE-016777,2026-09-10,536301.0,Transferencia
PG-016040,FE-016821,2026-09-10,3188774.0,Transferencia
PG-016041,FE-016835,2026-09-10,479882.0,Transferencia
PG-016042,FE-016895,2026-09-10,1013954.0,PSE
PG-016043,FE-016915,2026-09-10,501925.0,Cheque
PG-016044,FE-016925,2026-09-10,333620.0,PSE
PG-016045,FE-016944,2026-09-10,226933.0,Transferencia
PG-016046,FE-017015,2026-09-10,432957.0,PSE
PG-016047,FE-014998,2026-09-11,1266477.0,PSE
PG-016048,FE-015279,2026-09-11,1141103.0,PSE
PG-016049,FE-015361,2026-09-11,3813623.0,PSE
PG-016050,FE-015366,2026-09-11,1046762.0,PSE
PG-016051,FE-015470,2026-09-11,2184252.0,Transferencia
PG-016052,FE-015484,2026-09-11,257020.0,Transferencia
PG-016053,FE-015506,2026-09-11,844911.0,PSE
PG-016054,FE-015518,2026-09-11,2553824.0,Transferencia
PG-016055,FE-015575,2026-09-11,1388051.0,PSE
PG-016056,FE-015584,2026-09-11,2590227.0,Consignación
PG-016057,FE-015587,2026-09-11,1326425.0,Consignación
PG-016058,FE-015600,2026-09-11,241443.0,PSE
PG-016059,FE-015640,2026-09-11,4060512.0,Cheque
PG-016060,FE-015750,2026-09-11,1379682.0,Transferencia
PG-016061,FE-015757,2026-09-11,781280.0,Transferencia
PG-016062,FE-015774,2026-09-11,2603621.0,PSE
PG-016063,FE-015809,2026-09-11,1971047.0,Transferencia
PG-016064,FE-015824,2026-09-11,362679.0,Transferencia
PG-016065,FE-015859,2026-09-11,2009269.0,Consignación
PG-016066,FE-015891,2026-09-11,4800178.0,PSE
PG-016067,FE-015903,2026-09-11,1918516.0,Transferencia
PG-016068,FE-015909,2026-09-11,411346.0,Transferencia
PG-016069,FE-015925,2026-09-11,418178.0,Transferencia
PG-016070,FE-016044,2026-09-11,2441201.0,Cheque
PG-016071,FE-016077,2026-09-11,2210411.0,Transferencia
PG-016072,FE-016118,2026-09-11,225711.0,Transferencia
PG-016073,FE-016120,2026-09-11,554122.0,Transferencia
PG-016074,FE-016156,2026-09-11,1278914.0,Transferencia
PG-016075,FE-016239,2026-09-11,349834.0,Transferencia
PG-016076,FE-016258,2026-09-11,1943448.0,Transferencia
PG-016077,FE-016283,2026-09-11,831547.0,Transferencia
PG-016078,FE-016335,2026-09-11,4986735.0,Transferencia
PG-016079,FE-016389,2026-09-11,2472024.0,Transferencia
PG-016080,FE-016426,2026-09-11,291350.0,Transferencia
PG-016081,FE-016473,2026-09-11,1522312.0,Transferencia
PG-016082,FE-016476,2026-09-11,275797.0,Consignación
PG-016083,FE-016588,2026-09-11,153122.0,Transferencia
PG-016084,FE-016601,2026-09-11,819528.0,Transferencia
PG-016085,FE-016609,2026-09-11,2161645.0,PSE
PG-016086,FE-016689,2026-09-11,771558.0,Transferencia
PG-016087,FE-016713,2026-09-11,342243.0,Cheque
PG-016088,FE-016795,2026-09-11,98649.0,PSE
PG-016089,FE-016810,2026-09-11,307037.0,Transferencia
PG-016090,FE-016854,2026-09-11,529157.0,Transferencia
PG-016091,FE-016869,2026-09-11,53746.0,Consignación
PG-016092,FE-016961,2026-09-11,944991.0,Transferencia
PG-016093,FE-017056,2026-09-11,171146.0,Transferencia
PG-016094,FE-014990,2026-09-12,6645703.0,Consignación
PG-016095,FE-015286,2026-09-12,1041540.0,Transferencia
PG-016096,FE-015313,2026-09-12,109701.0,Transferencia
PG-016097,FE-015351,2026-09-12,382902.0,PSE
PG-016098,FE-015360,2026-09-12,2023223.0,PSE
PG-016099,FE-015562,2026-09-12,1716106.0,Transferencia
PG-016100,FE-015566,2026-09-12,589419.0,Transferencia
PG-016101,FE-015594,2026-09-12,1211325.0,Transferencia
PG-016102,FE-015646,2026-09-12,1902879.0,Transferencia
PG-016103,FE-015721,2026-09-12,262916.0,Transferencia
PG-016104,FE-015776,2026-09-12,2248936.0,PSE
PG-016105,FE-015794,2026-09-12,2445682.0,Transferencia
PG-016106,FE-015865,2026-09-12,3100253.0,Transferencia
PG-016107,FE-015905,2026-09-12,2189629.0,Cheque
PG-016108,FE-015911,2026-09-12,1442109.0,Transferencia
PG-016109,FE-016015,2026-09-12,968460.0,Transferencia
PG-016110,FE-016022,2026-09-12,1466466.0,Transferencia
PG-016111,FE-016111,2026-09-12,1984958.0,Transferencia
PG-016112,FE-016136,2026-09-12,2043920.0,PSE
PG-016113,FE-016159,2026-09-12,983581.0,PSE
PG-016114,FE-016167,2026-09-12,394067.0,Consignación
PG-016115,FE-016270,2026-09-12,2922432.0,Transferencia
PG-016116,FE-016297,2026-09-12,1334139.0,Consignación
PG-016117,FE-016451,2026-09-12,1815243.0,Transferencia
PG-016118,FE-016456,2026-09-12,5483762.0,Cheque
PG-016119,FE-016496,2026-09-12,593063.0,Transferencia
PG-016120,FE-016509,2026-09-12,3271266.0,Transferencia
PG-016121,FE-016516,2026-09-12,1695962.0,Transferencia
PG-016122,FE-016551,2026-09-12,103406.0,Transferencia
PG-016123,FE-016560,2026-09-12,843972.0,PSE
PG-016124,FE-016570,2026-09-12,1089709.0,Transferencia
PG-016125,FE-016587,2026-09-12,77927.0,Transferencia
PG-016126,FE-016611,2026-09-12,340553.0,Transferencia
PG-016127,FE-016661,2026-09-12,275410.0,PSE
PG-016128,FE-016750,2026-09-12,248357.0,PSE
PG-016129,FE-016781,2026-09-12,1096077.0,Transferencia
PG-016130,FE-016784,2026-09-12,948682.0,PSE
PG-016131,FE-016787,2026-09-12,752596.0,Cheque
PG-016132,FE-016792,2026-09-12,848127.0,Transferencia
PG-016133,FE-016818,2026-09-12,128071.0,Transferencia
PG-016134,FE-016828,2026-09-12,1328518.0,PSE
PG-016135,FE-016841,2026-09-12,1042717.0,Consignación
PG-016136,FE-016891,2026-09-12,848684.0,Transferencia
PG-016137,FE-016946,2026-09-12,669674.0,PSE
PG-016138,FE-017108,2026-09-12,421527.0,Cheque
PG-016139,FE-017125,2026-09-12,313116.0,Transferencia
PG-016140,FE-017274,2026-09-12,80919.0,PSE
PG-016141,FE-014893,2026-09-13,1225840.0,Transferencia
PG-016142,FE-015176,2026-09-13,771243.0,Transferencia
PG-016143,FE-015231,2026-09-13,2015241.0,Transferencia
PG-016144,FE-015345,2026-09-13,4807761.0,Transferencia
PG-016145,FE-015444,2026-09-13,348148.0,Consignación
PG-016146,FE-015457,2026-09-13,1828956.0,Cheque
PG-016147,FE-015479,2026-09-13,1137237.0,Transferencia
PG-016148,FE-015485,2026-09-13,2771414.0,Transferencia
PG-016149,FE-015534,2026-09-13,312960.0,Transferencia
PG-016150,FE-015727,2026-09-13,529613.0,Transferencia
PG-016151,FE-015834,2026-09-13,2122380.0,Transferencia
PG-016152,FE-015838,2026-09-13,637346.0,PSE
PG-016153,FE-015853,2026-09-13,1249952.0,PSE
PG-016154,FE-015855,2026-09-13,822961.0,Transferencia
PG-016155,FE-015900,2026-09-13,231694.0,Consignación
PG-016156,FE-015926,2026-09-13,2952494.0,Cheque
PG-016157,FE-015942,2026-09-13,1188806.0,Consignación
PG-016158,FE-015957,2026-09-13,177674.0,Transferencia
PG-016159,FE-015982,2026-09-13,14132807.0,PSE
PG-016160,FE-016033,2026-09-13,203128.0,PSE
PG-016161,FE-016050,2026-09-13,1490320.0,Transferencia
PG-016162,FE-016076,2026-09-13,1515524.0,Transferencia
PG-016163,FE-016079,2026-09-13,40160.0,PSE
PG-016164,FE-016086,2026-09-13,4834972.0,Transferencia
PG-016165,FE-016096,2026-09-13,2716592.0,Cheque
PG-016166,FE-016126,2026-09-13,2021220.0,PSE
PG-016167,FE-016151,2026-09-13,1116464.0,Transferencia
PG-016168,FE-016157,2026-09-13,8821857.0,Transferencia
PG-016169,FE-016208,2026-09-13,14837.0,Transferencia
PG-016170,FE-016285,2026-09-13,3760763.0,Transferencia
PG-016171,FE-016299,2026-09-13,1013335.0,Transferencia
PG-016172,FE-016314,2026-09-13,2915004.0,Transferencia
PG-016173,FE-016347,2026-09-13,604534.0,Consignación
PG-016174,FE-016349,2026-09-13,3723149.0,Transferencia
PG-016175,FE-016414,2026-09-13,2066581.0,Transferencia
PG-016176,FE-016420,2026-09-13,1165274.0,Transferencia
PG-016177,FE-016432,2026-09-13,7044343.0,Transferencia
PG-016178,FE-016448,2026-09-13,672390.0,Transferencia
PG-016179,FE-016483,2026-09-13,715413.0,Consignación
PG-016180,FE-016499,2026-09-13,587534.0,Cheque
PG-016181,FE-016510,2026-09-13,32395.0,Transferencia
PG-016182,FE-016543,2026-09-13,68826.0,Transferencia
PG-016183,FE-016549,2026-09-13,335756.0,Cheque
PG-016184,FE-016569,2026-09-13,888356.0,Transferencia
PG-016185,FE-016577,2026-09-13,1256500.0,PSE
PG-016186,FE-016671,2026-09-13,446333.0,PSE
PG-016187,FE-016738,2026-09-13,182160.0,PSE
PG-016188,FE-016744,2026-09-13,122649.0,Cheque
PG-016189,FE-016759,2026-09-13,275599.0,Transferencia
PG-016190,FE-016778,2026-09-13,128344.0,Consignación
PG-016191,FE-016808,2026-09-13,197779.0,Transferencia
PG-016192,FE-016999,2026-09-13,462524.0,Transferencia
PG-016193,FE-017020,2026-09-13,68922.0,Transferencia
PG-016194,FE-017038,2026-09-13,540966.0,PSE
PG-016195,FE-017191,2026-09-13,213175.0,Cheque
PG-016196,FE-015090,2026-09-14,5928036.0,PSE
PG-016197,FE-015170,2026-09-14,2212669.0,PSE
PG-016198,FE-015217,2026-09-14,8896391.0,PSE
PG-016199,FE-015265,2026-09-14,332512.0,Cheque
PG-016200,FE-015317,2026-09-14,3044318.0,Consignación
PG-016201,FE-015373,2026-09-14,5903947.0,Transferencia
PG-016202,FE-015456,2026-09-14,5027362.0,Transferencia
PG-016203,FE-015474,2026-09-14,3171070.0,PSE
PG-016204,FE-015627,2026-09-14,4125065.0,Cheque
PG-016205,FE-015682,2026-09-14,1810740.0,Transferencia
PG-016206,FE-015722,2026-09-14,1139761.0,Transferencia
PG-016207,FE-015766,2026-09-14,1815305.0,Transferencia
PG-016208,FE-015802,2026-09-14,1040499.0,Consignación
PG-016209,FE-015872,2026-09-14,572360.0,Transferencia
PG-016210,FE-015887,2026-09-14,515422.0,PSE
PG-016211,FE-015908,2026-09-14,480893.0,Transferencia
PG-016212,FE-015947,2026-09-14,1411927.0,Transferencia
PG-016213,FE-015971,2026-09-14,2221919.0,Consignación
PG-016214,FE-015993,2026-09-14,1761443.0,Transferencia
PG-016215,FE-015994,2026-09-14,1774476.0,Cheque
PG-016216,FE-016006,2026-09-14,3101022.0,PSE
PG-016217,FE-016052,2026-09-14,2677794.0,PSE
PG-016218,FE-016069,2026-09-14,3647605.0,Consignación
PG-016219,FE-016087,2026-09-14,1159029.0,Transferencia
PG-016220,FE-016103,2026-09-14,3281439.0,Transferencia
PG-016221,FE-016123,2026-09-14,2632704.0,Consignación
PG-016222,FE-016155,2026-09-14,2338440.0,Transferencia
PG-016223,FE-016160,2026-09-14,222708.0,Transferencia
PG-016224,FE-016162,2026-09-14,951312.0,Consignación
PG-016225,FE-016185,2026-09-14,427497.0,Transferencia
PG-016226,FE-016259,2026-09-14,1386533.0,Transferencia
PG-016227,FE-016295,2026-09-14,371645.0,Transferencia
PG-016228,FE-016303,2026-09-14,1033122.0,Transferencia
PG-016229,FE-016356,2026-09-14,828848.0,Cheque
PG-016230,FE-016444,2026-09-14,709057.0,Transferencia
PG-016231,FE-016627,2026-09-14,1232003.0,Transferencia
PG-016232,FE-016666,2026-09-14,174038.0,Consignación
PG-016233,FE-016695,2026-09-14,79964.0,Cheque
PG-016234,FE-016702,2026-09-14,312550.0,Consignación
PG-016235,FE-016727,2026-09-14,60125.0,Cheque
PG-016236,FE-016743,2026-09-14,810684.0,Cheque
PG-016237,FE-016751,2026-09-14,496695.0,Consignación
PG-016238,FE-016762,2026-09-14,177122.0,Transferencia
PG-016239,FE-016940,2026-09-14,316120.0,Cheque
PG-016240,FE-017053,2026-09-14,501026.0,Transferencia
PG-016241,FE-017126,2026-09-14,663518.0,Transferencia
PG-016242,FE-017174,2026-09-14,941373.0,Consignación
PG-016243,FE-017176,2026-09-14,316870.0,Consignación
PG-016244,FE-017254,2026-09-14,203860.0,Cheque
PG-016245,FE-014968,2026-09-15,3845468.0,Transferencia
PG-016246,FE-015559,2026-09-15,3221067.0,Consignación
PG-016247,FE-015583,2026-09-15,2257967.0,Consignación
PG-016248,FE-015599,2026-09-15,328410.0,Transferencia
PG-016249,FE-015662,2026-09-15,2262065.0,Transferencia
PG-016250,FE-015666,2026-09-15,2726458.0,Transferencia
PG-016251,FE-015705,2026-09-15,1834020.0,Transferencia
PG-016252,FE-015828,2026-09-15,3144280.0,Transferencia
PG-016253,FE-015839,2026-09-15,2160888.0,Cheque
PG-016254,FE-015848,2026-09-15,1590872.0,Consignación
PG-016255,FE-015920,2026-09-15,666595.0,Transferencia
PG-016256,FE-015984,2026-09-15,2899190.0,Consignación
PG-016257,FE-016027,2026-09-15,1148630.0,Transferencia
PG-016258,FE-016061,2026-09-15,1942355.0,PSE
PG-016259,FE-016073,2026-09-15,5225307.0,Transferencia
PG-016260,FE-016109,2026-09-15,439330.0,Consignación
PG-016261,FE-016245,2026-09-15,1557748.0,Transferencia
PG-016262,FE-016273,2026-09-15,712397.0,Consignación
PG-016263,FE-016280,2026-09-15,4757337.0,PSE
PG-016264,FE-016339,2026-09-15,694251.0,Transferencia
PG-016265,FE-016360,2026-09-15,589864.0,Transferencia
PG-016266,FE-016361,2026-09-15,83408.0,PSE
PG-016267,FE-016425,2026-09-15,1894380.0,Consignación
PG-016268,FE-016434,2026-09-15,2448211.0,Transferencia
PG-016269,FE-016475,2026-09-15,646661.0,Transferencia
PG-016270,FE-016498,2026-09-15,284646.0,Transferencia
PG-016271,FE-016514,2026-09-15,597908.0,Transferencia
PG-016272,FE-016539,2026-09-15,3860694.0,Transferencia
PG-016273,FE-016624,2026-09-15,293642.0,Transferencia
PG-016274,FE-016677,2026-09-15,1339030.0,Transferencia
PG-016275,FE-016679,2026-09-15,601397.0,PSE
PG-016276,FE-016681,2026-09-15,920746.0,PSE
PG-016277,FE-016724,2026-09-15,292628.0,Consignación
PG-016278,FE-016764,2026-09-15,281699.0,Transferencia
PG-016279,FE-016773,2026-09-15,125982.0,Transferencia
PG-016280,FE-016811,2026-09-15,638568.0,Cheque
PG-016281,FE-016820,2026-09-15,339365.0,Transferencia
PG-016282,FE-016880,2026-09-15,192656.0,PSE
PG-016283,FE-016882,2026-09-15,266763.0,Cheque
PG-016284,FE-016886,2026-09-15,161964.0,Transferencia
PG-016285,FE-016900,2026-09-15,249785.0,Transferencia
PG-016286,FE-016910,2026-09-15,567029.0,Cheque
PG-016287,FE-016926,2026-09-15,184918.0,Transferencia
PG-016288,FE-016984,2026-09-15,268940.0,PSE
PG-016289,FE-017039,2026-09-15,476765.0,Transferencia
PG-016290,FE-017158,2026-09-15,327612.0,Transferencia
PG-016291,FE-017260,2026-09-15,382668.0,Transferencia
PG-016292,FE-017302,2026-09-15,456068.0,Transferencia
PG-016293,FE-015113,2026-09-16,2584584.0,Consignación
PG-016294,FE-015301,2026-09-16,473798.0,Transferencia
PG-016295,FE-015356,2026-09-16,4750385.0,Transferencia
PG-016296,FE-015412,2026-09-16,4871086.0,Consignación
PG-016297,FE-015428,2026-09-16,1384540.0,PSE
PG-016298,FE-015573,2026-09-16,1206574.0,Consignación
PG-016299,FE-015670,2026-09-16,721307.0,Transferencia
PG-016300,FE-015788,2026-09-16,1465568.0,PSE
PG-016301,FE-015929,2026-09-16,2500666.0,Consignación
PG-016302,FE-015946,2026-09-16,1859173.0,Consignación
PG-016303,FE-015966,2026-09-16,571831.0,PSE
PG-016304,FE-015989,2026-09-16,1046722.0,Transferencia
PG-016305,FE-016019,2026-09-16,2141843.0,Transferencia
PG-016306,FE-016058,2026-09-16,2114449.0,Transferencia
PG-016307,FE-016072,2026-09-16,830089.0,Transferencia
PG-016308,FE-016082,2026-09-16,96320.0,Transferencia
PG-016309,FE-016153,2026-09-16,1831990.0,Transferencia
PG-016310,FE-016217,2026-09-16,236221.0,PSE
PG-016311,FE-016220,2026-09-16,1204732.0,Transferencia
PG-016312,FE-016306,2026-09-16,6272464.0,PSE
PG-016313,FE-016346,2026-09-16,703195.0,PSE
PG-016314,FE-016348,2026-09-16,2122408.0,PSE
PG-016315,FE-016363,2026-09-16,1811474.0,Consignación
PG-016316,FE-016377,2026-09-16,734470.0,Transferencia
PG-016317,FE-016441,2026-09-16,1766467.0,Transferencia
PG-016318,FE-016474,2026-09-16,899532.0,Transferencia
PG-016319,FE-016477,2026-09-16,254163.0,Transferencia
PG-016320,FE-016480,2026-09-16,91050.0,PSE
PG-016321,FE-016503,2026-09-16,2022573.0,Transferencia
PG-016322,FE-016578,2026-09-16,1252928.0,Transferencia
PG-016323,FE-016589,2026-09-16,1078987.0,Transferencia
PG-016324,FE-016605,2026-09-16,2772399.0,Consignación
PG-016325,FE-016615,2026-09-16,7209273.0,Transferencia
PG-016326,FE-016654,2026-09-16,778843.0,Transferencia
PG-016327,FE-016733,2026-09-16,1306627.0,Transferencia
PG-016328,FE-016758,2026-09-16,444949.0,Consignación
PG-016329,FE-016765,2026-09-16,97924.0,Cheque
PG-016330,FE-016832,2026-09-16,360079.0,PSE
PG-016331,FE-016839,2026-09-16,259201.0,PSE
PG-016332,FE-016923,2026-09-16,377005.0,Transferencia
PG-016333,FE-016963,2026-09-16,568294.0,Transferencia
PG-016334,FE-016991,2026-09-16,172981.0,Transferencia
PG-016335,FE-017082,2026-09-16,237273.0,Transferencia
PG-016336,FE-017184,2026-09-16,354536.0,Transferencia
PG-016337,FE-017190,2026-09-16,322107.0,Transferencia
PG-016338,FE-017196,2026-09-16,246190.0,PSE
PG-016339,FE-017242,2026-09-16,129176.0,Transferencia
PG-016340,FE-017325,2026-09-16,869034.0,Transferencia
PG-016341,FE-017389,2026-09-16,501285.0,Transferencia
PG-016342,FE-015222,2026-09-17,1490850.0,PSE
PG-016343,FE-015243,2026-09-17,4459624.0,Transferencia
PG-016344,FE-015323,2026-09-17,196193.0,Transferencia
PG-016345,FE-015454,2026-09-17,310667.0,Transferencia
PG-016346,FE-015561,2026-09-17,1361784.0,Consignación
PG-016347,FE-015585,2026-09-17,9123170.0,Transferencia
PG-016348,FE-015598,2026-09-17,3086890.0,Transferencia
PG-016349,FE-015606,2026-09-17,1880231.0,Transferencia
PG-016350,FE-015617,2026-09-17,4596606.0,Transferencia
PG-016351,FE-015798,2026-09-17,1864559.0,Transferencia
PG-016352,FE-015840,2026-09-17,520950.0,Transferencia
PG-016353,FE-015935,2026-09-17,1613873.0,Consignación
PG-016354,FE-015956,2026-09-17,392550.0,Transferencia
PG-016355,FE-015988,2026-09-17,2564499.0,Transferencia
PG-016356,FE-016005,2026-09-17,843697.0,Transferencia
PG-016357,FE-016020,2026-09-17,277703.0,Transferencia
PG-016358,FE-016092,2026-09-17,1001905.0,Transferencia
PG-016359,FE-016104,2026-09-17,3900900.0,Transferencia
PG-016360,FE-016105,2026-09-17,291526.0,Transferencia
PG-016361,FE-016113,2026-09-17,5628006.0,Transferencia
PG-016362,FE-016177,2026-09-17,1407151.0,Transferencia
PG-016363,FE-016206,2026-09-17,612218.0,Transferencia
PG-016364,FE-016247,2026-09-17,2268558.0,PSE
PG-016365,FE-016248,2026-09-17,1503870.0,PSE
PG-016366,FE-016274,2026-09-17,282491.0,Transferencia
PG-016367,FE-016300,2026-09-17,451029.0,Consignación
PG-016368,FE-016367,2026-09-17,932300.0,Consignación
PG-016369,FE-016376,2026-09-17,84852.0,Transferencia
PG-016370,FE-016379,2026-09-17,1302611.0,Transferencia
PG-016371,FE-016384,2026-09-17,1599742.0,Consignación
PG-016372,FE-016435,2026-09-17,1777911.0,PSE
PG-016373,FE-016437,2026-09-17,4061127.0,Transferencia
PG-016374,FE-016582,2026-09-17,887504.0,Cheque
PG-016375,FE-016595,2026-09-17,224672.0,Transferencia
PG-016376,FE-016607,2026-09-17,136836.0,PSE
PG-016377,FE-016625,2026-09-17,1458697.0,Transferencia
PG-016378,FE-016638,2026-09-17,887772.0,Consignación
PG-016379,FE-016651,2026-09-17,687686.0,PSE
PG-016380,FE-016653,2026-09-17,132858.0,PSE
PG-016381,FE-016704,2026-09-17,787174.0,Consignación
PG-016382,FE-016757,2026-09-17,1488702.0,Consignación
PG-016383,FE-016767,2026-09-17,863222.0,PSE
PG-016384,FE-016837,2026-09-17,267009.0,Transferencia
PG-016385,FE-016838,2026-09-17,869961.0,Transferencia
PG-016386,FE-016852,2026-09-17,183215.0,Consignación
PG-016387,FE-016924,2026-09-17,284134.0,Consignación
PG-016388,FE-017000,2026-09-17,38793.0,Transferencia
PG-016389,FE-017012,2026-09-17,551436.0,Transferencia
PG-016390,FE-017040,2026-09-17,445861.0,PSE
PG-016391,FE-017096,2026-09-17,1043580.0,Transferencia
PG-016392,FE-017110,2026-09-17,644165.0,PSE
PG-016393,FE-017145,2026-09-17,322552.0,PSE
PG-016394,FE-017162,2026-09-17,831908.0,Transferencia
PG-016395,FE-017185,2026-09-17,219981.0,Transferencia
PG-016396,FE-017300,2026-09-17,341605.0,Transferencia
PG-016397,FE-017341,2026-09-17,635085.0,Transferencia
PG-016398,FE-017368,2026-09-17,650381.0,PSE
PG-016399,FE-017386,2026-09-17,265295.0,PSE
PG-016400,FE-017720,2026-09-17,576064.0,Cheque
PG-016401,FE-014882,2026-09-18,848875.0,PSE
PG-016402,FE-015142,2026-09-18,10590883.0,Transferencia
PG-016403,FE-015316,2026-09-18,206400.0,Transferencia
PG-016404,FE-015397,2026-09-18,3460946.0,Consignación
PG-016405,FE-015634,2026-09-18,453273.0,Transferencia
PG-016406,FE-015647,2026-09-18,4619925.0,Transferencia
PG-016407,FE-015793,2026-09-18,6281859.0,Transferencia
PG-016408,FE-015800,2026-09-18,1085499.0,Transferencia
PG-016409,FE-015870,2026-09-18,833208.0,Cheque
PG-016410,FE-016098,2026-09-18,1299380.0,Transferencia
PG-016411,FE-016108,2026-09-18,1871118.0,Transferencia
PG-016412,FE-016181,2026-09-18,1675334.0,Transferencia
PG-016413,FE-016203,2026-09-18,616450.0,Cheque
PG-016414,FE-016232,2026-09-18,381134.0,PSE
PG-016415,FE-016317,2026-09-18,1393403.0,PSE
PG-016416,FE-016320,2026-09-18,3630758.0,Transferencia
PG-016417,FE-016321,2026-09-18,333306.0,Transferencia
PG-016418,FE-016330,2026-09-18,2856155.0,PSE
PG-016419,FE-016333,2026-09-18,749454.0,Transferencia
PG-016420,FE-016371,2026-09-18,1198699.0,Transferencia
PG-016421,FE-016372,2026-09-18,1384507.0,Transferencia
PG-016422,FE-016395,2026-09-18,1657816.0,Transferencia
PG-016423,FE-016596,2026-09-18,137693.0,Transferencia
PG-016424,FE-016649,2026-09-18,1751594.0,PSE
PG-016425,FE-016659,2026-09-18,1449946.0,Transferencia
PG-016426,FE-016698,2026-09-18,212369.0,Transferencia
PG-016427,FE-016718,2026-09-18,549842.0,Transferencia
PG-016428,FE-016813,2026-09-18,170514.0,Cheque
PG-016429,FE-016816,2026-09-18,900049.0,PSE
PG-016430,FE-016851,2026-09-18,768544.0,Consignación
PG-016431,FE-016867,2026-09-18,158385.0,Consignación
PG-016432,FE-016928,2026-09-18,61849.0,Transferencia
PG-016433,FE-016994,2026-09-18,2656197.0,Transferencia
PG-016434,FE-017026,2026-09-18,20341.0,Consignación
PG-016435,FE-017067,2026-09-18,205333.0,Transferencia
PG-016436,FE-017069,2026-09-18,1789094.0,Transferencia
PG-016437,FE-017186,2026-09-18,801604.0,Transferencia
PG-016438,FE-017220,2026-09-18,1295721.0,Transferencia
PG-016439,FE-017361,2026-09-18,208235.0,PSE
PG-016440,FE-017478,2026-09-18,668538.0,Transferencia
PG-016441,FE-017832,2026-09-18,918407.0,PSE
PG-016442,FE-015432,2026-09-19,1377874.0,Cheque
PG-016443,FE-015576,2026-09-19,2434921.0,Transferencia
PG-016444,FE-015616,2026-09-19,936366.0,PSE
PG-016445,FE-015672,2026-09-19,1306244.0,Transferencia
PG-016446,FE-015740,2026-09-19,8046684.0,Transferencia
PG-016447,FE-015765,2026-09-19,2494404.0,PSE
PG-016448,FE-015955,2026-09-19,820204.0,Consignación
PG-016449,FE-015991,2026-09-19,2226532.0,Cheque
PG-016450,FE-016030,2026-09-19,1500746.0,Consignación
PG-016451,FE-016080,2026-09-19,4409969.0,Transferencia
PG-016452,FE-016124,2026-09-19,4690189.0,Transferencia
PG-016453,FE-016128,2026-09-19,2727648.0,Transferencia
PG-016454,FE-016145,2026-09-19,4459198.0,Transferencia
PG-016455,FE-016183,2026-09-19,315026.0,PSE
PG-016456,FE-016216,2026-09-19,667651.0,PSE
PG-016457,FE-016269,2026-09-19,899628.0,Transferencia
PG-016458,FE-016296,2026-09-19,2952754.0,Transferencia
PG-016459,FE-016366,2026-09-19,2206285.0,Transferencia
PG-016460,FE-016415,2026-09-19,3765444.0,Cheque
PG-016461,FE-016440,2026-09-19,312225.0,Cheque
PG-016462,FE-016481,2026-09-19,2162098.0,PSE
PG-016463,FE-016584,2026-09-19,210803.0,Transferencia
PG-016464,FE-016612,2026-09-19,1272419.0,Consignación
PG-016465,FE-016640,2026-09-19,246199.0,Consignación
PG-016466,FE-016643,2026-09-19,721094.0,Transferencia
PG-016467,FE-016645,2026-09-19,83656.0,Transferencia
PG-016468,FE-016658,2026-09-19,2899797.0,PSE
PG-016469,FE-016672,2026-09-19,124888.0,Transferencia
PG-016470,FE-016673,2026-09-19,1847286.0,Transferencia
PG-016471,FE-016709,2026-09-19,226589.0,Transferencia
PG-016472,FE-016719,2026-09-19,13708.0,Transferencia
PG-016473,FE-016847,2026-09-19,1001669.0,PSE
PG-016474,FE-016864,2026-09-19,207640.0,Transferencia
PG-016475,FE-016909,2026-09-19,210193.0,Consignación
PG-016476,FE-016913,2026-09-19,299731.0,Consignación
PG-016477,FE-016934,2026-09-19,1470873.0,Transferencia
PG-016478,FE-016956,2026-09-19,360261.0,Transferencia
PG-016479,FE-016975,2026-09-19,57168.0,Transferencia
PG-016480,FE-017120,2026-09-19,207488.0,Cheque
PG-016481,FE-017150,2026-09-19,310721.0,Consignación
PG-016482,FE-017170,2026-09-19,667971.0,PSE
PG-016483,FE-017189,2026-09-19,515581.0,Transferencia
PG-016484,FE-017225,2026-09-19,229468.0,PSE
PG-016485,FE-017290,2026-09-19,209942.0,Transferencia
PG-016486,FE-017315,2026-09-19,512076.0,Transferencia
PG-016487,FE-017323,2026-09-19,26242.0,PSE
PG-016488,FE-017518,2026-09-19,1075762.0,Transferencia
PG-016489,FE-015720,2026-09-20,8793644.0,Transferencia
PG-016490,FE-015866,2026-09-20,4364133.0,Transferencia
PG-016491,FE-015945,2026-09-20,1438752.0,PSE
PG-016492,FE-015987,2026-09-20,674180.0,Transferencia
PG-016493,FE-016014,2026-09-20,5253693.0,Consignación
PG-016494,FE-016029,2026-09-20,1010267.0,PSE
PG-016495,FE-016034,2026-09-20,1607613.0,Transferencia
PG-016496,FE-016049,2026-09-20,1983892.0,Transferencia
PG-016497,FE-016054,2026-09-20,2089805.0,Transferencia
PG-016498,FE-016110,2026-09-20,1140445.0,Transferencia
PG-016499,FE-016130,2026-09-20,199809.0,Transferencia
PG-016500,FE-016138,2026-09-20,142657.0,PSE
PG-016501,FE-016143,2026-09-20,2227303.0,Transferencia
PG-016502,FE-016146,2026-09-20,38186.0,PSE
PG-016503,FE-016166,2026-09-20,2184020.0,PSE
PG-016504,FE-016190,2026-09-20,428439.0,Transferencia
PG-016505,FE-016234,2026-09-20,13674890.0,PSE
PG-016506,FE-016250,2026-09-20,605490.0,PSE
PG-016507,FE-016358,2026-09-20,995859.0,Transferencia
PG-016508,FE-016396,2026-09-20,2247159.0,PSE
PG-016509,FE-016430,2026-09-20,2346769.0,Transferencia
PG-016510,FE-016455,2026-09-20,310785.0,Transferencia
PG-016511,FE-016465,2026-09-20,1314113.0,Transferencia
PG-016512,FE-016487,2026-09-20,1043635.0,Transferencia
PG-016513,FE-016538,2026-09-20,1287881.0,Transferencia
PG-016514,FE-016579,2026-09-20,506742.0,Transferencia
PG-016515,FE-016630,2026-09-20,362658.0,Transferencia
PG-016516,FE-016678,2026-09-20,684448.0,Consignación
PG-016517,FE-016680,2026-09-20,4986737.0,Consignación
PG-016518,FE-016691,2026-09-20,1300975.0,Transferencia
PG-016519,FE-016793,2026-09-20,813584.0,Transferencia
PG-016520,FE-016805,2026-09-20,4405780.0,Consignación
PG-016521,FE-016814,2026-09-20,2099512.0,Transferencia
PG-016522,FE-016831,2026-09-20,434891.0,Transferencia
PG-016523,FE-016842,2026-09-20,548273.0,Cheque
PG-016524,FE-016853,2026-09-20,762896.0,Transferencia
PG-016525,FE-016877,2026-09-20,853007.0,Consignación
PG-016526,FE-016883,2026-09-20,425108.0,Transferencia
PG-016527,FE-016914,2026-09-20,212666.0,Transferencia
PG-016528,FE-016929,2026-09-20,324570.0,Transferencia
PG-016529,FE-016947,2026-09-20,296959.0,Consignación
PG-016530,FE-016949,2026-09-20,224687.0,Transferencia
PG-016531,FE-016980,2026-09-20,648844.0,Consignación
PG-016532,FE-017004,2026-09-20,179810.0,Transferencia
PG-016533,FE-017019,2026-09-20,286088.0,Transferencia
PG-016534,FE-017043,2026-09-20,63885.0,PSE
PG-016535,FE-017157,2026-09-20,1015751.0,PSE
PG-016536,FE-017163,2026-09-20,481279.0,Transferencia
PG-016537,FE-017194,2026-09-20,200968.0,PSE
PG-016538,FE-017232,2026-09-20,51521.0,Transferencia
PG-016539,FE-017378,2026-09-20,668037.0,Transferencia
PG-016540,FE-017568,2026-09-20,34837.0,PSE
PG-016541,FE-015404,2026-09-21,743467.0,Consignación
PG-016542,FE-015455,2026-09-21,2350151.0,Transferencia
PG-016543,FE-015580,2026-09-21,773335.0,Transferencia
PG-016544,FE-015695,2026-09-21,109315.0,Transferencia
PG-016545,FE-015762,2026-09-21,1948412.0,PSE
PG-016546,FE-015779,2026-09-21,8522056.0,Consignación
PG-016547,FE-015968,2026-09-21,1086677.0,Cheque
PG-016548,FE-015974,2026-09-21,2946840.0,Cheque
PG-016549,FE-015986,2026-09-21,1091050.0,Cheque
PG-016550,FE-016004,2026-09-21,1580722.0,Transferencia
PG-016551,FE-016059,2026-09-21,1039684.0,Transferencia
PG-016552,FE-016154,2026-09-21,1207905.0,Transferencia
PG-016553,FE-016290,2026-09-21,2611509.0,Transferencia
PG-016554,FE-016364,2026-09-21,2157155.0,PSE
PG-016555,FE-016378,2026-09-21,2835821.0,Cheque
PG-016556,FE-016423,2026-09-21,757176.0,Consignación
PG-016557,FE-016429,2026-09-21,400852.0,Transferencia
PG-016558,FE-016466,2026-09-21,915344.0,Transferencia
PG-016559,FE-016493,2026-09-21,2925625.0,Consignación
PG-016560,FE-016532,2026-09-21,923879.0,Transferencia
PG-016561,FE-016541,2026-09-21,353604.0,Transferencia
PG-016562,FE-016629,2026-09-21,736899.0,Transferencia
PG-016563,FE-016675,2026-09-21,838675.0,Transferencia
PG-016564,FE-016676,2026-09-21,2504068.0,Transferencia
PG-016565,FE-016687,2026-09-21,3981918.0,Consignación
PG-016566,FE-016723,2026-09-21,391954.0,Cheque
PG-016567,FE-016807,2026-09-21,7093102.0,Transferencia
PG-016568,FE-016844,2026-09-21,2178346.0,PSE
PG-016569,FE-016871,2026-09-21,889689.0,Transferencia
PG-016570,FE-016904,2026-09-21,743399.0,Transferencia
PG-016571,FE-016930,2026-09-21,267088.0,Transferencia
PG-016572,FE-016987,2026-09-21,874145.0,Transferencia
PG-016573,FE-017021,2026-09-21,660186.0,PSE
PG-016574,FE-017045,2026-09-21,120410.0,Consignación
PG-016575,FE-017119,2026-09-21,927175.0,Transferencia
PG-016576,FE-017172,2026-09-21,396915.0,Transferencia
PG-016577,FE-017227,2026-09-21,409698.0,Consignación
PG-016578,FE-017264,2026-09-21,1296292.0,Transferencia
PG-016579,FE-017437,2026-09-21,184534.0,Consignación
PG-016580,FE-017440,2026-09-21,791902.0,Transferencia
PG-016581,FE-017476,2026-09-21,212798.0,Transferencia
PG-016582,FE-017584,2026-09-21,641514.0,Transferencia
PG-016583,FE-017663,2026-09-21,1428138.0,Cheque
PG-016584,FE-017734,2026-09-21,1415580.0,Transferencia
PG-016585,FE-015368,2026-09-22,2594108.0,Consignación
PG-016586,FE-015409,2026-09-22,1631433.0,PSE
PG-016587,FE-015533,2026-09-22,3934202.0,PSE
PG-016588,FE-015699,2026-09-22,1257563.0,Transferencia
PG-016589,FE-015745,2026-09-22,8044808.0,PSE
PG-016590,FE-015799,2026-09-22,5016810.0,Transferencia
PG-016591,FE-015899,2026-09-22,1294796.0,Cheque
PG-016592,FE-015904,2026-09-22,1261156.0,Transferencia
PG-016593,FE-015962,2026-09-22,2061341.0,PSE
PG-016594,FE-016221,2026-09-22,1533264.0,PSE
PG-016595,FE-016329,2026-09-22,607450.0,PSE
PG-016596,FE-016401,2026-09-22,549061.0,Transferencia
PG-016597,FE-016412,2026-09-22,2239926.0,PSE
PG-016598,FE-016472,2026-09-22,472144.0,Cheque
PG-016599,FE-016484,2026-09-22,139041.0,Transferencia
PG-016600,FE-016568,2026-09-22,1081558.0,Transferencia
PG-016601,FE-016574,2026-09-22,592239.0,Transferencia
PG-016602,FE-016599,2026-09-22,780993.0,Consignación
PG-016603,FE-016603,2026-09-22,2198895.0,Transferencia
PG-016604,FE-016646,2026-09-22,269412.0,Consignación
PG-016605,FE-016650,2026-09-22,1863352.0,Transferencia
PG-016606,FE-016703,2026-09-22,836853.0,PSE
PG-016607,FE-016728,2026-09-22,5532179.0,Consignación
PG-016608,FE-016779,2026-09-22,2945007.0,Cheque
PG-016609,FE-016836,2026-09-22,1814375.0,Consignación
PG-016610,FE-016845,2026-09-22,3046329.0,Transferencia
PG-016611,FE-016848,2026-09-22,1247400.0,PSE
PG-016612,FE-016884,2026-09-22,225687.0,Cheque
PG-016613,FE-016889,2026-09-22,729476.0,Transferencia
PG-016614,FE-016921,2026-09-22,537216.0,Transferencia
PG-016615,FE-016965,2026-09-22,561428.0,PSE
PG-016616,FE-017113,2026-09-22,1335012.0,Consignación
PG-016617,FE-017115,2026-09-22,328160.0,Transferencia
PG-016618,FE-017130,2026-09-22,315415.0,Transferencia
PG-016619,FE-017187,2026-09-22,460773.0,Transferencia
PG-016620,FE-017211,2026-09-22,111708.0,Transferencia
PG-016621,FE-017362,2026-09-22,65305.0,Transferencia
PG-016622,FE-017528,2026-09-22,1149808.0,Transferencia
PG-016623,FE-017580,2026-09-22,295792.0,Cheque
PG-016624,FE-017725,2026-09-22,405657.0,Transferencia
PG-016625,FE-015422,2026-09-23,8505649.0,Transferencia
PG-016626,FE-015790,2026-09-23,2657452.0,PSE
PG-016627,FE-015898,2026-09-23,910076.0,PSE
PG-016628,FE-015918,2026-09-23,1782655.0,Transferencia
PG-016629,FE-016000,2026-09-23,85296.0,Transferencia
PG-016630,FE-016011,2026-09-23,263549.0,Transferencia
PG-016631,FE-016013,2026-09-23,6608019.0,Transferencia
PG-016632,FE-016023,2026-09-23,334874.0,Consignación
PG-016633,FE-016038,2026-09-23,6794253.0,Transferencia
PG-016634,FE-016251,2026-09-23,3422064.0,Transferencia
PG-016635,FE-016252,2026-09-23,136334.0,Transferencia
PG-016636,FE-016272,2026-09-23,1975517.0,Transferencia
PG-016637,FE-016291,2026-09-23,722576.0,PSE
PG-016638,FE-016308,2026-09-23,395660.0,Transferencia
PG-016639,FE-016398,2026-09-23,2758779.0,Cheque
PG-016640,FE-016419,2026-09-23,1755802.0,Cheque
PG-016641,FE-016447,2026-09-23,4110751.0,PSE
PG-016642,FE-016479,2026-09-23,765982.0,PSE
PG-016643,FE-016553,2026-09-23,1117215.0,PSE
PG-016644,FE-016576,2026-09-23,3198563.0,PSE
PG-016645,FE-016648,2026-09-23,845263.0,PSE
PG-016646,FE-016657,2026-09-23,1783468.0,Consignación
PG-016647,FE-016660,2026-09-23,849420.0,Transferencia
PG-016648,FE-016670,2026-09-23,288076.0,PSE
PG-016649,FE-016775,2026-09-23,3727959.0,Consignación
PG-016650,FE-016791,2026-09-23,304433.0,Transferencia
PG-016651,FE-016803,2026-09-23,2427589.0,Transferencia
PG-016652,FE-016855,2026-09-23,601862.0,Transferencia
PG-016653,FE-016858,2026-09-23,1290024.0,Transferencia
PG-016654,FE-016881,2026-09-23,32331.0,Transferencia
PG-016655,FE-016896,2026-09-23,1032365.0,Transferencia
PG-016656,FE-016898,2026-09-23,2410581.0,PSE
PG-016657,FE-016906,2026-09-23,1605014.0,Transferencia
PG-016658,FE-016917,2026-09-23,619854.0,PSE
PG-016659,FE-016962,2026-09-23,908688.0,Cheque
PG-016660,FE-016978,2026-09-23,804986.0,Transferencia
PG-016661,FE-016982,2026-09-23,350847.0,PSE
PG-016662,FE-017048,2026-09-23,2651481.0,Transferencia
PG-016663,FE-017051,2026-09-23,825183.0,Transferencia
PG-016664,FE-017065,2026-09-23,17745.0,Transferencia
PG-016665,FE-017074,2026-09-23,605044.0,PSE
PG-016666,FE-017173,2026-09-23,2311788.0,Consignación
PG-016667,FE-017175,2026-09-23,122375.0,Transferencia
PG-016668,FE-017213,2026-09-23,627831.0,Transferencia
PG-016669,FE-017259,2026-09-23,236371.0,Transferencia
PG-016670,FE-017307,2026-09-23,193160.0,Transferencia
PG-016671,FE-017348,2026-09-23,529752.0,Cheque
PG-016672,FE-017354,2026-09-23,192773.0,Transferencia
PG-016673,FE-017425,2026-09-23,1795126.0,Transferencia
PG-016674,FE-017454,2026-09-23,359912.0,Transferencia
PG-016675,FE-017472,2026-09-23,254684.0,PSE
PG-016676,FE-017546,2026-09-23,125546.0,PSE
PG-016677,FE-017612,2026-09-23,59869.0,Consignación
PG-016678,FE-017719,2026-09-23,218103.0,Transferencia
PG-016679,FE-017857,2026-09-23,168209.0,Transferencia
PG-016680,FE-015263,2026-09-24,4820056.0,Transferencia
PG-016681,FE-015494,2026-09-24,3723496.0,PSE
PG-016682,FE-015648,2026-09-24,4510790.0,Transferencia
PG-016683,FE-015655,2026-09-24,1410309.0,Cheque
PG-016684,FE-015697,2026-09-24,4757765.0,Transferencia
PG-016685,FE-015700,2026-09-24,1451926.0,PSE
PG-016686,FE-015791,2026-09-24,492691.0,Transferencia
PG-016687,FE-015861,2026-09-24,7652209.0,Transferencia
PG-016688,FE-015928,2026-09-24,103632.0,Transferencia
PG-016689,FE-015950,2026-09-24,2462912.0,Transferencia
PG-016690,FE-015980,2026-09-24,1583529.0,Consignación
PG-016691,FE-016021,2026-09-24,760634.0,Transferencia
PG-016692,FE-016175,2026-09-24,2704674.0,Transferencia
PG-016693,FE-016263,2026-09-24,525202.0,Transferencia
PG-016694,FE-016311,2026-09-24,873044.0,Transferencia
PG-016695,FE-016385,2026-09-24,592480.0,Transferencia
PG-016696,FE-016402,2026-09-24,5519519.0,Transferencia
PG-016697,FE-016424,2026-09-24,846733.0,PSE
PG-016698,FE-016526,2026-09-24,517473.0,Transferencia
PG-016699,FE-016565,2026-09-24,4339392.0,PSE
PG-016700,FE-016591,2026-09-24,2674912.0,PSE
PG-016701,FE-016639,2026-09-24,4407240.0,Consignación
PG-016702,FE-016707,2026-09-24,477357.0,PSE
PG-016703,FE-016748,2026-09-24,58610.0,Transferencia
PG-016704,FE-016833,2026-09-24,179488.0,Transferencia
PG-016705,FE-016916,2026-09-24,874801.0,Consignación
PG-016706,FE-016951,2026-09-24,440388.0,Transferencia
PG-016707,FE-017068,2026-09-24,527176.0,Transferencia
PG-016708,FE-017072,2026-09-24,2666334.0,PSE
PG-016709,FE-017140,2026-09-24,152665.0,PSE
PG-016710,FE-017154,2026-09-24,61199.0,Transferencia
PG-016711,FE-017161,2026-09-24,191475.0,Transferencia
PG-016712,FE-017165,2026-09-24,294654.0,PSE
PG-016713,FE-017182,2026-09-24,1290327.0,Transferencia
PG-016714,FE-017195,2026-09-24,564568.0,Transferencia
PG-016715,FE-017223,2026-09-24,834070.0,Transferencia
PG-016716,FE-017241,2026-09-24,2506924.0,Transferencia
PG-016717,FE-017256,2026-09-24,1140727.0,Cheque
PG-016718,FE-017309,2026-09-24,395517.0,Cheque
PG-016719,FE-017310,2026-09-24,57376.0,Transferencia
PG-016720,FE-017438,2026-09-24,240215.0,PSE
PG-016721,FE-017517,2026-09-24,202315.0,Transferencia
PG-016722,FE-018081,2026-09-24,464313.0,Transferencia
PG-016723,FE-015626,2026-09-25,1704007.0,Cheque
PG-016724,FE-015686,2026-09-25,5700428.0,Consignación
PG-016725,FE-015954,2026-09-25,6832211.0,Transferencia
PG-016726,FE-015983,2026-09-25,414149.0,PSE
PG-016727,FE-016065,2026-09-25,2398482.0,Transferencia
PG-016728,FE-016163,2026-09-25,1421398.0,Transferencia
PG-016729,FE-016215,2026-09-25,1462423.0,Transferencia
PG-016730,FE-016231,2026-09-25,937522.0,Cheque
PG-016731,FE-016243,2026-09-25,1981119.0,PSE
PG-016732,FE-016287,2026-09-25,637124.0,Transferencia
PG-016733,FE-016375,2026-09-25,1278206.0,Transferencia
PG-016734,FE-016411,2026-09-25,226958.0,Transferencia
PG-016735,FE-016459,2026-09-25,2581722.0,Transferencia
PG-016736,FE-016521,2026-09-25,2403713.0,Cheque
PG-016737,FE-016525,2026-09-25,224903.0,Transferencia
PG-016738,FE-016572,2026-09-25,1171716.0,Transferencia
PG-016739,FE-016616,2026-09-25,1430867.0,Cheque
PG-016740,FE-016665,2026-09-25,8287861.0,Transferencia
PG-016741,FE-016674,2026-09-25,1208852.0,Transferencia
PG-016742,FE-016741,2026-09-25,380387.0,PSE
PG-016743,FE-016798,2026-09-25,1849682.0,Transferencia
PG-016744,FE-016819,2026-09-25,1883862.0,Transferencia
PG-016745,FE-016829,2026-09-25,1876717.0,Transferencia
PG-016746,FE-016843,2026-09-25,2899923.0,PSE
PG-016747,FE-016846,2026-09-25,1255971.0,PSE
PG-016748,FE-016979,2026-09-25,156189.0,Cheque
PG-016749,FE-017071,2026-09-25,303584.0,Transferencia
PG-016750,FE-017081,2026-09-25,366819.0,Transferencia
PG-016751,FE-017114,2026-09-25,378810.0,Cheque
PG-016752,FE-017135,2026-09-25,2392114.0,Consignación
PG-016753,FE-017143,2026-09-25,285222.0,Transferencia
PG-016754,FE-017178,2026-09-25,174367.0,Transferencia
PG-016755,FE-017183,2026-09-25,622384.0,Transferencia
PG-016756,FE-017192,2026-09-25,1180090.0,Transferencia
PG-016757,FE-017229,2026-09-25,1057717.0,Transferencia
PG-016758,FE-017268,2026-09-25,495730.0,Transferencia
PG-016759,FE-017370,2026-09-25,371054.0,Transferencia
PG-016760,FE-017399,2026-09-25,176846.0,PSE
PG-016761,FE-017423,2026-09-25,689680.0,Consignación
PG-016762,FE-017489,2026-09-25,475592.0,Transferencia
PG-016763,FE-017632,2026-09-25,794254.0,Consignación
PG-016764,FE-017644,2026-09-25,1082057.0,Transferencia
PG-016765,FE-017662,2026-09-25,203494.0,PSE
PG-016766,FE-017686,2026-09-25,256801.0,Transferencia
PG-016767,FE-017695,2026-09-25,259462.0,PSE
PG-016768,FE-017741,2026-09-25,506322.0,Transferencia
PG-016769,FE-017899,2026-09-25,395376.0,Consignación
PG-016770,FE-015822,2026-09-26,4087055.0,Transferencia
PG-016771,FE-015837,2026-09-26,2640380.0,Transferencia
PG-016772,FE-015922,2026-09-26,2986143.0,Transferencia
PG-016773,FE-016039,2026-09-26,718699.0,PSE
PG-016774,FE-016094,2026-09-26,1583576.0,Transferencia
PG-016775,FE-016179,2026-09-26,2677254.0,Transferencia
PG-016776,FE-016265,2026-09-26,1854139.0,Transferencia
PG-016777,FE-016332,2026-09-26,3545117.0,Transferencia
PG-016778,FE-016337,2026-09-26,1312765.0,Consignación
PG-016779,FE-016413,2026-09-26,1290713.0,Cheque
PG-016780,FE-016460,2026-09-26,3902706.0,Transferencia
PG-016781,FE-016461,2026-09-26,1669170.0,Transferencia
PG-016782,FE-016519,2026-09-26,1936556.0,Transferencia
PG-016783,FE-016535,2026-09-26,3966604.0,Transferencia
PG-016784,FE-016597,2026-09-26,949865.0,Cheque
PG-016785,FE-016610,2026-09-26,335409.0,Transferencia
PG-016786,FE-016634,2026-09-26,15708.0,Transferencia
PG-016787,FE-016682,2026-09-26,5138405.0,Transferencia
PG-016788,FE-016692,2026-09-26,359453.0,Consignación
PG-016789,FE-016711,2026-09-26,1188854.0,Transferencia
PG-016790,FE-016712,2026-09-26,1382145.0,Transferencia
PG-016791,FE-016714,2026-09-26,577351.0,PSE
PG-016792,FE-016721,2026-09-26,1622536.0,Consignación
PG-016793,FE-016742,2026-09-26,2961115.0,Consignación
PG-016794,FE-016804,2026-09-26,2296949.0,PSE
PG-016795,FE-016815,2026-09-26,2074033.0,Transferencia
PG-016796,FE-016825,2026-09-26,875595.0,Consignación
PG-016797,FE-016872,2026-09-26,1346198.0,PSE
PG-016798,FE-016875,2026-09-26,785765.0,Transferencia
PG-016799,FE-016935,2026-09-26,744162.0,Transferencia
PG-016800,FE-016957,2026-09-26,589934.0,Transferencia
PG-016801,FE-016969,2026-09-26,858151.0,PSE
PG-016802,FE-016973,2026-09-26,306318.0,PSE
PG-016803,FE-017060,2026-09-26,323703.0,Transferencia
PG-016804,FE-017075,2026-09-26,3879339.0,Transferencia
PG-016805,FE-017083,2026-09-26,1307891.0,Transferencia
PG-016806,FE-017099,2026-09-26,121027.0,Transferencia
PG-016807,FE-017112,2026-09-26,1119452.0,Transferencia
PG-016808,FE-017166,2026-09-26,112657.0,Consignación
PG-016809,FE-017202,2026-09-26,431959.0,Transferencia
PG-016810,FE-017219,2026-09-26,153673.0,Transferencia
PG-016811,FE-017228,2026-09-26,3691438.0,Cheque
PG-016812,FE-017263,2026-09-26,67359.0,Transferencia
PG-016813,FE-017269,2026-09-26,539953.0,Transferencia
PG-016814,FE-017435,2026-09-26,466882.0,Transferencia
PG-016815,FE-017527,2026-09-26,220218.0,PSE
PG-016816,FE-017670,2026-09-26,659120.0,Consignación
PG-016817,FE-017693,2026-09-26,760773.0,Transferencia
PG-016818,FE-017775,2026-09-26,197561.0,Transferencia
PG-016819,FE-017815,2026-09-26,311637.0,PSE
PG-016820,FE-015692,2026-09-27,2466621.0,Cheque
PG-016821,FE-015871,2026-09-27,1522961.0,Transferencia
PG-016822,FE-015932,2026-09-27,1715605.0,PSE
PG-016823,FE-016101,2026-09-27,2210662.0,Transferencia
PG-016824,FE-016254,2026-09-27,363332.0,PSE
PG-016825,FE-016359,2026-09-27,2954233.0,Transferencia
PG-016826,FE-016380,2026-09-27,948911.0,PSE
PG-016827,FE-016383,2026-09-27,104517.0,Transferencia
PG-016828,FE-016442,2026-09-27,559937.0,Transferencia
PG-016829,FE-016453,2026-09-27,3225162.0,Transferencia
PG-016830,FE-016520,2026-09-27,1795748.0,PSE
PG-016831,FE-016527,2026-09-27,4472547.0,Transferencia
PG-016832,FE-016559,2026-09-27,1464779.0,Transferencia
PG-016833,FE-016575,2026-09-27,548754.0,Transferencia
PG-016834,FE-016593,2026-09-27,3454724.0,Cheque
PG-016835,FE-016614,2026-09-27,2047255.0,Transferencia
PG-016836,FE-016708,2026-09-27,5557151.0,PSE
PG-016837,FE-016729,2026-09-27,2184601.0,Transferencia
PG-016838,FE-016861,2026-09-27,654113.0,Transferencia
PG-016839,FE-016874,2026-09-27,1710471.0,PSE
PG-016840,FE-016876,2026-09-27,1425544.0,Transferencia
PG-016841,FE-016933,2026-09-27,671348.0,Consignación
PG-016842,FE-016937,2026-09-27,3840802.0,Transferencia
PG-016843,FE-016938,2026-09-27,633706.0,Transferencia
PG-016844,FE-016964,2026-09-27,1430435.0,Transferencia
PG-016845,FE-016972,2026-09-27,421255.0,Transferencia
PG-016846,FE-016974,2026-09-27,354627.0,Consignación
PG-016847,FE-017009,2026-09-27,1132333.0,Transferencia
PG-016848,FE-017011,2026-09-27,501961.0,Transferencia
PG-016849,FE-017084,2026-09-27,413173.0,Transferencia
PG-016850,FE-017087,2026-09-27,1821382.0,Transferencia
PG-016851,FE-017118,2026-09-27,1776017.0,PSE
PG-016852,FE-017133,2026-09-27,1394335.0,Transferencia
PG-016853,FE-017156,2026-09-27,1999177.0,PSE
PG-016854,FE-017204,2026-09-27,445976.0,Transferencia
PG-016855,FE-017206,2026-09-27,249004.0,Transferencia
PG-016856,FE-017252,2026-09-27,153462.0,Transferencia
PG-016857,FE-017258,2026-09-27,363675.0,Cheque
PG-016858,FE-017266,2026-09-27,3781946.0,PSE
PG-016859,FE-017328,2026-09-27,756666.0,PSE
PG-016860,FE-017335,2026-09-27,239994.0,Cheque
PG-016861,FE-017452,2026-09-27,595765.0,PSE
PG-016862,FE-017468,2026-09-27,474896.0,Consignación
PG-016863,FE-017512,2026-09-27,848571.0,Transferencia
PG-016864,FE-017535,2026-09-27,341230.0,PSE
PG-016865,FE-017539,2026-09-27,177190.0,Consignación
PG-016866,FE-017620,2026-09-27,304695.0,Transferencia
PG-016867,FE-017658,2026-09-27,301370.0,PSE
PG-016868,FE-017661,2026-09-27,577495.0,Consignación
PG-016869,FE-017768,2026-09-27,370286.0,Transferencia
PG-016870,FE-017785,2026-09-27,300007.0,Transferencia
PG-016871,FE-017816,2026-09-27,333501.0,PSE
PG-016872,FE-015468,2026-09-28,2911149.0,Transferencia
PG-016873,FE-015528,2026-09-28,2007731.0,PSE
PG-016874,FE-015552,2026-09-28,750579.0,Consignación
PG-016875,FE-015844,2026-09-28,7168285.0,PSE
PG-016876,FE-016074,2026-09-28,911868.0,Transferencia
PG-016877,FE-016112,2026-09-28,3138113.0,Transferencia
PG-016878,FE-016230,2026-09-28,3495430.0,Transferencia
PG-016879,FE-016334,2026-09-28,245936.0,Transferencia
PG-016880,FE-016340,2026-09-28,667705.0,Transferencia
PG-016881,FE-016418,2026-09-28,1239347.0,PSE
PG-016882,FE-016571,2026-09-28,2783072.0,PSE
PG-016883,FE-016663,2026-09-28,711644.0,Transferencia
PG-016884,FE-016664,2026-09-28,2348529.0,Transferencia
PG-016885,FE-016696,2026-09-28,774561.0,PSE
PG-016886,FE-016732,2026-09-28,1529290.0,Consignación
PG-016887,FE-016752,2026-09-28,818240.0,Transferencia
PG-016888,FE-016761,2026-09-28,40837.0,Consignación
PG-016889,FE-016826,2026-09-28,4189870.0,Transferencia
PG-016890,FE-016862,2026-09-28,128193.0,Transferencia
PG-016891,FE-016908,2026-09-28,888546.0,PSE
PG-016892,FE-016912,2026-09-28,563696.0,Consignación
PG-016893,FE-016976,2026-09-28,3794724.0,Transferencia
PG-016894,FE-017002,2026-09-28,3007963.0,Transferencia
PG-016895,FE-017006,2026-09-28,1436779.0,Consignación
PG-016896,FE-017041,2026-09-28,2192500.0,Transferencia
PG-016897,FE-017086,2026-09-28,514612.0,Transferencia
PG-016898,FE-017144,2026-09-28,69785.0,Transferencia
PG-016899,FE-017152,2026-09-28,1361709.0,Cheque
PG-016900,FE-017210,2026-09-28,1102047.0,Transferencia
PG-016901,FE-017217,2026-09-28,259175.0,Cheque
PG-016902,FE-017353,2026-09-28,263398.0,Transferencia
PG-016903,FE-017408,2026-09-28,362685.0,Transferencia
PG-016904,FE-017499,2026-09-28,87271.0,Transferencia
PG-016905,FE-017534,2026-09-28,1377780.0,Transferencia
PG-016906,FE-017604,2026-09-28,296784.0,PSE
PG-016907,FE-017626,2026-09-28,477436.0,PSE
PG-016908,FE-017675,2026-09-28,339288.0,Transferencia
PG-016909,FE-017825,2026-09-28,933775.0,Transferencia
PG-016910,FE-015959,2026-09-29,1454223.0,Transferencia
PG-016911,FE-016047,2026-09-29,1779741.0,Consignación
PG-016912,FE-016198,2026-09-29,5523454.0,Transferencia
PG-016913,FE-016210,2026-09-29,2326843.0,Transferencia
PG-016914,FE-016288,2026-09-29,3992858.0,Transferencia
PG-016915,FE-016310,2026-09-29,2646962.0,Cheque
PG-016916,FE-016467,2026-09-29,477815.0,Transferencia
PG-016917,FE-016469,2026-09-29,1233760.0,Transferencia
PG-016918,FE-016495,2026-09-29,466512.0,Transferencia
PG-016919,FE-016502,2026-09-29,2433859.0,Cheque
PG-016920,FE-016536,2026-09-29,1197837.0,Transferencia
PG-016921,FE-016542,2026-09-29,979756.0,PSE
PG-016922,FE-016550,2026-09-29,2438252.0,Transferencia
PG-016923,FE-016613,2026-09-29,2595765.0,Transferencia
PG-016924,FE-016617,2026-09-29,1985150.0,Transferencia
PG-016925,FE-016623,2026-09-29,2459387.0,Transferencia
PG-016926,FE-016626,2026-09-29,7536155.0,PSE
PG-016927,FE-016632,2026-09-29,1550427.0,Consignación
PG-016928,FE-016652,2026-09-29,507166.0,Transferencia
PG-016929,FE-016735,2026-09-29,915931.0,Consignación
PG-016930,FE-016739,2026-09-29,878829.0,Cheque
PG-016931,FE-016806,2026-09-29,1281530.0,Consignación
PG-016932,FE-016817,2026-09-29,68354.0,Transferencia
PG-016933,FE-016840,2026-09-29,650818.0,Cheque
PG-016934,FE-016860,2026-09-29,246259.0,PSE
PG-016935,FE-016901,2026-09-29,607920.0,Transferencia
PG-016936,FE-016907,2026-09-29,1576063.0,PSE
PG-016937,FE-016922,2026-09-29,3265277.0,Consignación
PG-016938,FE-016968,2026-09-29,701920.0,Transferencia
PG-016939,FE-017007,2026-09-29,2613207.0,Transferencia
PG-016940,FE-017013,2026-09-29,3084304.0,Transferencia
PG-016941,FE-017030,2026-09-29,5137.0,Transferencia
PG-016942,FE-017046,2026-09-29,244184.0,PSE
PG-016943,FE-017093,2026-09-29,1734663.0,Consignación
PG-016944,FE-017142,2026-09-29,7676860.0,Transferencia
PG-016945,FE-017214,2026-09-29,450866.0,PSE
PG-016946,FE-017237,2026-09-29,960623.0,PSE
PG-016947,FE-017240,2026-09-29,4011561.0,Transferencia
PG-016948,FE-017305,2026-09-29,657674.0,Transferencia
PG-016949,FE-017381,2026-09-29,126421.0,Transferencia
PG-016950,FE-017394,2026-09-29,753528.0,Transferencia
PG-016951,FE-017439,2026-09-29,577801.0,Transferencia
PG-016952,FE-017444,2026-09-29,161759.0,Transferencia
PG-016953,FE-017457,2026-09-29,230686.0,Consignación
PG-016954,FE-017474,2026-09-29,1922977.0,Transferencia
PG-016955,FE-017523,2026-09-29,462591.0,Transferencia
PG-016956,FE-017617,2026-09-29,239261.0,PSE
PG-016957,FE-017629,2026-09-29,54527.0,Transferencia
PG-016958,FE-017680,2026-09-29,362549.0,Transferencia
PG-016959,FE-017682,2026-09-29,179072.0,Cheque
PG-016960,FE-017716,2026-09-29,545466.0,PSE
PG-016961,FE-017742,2026-09-29,385478.0,Transferencia
PG-016962,FE-017772,2026-09-29,603381.0,Transferencia
PG-016963,FE-017801,2026-09-29,353009.0,Transferencia
PG-016964,FE-017810,2026-09-29,846000.0,Cheque
PG-016965,FE-017873,2026-09-29,666950.0,Transferencia
PG-016966,FE-017914,2026-09-29,856195.0,Transferencia
PG-016967,FE-017922,2026-09-29,520101.0,PSE
PG-016968,FE-017962,2026-09-29,236846.0,Transferencia
PG-016969,FE-018000,2026-09-29,130930.0,PSE
PG-016970,FE-018047,2026-09-29,77315.0,Transferencia
PG-016971,FE-015821,2026-09-30,467161.0,PSE
PG-016972,FE-016099,2026-09-30,10036126.0,Transferencia
PG-016973,FE-016237,2026-09-30,3211050.0,Consignación
PG-016974,FE-016293,2026-09-30,1446757.0,PSE
PG-016975,FE-016443,2026-09-30,4214592.0,Transferencia
PG-016976,FE-016573,2026-09-30,2381034.0,Transferencia
PG-016977,FE-016621,2026-09-30,1974516.0,Consignación
PG-016978,FE-016694,2026-09-30,2419850.0,Transferencia
PG-016979,FE-016720,2026-09-30,1530953.0,Cheque
PG-016980,FE-016763,2026-09-30,412504.0,Cheque
PG-016981,FE-016873,2026-09-30,2396466.0,Transferencia
PG-016982,FE-016878,2026-09-30,2273658.0,Transferencia
PG-016983,FE-016959,2026-09-30,2571683.0,Transferencia
PG-016984,FE-017027,2026-09-30,1553729.0,PSE
PG-016985,FE-017101,2026-09-30,452456.0,Transferencia
PG-016986,FE-017102,2026-09-30,695516.0,PSE
PG-016987,FE-017193,2026-09-30,455189.0,Transferencia
PG-016988,FE-017255,2026-09-30,1673230.0,Transferencia
PG-016989,FE-017272,2026-09-30,1369675.0,Cheque
PG-016990,FE-017301,2026-09-30,418479.0,Transferencia
PG-016991,FE-017337,2026-09-30,622779.0,Transferencia
PG-016992,FE-017344,2026-09-30,986765.0,Transferencia
PG-016993,FE-017347,2026-09-30,128926.0,Transferencia
PG-016994,FE-017359,2026-09-30,1619940.0,PSE
PG-016995,FE-017409,2026-09-30,1004713.0,PSE
PG-016996,FE-017418,2026-09-30,156329.0,Cheque
PG-016997,FE-017434,2026-09-30,906444.0,Transferencia
PG-016998,FE-017455,2026-09-30,651945.0,Transferencia
PG-016999,FE-017475,2026-09-30,485253.0,Transferencia
PG-017000,FE-017510,2026-09-30,1776897.0,Transferencia
PG-017001,FE-017514,2026-09-30,220100.0,Transferencia
PG-017002,FE-017556,2026-09-30,159815.0,Transferencia
PG-017003,FE-017573,2026-09-30,160633.0,PSE
PG-017004,FE-017664,2026-09-30,476315.0,Transferencia
PG-017005,FE-017669,2026-09-30,279877.0,Cheque
PG-017006,FE-017706,2026-09-30,379052.0,Consignación
PG-017007,FE-017787,2026-09-30,484505.0,Consignación
PG-017008,FE-017835,2026-09-30,274617.0,Transferencia
PG-017009,FE-017848,2026-09-30,1034642.0,Consignación
PG-017010,FE-018184,2026-09-30,674103.0,PSE
